video_id,cluster,cluster_id,fusion_strategy,k_selected,url
-0otyLUKU-c,0,0,concat,6,https://www.youtube.com/watch?v=-0otyLUKU-c
-3U_meoY_zg,0,0,concat,6,https://www.youtube.com/watch?v=-3U_meoY_zg
-4NGVSZlZAw,0,0,concat,6,https://www.youtube.com/watch?v=-4NGVSZlZAw
-7ACV1s1RGw,0,0,concat,6,https://www.youtube.com/watch?v=-7ACV1s1RGw
-8sNtdGMJ6A,0,0,concat,6,https://www.youtube.com/watch?v=-8sNtdGMJ6A
-A7SldGQ6vU,0,0,concat,6,https://www.youtube.com/watch?v=-A7SldGQ6vU
-DSuGJqlSvs,0,0,concat,6,https://www.youtube.com/watch?v=-DSuGJqlSvs
-DiNjT1CVEU,0,0,concat,6,https://www.youtube.com/watch?v=-DiNjT1CVEU
-G6PZx3relE,0,0,concat,6,https://www.youtube.com/watch?v=-G6PZx3relE
-HVZqE4TDwM,0,0,concat,6,https://www.youtube.com/watch?v=-HVZqE4TDwM
-IKtoAyJ1kk,0,0,concat,6,https://www.youtube.com/watch?v=-IKtoAyJ1kk
-IPlEGsoclQ,0,0,concat,6,https://www.youtube.com/watch?v=-IPlEGsoclQ
-JLTSiqhqCs,0,0,concat,6,https://www.youtube.com/watch?v=-JLTSiqhqCs
-JyRn5BO_mA,0,0,concat,6,https://www.youtube.com/watch?v=-JyRn5BO_mA
-QwMuybo2co,0,0,concat,6,https://www.youtube.com/watch?v=-QwMuybo2co
-ZVAdAydyU0,0,0,concat,6,https://www.youtube.com/watch?v=-ZVAdAydyU0
-aoiyXx9oxE,0,0,concat,6,https://www.youtube.com/watch?v=-aoiyXx9oxE
-lDUNGfGzSk,0,0,concat,6,https://www.youtube.com/watch?v=-lDUNGfGzSk
-ptf9bae9mA,0,0,concat,6,https://www.youtube.com/watch?v=-ptf9bae9mA
-sH0lllmAnI,0,0,concat,6,https://www.youtube.com/watch?v=-sH0lllmAnI
00L2OwzAAnY,0,0,concat,6,https://www.youtube.com/watch?v=00L2OwzAAnY
07GzTqywZLY,0,0,concat,6,https://www.youtube.com/watch?v=07GzTqywZLY
0HbZ0M8fpwA,0,0,concat,6,https://www.youtube.com/watch?v=0HbZ0M8fpwA
0IJNhIt2TSs,0,0,concat,6,https://www.youtube.com/watch?v=0IJNhIt2TSs
0JYgbC5a0sY,0,0,concat,6,https://www.youtube.com/watch?v=0JYgbC5a0sY
0Ve7xCDPq_U,0,0,concat,6,https://www.youtube.com/watch?v=0Ve7xCDPq_U
0d_yd7AUx3g,0,0,concat,6,https://www.youtube.com/watch?v=0d_yd7AUx3g
0grCwQilvVg,0,0,concat,6,https://www.youtube.com/watch?v=0grCwQilvVg
0jMSePw8YQ4,0,0,concat,6,https://www.youtube.com/watch?v=0jMSePw8YQ4
0s74-EGxPCQ,0,0,concat,6,https://www.youtube.com/watch?v=0s74-EGxPCQ
0sG5knvQaeA,0,0,concat,6,https://www.youtube.com/watch?v=0sG5knvQaeA
0yzT9b9uGHE,0,0,concat,6,https://www.youtube.com/watch?v=0yzT9b9uGHE
0z2gYFnt6Ok,0,0,concat,6,https://www.youtube.com/watch?v=0z2gYFnt6Ok
10nzkQwvY10,0,0,concat,6,https://www.youtube.com/watch?v=10nzkQwvY10
12rW2QafrfQ,0,0,concat,6,https://www.youtube.com/watch?v=12rW2QafrfQ
15P2pYBXcj4,0,0,concat,6,https://www.youtube.com/watch?v=15P2pYBXcj4
1Binz_hxbvY,0,0,concat,6,https://www.youtube.com/watch?v=1Binz_hxbvY
1D0UNnmfNFc,0,0,concat,6,https://www.youtube.com/watch?v=1D0UNnmfNFc
1I77sO2_0uM,0,0,concat,6,https://www.youtube.com/watch?v=1I77sO2_0uM
1IiLd_fQwCc,0,0,concat,6,https://www.youtube.com/watch?v=1IiLd_fQwCc
1Ld-AKZLpVw,0,0,concat,6,https://www.youtube.com/watch?v=1Ld-AKZLpVw
1NiRyG0dShQ,0,0,concat,6,https://www.youtube.com/watch?v=1NiRyG0dShQ
1PTTnmM1tec,0,0,concat,6,https://www.youtube.com/watch?v=1PTTnmM1tec
1Rli05-zarE,0,0,concat,6,https://www.youtube.com/watch?v=1Rli05-zarE
1SDkOObEGuc,0,0,concat,6,https://www.youtube.com/watch?v=1SDkOObEGuc
1T7JTaYaRpM,0,0,concat,6,https://www.youtube.com/watch?v=1T7JTaYaRpM
1XKsIcGxCIs,0,0,concat,6,https://www.youtube.com/watch?v=1XKsIcGxCIs
1ddS3ksUXmw,0,0,concat,6,https://www.youtube.com/watch?v=1ddS3ksUXmw
1inNvnYFzuY,0,0,concat,6,https://www.youtube.com/watch?v=1inNvnYFzuY
1jBQZoPCdoQ,0,0,concat,6,https://www.youtube.com/watch?v=1jBQZoPCdoQ
1qu69aDti4c,0,0,concat,6,https://www.youtube.com/watch?v=1qu69aDti4c
1r0FOpkAt4Q,0,0,concat,6,https://www.youtube.com/watch?v=1r0FOpkAt4Q
1wbRB8GIepw,0,0,concat,6,https://www.youtube.com/watch?v=1wbRB8GIepw
1wdwaMFLemU,0,0,concat,6,https://www.youtube.com/watch?v=1wdwaMFLemU
22YSIgm1NIc,0,0,concat,6,https://www.youtube.com/watch?v=22YSIgm1NIc
27_W_CQJIKA,0,0,concat,6,https://www.youtube.com/watch?v=27_W_CQJIKA
29qrez2YuYI,0,0,concat,6,https://www.youtube.com/watch?v=29qrez2YuYI
2Bka_mZ9SnY,0,0,concat,6,https://www.youtube.com/watch?v=2Bka_mZ9SnY
2DQOlCrQZwI,0,0,concat,6,https://www.youtube.com/watch?v=2DQOlCrQZwI
2H3Sqtk8Nno,0,0,concat,6,https://www.youtube.com/watch?v=2H3Sqtk8Nno
2JFg1dLdufY,0,0,concat,6,https://www.youtube.com/watch?v=2JFg1dLdufY
2L2_kmmLa_A,0,0,concat,6,https://www.youtube.com/watch?v=2L2_kmmLa_A
2LEYMKRKnG4,0,0,concat,6,https://www.youtube.com/watch?v=2LEYMKRKnG4
2MYeUkgQezo,0,0,concat,6,https://www.youtube.com/watch?v=2MYeUkgQezo
2OtYn2xN-tU,0,0,concat,6,https://www.youtube.com/watch?v=2OtYn2xN-tU
2OtqkvubdVk,0,0,concat,6,https://www.youtube.com/watch?v=2OtqkvubdVk
2P9Qw4Pje5I,0,0,concat,6,https://www.youtube.com/watch?v=2P9Qw4Pje5I
2Sv1UXTrZjc,0,0,concat,6,https://www.youtube.com/watch?v=2Sv1UXTrZjc
2VlAQJ0nqIU,0,0,concat,6,https://www.youtube.com/watch?v=2VlAQJ0nqIU
2Whf_n9kwOg,0,0,concat,6,https://www.youtube.com/watch?v=2Whf_n9kwOg
2YTfyoHjIIA,0,0,concat,6,https://www.youtube.com/watch?v=2YTfyoHjIIA
2aU_cAz9YHo,0,0,concat,6,https://www.youtube.com/watch?v=2aU_cAz9YHo
2mreQKcsL6E,0,0,concat,6,https://www.youtube.com/watch?v=2mreQKcsL6E
2nr5DwNjlAc,0,0,concat,6,https://www.youtube.com/watch?v=2nr5DwNjlAc
2qTGM4P6d-g,0,0,concat,6,https://www.youtube.com/watch?v=2qTGM4P6d-g
2u4S6P9AHws,0,0,concat,6,https://www.youtube.com/watch?v=2u4S6P9AHws
2uKjZ6o_NsM,0,0,concat,6,https://www.youtube.com/watch?v=2uKjZ6o_NsM
30F_U-cDSqQ,0,0,concat,6,https://www.youtube.com/watch?v=30F_U-cDSqQ
32bP0aHIg1o,0,0,concat,6,https://www.youtube.com/watch?v=32bP0aHIg1o
3A7OO0ySG-U,0,0,concat,6,https://www.youtube.com/watch?v=3A7OO0ySG-U
3AblHVSj54s,0,0,concat,6,https://www.youtube.com/watch?v=3AblHVSj54s
3Bf2mCX5f4o,0,0,concat,6,https://www.youtube.com/watch?v=3Bf2mCX5f4o
3D5gK53jOHg,0,0,concat,6,https://www.youtube.com/watch?v=3D5gK53jOHg
3I63SZSV_LM,0,0,concat,6,https://www.youtube.com/watch?v=3I63SZSV_LM
3IzpzGfHVw0,0,0,concat,6,https://www.youtube.com/watch?v=3IzpzGfHVw0
3QQX157pHwc,0,0,concat,6,https://www.youtube.com/watch?v=3QQX157pHwc
3SUFKsehock,0,0,concat,6,https://www.youtube.com/watch?v=3SUFKsehock
3Xe9cpH4rRs,0,0,concat,6,https://www.youtube.com/watch?v=3Xe9cpH4rRs
3dYJAFEGN1A,0,0,concat,6,https://www.youtube.com/watch?v=3dYJAFEGN1A
3ew8l3fXdWo,0,0,concat,6,https://www.youtube.com/watch?v=3ew8l3fXdWo
3fkQLqcgXD8,0,0,concat,6,https://www.youtube.com/watch?v=3fkQLqcgXD8
3gvdTW0YIKg,0,0,concat,6,https://www.youtube.com/watch?v=3gvdTW0YIKg
3onX0FH6WIE,0,0,concat,6,https://www.youtube.com/watch?v=3onX0FH6WIE
3tC1iCHOrok,0,0,concat,6,https://www.youtube.com/watch?v=3tC1iCHOrok
43XtY9N-ARQ,0,0,concat,6,https://www.youtube.com/watch?v=43XtY9N-ARQ
4GTwgXcaYgo,0,0,concat,6,https://www.youtube.com/watch?v=4GTwgXcaYgo
4KsY-RE4AfU,0,0,concat,6,https://www.youtube.com/watch?v=4KsY-RE4AfU
4RZSx02_iVM,0,0,concat,6,https://www.youtube.com/watch?v=4RZSx02_iVM
4TAie1o1QB0,0,0,concat,6,https://www.youtube.com/watch?v=4TAie1o1QB0
4U21oVh-WUE,0,0,concat,6,https://www.youtube.com/watch?v=4U21oVh-WUE
4XtXrzOH6ww,0,0,concat,6,https://www.youtube.com/watch?v=4XtXrzOH6ww
4ZFgVn_UQew,0,0,concat,6,https://www.youtube.com/watch?v=4ZFgVn_UQew
4amnQaqz_YQ,0,0,concat,6,https://www.youtube.com/watch?v=4amnQaqz_YQ
4fEajnENiZs,0,0,concat,6,https://www.youtube.com/watch?v=4fEajnENiZs
4qZjsEEWbYQ,0,0,concat,6,https://www.youtube.com/watch?v=4qZjsEEWbYQ
4xOVFWth5OI,0,0,concat,6,https://www.youtube.com/watch?v=4xOVFWth5OI
50PfwrxqU9I,0,0,concat,6,https://www.youtube.com/watch?v=50PfwrxqU9I
50y3blheT5o,0,0,concat,6,https://www.youtube.com/watch?v=50y3blheT5o
563uS8SINjA,0,0,concat,6,https://www.youtube.com/watch?v=563uS8SINjA
56Q4kO8gRKo,0,0,concat,6,https://www.youtube.com/watch?v=56Q4kO8gRKo
5FB4F3ZZ3CY,0,0,concat,6,https://www.youtube.com/watch?v=5FB4F3ZZ3CY
5GwQGmQB-u4,0,0,concat,6,https://www.youtube.com/watch?v=5GwQGmQB-u4
5L4305Ctclc,0,0,concat,6,https://www.youtube.com/watch?v=5L4305Ctclc
5QKFdwwgu9U,0,0,concat,6,https://www.youtube.com/watch?v=5QKFdwwgu9U
5SXunteEnBs,0,0,concat,6,https://www.youtube.com/watch?v=5SXunteEnBs
5VxgqAXCpG4,0,0,concat,6,https://www.youtube.com/watch?v=5VxgqAXCpG4
5jqpTuN4sWo,0,0,concat,6,https://www.youtube.com/watch?v=5jqpTuN4sWo
5o2lpjFDgaI,0,0,concat,6,https://www.youtube.com/watch?v=5o2lpjFDgaI
5uwxD-fnU-I,0,0,concat,6,https://www.youtube.com/watch?v=5uwxD-fnU-I
5vC6KWS-N-c,0,0,concat,6,https://www.youtube.com/watch?v=5vC6KWS-N-c
5w9GtTLEW4E,0,0,concat,6,https://www.youtube.com/watch?v=5w9GtTLEW4E
5wxvCUJF_SU,0,0,concat,6,https://www.youtube.com/watch?v=5wxvCUJF_SU
62eYpPEMnfU,0,0,concat,6,https://www.youtube.com/watch?v=62eYpPEMnfU
62uU6XaLru4,0,0,concat,6,https://www.youtube.com/watch?v=62uU6XaLru4
63-e-oIv2uc,0,0,concat,6,https://www.youtube.com/watch?v=63-e-oIv2uc
64LJnjkZsLs,0,0,concat,6,https://www.youtube.com/watch?v=64LJnjkZsLs
68-nvAck_Pc,0,0,concat,6,https://www.youtube.com/watch?v=68-nvAck_Pc
6CoWMGFvHp0,0,0,concat,6,https://www.youtube.com/watch?v=6CoWMGFvHp0
6DVXvnanjiI,0,0,concat,6,https://www.youtube.com/watch?v=6DVXvnanjiI
6IsmwFn1BvE,0,0,concat,6,https://www.youtube.com/watch?v=6IsmwFn1BvE
6NRXQlmKyJA,0,0,concat,6,https://www.youtube.com/watch?v=6NRXQlmKyJA
6VoIP6WRfrg,0,0,concat,6,https://www.youtube.com/watch?v=6VoIP6WRfrg
6XyTZj66PL8,0,0,concat,6,https://www.youtube.com/watch?v=6XyTZj66PL8
6YkCffAtHZA,0,0,concat,6,https://www.youtube.com/watch?v=6YkCffAtHZA
6hHw2mrn5Uc,0,0,concat,6,https://www.youtube.com/watch?v=6hHw2mrn5Uc
6hnGJWxjQPY,0,0,concat,6,https://www.youtube.com/watch?v=6hnGJWxjQPY
6pB3LKIxFrM,0,0,concat,6,https://www.youtube.com/watch?v=6pB3LKIxFrM
6pNcQoKA84s,0,0,concat,6,https://www.youtube.com/watch?v=6pNcQoKA84s
6sXgwWp4KAQ,0,0,concat,6,https://www.youtube.com/watch?v=6sXgwWp4KAQ
6tg3zrA1gM8,0,0,concat,6,https://www.youtube.com/watch?v=6tg3zrA1gM8
72fZdONsg24,0,0,concat,6,https://www.youtube.com/watch?v=72fZdONsg24
73rT3h_Iyso,0,0,concat,6,https://www.youtube.com/watch?v=73rT3h_Iyso
75RJwrYtHfI,0,0,concat,6,https://www.youtube.com/watch?v=75RJwrYtHfI
7928x3YcOyA,0,0,concat,6,https://www.youtube.com/watch?v=7928x3YcOyA
79cKP6NdbIc,0,0,concat,6,https://www.youtube.com/watch?v=79cKP6NdbIc
79sJ4RWYjeg,0,0,concat,6,https://www.youtube.com/watch?v=79sJ4RWYjeg
7G0M3G2kFQI,0,0,concat,6,https://www.youtube.com/watch?v=7G0M3G2kFQI
7IyMtjJ7-Wc,0,0,concat,6,https://www.youtube.com/watch?v=7IyMtjJ7-Wc
7JeFqJI9Cag,0,0,concat,6,https://www.youtube.com/watch?v=7JeFqJI9Cag
7LHBDwDgQqc,0,0,concat,6,https://www.youtube.com/watch?v=7LHBDwDgQqc
7M9UtPHumvk,0,0,concat,6,https://www.youtube.com/watch?v=7M9UtPHumvk
7NUV1FAXmPU,0,0,concat,6,https://www.youtube.com/watch?v=7NUV1FAXmPU
7QMHV83ITTw,0,0,concat,6,https://www.youtube.com/watch?v=7QMHV83ITTw
7Rhrz4FK5mA,0,0,concat,6,https://www.youtube.com/watch?v=7Rhrz4FK5mA
7V2wAcpQfb0,0,0,concat,6,https://www.youtube.com/watch?v=7V2wAcpQfb0
7WECP_QwiSk,0,0,concat,6,https://www.youtube.com/watch?v=7WECP_QwiSk
7Yzw-cw6MN8,0,0,concat,6,https://www.youtube.com/watch?v=7Yzw-cw6MN8
7ll9xN35P7Q,0,0,concat,6,https://www.youtube.com/watch?v=7ll9xN35P7Q
7mhWa0PgYZ0,0,0,concat,6,https://www.youtube.com/watch?v=7mhWa0PgYZ0
7p2G4voYPwM,0,0,concat,6,https://www.youtube.com/watch?v=7p2G4voYPwM
7pbFXBuiLYE,0,0,concat,6,https://www.youtube.com/watch?v=7pbFXBuiLYE
7qe0fcoE1wY,0,0,concat,6,https://www.youtube.com/watch?v=7qe0fcoE1wY
7srnga3dzlY,0,0,concat,6,https://www.youtube.com/watch?v=7srnga3dzlY
7t0PyqYsac8,0,0,concat,6,https://www.youtube.com/watch?v=7t0PyqYsac8
7uPkrYjz_NQ,0,0,concat,6,https://www.youtube.com/watch?v=7uPkrYjz_NQ
8Es5IlASoOI,0,0,concat,6,https://www.youtube.com/watch?v=8Es5IlASoOI
8M4E2AT1-g0,0,0,concat,6,https://www.youtube.com/watch?v=8M4E2AT1-g0
8QiLWVB9Zto,0,0,concat,6,https://www.youtube.com/watch?v=8QiLWVB9Zto
8_JefUS1o_w,0,0,concat,6,https://www.youtube.com/watch?v=8_JefUS1o_w
8h5bi0EY-lM,0,0,concat,6,https://www.youtube.com/watch?v=8h5bi0EY-lM
8qeMOvX_yL4,0,0,concat,6,https://www.youtube.com/watch?v=8qeMOvX_yL4
8slK1M-pka0,0,0,concat,6,https://www.youtube.com/watch?v=8slK1M-pka0
92KdNJHFRCI,0,0,concat,6,https://www.youtube.com/watch?v=92KdNJHFRCI
94ie7wZj7ZY,0,0,concat,6,https://www.youtube.com/watch?v=94ie7wZj7ZY
96St-G_Ry8o,0,0,concat,6,https://www.youtube.com/watch?v=96St-G_Ry8o
9F-VnfH8juI,0,0,concat,6,https://www.youtube.com/watch?v=9F-VnfH8juI
9KhLJYlab5A,0,0,concat,6,https://www.youtube.com/watch?v=9KhLJYlab5A
9LiAcR6Vcuo,0,0,concat,6,https://www.youtube.com/watch?v=9LiAcR6Vcuo
9Qlfy9AqEZc,0,0,concat,6,https://www.youtube.com/watch?v=9Qlfy9AqEZc
9S-dTbIk7nA,0,0,concat,6,https://www.youtube.com/watch?v=9S-dTbIk7nA
9TdpHfLJou8,0,0,concat,6,https://www.youtube.com/watch?v=9TdpHfLJou8
9_CNeufdSA4,0,0,concat,6,https://www.youtube.com/watch?v=9_CNeufdSA4
9aIBy96GQ1o,0,0,concat,6,https://www.youtube.com/watch?v=9aIBy96GQ1o
9b5BKFZoBVo,0,0,concat,6,https://www.youtube.com/watch?v=9b5BKFZoBVo
9gb4alzN5PA,0,0,concat,6,https://www.youtube.com/watch?v=9gb4alzN5PA
9j4pBKXOcvk,0,0,concat,6,https://www.youtube.com/watch?v=9j4pBKXOcvk
9vsi7NHgD1w,0,0,concat,6,https://www.youtube.com/watch?v=9vsi7NHgD1w
9xQZcGRExbk,0,0,concat,6,https://www.youtube.com/watch?v=9xQZcGRExbk
A-JCJOSlStQ,0,0,concat,6,https://www.youtube.com/watch?v=A-JCJOSlStQ
A4WHUWEkB_c,0,0,concat,6,https://www.youtube.com/watch?v=A4WHUWEkB_c
AAxCglz-dSo,0,0,concat,6,https://www.youtube.com/watch?v=AAxCglz-dSo
ACMfratUm5I,0,0,concat,6,https://www.youtube.com/watch?v=ACMfratUm5I
AHDBPktGPrg,0,0,concat,6,https://www.youtube.com/watch?v=AHDBPktGPrg
AKwFBgDKE64,0,0,concat,6,https://www.youtube.com/watch?v=AKwFBgDKE64
AMHfjh-VgDg,0,0,concat,6,https://www.youtube.com/watch?v=AMHfjh-VgDg
AQCU2EhTl2s,0,0,concat,6,https://www.youtube.com/watch?v=AQCU2EhTl2s
AVvMZafbYZU,0,0,concat,6,https://www.youtube.com/watch?v=AVvMZafbYZU
AWQT_JUz-e8,0,0,concat,6,https://www.youtube.com/watch?v=AWQT_JUz-e8
AgLKWZnIYVQ,0,0,concat,6,https://www.youtube.com/watch?v=AgLKWZnIYVQ
AgLbDOOm7eE,0,0,concat,6,https://www.youtube.com/watch?v=AgLbDOOm7eE
AsR9gEDDTN0,0,0,concat,6,https://www.youtube.com/watch?v=AsR9gEDDTN0
AwtXF1272bk,0,0,concat,6,https://www.youtube.com/watch?v=AwtXF1272bk
AyPb0xDmG70,0,0,concat,6,https://www.youtube.com/watch?v=AyPb0xDmG70
B-sup3_89kU,0,0,concat,6,https://www.youtube.com/watch?v=B-sup3_89kU
B4XNRakFY9o,0,0,concat,6,https://www.youtube.com/watch?v=B4XNRakFY9o
B8ohd5bNogs,0,0,concat,6,https://www.youtube.com/watch?v=B8ohd5bNogs
B9Uc0FKUQE0,0,0,concat,6,https://www.youtube.com/watch?v=B9Uc0FKUQE0
B9Yg7KFrtRo,0,0,concat,6,https://www.youtube.com/watch?v=B9Yg7KFrtRo
BICIijkw2CA,0,0,concat,6,https://www.youtube.com/watch?v=BICIijkw2CA
BJzmtcxqVrU,0,0,concat,6,https://www.youtube.com/watch?v=BJzmtcxqVrU
BUQArCvAtO0,0,0,concat,6,https://www.youtube.com/watch?v=BUQArCvAtO0
BVirD3fIHSM,0,0,concat,6,https://www.youtube.com/watch?v=BVirD3fIHSM
Bhn7ni4ibGE,0,0,concat,6,https://www.youtube.com/watch?v=Bhn7ni4ibGE
Bklkq9pncL4,0,0,concat,6,https://www.youtube.com/watch?v=Bklkq9pncL4
Brw7rKZf6Uo,0,0,concat,6,https://www.youtube.com/watch?v=Brw7rKZf6Uo
Buh8Y3CwPu0,0,0,concat,6,https://www.youtube.com/watch?v=Buh8Y3CwPu0
Bw0RNBdHq1A,0,0,concat,6,https://www.youtube.com/watch?v=Bw0RNBdHq1A
BwMZd7iy_sc,0,0,concat,6,https://www.youtube.com/watch?v=BwMZd7iy_sc
C1NXc_isx3E,0,0,concat,6,https://www.youtube.com/watch?v=C1NXc_isx3E
C4p4xrvsK5w,0,0,concat,6,https://www.youtube.com/watch?v=C4p4xrvsK5w
C5yV4X7x96E,0,0,concat,6,https://www.youtube.com/watch?v=C5yV4X7x96E
C8X6GPzz4lU,0,0,concat,6,https://www.youtube.com/watch?v=C8X6GPzz4lU
C9fOT2w771M,0,0,concat,6,https://www.youtube.com/watch?v=C9fOT2w771M
CC2umLijZLE,0,0,concat,6,https://www.youtube.com/watch?v=CC2umLijZLE
CPP17TABJHg,0,0,concat,6,https://www.youtube.com/watch?v=CPP17TABJHg
CRWR13BAIEs,0,0,concat,6,https://www.youtube.com/watch?v=CRWR13BAIEs
CVfXpY1UdjU,0,0,concat,6,https://www.youtube.com/watch?v=CVfXpY1UdjU
CX90iZVIwjw,0,0,concat,6,https://www.youtube.com/watch?v=CX90iZVIwjw
C_rF2XQWTCA,0,0,concat,6,https://www.youtube.com/watch?v=C_rF2XQWTCA
Ccii3FRYXLE,0,0,concat,6,https://www.youtube.com/watch?v=Ccii3FRYXLE
CgrojExyb_s,0,0,concat,6,https://www.youtube.com/watch?v=CgrojExyb_s
CjLPlHJhaLQ,0,0,concat,6,https://www.youtube.com/watch?v=CjLPlHJhaLQ
Cok9pKqhlIU,0,0,concat,6,https://www.youtube.com/watch?v=Cok9pKqhlIU
CtL__8JCU20,0,0,concat,6,https://www.youtube.com/watch?v=CtL__8JCU20
CzD0G4Ee7k0,0,0,concat,6,https://www.youtube.com/watch?v=CzD0G4Ee7k0
D-IXCi8WqSE,0,0,concat,6,https://www.youtube.com/watch?v=D-IXCi8WqSE
D-P6FwNNP3M,0,0,concat,6,https://www.youtube.com/watch?v=D-P6FwNNP3M
D16EiQc25Aw,0,0,concat,6,https://www.youtube.com/watch?v=D16EiQc25Aw
DDqJVQfCDks,0,0,concat,6,https://www.youtube.com/watch?v=DDqJVQfCDks
DFHesPqEiwE,0,0,concat,6,https://www.youtube.com/watch?v=DFHesPqEiwE
DHoIICtSohQ,0,0,concat,6,https://www.youtube.com/watch?v=DHoIICtSohQ
DJVBGQvhFEc,0,0,concat,6,https://www.youtube.com/watch?v=DJVBGQvhFEc
DO6rVx86u0k,0,0,concat,6,https://www.youtube.com/watch?v=DO6rVx86u0k
DS_scl2l7HM,0,0,concat,6,https://www.youtube.com/watch?v=DS_scl2l7HM
DSinMYWMZtI,0,0,concat,6,https://www.youtube.com/watch?v=DSinMYWMZtI
DTPGALkbTTg,0,0,concat,6,https://www.youtube.com/watch?v=DTPGALkbTTg
DTlGX2jgWPk,0,0,concat,6,https://www.youtube.com/watch?v=DTlGX2jgWPk
DWJqy0wfs9E,0,0,concat,6,https://www.youtube.com/watch?v=DWJqy0wfs9E
DaojTx9oBus,0,0,concat,6,https://www.youtube.com/watch?v=DaojTx9oBus
DgfnrQVe8Nk,0,0,concat,6,https://www.youtube.com/watch?v=DgfnrQVe8Nk
DhA8r8b-Noc,0,0,concat,6,https://www.youtube.com/watch?v=DhA8r8b-Noc
Dj5W_0BVePw,0,0,concat,6,https://www.youtube.com/watch?v=Dj5W_0BVePw
DpINuLH9Thw,0,0,concat,6,https://www.youtube.com/watch?v=DpINuLH9Thw
Dpe0v7NztTM,0,0,concat,6,https://www.youtube.com/watch?v=Dpe0v7NztTM
Ds9Er27Ijg0,0,0,concat,6,https://www.youtube.com/watch?v=Ds9Er27Ijg0
Dtkmq2v2rR4,0,0,concat,6,https://www.youtube.com/watch?v=Dtkmq2v2rR4
Dx-u0kGPQX0,0,0,concat,6,https://www.youtube.com/watch?v=Dx-u0kGPQX0
E1BDiwGMlPU,0,0,concat,6,https://www.youtube.com/watch?v=E1BDiwGMlPU
EB6p-aN4HY0,0,0,concat,6,https://www.youtube.com/watch?v=EB6p-aN4HY0
ECxo4mIzAD8,0,0,concat,6,https://www.youtube.com/watch?v=ECxo4mIzAD8
ECyiveGv1S4,0,0,concat,6,https://www.youtube.com/watch?v=ECyiveGv1S4
ERuvhnvaB2M,0,0,concat,6,https://www.youtube.com/watch?v=ERuvhnvaB2M
EW3aW5ekv7o,0,0,concat,6,https://www.youtube.com/watch?v=EW3aW5ekv7o
Ec5f5477MHA,0,0,concat,6,https://www.youtube.com/watch?v=Ec5f5477MHA
Ehb-C2MhAlU,0,0,concat,6,https://www.youtube.com/watch?v=Ehb-C2MhAlU
EijqufYWprU,0,0,concat,6,https://www.youtube.com/watch?v=EijqufYWprU
EkWxF4pfg7M,0,0,concat,6,https://www.youtube.com/watch?v=EkWxF4pfg7M
EmR6dAW79hk,0,0,concat,6,https://www.youtube.com/watch?v=EmR6dAW79hk
EnoZl4iHEog,0,0,concat,6,https://www.youtube.com/watch?v=EnoZl4iHEog
EpzWhTr5pWs,0,0,concat,6,https://www.youtube.com/watch?v=EpzWhTr5pWs
Eqb7W-nQsk4,0,0,concat,6,https://www.youtube.com/watch?v=Eqb7W-nQsk4
EuLtgE5W63c,0,0,concat,6,https://www.youtube.com/watch?v=EuLtgE5W63c
EvSYN4txbp0,0,0,concat,6,https://www.youtube.com/watch?v=EvSYN4txbp0
EvxiM8zkwpY,0,0,concat,6,https://www.youtube.com/watch?v=EvxiM8zkwpY
F2gpQAXf4Zw,0,0,concat,6,https://www.youtube.com/watch?v=F2gpQAXf4Zw
F2pIxPOITHs,0,0,concat,6,https://www.youtube.com/watch?v=F2pIxPOITHs
F61MyoU0cDo,0,0,concat,6,https://www.youtube.com/watch?v=F61MyoU0cDo
F6XW2eBvI8Q,0,0,concat,6,https://www.youtube.com/watch?v=F6XW2eBvI8Q
F6d6NW1RX-0,0,0,concat,6,https://www.youtube.com/watch?v=F6d6NW1RX-0
FFAsXPQG3nk,0,0,concat,6,https://www.youtube.com/watch?v=FFAsXPQG3nk
FHY0P5_xaP8,0,0,concat,6,https://www.youtube.com/watch?v=FHY0P5_xaP8
FHcu9qsgwOo,0,0,concat,6,https://www.youtube.com/watch?v=FHcu9qsgwOo
FI5tDXN3_bs,0,0,concat,6,https://www.youtube.com/watch?v=FI5tDXN3_bs
FOgxsoKPViM,0,0,concat,6,https://www.youtube.com/watch?v=FOgxsoKPViM
FQBCnnXhx4Y,0,0,concat,6,https://www.youtube.com/watch?v=FQBCnnXhx4Y
FUhVN5D1ihE,0,0,concat,6,https://www.youtube.com/watch?v=FUhVN5D1ihE
FaXDsD4If7g,0,0,concat,6,https://www.youtube.com/watch?v=FaXDsD4If7g
FaXOSACbRfw,0,0,concat,6,https://www.youtube.com/watch?v=FaXOSACbRfw
FaXamHgXEto,0,0,concat,6,https://www.youtube.com/watch?v=FaXamHgXEto
FeyAhx_8VuE,0,0,concat,6,https://www.youtube.com/watch?v=FeyAhx_8VuE
FnsXnPgF8kY,0,0,concat,6,https://www.youtube.com/watch?v=FnsXnPgF8kY
Fq8Aea2ZYfg,0,0,concat,6,https://www.youtube.com/watch?v=Fq8Aea2ZYfg
G4_pXCyA-g0,0,0,concat,6,https://www.youtube.com/watch?v=G4_pXCyA-g0
G9wvXNMyzVA,0,0,concat,6,https://www.youtube.com/watch?v=G9wvXNMyzVA
GBHHfIo_cb4,0,0,concat,6,https://www.youtube.com/watch?v=GBHHfIo_cb4
GFPYUbfWn38,0,0,concat,6,https://www.youtube.com/watch?v=GFPYUbfWn38
GK4AJmF_hgE,0,0,concat,6,https://www.youtube.com/watch?v=GK4AJmF_hgE
GeX2PfPEPQg,0,0,concat,6,https://www.youtube.com/watch?v=GeX2PfPEPQg
Gedi2E-CpKk,0,0,concat,6,https://www.youtube.com/watch?v=Gedi2E-CpKk
GhSaopRNRfc,0,0,concat,6,https://www.youtube.com/watch?v=GhSaopRNRfc
GneQdiJLBzs,0,0,concat,6,https://www.youtube.com/watch?v=GneQdiJLBzs
GtgZSS5kXG0,0,0,concat,6,https://www.youtube.com/watch?v=GtgZSS5kXG0
GyBEhini_Dc,0,0,concat,6,https://www.youtube.com/watch?v=GyBEhini_Dc
Gzn1fV-RmwQ,0,0,concat,6,https://www.youtube.com/watch?v=Gzn1fV-RmwQ
H1CBqr6kacA,0,0,concat,6,https://www.youtube.com/watch?v=H1CBqr6kacA
H1xLpoVDp_Q,0,0,concat,6,https://www.youtube.com/watch?v=H1xLpoVDp_Q
H2aPu8hutYM,0,0,concat,6,https://www.youtube.com/watch?v=H2aPu8hutYM
H4pIwkz2_FA,0,0,concat,6,https://www.youtube.com/watch?v=H4pIwkz2_FA
HBzg8Lnu2rk,0,0,concat,6,https://www.youtube.com/watch?v=HBzg8Lnu2rk
HF5k2u7jgDk,0,0,concat,6,https://www.youtube.com/watch?v=HF5k2u7jgDk
HG-lsXn__cs,0,0,concat,6,https://www.youtube.com/watch?v=HG-lsXn__cs
HJCm4w4SshI,0,0,concat,6,https://www.youtube.com/watch?v=HJCm4w4SshI
HMc0NhsnHeU,0,0,concat,6,https://www.youtube.com/watch?v=HMc0NhsnHeU
HN9P4qI7aBU,0,0,concat,6,https://www.youtube.com/watch?v=HN9P4qI7aBU
HOCjM8T4-QI,0,0,concat,6,https://www.youtube.com/watch?v=HOCjM8T4-QI
HPHYBzgqyV0,0,0,concat,6,https://www.youtube.com/watch?v=HPHYBzgqyV0
HPaoihE95n0,0,0,concat,6,https://www.youtube.com/watch?v=HPaoihE95n0
HWfrfdumycs,0,0,concat,6,https://www.youtube.com/watch?v=HWfrfdumycs
HgKwwrRKhU0,0,0,concat,6,https://www.youtube.com/watch?v=HgKwwrRKhU0
HoCPXO33c48,0,0,concat,6,https://www.youtube.com/watch?v=HoCPXO33c48
Hr-QvUm8Crc,0,0,concat,6,https://www.youtube.com/watch?v=Hr-QvUm8Crc
HufeVnpEVx0,0,0,concat,6,https://www.youtube.com/watch?v=HufeVnpEVx0
I0F4DKpFJ6k,0,0,concat,6,https://www.youtube.com/watch?v=I0F4DKpFJ6k
I0YiKXMRD4w,0,0,concat,6,https://www.youtube.com/watch?v=I0YiKXMRD4w
I3QMIzQLFFw,0,0,concat,6,https://www.youtube.com/watch?v=I3QMIzQLFFw
I52U6ROLz7Y,0,0,concat,6,https://www.youtube.com/watch?v=I52U6ROLz7Y
I7tFIDAiPTE,0,0,concat,6,https://www.youtube.com/watch?v=I7tFIDAiPTE
I953mMSe2-o,0,0,concat,6,https://www.youtube.com/watch?v=I953mMSe2-o
I9nKTsf4tg8,0,0,concat,6,https://www.youtube.com/watch?v=I9nKTsf4tg8
ICy7kMWvqoY,0,0,concat,6,https://www.youtube.com/watch?v=ICy7kMWvqoY
IG9HjOO1uEY,0,0,concat,6,https://www.youtube.com/watch?v=IG9HjOO1uEY
IKMq1TB_MZA,0,0,concat,6,https://www.youtube.com/watch?v=IKMq1TB_MZA
ILD-8vvUYFY,0,0,concat,6,https://www.youtube.com/watch?v=ILD-8vvUYFY
ILqsCL7ZnI0,0,0,concat,6,https://www.youtube.com/watch?v=ILqsCL7ZnI0
IQEZ7Q0DSbQ,0,0,concat,6,https://www.youtube.com/watch?v=IQEZ7Q0DSbQ
IQGyNT770GQ,0,0,concat,6,https://www.youtube.com/watch?v=IQGyNT770GQ
IVCVCxOQpJo,0,0,concat,6,https://www.youtube.com/watch?v=IVCVCxOQpJo
IXYyfi-hpko,0,0,concat,6,https://www.youtube.com/watch?v=IXYyfi-hpko
Ic8OHSz3D8g,0,0,concat,6,https://www.youtube.com/watch?v=Ic8OHSz3D8g
IfuV_GWTZS8,0,0,concat,6,https://www.youtube.com/watch?v=IfuV_GWTZS8
Ifx5z8EJYqg,0,0,concat,6,https://www.youtube.com/watch?v=Ifx5z8EJYqg
Ig1rAUAirTo,0,0,concat,6,https://www.youtube.com/watch?v=Ig1rAUAirTo
IgSGoUhjers,0,0,concat,6,https://www.youtube.com/watch?v=IgSGoUhjers
Iie40m3mLmc,0,0,concat,6,https://www.youtube.com/watch?v=Iie40m3mLmc
InASSPfs9vk,0,0,concat,6,https://www.youtube.com/watch?v=InASSPfs9vk
InnG9lXMcPY,0,0,concat,6,https://www.youtube.com/watch?v=InnG9lXMcPY
IoFSbouFdH8,0,0,concat,6,https://www.youtube.com/watch?v=IoFSbouFdH8
IowyzwWhZzE,0,0,concat,6,https://www.youtube.com/watch?v=IowyzwWhZzE
IpkLkqKXEzk,0,0,concat,6,https://www.youtube.com/watch?v=IpkLkqKXEzk
Iq5x8xUi8dg,0,0,concat,6,https://www.youtube.com/watch?v=Iq5x8xUi8dg
IqZHFVXe2MQ,0,0,concat,6,https://www.youtube.com/watch?v=IqZHFVXe2MQ
IrA0xDWa7E0,0,0,concat,6,https://www.youtube.com/watch?v=IrA0xDWa7E0
IrxEUZIiCz0,0,0,concat,6,https://www.youtube.com/watch?v=IrxEUZIiCz0
J-lwMCYJyQ8,0,0,concat,6,https://www.youtube.com/watch?v=J-lwMCYJyQ8
J6hTLWGqbhs,0,0,concat,6,https://www.youtube.com/watch?v=J6hTLWGqbhs
JDX3zBA-TiE,0,0,concat,6,https://www.youtube.com/watch?v=JDX3zBA-TiE
JJDcbGpsnbE,0,0,concat,6,https://www.youtube.com/watch?v=JJDcbGpsnbE
JVk1d6WWVAw,0,0,concat,6,https://www.youtube.com/watch?v=JVk1d6WWVAw
J_HjXWlKzWE,0,0,concat,6,https://www.youtube.com/watch?v=J_HjXWlKzWE
Jaox7PS30Ls,0,0,concat,6,https://www.youtube.com/watch?v=Jaox7PS30Ls
JeIZnoQJRNM,0,0,concat,6,https://www.youtube.com/watch?v=JeIZnoQJRNM
Jn_a1CugHpA,0,0,concat,6,https://www.youtube.com/watch?v=Jn_a1CugHpA
JuU0oGdQ41A,0,0,concat,6,https://www.youtube.com/watch?v=JuU0oGdQ41A
JucRn-etd-Q,0,0,concat,6,https://www.youtube.com/watch?v=JucRn-etd-Q
Jynl0B_8cjg,0,0,concat,6,https://www.youtube.com/watch?v=Jynl0B_8cjg
K4ZNjpyJBHo,0,0,concat,6,https://www.youtube.com/watch?v=K4ZNjpyJBHo
KAoM7D-opGA,0,0,concat,6,https://www.youtube.com/watch?v=KAoM7D-opGA
KC5Ev1-NNoE,0,0,concat,6,https://www.youtube.com/watch?v=KC5Ev1-NNoE
KHUW3YJSB30,0,0,concat,6,https://www.youtube.com/watch?v=KHUW3YJSB30
KNefMOwKGtw,0,0,concat,6,https://www.youtube.com/watch?v=KNefMOwKGtw
KOkio3P5AqQ,0,0,concat,6,https://www.youtube.com/watch?v=KOkio3P5AqQ
KPsubQyprwI,0,0,concat,6,https://www.youtube.com/watch?v=KPsubQyprwI
KVBJklaTTrs,0,0,concat,6,https://www.youtube.com/watch?v=KVBJklaTTrs
KVBLlM3x0X8,0,0,concat,6,https://www.youtube.com/watch?v=KVBLlM3x0X8
KYVxWtdTmrA,0,0,concat,6,https://www.youtube.com/watch?v=KYVxWtdTmrA
KZRpxDtv5Xo,0,0,concat,6,https://www.youtube.com/watch?v=KZRpxDtv5Xo
KffgIW_Jlc8,0,0,concat,6,https://www.youtube.com/watch?v=KffgIW_Jlc8
KjXXvPj753M,0,0,concat,6,https://www.youtube.com/watch?v=KjXXvPj753M
KpfLAJxhxEU,0,0,concat,6,https://www.youtube.com/watch?v=KpfLAJxhxEU
KzGnBoAmjPg,0,0,concat,6,https://www.youtube.com/watch?v=KzGnBoAmjPg
L6XsksBGcVw,0,0,concat,6,https://www.youtube.com/watch?v=L6XsksBGcVw
LCqnc_SNUp4,0,0,concat,6,https://www.youtube.com/watch?v=LCqnc_SNUp4
LN5iGyRq6HQ,0,0,concat,6,https://www.youtube.com/watch?v=LN5iGyRq6HQ
LSdivsnHlv0,0,0,concat,6,https://www.youtube.com/watch?v=LSdivsnHlv0
LTit4dN9TXQ,0,0,concat,6,https://www.youtube.com/watch?v=LTit4dN9TXQ
LfWVcHOJHt4,0,0,concat,6,https://www.youtube.com/watch?v=LfWVcHOJHt4
Lis0RH3mLS8,0,0,concat,6,https://www.youtube.com/watch?v=Lis0RH3mLS8
LkDC6lk5nz4,0,0,concat,6,https://www.youtube.com/watch?v=LkDC6lk5nz4
LobAFGCimwg,0,0,concat,6,https://www.youtube.com/watch?v=LobAFGCimwg
LqRDlszW8t8,0,0,concat,6,https://www.youtube.com/watch?v=LqRDlszW8t8
LtizxH8PAQs,0,0,concat,6,https://www.youtube.com/watch?v=LtizxH8PAQs
LuQgW1G7aDE,0,0,concat,6,https://www.youtube.com/watch?v=LuQgW1G7aDE
LxTzNzsDR38,0,0,concat,6,https://www.youtube.com/watch?v=LxTzNzsDR38
M0xfq1J6F60,0,0,concat,6,https://www.youtube.com/watch?v=M0xfq1J6F60
M24rg70Kbgc,0,0,concat,6,https://www.youtube.com/watch?v=M24rg70Kbgc
M9gUuiqCubI,0,0,concat,6,https://www.youtube.com/watch?v=M9gUuiqCubI
MBw3E-OWRec,0,0,concat,6,https://www.youtube.com/watch?v=MBw3E-OWRec
ME76YA5nqt8,0,0,concat,6,https://www.youtube.com/watch?v=ME76YA5nqt8
MI1ht731gQE,0,0,concat,6,https://www.youtube.com/watch?v=MI1ht731gQE
MRVqkaiYxII,0,0,concat,6,https://www.youtube.com/watch?v=MRVqkaiYxII
MTjj6sraNJw,0,0,concat,6,https://www.youtube.com/watch?v=MTjj6sraNJw
MUtlSdtIFgE,0,0,concat,6,https://www.youtube.com/watch?v=MUtlSdtIFgE
M_WVlMVe9lI,0,0,concat,6,https://www.youtube.com/watch?v=M_WVlMVe9lI
MdHZWvKm1ZY,0,0,concat,6,https://www.youtube.com/watch?v=MdHZWvKm1ZY
MfI7a7mHjBE,0,0,concat,6,https://www.youtube.com/watch?v=MfI7a7mHjBE
MlW1vg5sEJ0,0,0,concat,6,https://www.youtube.com/watch?v=MlW1vg5sEJ0
Mnr87Bdjn7M,0,0,concat,6,https://www.youtube.com/watch?v=Mnr87Bdjn7M
Mo73QasuZUY,0,0,concat,6,https://www.youtube.com/watch?v=Mo73QasuZUY
Mq9g6pa8H-w,0,0,concat,6,https://www.youtube.com/watch?v=Mq9g6pa8H-w
MuOkK9rksCs,0,0,concat,6,https://www.youtube.com/watch?v=MuOkK9rksCs
MweOA3THp2o,0,0,concat,6,https://www.youtube.com/watch?v=MweOA3THp2o
N00aik_wfno,0,0,concat,6,https://www.youtube.com/watch?v=N00aik_wfno
N2w9ALFqBo0,0,0,concat,6,https://www.youtube.com/watch?v=N2w9ALFqBo0
NAh-ciCqi4w,0,0,concat,6,https://www.youtube.com/watch?v=NAh-ciCqi4w
NBLBKQjSSi4,0,0,concat,6,https://www.youtube.com/watch?v=NBLBKQjSSi4
NGFVtZgvbrY,0,0,concat,6,https://www.youtube.com/watch?v=NGFVtZgvbrY
NLy-FmbsA0Q,0,0,concat,6,https://www.youtube.com/watch?v=NLy-FmbsA0Q
NOuanTmeC4M,0,0,concat,6,https://www.youtube.com/watch?v=NOuanTmeC4M
NPsZxC0EMDY,0,0,concat,6,https://www.youtube.com/watch?v=NPsZxC0EMDY
NQqtfIzqiww,0,0,concat,6,https://www.youtube.com/watch?v=NQqtfIzqiww
NbRTWw8KsW4,0,0,concat,6,https://www.youtube.com/watch?v=NbRTWw8KsW4
NgTvtfbuzqE,0,0,concat,6,https://www.youtube.com/watch?v=NgTvtfbuzqE
NhJNgwfXdfU,0,0,concat,6,https://www.youtube.com/watch?v=NhJNgwfXdfU
NpNxDgn-_FI,0,0,concat,6,https://www.youtube.com/watch?v=NpNxDgn-_FI
Nq84lH--RFo,0,0,concat,6,https://www.youtube.com/watch?v=Nq84lH--RFo
NqJe83sOJrU,0,0,concat,6,https://www.youtube.com/watch?v=NqJe83sOJrU
Ns4mfg6MpGg,0,0,concat,6,https://www.youtube.com/watch?v=Ns4mfg6MpGg
NtCHyGWtxnU,0,0,concat,6,https://www.youtube.com/watch?v=NtCHyGWtxnU
NtMvei0BqOI,0,0,concat,6,https://www.youtube.com/watch?v=NtMvei0BqOI
Nw09YqVFdj4,0,0,concat,6,https://www.youtube.com/watch?v=Nw09YqVFdj4
O-7yGydDnlY,0,0,concat,6,https://www.youtube.com/watch?v=O-7yGydDnlY
O05zaxZvnFw,0,0,concat,6,https://www.youtube.com/watch?v=O05zaxZvnFw
O3FCmTwI1KA,0,0,concat,6,https://www.youtube.com/watch?v=O3FCmTwI1KA
O9Kgj-nT9Z0,0,0,concat,6,https://www.youtube.com/watch?v=O9Kgj-nT9Z0
OD-Og9xVy4s,0,0,concat,6,https://www.youtube.com/watch?v=OD-Og9xVy4s
OM-RWHkPY4c,0,0,concat,6,https://www.youtube.com/watch?v=OM-RWHkPY4c
OVwDNxx41R8,0,0,concat,6,https://www.youtube.com/watch?v=OVwDNxx41R8
OW3PYwzBR7Q,0,0,concat,6,https://www.youtube.com/watch?v=OW3PYwzBR7Q
OW4_vdSbIrA,0,0,concat,6,https://www.youtube.com/watch?v=OW4_vdSbIrA
OZAxeZoW2nA,0,0,concat,6,https://www.youtube.com/watch?v=OZAxeZoW2nA
Oa3U5ikHock,0,0,concat,6,https://www.youtube.com/watch?v=Oa3U5ikHock
Oh5XYTtEtJk,0,0,concat,6,https://www.youtube.com/watch?v=Oh5XYTtEtJk
Oi0WBHxczV4,0,0,concat,6,https://www.youtube.com/watch?v=Oi0WBHxczV4
Ol5pu6WQLco,0,0,concat,6,https://www.youtube.com/watch?v=Ol5pu6WQLco
OylMEy1vRUw,0,0,concat,6,https://www.youtube.com/watch?v=OylMEy1vRUw
P1ciR0S6HoY,0,0,concat,6,https://www.youtube.com/watch?v=P1ciR0S6HoY
P5BrcdhWCnI,0,0,concat,6,https://www.youtube.com/watch?v=P5BrcdhWCnI
PDlrgDdafFU,0,0,concat,6,https://www.youtube.com/watch?v=PDlrgDdafFU
PFN-Eq4hEa4,0,0,concat,6,https://www.youtube.com/watch?v=PFN-Eq4hEa4
PGUTF5LcJXQ,0,0,concat,6,https://www.youtube.com/watch?v=PGUTF5LcJXQ
PJhLarZSYl0,0,0,concat,6,https://www.youtube.com/watch?v=PJhLarZSYl0
PJoPU48p2oc,0,0,concat,6,https://www.youtube.com/watch?v=PJoPU48p2oc
PS_oPXjlV_w,0,0,concat,6,https://www.youtube.com/watch?v=PS_oPXjlV_w
PXIABNoPBdA,0,0,concat,6,https://www.youtube.com/watch?v=PXIABNoPBdA
PZCLq-lOdKc,0,0,concat,6,https://www.youtube.com/watch?v=PZCLq-lOdKc
PczrYD1rrw8,0,0,concat,6,https://www.youtube.com/watch?v=PczrYD1rrw8
PeTHS4MivaE,0,0,concat,6,https://www.youtube.com/watch?v=PeTHS4MivaE
Pk4XIUjGsUQ,0,0,concat,6,https://www.youtube.com/watch?v=Pk4XIUjGsUQ
PkEpVIcwg20,0,0,concat,6,https://www.youtube.com/watch?v=PkEpVIcwg20
PmEh4Jj-fkk,0,0,concat,6,https://www.youtube.com/watch?v=PmEh4Jj-fkk
Ppbyum-28aE,0,0,concat,6,https://www.youtube.com/watch?v=Ppbyum-28aE
Ptk3EmUZ40o,0,0,concat,6,https://www.youtube.com/watch?v=Ptk3EmUZ40o
Q1rw5KFgVP0,0,0,concat,6,https://www.youtube.com/watch?v=Q1rw5KFgVP0
Q9DDN5-lrfs,0,0,concat,6,https://www.youtube.com/watch?v=Q9DDN5-lrfs
QHogekWyxQg,0,0,concat,6,https://www.youtube.com/watch?v=QHogekWyxQg
QVuGz9sqnwY,0,0,concat,6,https://www.youtube.com/watch?v=QVuGz9sqnwY
QYUN9Ds63RE,0,0,concat,6,https://www.youtube.com/watch?v=QYUN9Ds63RE
QdkZvRm32n8,0,0,concat,6,https://www.youtube.com/watch?v=QdkZvRm32n8
Qvm8D_ctQ7o,0,0,concat,6,https://www.youtube.com/watch?v=Qvm8D_ctQ7o
QwKX7iOsFrw,0,0,concat,6,https://www.youtube.com/watch?v=QwKX7iOsFrw
QwOUZSEsd6s,0,0,concat,6,https://www.youtube.com/watch?v=QwOUZSEsd6s
R0g-VkQSRV8,0,0,concat,6,https://www.youtube.com/watch?v=R0g-VkQSRV8
R6IYZS8QcpU,0,0,concat,6,https://www.youtube.com/watch?v=R6IYZS8QcpU
RECZH0O0p2M,0,0,concat,6,https://www.youtube.com/watch?v=RECZH0O0p2M
RFGn8Ukg33E,0,0,concat,6,https://www.youtube.com/watch?v=RFGn8Ukg33E
RHTLf30yBcg,0,0,concat,6,https://www.youtube.com/watch?v=RHTLf30yBcg
RPL6coDZJvg,0,0,concat,6,https://www.youtube.com/watch?v=RPL6coDZJvg
RQV5eSnnyBs,0,0,concat,6,https://www.youtube.com/watch?v=RQV5eSnnyBs
RXnizW2mdds,0,0,concat,6,https://www.youtube.com/watch?v=RXnizW2mdds
RYkWpYtHYE8,0,0,concat,6,https://www.youtube.com/watch?v=RYkWpYtHYE8
Re5GJrVGblA,0,0,concat,6,https://www.youtube.com/watch?v=Re5GJrVGblA
RhXfNUqippQ,0,0,concat,6,https://www.youtube.com/watch?v=RhXfNUqippQ
RhuSFGH0fB8,0,0,concat,6,https://www.youtube.com/watch?v=RhuSFGH0fB8
Rnd7phU4FpE,0,0,concat,6,https://www.youtube.com/watch?v=Rnd7phU4FpE
Rr6GsmrmJ7Q,0,0,concat,6,https://www.youtube.com/watch?v=Rr6GsmrmJ7Q
RrdFFiKqfoM,0,0,concat,6,https://www.youtube.com/watch?v=RrdFFiKqfoM
RwMZY61jkhg,0,0,concat,6,https://www.youtube.com/watch?v=RwMZY61jkhg
RxxudglXO9I,0,0,concat,6,https://www.youtube.com/watch?v=RxxudglXO9I
SABMh0Uj20g,0,0,concat,6,https://www.youtube.com/watch?v=SABMh0Uj20g
SABYtdu8lBY,0,0,concat,6,https://www.youtube.com/watch?v=SABYtdu8lBY
SBujs8mFc6Y,0,0,concat,6,https://www.youtube.com/watch?v=SBujs8mFc6Y
SKNspex5oTw,0,0,concat,6,https://www.youtube.com/watch?v=SKNspex5oTw
SQbCL294Yi8,0,0,concat,6,https://www.youtube.com/watch?v=SQbCL294Yi8
SW-AVF5W4Ow,0,0,concat,6,https://www.youtube.com/watch?v=SW-AVF5W4Ow
SaKJo5Nh87U,0,0,concat,6,https://www.youtube.com/watch?v=SaKJo5Nh87U
ScOZD5MpWqo,0,0,concat,6,https://www.youtube.com/watch?v=ScOZD5MpWqo
SdPbRXD0yr0,0,0,concat,6,https://www.youtube.com/watch?v=SdPbRXD0yr0
Sdi8VQxHD_Y,0,0,concat,6,https://www.youtube.com/watch?v=Sdi8VQxHD_Y
SfmPi4kFXqk,0,0,concat,6,https://www.youtube.com/watch?v=SfmPi4kFXqk
Sh-gwqpVUTE,0,0,concat,6,https://www.youtube.com/watch?v=Sh-gwqpVUTE
ShrnZI2ABj0,0,0,concat,6,https://www.youtube.com/watch?v=ShrnZI2ABj0
SiLpUzjE8iY,0,0,concat,6,https://www.youtube.com/watch?v=SiLpUzjE8iY
SiUziFhdpOc,0,0,concat,6,https://www.youtube.com/watch?v=SiUziFhdpOc
SlhFvFk5hYo,0,0,concat,6,https://www.youtube.com/watch?v=SlhFvFk5hYo
T5zoDf31YaU,0,0,concat,6,https://www.youtube.com/watch?v=T5zoDf31YaU
TIM6eNlIdMg,0,0,concat,6,https://www.youtube.com/watch?v=TIM6eNlIdMg
TKdeNlAqhns,0,0,concat,6,https://www.youtube.com/watch?v=TKdeNlAqhns
TOfZAGimO9o,0,0,concat,6,https://www.youtube.com/watch?v=TOfZAGimO9o
TSoDKO4dd9s,0,0,concat,6,https://www.youtube.com/watch?v=TSoDKO4dd9s
TUT7kOsbT2s,0,0,concat,6,https://www.youtube.com/watch?v=TUT7kOsbT2s
TX1sQRIDxhQ,0,0,concat,6,https://www.youtube.com/watch?v=TX1sQRIDxhQ
TidR4wmrST4,0,0,concat,6,https://www.youtube.com/watch?v=TidR4wmrST4
Tkdw6XqnQXo,0,0,concat,6,https://www.youtube.com/watch?v=Tkdw6XqnQXo
Tllw-8VGv1k,0,0,concat,6,https://www.youtube.com/watch?v=Tllw-8VGv1k
ToVylXis3WY,0,0,concat,6,https://www.youtube.com/watch?v=ToVylXis3WY
ToksGhZz5uc,0,0,concat,6,https://www.youtube.com/watch?v=ToksGhZz5uc
TxIL_AHmUDA,0,0,concat,6,https://www.youtube.com/watch?v=TxIL_AHmUDA
TxV-0c_n4Uk,0,0,concat,6,https://www.youtube.com/watch?v=TxV-0c_n4Uk
TzNjnU6h33U,0,0,concat,6,https://www.youtube.com/watch?v=TzNjnU6h33U
U-vl4Q1PKbk,0,0,concat,6,https://www.youtube.com/watch?v=U-vl4Q1PKbk
U3E0u1YEuYs,0,0,concat,6,https://www.youtube.com/watch?v=U3E0u1YEuYs
U3SbBFbkPbA,0,0,concat,6,https://www.youtube.com/watch?v=U3SbBFbkPbA
U6c8WIYiSCI,0,0,concat,6,https://www.youtube.com/watch?v=U6c8WIYiSCI
UFhjEc8J_p0,0,0,concat,6,https://www.youtube.com/watch?v=UFhjEc8J_p0
ULWrb-qnA6Y,0,0,concat,6,https://www.youtube.com/watch?v=ULWrb-qnA6Y
UNMruLLcKdo,0,0,concat,6,https://www.youtube.com/watch?v=UNMruLLcKdo
URNEsgsmstI,0,0,concat,6,https://www.youtube.com/watch?v=URNEsgsmstI
URqO2QpWJLw,0,0,concat,6,https://www.youtube.com/watch?v=URqO2QpWJLw
US7BUl0GAVw,0,0,concat,6,https://www.youtube.com/watch?v=US7BUl0GAVw
UToy9DFnl-8,0,0,concat,6,https://www.youtube.com/watch?v=UToy9DFnl-8
UX45BaMG51k,0,0,concat,6,https://www.youtube.com/watch?v=UX45BaMG51k
UY6JLdg21Cc,0,0,concat,6,https://www.youtube.com/watch?v=UY6JLdg21Cc
U_e0uEKdHjw,0,0,concat,6,https://www.youtube.com/watch?v=U_e0uEKdHjw
U_uQpUvLk4c,0,0,concat,6,https://www.youtube.com/watch?v=U_uQpUvLk4c
Uh3Ivk1Mwmg,0,0,concat,6,https://www.youtube.com/watch?v=Uh3Ivk1Mwmg
UhguIORPNOg,0,0,concat,6,https://www.youtube.com/watch?v=UhguIORPNOg
UiRkNMHF7Xk,0,0,concat,6,https://www.youtube.com/watch?v=UiRkNMHF7Xk
UjyTtnL2oK0,0,0,concat,6,https://www.youtube.com/watch?v=UjyTtnL2oK0
UoRczchfYII,0,0,concat,6,https://www.youtube.com/watch?v=UoRczchfYII
UxBuO_0zFag,0,0,concat,6,https://www.youtube.com/watch?v=UxBuO_0zFag
UxgauJ6Aspg,0,0,concat,6,https://www.youtube.com/watch?v=UxgauJ6Aspg
V-1CRJP9FiQ,0,0,concat,6,https://www.youtube.com/watch?v=V-1CRJP9FiQ
V-_VIId4F20,0,0,concat,6,https://www.youtube.com/watch?v=V-_VIId4F20
V1synzyOknI,0,0,concat,6,https://www.youtube.com/watch?v=V1synzyOknI
V6Tm9cxh07I,0,0,concat,6,https://www.youtube.com/watch?v=V6Tm9cxh07I
V92SZvvQjwo,0,0,concat,6,https://www.youtube.com/watch?v=V92SZvvQjwo
V9cKmpW-HkY,0,0,concat,6,https://www.youtube.com/watch?v=V9cKmpW-HkY
VDRZc9aTx0s,0,0,concat,6,https://www.youtube.com/watch?v=VDRZc9aTx0s
VDb5XPPMe6A,0,0,concat,6,https://www.youtube.com/watch?v=VDb5XPPMe6A
VE9vwzlGShM,0,0,concat,6,https://www.youtube.com/watch?v=VE9vwzlGShM
VGfuox2zOgc,0,0,concat,6,https://www.youtube.com/watch?v=VGfuox2zOgc
VIyQ7co-WFg,0,0,concat,6,https://www.youtube.com/watch?v=VIyQ7co-WFg
VQwDWLourEg,0,0,concat,6,https://www.youtube.com/watch?v=VQwDWLourEg
VTGPmOkaCMg,0,0,concat,6,https://www.youtube.com/watch?v=VTGPmOkaCMg
VXTP1B7QrqM,0,0,concat,6,https://www.youtube.com/watch?v=VXTP1B7QrqM
VYHjkAcUtk8,0,0,concat,6,https://www.youtube.com/watch?v=VYHjkAcUtk8
V_8rKuvlfXk,0,0,concat,6,https://www.youtube.com/watch?v=V_8rKuvlfXk
Vb4lQuS4R0w,0,0,concat,6,https://www.youtube.com/watch?v=Vb4lQuS4R0w
VhQ-OBx9FkE,0,0,concat,6,https://www.youtube.com/watch?v=VhQ-OBx9FkE
Vilhzgm4Z1I,0,0,concat,6,https://www.youtube.com/watch?v=Vilhzgm4Z1I
VkSFWj0e_Us,0,0,concat,6,https://www.youtube.com/watch?v=VkSFWj0e_Us
VkxhIhs6mMw,0,0,concat,6,https://www.youtube.com/watch?v=VkxhIhs6mMw
Vt8Tj5BkD9w,0,0,concat,6,https://www.youtube.com/watch?v=Vt8Tj5BkD9w
Vu1ui5dtQ7U,0,0,concat,6,https://www.youtube.com/watch?v=Vu1ui5dtQ7U
W7eExfDdNr8,0,0,concat,6,https://www.youtube.com/watch?v=W7eExfDdNr8
WAQJPo6PGV4,0,0,concat,6,https://www.youtube.com/watch?v=WAQJPo6PGV4
WAzy1xM3lsE,0,0,concat,6,https://www.youtube.com/watch?v=WAzy1xM3lsE
WB1RVlrvYMU,0,0,concat,6,https://www.youtube.com/watch?v=WB1RVlrvYMU
WCBhTcSsKlo,0,0,concat,6,https://www.youtube.com/watch?v=WCBhTcSsKlo
WEluaQh2Rnw,0,0,concat,6,https://www.youtube.com/watch?v=WEluaQh2Rnw
WL7HjEyWgQQ,0,0,concat,6,https://www.youtube.com/watch?v=WL7HjEyWgQQ
WLb96e3kyLg,0,0,concat,6,https://www.youtube.com/watch?v=WLb96e3kyLg
WOfAPCINUTE,0,0,concat,6,https://www.youtube.com/watch?v=WOfAPCINUTE
WPQob5_EK8E,0,0,concat,6,https://www.youtube.com/watch?v=WPQob5_EK8E
WUNMktDmkhA,0,0,concat,6,https://www.youtube.com/watch?v=WUNMktDmkhA
WWoAN2iP0_k,0,0,concat,6,https://www.youtube.com/watch?v=WWoAN2iP0_k
WYwmHsDgJSE,0,0,concat,6,https://www.youtube.com/watch?v=WYwmHsDgJSE
Wgis64nMCQk,0,0,concat,6,https://www.youtube.com/watch?v=Wgis64nMCQk
WoNhsm4rTE0,0,0,concat,6,https://www.youtube.com/watch?v=WoNhsm4rTE0
Wpya-rZt4Y4,0,0,concat,6,https://www.youtube.com/watch?v=Wpya-rZt4Y4
WsU5zAOGVQA,0,0,concat,6,https://www.youtube.com/watch?v=WsU5zAOGVQA
X-hD8nZOAbo,0,0,concat,6,https://www.youtube.com/watch?v=X-hD8nZOAbo
X0OZhxdGYGw,0,0,concat,6,https://www.youtube.com/watch?v=X0OZhxdGYGw
X3mzxYFYfgQ,0,0,concat,6,https://www.youtube.com/watch?v=X3mzxYFYfgQ
X7AEtwah80k,0,0,concat,6,https://www.youtube.com/watch?v=X7AEtwah80k
XBp0sonaWH4,0,0,concat,6,https://www.youtube.com/watch?v=XBp0sonaWH4
XCzGmzrHI20,0,0,concat,6,https://www.youtube.com/watch?v=XCzGmzrHI20
XDBLgxZSLQg,0,0,concat,6,https://www.youtube.com/watch?v=XDBLgxZSLQg
XHIS7Qj0WFM,0,0,concat,6,https://www.youtube.com/watch?v=XHIS7Qj0WFM
XHgb4EHBBd8,0,0,concat,6,https://www.youtube.com/watch?v=XHgb4EHBBd8
XQ06ljstGog,0,0,concat,6,https://www.youtube.com/watch?v=XQ06ljstGog
XTUwxIc9WKc,0,0,concat,6,https://www.youtube.com/watch?v=XTUwxIc9WKc
XX8MHws3-5E,0,0,concat,6,https://www.youtube.com/watch?v=XX8MHws3-5E
Xdoxvtzx3z0,0,0,concat,6,https://www.youtube.com/watch?v=Xdoxvtzx3z0
XeDo4CCgDmQ,0,0,concat,6,https://www.youtube.com/watch?v=XeDo4CCgDmQ
XhJIlKQ-M5Y,0,0,concat,6,https://www.youtube.com/watch?v=XhJIlKQ-M5Y
XpAVZnGcMIo,0,0,concat,6,https://www.youtube.com/watch?v=XpAVZnGcMIo
XqdAW6BSxtI,0,0,concat,6,https://www.youtube.com/watch?v=XqdAW6BSxtI
Xr9WeAxEYAk,0,0,concat,6,https://www.youtube.com/watch?v=Xr9WeAxEYAk
XugnsfxOHCY,0,0,concat,6,https://www.youtube.com/watch?v=XugnsfxOHCY
Xv6Fi3-HdX4,0,0,concat,6,https://www.youtube.com/watch?v=Xv6Fi3-HdX4
XyioAB3kUjA,0,0,concat,6,https://www.youtube.com/watch?v=XyioAB3kUjA
XyrsrmFZ5jM,0,0,concat,6,https://www.youtube.com/watch?v=XyrsrmFZ5jM
Y1Sy67bOuVw,0,0,concat,6,https://www.youtube.com/watch?v=Y1Sy67bOuVw
Y8FLo32Gky0,0,0,concat,6,https://www.youtube.com/watch?v=Y8FLo32Gky0
YJ6Ec4CtrnI,0,0,concat,6,https://www.youtube.com/watch?v=YJ6Ec4CtrnI
YJuuONNroNo,0,0,concat,6,https://www.youtube.com/watch?v=YJuuONNroNo
YN4rfmzs2Pc,0,0,concat,6,https://www.youtube.com/watch?v=YN4rfmzs2Pc
YPukcFB_Sl8,0,0,concat,6,https://www.youtube.com/watch?v=YPukcFB_Sl8
YRezvQL63uw,0,0,concat,6,https://www.youtube.com/watch?v=YRezvQL63uw
YSkYv3_kspk,0,0,concat,6,https://www.youtube.com/watch?v=YSkYv3_kspk
YZRxHg-lZDk,0,0,concat,6,https://www.youtube.com/watch?v=YZRxHg-lZDk
Ys5phJ56Kn4,0,0,concat,6,https://www.youtube.com/watch?v=Ys5phJ56Kn4
Ysimo6cNrPE,0,0,concat,6,https://www.youtube.com/watch?v=Ysimo6cNrPE
YtoAYfpSZ8c,0,0,concat,6,https://www.youtube.com/watch?v=YtoAYfpSZ8c
Z0YaxdbTQdY,0,0,concat,6,https://www.youtube.com/watch?v=Z0YaxdbTQdY
ZCg4o37iYw0,0,0,concat,6,https://www.youtube.com/watch?v=ZCg4o37iYw0
ZImM6Enk4C8,0,0,concat,6,https://www.youtube.com/watch?v=ZImM6Enk4C8
ZLM-43ueEZY,0,0,concat,6,https://www.youtube.com/watch?v=ZLM-43ueEZY
ZTTxENTGhSc,0,0,concat,6,https://www.youtube.com/watch?v=ZTTxENTGhSc
ZTfGtrdbEvA,0,0,concat,6,https://www.youtube.com/watch?v=ZTfGtrdbEvA
ZUbz95IaZy0,0,0,concat,6,https://www.youtube.com/watch?v=ZUbz95IaZy0
ZVKNhC70pTI,0,0,concat,6,https://www.youtube.com/watch?v=ZVKNhC70pTI
ZW--Fm_HaNs,0,0,concat,6,https://www.youtube.com/watch?v=ZW--Fm_HaNs
Z_f3mxa1R98,0,0,concat,6,https://www.youtube.com/watch?v=Z_f3mxa1R98
ZbbFbgfPi4U,0,0,concat,6,https://www.youtube.com/watch?v=ZbbFbgfPi4U
ZfdEqxXQfmc,0,0,concat,6,https://www.youtube.com/watch?v=ZfdEqxXQfmc
ZgSja8-w5mU,0,0,concat,6,https://www.youtube.com/watch?v=ZgSja8-w5mU
ZgyvUs1Fju0,0,0,concat,6,https://www.youtube.com/watch?v=ZgyvUs1Fju0
ZiJ7M-zfVow,0,0,concat,6,https://www.youtube.com/watch?v=ZiJ7M-zfVow
ZiVvbzEEPSE,0,0,concat,6,https://www.youtube.com/watch?v=ZiVvbzEEPSE
Znq56taiN7E,0,0,concat,6,https://www.youtube.com/watch?v=Znq56taiN7E
ZwJ7cAhR-AQ,0,0,concat,6,https://www.youtube.com/watch?v=ZwJ7cAhR-AQ
ZxqjOYGcriA,0,0,concat,6,https://www.youtube.com/watch?v=ZxqjOYGcriA
ZymDC2Lt6Qo,0,0,concat,6,https://www.youtube.com/watch?v=ZymDC2Lt6Qo
ZzAj2Sa5V9g,0,0,concat,6,https://www.youtube.com/watch?v=ZzAj2Sa5V9g
_15hA_US02U,0,0,concat,6,https://www.youtube.com/watch?v=_15hA_US02U
_4tDGH-Jm18,0,0,concat,6,https://www.youtube.com/watch?v=_4tDGH-Jm18
_DcZDvE7stc,0,0,concat,6,https://www.youtube.com/watch?v=_DcZDvE7stc
_JV4MCAC-HI,0,0,concat,6,https://www.youtube.com/watch?v=_JV4MCAC-HI
_KDR4pftGX0,0,0,concat,6,https://www.youtube.com/watch?v=_KDR4pftGX0
_L7BnXaFoMg,0,0,concat,6,https://www.youtube.com/watch?v=_L7BnXaFoMg
_M1QqgVSU24,0,0,concat,6,https://www.youtube.com/watch?v=_M1QqgVSU24
_Oe33S4h6HQ,0,0,concat,6,https://www.youtube.com/watch?v=_Oe33S4h6HQ
_Q-QIl2EBOs,0,0,concat,6,https://www.youtube.com/watch?v=_Q-QIl2EBOs
_Sf_gm9W6Lo,0,0,concat,6,https://www.youtube.com/watch?v=_Sf_gm9W6Lo
_aKWH8i1Als,0,0,concat,6,https://www.youtube.com/watch?v=_aKWH8i1Als
_bE7E5Pcuts,0,0,concat,6,https://www.youtube.com/watch?v=_bE7E5Pcuts
_e8c6AMIc0c,0,0,concat,6,https://www.youtube.com/watch?v=_e8c6AMIc0c
_llGhqw-ViE,0,0,concat,6,https://www.youtube.com/watch?v=_llGhqw-ViE
_mZb9Uet2EA,0,0,concat,6,https://www.youtube.com/watch?v=_mZb9Uet2EA
_sceYcrl7ZU,0,0,concat,6,https://www.youtube.com/watch?v=_sceYcrl7ZU
_tDu2TubVOA,0,0,concat,6,https://www.youtube.com/watch?v=_tDu2TubVOA
_w_JWT7Qme0,0,0,concat,6,https://www.youtube.com/watch?v=_w_JWT7Qme0
_wqTuLJyXHU,0,0,concat,6,https://www.youtube.com/watch?v=_wqTuLJyXHU
a8gsA3AqFTY,0,0,concat,6,https://www.youtube.com/watch?v=a8gsA3AqFTY
aDYKqopoJL8,0,0,concat,6,https://www.youtube.com/watch?v=aDYKqopoJL8
aG5bDOylnjw,0,0,concat,6,https://www.youtube.com/watch?v=aG5bDOylnjw
aL9OlyoLFbQ,0,0,concat,6,https://www.youtube.com/watch?v=aL9OlyoLFbQ
aXBBKNSiZsw,0,0,concat,6,https://www.youtube.com/watch?v=aXBBKNSiZsw
aaVjKV_8ZFE,0,0,concat,6,https://www.youtube.com/watch?v=aaVjKV_8ZFE
adnnN6OlYjo,0,0,concat,6,https://www.youtube.com/watch?v=adnnN6OlYjo
adyam9bXO0U,0,0,concat,6,https://www.youtube.com/watch?v=adyam9bXO0U
aeBWiTMyqHE,0,0,concat,6,https://www.youtube.com/watch?v=aeBWiTMyqHE
agr35QJ3fLQ,0,0,concat,6,https://www.youtube.com/watch?v=agr35QJ3fLQ
ariirlftlPg,0,0,concat,6,https://www.youtube.com/watch?v=ariirlftlPg
b7ju3kx7CEA,0,0,concat,6,https://www.youtube.com/watch?v=b7ju3kx7CEA
b7uC2n_3mvA,0,0,concat,6,https://www.youtube.com/watch?v=b7uC2n_3mvA
bIu5PeWhS54,0,0,concat,6,https://www.youtube.com/watch?v=bIu5PeWhS54
bPoKcVGDm_4,0,0,concat,6,https://www.youtube.com/watch?v=bPoKcVGDm_4
bWRMvGmbmYg,0,0,concat,6,https://www.youtube.com/watch?v=bWRMvGmbmYg
b_ruNwzMNWo,0,0,concat,6,https://www.youtube.com/watch?v=b_ruNwzMNWo
bacrLsnGIJw,0,0,concat,6,https://www.youtube.com/watch?v=bacrLsnGIJw
bi-yvvwtbcc,0,0,concat,6,https://www.youtube.com/watch?v=bi-yvvwtbcc
brJVJLxUfDE,0,0,concat,6,https://www.youtube.com/watch?v=brJVJLxUfDE
btYS7DhrvOU,0,0,concat,6,https://www.youtube.com/watch?v=btYS7DhrvOU
bumSOxZmyAA,0,0,concat,6,https://www.youtube.com/watch?v=bumSOxZmyAA
c2viABkuLKo,0,0,concat,6,https://www.youtube.com/watch?v=c2viABkuLKo
c7NS-mf331U,0,0,concat,6,https://www.youtube.com/watch?v=c7NS-mf331U
cIzYgH-8LfQ,0,0,concat,6,https://www.youtube.com/watch?v=cIzYgH-8LfQ
cJQpVw8gkoA,0,0,concat,6,https://www.youtube.com/watch?v=cJQpVw8gkoA
cNhAlWwVBiM,0,0,concat,6,https://www.youtube.com/watch?v=cNhAlWwVBiM
cSBwwwp3Kpc,0,0,concat,6,https://www.youtube.com/watch?v=cSBwwwp3Kpc
c_2EcHLC6FE,0,0,concat,6,https://www.youtube.com/watch?v=c_2EcHLC6FE
c_4xr53_sLM,0,0,concat,6,https://www.youtube.com/watch?v=c_4xr53_sLM
cfZ_8GxZi2g,0,0,concat,6,https://www.youtube.com/watch?v=cfZ_8GxZi2g
cg_x-b02jTw,0,0,concat,6,https://www.youtube.com/watch?v=cg_x-b02jTw
ckLk0EJqLpk,0,0,concat,6,https://www.youtube.com/watch?v=ckLk0EJqLpk
cqaGzKLDhGY,0,0,concat,6,https://www.youtube.com/watch?v=cqaGzKLDhGY
d1ZLAcqivSs,0,0,concat,6,https://www.youtube.com/watch?v=d1ZLAcqivSs
d25wGtyR_Ew,0,0,concat,6,https://www.youtube.com/watch?v=d25wGtyR_Ew
dCm5RZ09Dy4,0,0,concat,6,https://www.youtube.com/watch?v=dCm5RZ09Dy4
dEKcthJv4tQ,0,0,concat,6,https://www.youtube.com/watch?v=dEKcthJv4tQ
dHpl94cCttc,0,0,concat,6,https://www.youtube.com/watch?v=dHpl94cCttc
dK1AJ48vJoE,0,0,concat,6,https://www.youtube.com/watch?v=dK1AJ48vJoE
diCKOZN55ao,0,0,concat,6,https://www.youtube.com/watch?v=diCKOZN55ao
dlcnA_i7D00,0,0,concat,6,https://www.youtube.com/watch?v=dlcnA_i7D00
dsLfZdxJCoE,0,0,concat,6,https://www.youtube.com/watch?v=dsLfZdxJCoE
du4iwMe5JE8,0,0,concat,6,https://www.youtube.com/watch?v=du4iwMe5JE8
dzwi8XaBK7M,0,0,concat,6,https://www.youtube.com/watch?v=dzwi8XaBK7M
e0Qa1RoCqZE,0,0,concat,6,https://www.youtube.com/watch?v=e0Qa1RoCqZE
e1B0BbA6r4g,0,0,concat,6,https://www.youtube.com/watch?v=e1B0BbA6r4g
e2SrvpSjDV4,0,0,concat,6,https://www.youtube.com/watch?v=e2SrvpSjDV4
e6M0MxclhOI,0,0,concat,6,https://www.youtube.com/watch?v=e6M0MxclhOI
eC3GKbqf6Co,0,0,concat,6,https://www.youtube.com/watch?v=eC3GKbqf6Co
eGG0pnUtFtY,0,0,concat,6,https://www.youtube.com/watch?v=eGG0pnUtFtY
eT_d6o8EfKs,0,0,concat,6,https://www.youtube.com/watch?v=eT_d6o8EfKs
eVOaqwhtoy4,0,0,concat,6,https://www.youtube.com/watch?v=eVOaqwhtoy4
eXDA-dSZPNM,0,0,concat,6,https://www.youtube.com/watch?v=eXDA-dSZPNM
eXiPLeLG1O0,0,0,concat,6,https://www.youtube.com/watch?v=eXiPLeLG1O0
eYPUMZdUT5o,0,0,concat,6,https://www.youtube.com/watch?v=eYPUMZdUT5o
eZ2cYbVQJv8,0,0,concat,6,https://www.youtube.com/watch?v=eZ2cYbVQJv8
eaQJFh6kDkg,0,0,concat,6,https://www.youtube.com/watch?v=eaQJFh6kDkg
ecLKXboXOTo,0,0,concat,6,https://www.youtube.com/watch?v=ecLKXboXOTo
ecS1N-0xzEM,0,0,concat,6,https://www.youtube.com/watch?v=ecS1N-0xzEM
ejOSW3rRDD8,0,0,concat,6,https://www.youtube.com/watch?v=ejOSW3rRDD8
emVbg6hQdPk,0,0,concat,6,https://www.youtube.com/watch?v=emVbg6hQdPk
eoIBk4is1W0,0,0,concat,6,https://www.youtube.com/watch?v=eoIBk4is1W0
esTzkZtFIE0,0,0,concat,6,https://www.youtube.com/watch?v=esTzkZtFIE0
exR690_LyHs,0,0,concat,6,https://www.youtube.com/watch?v=exR690_LyHs
ezvWN6HWmt8,0,0,concat,6,https://www.youtube.com/watch?v=ezvWN6HWmt8
f-95j3RO-Tw,0,0,concat,6,https://www.youtube.com/watch?v=f-95j3RO-Tw
f-Ds_sJUoa4,0,0,concat,6,https://www.youtube.com/watch?v=f-Ds_sJUoa4
f1UyMSuIQRY,0,0,concat,6,https://www.youtube.com/watch?v=f1UyMSuIQRY
fJ2bgodI3GY,0,0,concat,6,https://www.youtube.com/watch?v=fJ2bgodI3GY
fJbCdC43gvk,0,0,concat,6,https://www.youtube.com/watch?v=fJbCdC43gvk
fKMIHZD9S98,0,0,concat,6,https://www.youtube.com/watch?v=fKMIHZD9S98
fMzokwDr7u8,0,0,concat,6,https://www.youtube.com/watch?v=fMzokwDr7u8
fN3Ex7P0oGs,0,0,concat,6,https://www.youtube.com/watch?v=fN3Ex7P0oGs
fNiWzrtPQqI,0,0,concat,6,https://www.youtube.com/watch?v=fNiWzrtPQqI
fUbYqouoGYY,0,0,concat,6,https://www.youtube.com/watch?v=fUbYqouoGYY
f_xIQkH4kGo,0,0,concat,6,https://www.youtube.com/watch?v=f_xIQkH4kGo
fkBuJSNFaWs,0,0,concat,6,https://www.youtube.com/watch?v=fkBuJSNFaWs
fkaSZwZFa98,0,0,concat,6,https://www.youtube.com/watch?v=fkaSZwZFa98
fkr9azwfTGU,0,0,concat,6,https://www.youtube.com/watch?v=fkr9azwfTGU
flN7Hi74UAQ,0,0,concat,6,https://www.youtube.com/watch?v=flN7Hi74UAQ
ftszbfp6low,0,0,concat,6,https://www.youtube.com/watch?v=ftszbfp6low
g44DUDVNxcI,0,0,concat,6,https://www.youtube.com/watch?v=g44DUDVNxcI
g5RnUHa_IBs,0,0,concat,6,https://www.youtube.com/watch?v=g5RnUHa_IBs
gJ6_kq3iXTA,0,0,concat,6,https://www.youtube.com/watch?v=gJ6_kq3iXTA
gO6GqJrTmxE,0,0,concat,6,https://www.youtube.com/watch?v=gO6GqJrTmxE
geQk1DpqGoI,0,0,concat,6,https://www.youtube.com/watch?v=geQk1DpqGoI
giI7Ctwx2oc,0,0,concat,6,https://www.youtube.com/watch?v=giI7Ctwx2oc
gsyNZHmI3Po,0,0,concat,6,https://www.youtube.com/watch?v=gsyNZHmI3Po
gy6CNNFizG0,0,0,concat,6,https://www.youtube.com/watch?v=gy6CNNFizG0
hBOkjQ3k2ao,0,0,concat,6,https://www.youtube.com/watch?v=hBOkjQ3k2ao
hFOe8vXrnUg,0,0,concat,6,https://www.youtube.com/watch?v=hFOe8vXrnUg
hISN5PwQ-54,0,0,concat,6,https://www.youtube.com/watch?v=hISN5PwQ-54
hM108R9evWI,0,0,concat,6,https://www.youtube.com/watch?v=hM108R9evWI
hMddSouquBA,0,0,concat,6,https://www.youtube.com/watch?v=hMddSouquBA
hPZpJBSEO2Y,0,0,concat,6,https://www.youtube.com/watch?v=hPZpJBSEO2Y
hR5ws5jwQY0,0,0,concat,6,https://www.youtube.com/watch?v=hR5ws5jwQY0
hSvJ-u2r2_8,0,0,concat,6,https://www.youtube.com/watch?v=hSvJ-u2r2_8
hWi6t9fdzCU,0,0,concat,6,https://www.youtube.com/watch?v=hWi6t9fdzCU
ha5OFmgwIec,0,0,concat,6,https://www.youtube.com/watch?v=ha5OFmgwIec
hfCUQ6UU47k,0,0,concat,6,https://www.youtube.com/watch?v=hfCUQ6UU47k
hlJt_jO85pg,0,0,concat,6,https://www.youtube.com/watch?v=hlJt_jO85pg
hlg3b71JEdU,0,0,concat,6,https://www.youtube.com/watch?v=hlg3b71JEdU
hyooEaeUH30,0,0,concat,6,https://www.youtube.com/watch?v=hyooEaeUH30
i2DZDr7yC_U,0,0,concat,6,https://www.youtube.com/watch?v=i2DZDr7yC_U
i2Ekbt5BC3o,0,0,concat,6,https://www.youtube.com/watch?v=i2Ekbt5BC3o
iBaypg1QrNc,0,0,concat,6,https://www.youtube.com/watch?v=iBaypg1QrNc
iCWXJprR7Ck,0,0,concat,6,https://www.youtube.com/watch?v=iCWXJprR7Ck
iGUULwnIf0w,0,0,concat,6,https://www.youtube.com/watch?v=iGUULwnIf0w
iJMCfgxsejA,0,0,concat,6,https://www.youtube.com/watch?v=iJMCfgxsejA
iMagd13nBf8,0,0,concat,6,https://www.youtube.com/watch?v=iMagd13nBf8
iPly6BPtTlU,0,0,concat,6,https://www.youtube.com/watch?v=iPly6BPtTlU
iSMKgWYdab4,0,0,concat,6,https://www.youtube.com/watch?v=iSMKgWYdab4
iSPXu_L8kcg,0,0,concat,6,https://www.youtube.com/watch?v=iSPXu_L8kcg
iVV4aMNoBLg,0,0,concat,6,https://www.youtube.com/watch?v=iVV4aMNoBLg
iYRzpNHt-GM,0,0,concat,6,https://www.youtube.com/watch?v=iYRzpNHt-GM
ibdko62gE7I,0,0,concat,6,https://www.youtube.com/watch?v=ibdko62gE7I
ilTpJZehs-c,0,0,concat,6,https://www.youtube.com/watch?v=ilTpJZehs-c
inLHfhb649U,0,0,concat,6,https://www.youtube.com/watch?v=inLHfhb649U
ioT0zNMYLBo,0,0,concat,6,https://www.youtube.com/watch?v=ioT0zNMYLBo
ispzvo0-UkM,0,0,concat,6,https://www.youtube.com/watch?v=ispzvo0-UkM
iuZNon_3eTs,0,0,concat,6,https://www.youtube.com/watch?v=iuZNon_3eTs
izq0bysSbe4,0,0,concat,6,https://www.youtube.com/watch?v=izq0bysSbe4
j1OEhga-Z3o,0,0,concat,6,https://www.youtube.com/watch?v=j1OEhga-Z3o
j2TdbJSUtXs,0,0,concat,6,https://www.youtube.com/watch?v=j2TdbJSUtXs
j63nKB8wOJc,0,0,concat,6,https://www.youtube.com/watch?v=j63nKB8wOJc
j7akITTcm_4,0,0,concat,6,https://www.youtube.com/watch?v=j7akITTcm_4
j7ilKks2spg,0,0,concat,6,https://www.youtube.com/watch?v=j7ilKks2spg
j9pig0y0qd4,0,0,concat,6,https://www.youtube.com/watch?v=j9pig0y0qd4
jAJ2yxjp748,0,0,concat,6,https://www.youtube.com/watch?v=jAJ2yxjp748
jBqMeagL-Cs,0,0,concat,6,https://www.youtube.com/watch?v=jBqMeagL-Cs
jMJHEZukyBw,0,0,concat,6,https://www.youtube.com/watch?v=jMJHEZukyBw
jPGGxdIiTqo,0,0,concat,6,https://www.youtube.com/watch?v=jPGGxdIiTqo
jTNCsB7gRy0,0,0,concat,6,https://www.youtube.com/watch?v=jTNCsB7gRy0
jdoTMUs7g-E,0,0,concat,6,https://www.youtube.com/watch?v=jdoTMUs7g-E
jfZon2dIr6w,0,0,concat,6,https://www.youtube.com/watch?v=jfZon2dIr6w
jfelV2sDEtQ,0,0,concat,6,https://www.youtube.com/watch?v=jfelV2sDEtQ
jhOOZzsc_J8,0,0,concat,6,https://www.youtube.com/watch?v=jhOOZzsc_J8
jj5arRNShHw,0,0,concat,6,https://www.youtube.com/watch?v=jj5arRNShHw
jjgtu1d4AzY,0,0,concat,6,https://www.youtube.com/watch?v=jjgtu1d4AzY
jkB_KzciPC8,0,0,concat,6,https://www.youtube.com/watch?v=jkB_KzciPC8
jkfzlOLGNk0,0,0,concat,6,https://www.youtube.com/watch?v=jkfzlOLGNk0
jpPL5dRXrvU,0,0,concat,6,https://www.youtube.com/watch?v=jpPL5dRXrvU
jt6qJafrhqw,0,0,concat,6,https://www.youtube.com/watch?v=jt6qJafrhqw
jtxBCMRzwsQ,0,0,concat,6,https://www.youtube.com/watch?v=jtxBCMRzwsQ
jw2gxagxTuY,0,0,concat,6,https://www.youtube.com/watch?v=jw2gxagxTuY
k0pn7kGsT0E,0,0,concat,6,https://www.youtube.com/watch?v=k0pn7kGsT0E
k6Y3aqTAkoQ,0,0,concat,6,https://www.youtube.com/watch?v=k6Y3aqTAkoQ
k7qGbr8pOwM,0,0,concat,6,https://www.youtube.com/watch?v=k7qGbr8pOwM
kBqg--jMSOA,0,0,concat,6,https://www.youtube.com/watch?v=kBqg--jMSOA
kG5SuMuYzDk,0,0,concat,6,https://www.youtube.com/watch?v=kG5SuMuYzDk
kG5oUegLc64,0,0,concat,6,https://www.youtube.com/watch?v=kG5oUegLc64
kIf-McZ9twg,0,0,concat,6,https://www.youtube.com/watch?v=kIf-McZ9twg
kIvoh6WyWK4,0,0,concat,6,https://www.youtube.com/watch?v=kIvoh6WyWK4
kJRh7HG6qac,0,0,concat,6,https://www.youtube.com/watch?v=kJRh7HG6qac
kNJ7dHskhR4,0,0,concat,6,https://www.youtube.com/watch?v=kNJ7dHskhR4
kOMJUvbBxVE,0,0,concat,6,https://www.youtube.com/watch?v=kOMJUvbBxVE
kThvEzzleCY,0,0,concat,6,https://www.youtube.com/watch?v=kThvEzzleCY
kWeQcvyk_i0,0,0,concat,6,https://www.youtube.com/watch?v=kWeQcvyk_i0
kbgl4uCkFNg,0,0,concat,6,https://www.youtube.com/watch?v=kbgl4uCkFNg
kfjnrk-v_2g,0,0,concat,6,https://www.youtube.com/watch?v=kfjnrk-v_2g
kgjqXgNzT_Q,0,0,concat,6,https://www.youtube.com/watch?v=kgjqXgNzT_Q
khHv7gIcbO4,0,0,concat,6,https://www.youtube.com/watch?v=khHv7gIcbO4
kzpvl9vi1Jw,0,0,concat,6,https://www.youtube.com/watch?v=kzpvl9vi1Jw
l-jd0AIFTEE,0,0,concat,6,https://www.youtube.com/watch?v=l-jd0AIFTEE
l4UnCuS6Ne8,0,0,concat,6,https://www.youtube.com/watch?v=l4UnCuS6Ne8
l6Yrf8Mg9cY,0,0,concat,6,https://www.youtube.com/watch?v=l6Yrf8Mg9cY
l7GR3KgxYPQ,0,0,concat,6,https://www.youtube.com/watch?v=l7GR3KgxYPQ
l9vE0mfUEwQ,0,0,concat,6,https://www.youtube.com/watch?v=l9vE0mfUEwQ
lDRkQm_j7d4,0,0,concat,6,https://www.youtube.com/watch?v=lDRkQm_j7d4
lK60qHXbseM,0,0,concat,6,https://www.youtube.com/watch?v=lK60qHXbseM
lMt-qyHvfU4,0,0,concat,6,https://www.youtube.com/watch?v=lMt-qyHvfU4
lPPU_1VhOZ4,0,0,concat,6,https://www.youtube.com/watch?v=lPPU_1VhOZ4
lRhvpA5-X3s,0,0,concat,6,https://www.youtube.com/watch?v=lRhvpA5-X3s
lVPnX0J7DVI,0,0,concat,6,https://www.youtube.com/watch?v=lVPnX0J7DVI
lWeTGgNAxN8,0,0,concat,6,https://www.youtube.com/watch?v=lWeTGgNAxN8
lc3jIf7Sbqw,0,0,concat,6,https://www.youtube.com/watch?v=lc3jIf7Sbqw
lcTXa6bVO0Q,0,0,concat,6,https://www.youtube.com/watch?v=lcTXa6bVO0Q
lcpmKxExXw4,0,0,concat,6,https://www.youtube.com/watch?v=lcpmKxExXw4
lekqGAB8Siw,0,0,concat,6,https://www.youtube.com/watch?v=lekqGAB8Siw
lkWR0TBqaKU,0,0,concat,6,https://www.youtube.com/watch?v=lkWR0TBqaKU
lrGXkErngCs,0,0,concat,6,https://www.youtube.com/watch?v=lrGXkErngCs
lsXnivq_m18,0,0,concat,6,https://www.youtube.com/watch?v=lsXnivq_m18
lvgqyxEOljg,0,0,concat,6,https://www.youtube.com/watch?v=lvgqyxEOljg
m4n8xbfQ9hY,0,0,concat,6,https://www.youtube.com/watch?v=m4n8xbfQ9hY
mF5DDxIMhlc,0,0,concat,6,https://www.youtube.com/watch?v=mF5DDxIMhlc
mFKAQfjHCbI,0,0,concat,6,https://www.youtube.com/watch?v=mFKAQfjHCbI
mIoiAxiZQxE,0,0,concat,6,https://www.youtube.com/watch?v=mIoiAxiZQxE
mSkog2Ed3Hc,0,0,concat,6,https://www.youtube.com/watch?v=mSkog2Ed3Hc
mTgQFlDGq5I,0,0,concat,6,https://www.youtube.com/watch?v=mTgQFlDGq5I
mfpGl9nBW18,0,0,concat,6,https://www.youtube.com/watch?v=mfpGl9nBW18
mo6JlM2HEEY,0,0,concat,6,https://www.youtube.com/watch?v=mo6JlM2HEEY
mppWfE3BcaA,0,0,concat,6,https://www.youtube.com/watch?v=mppWfE3BcaA
mptm-sX-rNI,0,0,concat,6,https://www.youtube.com/watch?v=mptm-sX-rNI
mpy-SOopAOo,0,0,concat,6,https://www.youtube.com/watch?v=mpy-SOopAOo
mwDYjEGnBAk,0,0,concat,6,https://www.youtube.com/watch?v=mwDYjEGnBAk
mzd9-dL0uWs,0,0,concat,6,https://www.youtube.com/watch?v=mzd9-dL0uWs
n33IDum2Dhg,0,0,concat,6,https://www.youtube.com/watch?v=n33IDum2Dhg
nCeN-k5Nf9c,0,0,concat,6,https://www.youtube.com/watch?v=nCeN-k5Nf9c
nICPrj6FpxY,0,0,concat,6,https://www.youtube.com/watch?v=nICPrj6FpxY
nOCmkUqEnx0,0,0,concat,6,https://www.youtube.com/watch?v=nOCmkUqEnx0
nPzuOL1vU1w,0,0,concat,6,https://www.youtube.com/watch?v=nPzuOL1vU1w
nRDH4S9F-sg,0,0,concat,6,https://www.youtube.com/watch?v=nRDH4S9F-sg
nTv9u06bsAE,0,0,concat,6,https://www.youtube.com/watch?v=nTv9u06bsAE
nU0KWURvxo4,0,0,concat,6,https://www.youtube.com/watch?v=nU0KWURvxo4
nUeXNrQXT6I,0,0,concat,6,https://www.youtube.com/watch?v=nUeXNrQXT6I
nVwPxtplAIo,0,0,concat,6,https://www.youtube.com/watch?v=nVwPxtplAIo
neEL7OR73Q0,0,0,concat,6,https://www.youtube.com/watch?v=neEL7OR73Q0
neskOFdMplQ,0,0,concat,6,https://www.youtube.com/watch?v=neskOFdMplQ
o0PEOXurMl4,0,0,concat,6,https://www.youtube.com/watch?v=o0PEOXurMl4
o6sXJq-jN_E,0,0,concat,6,https://www.youtube.com/watch?v=o6sXJq-jN_E
oH5VG7gOrrM,0,0,concat,6,https://www.youtube.com/watch?v=oH5VG7gOrrM
oI0v4FvOL2Q,0,0,concat,6,https://www.youtube.com/watch?v=oI0v4FvOL2Q
oJfjwk4NwPI,0,0,concat,6,https://www.youtube.com/watch?v=oJfjwk4NwPI
oKPtc4ll4RI,0,0,concat,6,https://www.youtube.com/watch?v=oKPtc4ll4RI
oO31jlu2VaA,0,0,concat,6,https://www.youtube.com/watch?v=oO31jlu2VaA
oOH4x5P4vA8,0,0,concat,6,https://www.youtube.com/watch?v=oOH4x5P4vA8
oSFVZ7jieW8,0,0,concat,6,https://www.youtube.com/watch?v=oSFVZ7jieW8
oTlufIBvp7k,0,0,concat,6,https://www.youtube.com/watch?v=oTlufIBvp7k
oUPeZfuSy7A,0,0,concat,6,https://www.youtube.com/watch?v=oUPeZfuSy7A
oZ-qgVXrJD8,0,0,concat,6,https://www.youtube.com/watch?v=oZ-qgVXrJD8
oaReaahDnKM,0,0,concat,6,https://www.youtube.com/watch?v=oaReaahDnKM
ocGb4EB-T04,0,0,concat,6,https://www.youtube.com/watch?v=ocGb4EB-T04
odLyt62c0Wk,0,0,concat,6,https://www.youtube.com/watch?v=odLyt62c0Wk
ojTIWMJ1WEU,0,0,concat,6,https://www.youtube.com/watch?v=ojTIWMJ1WEU
ojoVEHORKPs,0,0,concat,6,https://www.youtube.com/watch?v=ojoVEHORKPs
ol2kjTVq0s0,0,0,concat,6,https://www.youtube.com/watch?v=ol2kjTVq0s0
opWrSc99PLU,0,0,concat,6,https://www.youtube.com/watch?v=opWrSc99PLU
oydlVo4SQyA,0,0,concat,6,https://www.youtube.com/watch?v=oydlVo4SQyA
p-mmTnFUhkQ,0,0,concat,6,https://www.youtube.com/watch?v=p-mmTnFUhkQ
p9mYH3BkQAw,0,0,concat,6,https://www.youtube.com/watch?v=p9mYH3BkQAw
pBY9eupY8bY,0,0,concat,6,https://www.youtube.com/watch?v=pBY9eupY8bY
pI95zoCxkCQ,0,0,concat,6,https://www.youtube.com/watch?v=pI95zoCxkCQ
pNDmgUOz52o,0,0,concat,6,https://www.youtube.com/watch?v=pNDmgUOz52o
pNWmcfsljrs,0,0,concat,6,https://www.youtube.com/watch?v=pNWmcfsljrs
pQz2W1sEfI0,0,0,concat,6,https://www.youtube.com/watch?v=pQz2W1sEfI0
pTuK0HCWi3k,0,0,concat,6,https://www.youtube.com/watch?v=pTuK0HCWi3k
pa6poPTbtos,0,0,concat,6,https://www.youtube.com/watch?v=pa6poPTbtos
paLwz9lkTC4,0,0,concat,6,https://www.youtube.com/watch?v=paLwz9lkTC4
pdasLWX4BvI,0,0,concat,6,https://www.youtube.com/watch?v=pdasLWX4BvI
pgTAk7RGDAo,0,0,concat,6,https://www.youtube.com/watch?v=pgTAk7RGDAo
ppMBBbnCSNE,0,0,concat,6,https://www.youtube.com/watch?v=ppMBBbnCSNE
ppqx6OZbpLI,0,0,concat,6,https://www.youtube.com/watch?v=ppqx6OZbpLI
pqyvJr5kWIY,0,0,concat,6,https://www.youtube.com/watch?v=pqyvJr5kWIY
puJBQ9hb1y4,0,0,concat,6,https://www.youtube.com/watch?v=puJBQ9hb1y4
pzTwTEhxLmU,0,0,concat,6,https://www.youtube.com/watch?v=pzTwTEhxLmU
q3H_OcQ7UWI,0,0,concat,6,https://www.youtube.com/watch?v=q3H_OcQ7UWI
qDIP-X60ZcM,0,0,concat,6,https://www.youtube.com/watch?v=qDIP-X60ZcM
qIQ8TsCNT9o,0,0,concat,6,https://www.youtube.com/watch?v=qIQ8TsCNT9o
qTKdoh5NbSQ,0,0,concat,6,https://www.youtube.com/watch?v=qTKdoh5NbSQ
qWjtAPwemFY,0,0,concat,6,https://www.youtube.com/watch?v=qWjtAPwemFY
qYeLwmd0-Bg,0,0,concat,6,https://www.youtube.com/watch?v=qYeLwmd0-Bg
qb8YDvLmKyU,0,0,concat,6,https://www.youtube.com/watch?v=qb8YDvLmKyU
qe2o_MPTRiw,0,0,concat,6,https://www.youtube.com/watch?v=qe2o_MPTRiw
qfIhS7Sgm6I,0,0,concat,6,https://www.youtube.com/watch?v=qfIhS7Sgm6I
qhGAJRWkgBY,0,0,concat,6,https://www.youtube.com/watch?v=qhGAJRWkgBY
qlv2TntwL6I,0,0,concat,6,https://www.youtube.com/watch?v=qlv2TntwL6I
qrOOrV8zss8,0,0,concat,6,https://www.youtube.com/watch?v=qrOOrV8zss8
qtjovDgirNE,0,0,concat,6,https://www.youtube.com/watch?v=qtjovDgirNE
qvpmiBs8dk8,0,0,concat,6,https://www.youtube.com/watch?v=qvpmiBs8dk8
qxI7RTrHppw,0,0,concat,6,https://www.youtube.com/watch?v=qxI7RTrHppw
qxIO6vW2Flo,0,0,concat,6,https://www.youtube.com/watch?v=qxIO6vW2Flo
qxnuelkqF48,0,0,concat,6,https://www.youtube.com/watch?v=qxnuelkqF48
qxynt98nly0,0,0,concat,6,https://www.youtube.com/watch?v=qxynt98nly0
r0ds_e71hMI,0,0,concat,6,https://www.youtube.com/watch?v=r0ds_e71hMI
r1jGynUjB9M,0,0,concat,6,https://www.youtube.com/watch?v=r1jGynUjB9M
r6jlibvRLeg,0,0,concat,6,https://www.youtube.com/watch?v=r6jlibvRLeg
r9ayE5M8JtY,0,0,concat,6,https://www.youtube.com/watch?v=r9ayE5M8JtY
rA4zzh4Hw6c,0,0,concat,6,https://www.youtube.com/watch?v=rA4zzh4Hw6c
rDlO2XvN0EM,0,0,concat,6,https://www.youtube.com/watch?v=rDlO2XvN0EM
rEM2_enFj0U,0,0,concat,6,https://www.youtube.com/watch?v=rEM2_enFj0U
rIXwgj9HkU8,0,0,concat,6,https://www.youtube.com/watch?v=rIXwgj9HkU8
rIhq6ryySpU,0,0,concat,6,https://www.youtube.com/watch?v=rIhq6ryySpU
rMjjuaD14Ko,0,0,concat,6,https://www.youtube.com/watch?v=rMjjuaD14Ko
rNAtqD2gAE8,0,0,concat,6,https://www.youtube.com/watch?v=rNAtqD2gAE8
rTiO929c3fg,0,0,concat,6,https://www.youtube.com/watch?v=rTiO929c3fg
riHybtFkjxU,0,0,concat,6,https://www.youtube.com/watch?v=riHybtFkjxU
rkT6FcCEMXo,0,0,concat,6,https://www.youtube.com/watch?v=rkT6FcCEMXo
rm_LVvBEg0Y,0,0,concat,6,https://www.youtube.com/watch?v=rm_LVvBEg0Y
rpby61bG2zY,0,0,concat,6,https://www.youtube.com/watch?v=rpby61bG2zY
rpchdDMY4qE,0,0,concat,6,https://www.youtube.com/watch?v=rpchdDMY4qE
rrrCCWq498g,0,0,concat,6,https://www.youtube.com/watch?v=rrrCCWq498g
rv2Rl3DQyEg,0,0,concat,6,https://www.youtube.com/watch?v=rv2Rl3DQyEg
rvS1u1pkXPM,0,0,concat,6,https://www.youtube.com/watch?v=rvS1u1pkXPM
rvUkuC33iWw,0,0,concat,6,https://www.youtube.com/watch?v=rvUkuC33iWw
rzzfNTNKoVY,0,0,concat,6,https://www.youtube.com/watch?v=rzzfNTNKoVY
s5CBUvRMLYM,0,0,concat,6,https://www.youtube.com/watch?v=s5CBUvRMLYM
sBWfEeL0wpI,0,0,concat,6,https://www.youtube.com/watch?v=sBWfEeL0wpI
sDuChqo_ws0,0,0,concat,6,https://www.youtube.com/watch?v=sDuChqo_ws0
sE6qPzgBoq8,0,0,concat,6,https://www.youtube.com/watch?v=sE6qPzgBoq8
sIkpIoensmo,0,0,concat,6,https://www.youtube.com/watch?v=sIkpIoensmo
sM099mNLnls,0,0,concat,6,https://www.youtube.com/watch?v=sM099mNLnls
sMB3du4l3nQ,0,0,concat,6,https://www.youtube.com/watch?v=sMB3du4l3nQ
sMKJ7Zd1QOU,0,0,concat,6,https://www.youtube.com/watch?v=sMKJ7Zd1QOU
sMQXhn7QhFw,0,0,concat,6,https://www.youtube.com/watch?v=sMQXhn7QhFw
sNXTpBpliIo,0,0,concat,6,https://www.youtube.com/watch?v=sNXTpBpliIo
sS3sJ5XRj8U,0,0,concat,6,https://www.youtube.com/watch?v=sS3sJ5XRj8U
sj47SP4NA4Y,0,0,concat,6,https://www.youtube.com/watch?v=sj47SP4NA4Y
sjtjHWoYJco,0,0,concat,6,https://www.youtube.com/watch?v=sjtjHWoYJco
smlOkdRStP4,0,0,concat,6,https://www.youtube.com/watch?v=smlOkdRStP4
srVKkv937V8,0,0,concat,6,https://www.youtube.com/watch?v=srVKkv937V8
t-hk4bdLtsk,0,0,concat,6,https://www.youtube.com/watch?v=t-hk4bdLtsk
t6DqR6klBVo,0,0,concat,6,https://www.youtube.com/watch?v=t6DqR6klBVo
t6SQ2DgGAxo,0,0,concat,6,https://www.youtube.com/watch?v=t6SQ2DgGAxo
t7ZKZeMiHqk,0,0,concat,6,https://www.youtube.com/watch?v=t7ZKZeMiHqk
tGQjKcCRpDI,0,0,concat,6,https://www.youtube.com/watch?v=tGQjKcCRpDI
tKu33a7HpdQ,0,0,concat,6,https://www.youtube.com/watch?v=tKu33a7HpdQ
tLVHrL84ylA,0,0,concat,6,https://www.youtube.com/watch?v=tLVHrL84ylA
tQKSUGW-mGw,0,0,concat,6,https://www.youtube.com/watch?v=tQKSUGW-mGw
tTAdrEDYtqk,0,0,concat,6,https://www.youtube.com/watch?v=tTAdrEDYtqk
tTyYIfCfI6k,0,0,concat,6,https://www.youtube.com/watch?v=tTyYIfCfI6k
tU9egXgr-HQ,0,0,concat,6,https://www.youtube.com/watch?v=tU9egXgr-HQ
tX4x08vPlD4,0,0,concat,6,https://www.youtube.com/watch?v=tX4x08vPlD4
tXqckSG-5yU,0,0,concat,6,https://www.youtube.com/watch?v=tXqckSG-5yU
tddS2lbymV4,0,0,concat,6,https://www.youtube.com/watch?v=tddS2lbymV4
tm5vfYekwXk,0,0,concat,6,https://www.youtube.com/watch?v=tm5vfYekwXk
tmDtFmgakPU,0,0,concat,6,https://www.youtube.com/watch?v=tmDtFmgakPU
tnSJFeKTkLA,0,0,concat,6,https://www.youtube.com/watch?v=tnSJFeKTkLA
toXszdnHxXE,0,0,concat,6,https://www.youtube.com/watch?v=toXszdnHxXE
tprTa-DQsAQ,0,0,concat,6,https://www.youtube.com/watch?v=tprTa-DQsAQ
trqRZNsDoEM,0,0,concat,6,https://www.youtube.com/watch?v=trqRZNsDoEM
tt2nxTBRVrI,0,0,concat,6,https://www.youtube.com/watch?v=tt2nxTBRVrI
tw6WGOiicDE,0,0,concat,6,https://www.youtube.com/watch?v=tw6WGOiicDE
u6Pq4i8pRP4,0,0,concat,6,https://www.youtube.com/watch?v=u6Pq4i8pRP4
uB51PLp37GA,0,0,concat,6,https://www.youtube.com/watch?v=uB51PLp37GA
uFMgl6Tn7B4,0,0,concat,6,https://www.youtube.com/watch?v=uFMgl6Tn7B4
uKqr7yYgO8Y,0,0,concat,6,https://www.youtube.com/watch?v=uKqr7yYgO8Y
uLU8eIOhsU8,0,0,concat,6,https://www.youtube.com/watch?v=uLU8eIOhsU8
uW_Wrz8A2oA,0,0,concat,6,https://www.youtube.com/watch?v=uW_Wrz8A2oA
ubsxjH1GI5g,0,0,concat,6,https://www.youtube.com/watch?v=ubsxjH1GI5g
uhvRt4m2JHw,0,0,concat,6,https://www.youtube.com/watch?v=uhvRt4m2JHw
ujmRzmAaIuY,0,0,concat,6,https://www.youtube.com/watch?v=ujmRzmAaIuY
up_jnT_1eOY,0,0,concat,6,https://www.youtube.com/watch?v=up_jnT_1eOY
us8xifTo91w,0,0,concat,6,https://www.youtube.com/watch?v=us8xifTo91w
uvS-o9uG1Yg,0,0,concat,6,https://www.youtube.com/watch?v=uvS-o9uG1Yg
uxI0qYtNVCs,0,0,concat,6,https://www.youtube.com/watch?v=uxI0qYtNVCs
uzGeyqYGyeY,0,0,concat,6,https://www.youtube.com/watch?v=uzGeyqYGyeY
vAl2CjBJzak,0,0,concat,6,https://www.youtube.com/watch?v=vAl2CjBJzak
vBN--WG2x4g,0,0,concat,6,https://www.youtube.com/watch?v=vBN--WG2x4g
vCylBRSL3no,0,0,concat,6,https://www.youtube.com/watch?v=vCylBRSL3no
vEuRDZ0lF9w,0,0,concat,6,https://www.youtube.com/watch?v=vEuRDZ0lF9w
vKvaWQtYlEM,0,0,concat,6,https://www.youtube.com/watch?v=vKvaWQtYlEM
vMt4HwCsKWk,0,0,concat,6,https://www.youtube.com/watch?v=vMt4HwCsKWk
vNDwh9dLUoo,0,0,concat,6,https://www.youtube.com/watch?v=vNDwh9dLUoo
vPYtI6R8ynw,0,0,concat,6,https://www.youtube.com/watch?v=vPYtI6R8ynw
vQeDJSV7J0c,0,0,concat,6,https://www.youtube.com/watch?v=vQeDJSV7J0c
vRtZ58R9WMc,0,0,concat,6,https://www.youtube.com/watch?v=vRtZ58R9WMc
vTi2vvihTPo,0,0,concat,6,https://www.youtube.com/watch?v=vTi2vvihTPo
vXyY3umFvek,0,0,concat,6,https://www.youtube.com/watch?v=vXyY3umFvek
vmHI9Ut10YE,0,0,concat,6,https://www.youtube.com/watch?v=vmHI9Ut10YE
vpy9lX9xK9s,0,0,concat,6,https://www.youtube.com/watch?v=vpy9lX9xK9s
vu2Z5mDlkdM,0,0,concat,6,https://www.youtube.com/watch?v=vu2Z5mDlkdM
w21C7bzAL5M,0,0,concat,6,https://www.youtube.com/watch?v=w21C7bzAL5M
w5EAqoFaVLU,0,0,concat,6,https://www.youtube.com/watch?v=w5EAqoFaVLU
w5oc6VZOvJ8,0,0,concat,6,https://www.youtube.com/watch?v=w5oc6VZOvJ8
w7cYBQTkaDI,0,0,concat,6,https://www.youtube.com/watch?v=w7cYBQTkaDI
wGYVaVVQzsI,0,0,concat,6,https://www.youtube.com/watch?v=wGYVaVVQzsI
wL2mFvj7WJQ,0,0,concat,6,https://www.youtube.com/watch?v=wL2mFvj7WJQ
wLYvxL2kJw8,0,0,concat,6,https://www.youtube.com/watch?v=wLYvxL2kJw8
wMxgotzQi8o,0,0,concat,6,https://www.youtube.com/watch?v=wMxgotzQi8o
wPN94qJNcFM,0,0,concat,6,https://www.youtube.com/watch?v=wPN94qJNcFM
wRZrosHRKkU,0,0,concat,6,https://www.youtube.com/watch?v=wRZrosHRKkU
wXXIybQ1_4Q,0,0,concat,6,https://www.youtube.com/watch?v=wXXIybQ1_4Q
wnRrluzaZ5A,0,0,concat,6,https://www.youtube.com/watch?v=wnRrluzaZ5A
wpQulfgb9S0,0,0,concat,6,https://www.youtube.com/watch?v=wpQulfgb9S0
wwknn-Jb69E,0,0,concat,6,https://www.youtube.com/watch?v=wwknn-Jb69E
wxxWP9E27gQ,0,0,concat,6,https://www.youtube.com/watch?v=wxxWP9E27gQ
x1hOusyR3CE,0,0,concat,6,https://www.youtube.com/watch?v=x1hOusyR3CE
x3FVutaR9QA,0,0,concat,6,https://www.youtube.com/watch?v=x3FVutaR9QA
x4HQm6Opg38,0,0,concat,6,https://www.youtube.com/watch?v=x4HQm6Opg38
x6nw9WWo-FM,0,0,concat,6,https://www.youtube.com/watch?v=x6nw9WWo-FM
x9PIWKLhi0c,0,0,concat,6,https://www.youtube.com/watch?v=x9PIWKLhi0c
xHgEaclPxvY,0,0,concat,6,https://www.youtube.com/watch?v=xHgEaclPxvY
xJK5qb80Dl0,0,0,concat,6,https://www.youtube.com/watch?v=xJK5qb80Dl0
xO9rG7evSHQ,0,0,concat,6,https://www.youtube.com/watch?v=xO9rG7evSHQ
xV4exxy-D-8,0,0,concat,6,https://www.youtube.com/watch?v=xV4exxy-D-8
xVuDroQsHPg,0,0,concat,6,https://www.youtube.com/watch?v=xVuDroQsHPg
xWwlLbV5yMI,0,0,concat,6,https://www.youtube.com/watch?v=xWwlLbV5yMI
xXKrnfd42og,0,0,concat,6,https://www.youtube.com/watch?v=xXKrnfd42og
xZzofvs3u-Q,0,0,concat,6,https://www.youtube.com/watch?v=xZzofvs3u-Q
xdOatBq91MQ,0,0,concat,6,https://www.youtube.com/watch?v=xdOatBq91MQ
xeC7ZN5KFak,0,0,concat,6,https://www.youtube.com/watch?v=xeC7ZN5KFak
xese5RXGqzg,0,0,concat,6,https://www.youtube.com/watch?v=xese5RXGqzg
xke9VoDs7m4,0,0,concat,6,https://www.youtube.com/watch?v=xke9VoDs7m4
xsTVLeccYH0,0,0,concat,6,https://www.youtube.com/watch?v=xsTVLeccYH0
xuU6L7Utft0,0,0,concat,6,https://www.youtube.com/watch?v=xuU6L7Utft0
xucIDAP89GI,0,0,concat,6,https://www.youtube.com/watch?v=xucIDAP89GI
xufVmLf7tZ0,0,0,concat,6,https://www.youtube.com/watch?v=xufVmLf7tZ0
xvY4edt3H6c,0,0,concat,6,https://www.youtube.com/watch?v=xvY4edt3H6c
xzelMoFIyL8,0,0,concat,6,https://www.youtube.com/watch?v=xzelMoFIyL8
y6Jy5LLqDG4,0,0,concat,6,https://www.youtube.com/watch?v=y6Jy5LLqDG4
y82SIHgDkvY,0,0,concat,6,https://www.youtube.com/watch?v=y82SIHgDkvY
yAsmjdMseoM,0,0,concat,6,https://www.youtube.com/watch?v=yAsmjdMseoM
yBcTts-PMB4,0,0,concat,6,https://www.youtube.com/watch?v=yBcTts-PMB4
yENHJ0fQjZM,0,0,concat,6,https://www.youtube.com/watch?v=yENHJ0fQjZM
yEiKPlyapKQ,0,0,concat,6,https://www.youtube.com/watch?v=yEiKPlyapKQ
yIDXzo6x6_A,0,0,concat,6,https://www.youtube.com/watch?v=yIDXzo6x6_A
yIoOwKHq--M,0,0,concat,6,https://www.youtube.com/watch?v=yIoOwKHq--M
yKg4qJ1sX1Q,0,0,concat,6,https://www.youtube.com/watch?v=yKg4qJ1sX1Q
yM-3GELOIU0,0,0,concat,6,https://www.youtube.com/watch?v=yM-3GELOIU0
yM6MFzpefoU,0,0,concat,6,https://www.youtube.com/watch?v=yM6MFzpefoU
yN_eizCcwW4,0,0,concat,6,https://www.youtube.com/watch?v=yN_eizCcwW4
yNiG-YhVybc,0,0,concat,6,https://www.youtube.com/watch?v=yNiG-YhVybc
ySMWG4-n1OI,0,0,concat,6,https://www.youtube.com/watch?v=ySMWG4-n1OI
yTuJ-d99qZ4,0,0,concat,6,https://www.youtube.com/watch?v=yTuJ-d99qZ4
yh4iJXGD990,0,0,concat,6,https://www.youtube.com/watch?v=yh4iJXGD990
yhaFIjlYFVE,0,0,concat,6,https://www.youtube.com/watch?v=yhaFIjlYFVE
ykxlUqHeP14,0,0,concat,6,https://www.youtube.com/watch?v=ykxlUqHeP14
youk4y1FR04,0,0,concat,6,https://www.youtube.com/watch?v=youk4y1FR04
yq52LcXPBtE,0,0,concat,6,https://www.youtube.com/watch?v=yq52LcXPBtE
yuYrmcJT7Jk,0,0,concat,6,https://www.youtube.com/watch?v=yuYrmcJT7Jk
yv8JTNgwtfc,0,0,concat,6,https://www.youtube.com/watch?v=yv8JTNgwtfc
yvD36vUo1T8,0,0,concat,6,https://www.youtube.com/watch?v=yvD36vUo1T8
ywa7h31oPNg,0,0,concat,6,https://www.youtube.com/watch?v=ywa7h31oPNg
yxikwuXxX5M,0,0,concat,6,https://www.youtube.com/watch?v=yxikwuXxX5M
yyR2Ybwdhr8,0,0,concat,6,https://www.youtube.com/watch?v=yyR2Ybwdhr8
yyrBWlwIW24,0,0,concat,6,https://www.youtube.com/watch?v=yyrBWlwIW24
z8fvWwWslRQ,0,0,concat,6,https://www.youtube.com/watch?v=z8fvWwWslRQ
zA5Mc1HQFHo,0,0,concat,6,https://www.youtube.com/watch?v=zA5Mc1HQFHo
zK1t-OKlPM0,0,0,concat,6,https://www.youtube.com/watch?v=zK1t-OKlPM0
zLHoqsf6UDk,0,0,concat,6,https://www.youtube.com/watch?v=zLHoqsf6UDk
zREI7Xp7KYc,0,0,concat,6,https://www.youtube.com/watch?v=zREI7Xp7KYc
zSxQy8gQjZU,0,0,concat,6,https://www.youtube.com/watch?v=zSxQy8gQjZU
zT9hxnvWrjc,0,0,concat,6,https://www.youtube.com/watch?v=zT9hxnvWrjc
zXyZbtEOXKI,0,0,concat,6,https://www.youtube.com/watch?v=zXyZbtEOXKI
zZ_b99G8tDo,0,0,concat,6,https://www.youtube.com/watch?v=zZ_b99G8tDo
zaEbcpqKnN0,0,0,concat,6,https://www.youtube.com/watch?v=zaEbcpqKnN0
zd7czHJm_8I,0,0,concat,6,https://www.youtube.com/watch?v=zd7czHJm_8I
zd_nRYHA1G8,0,0,concat,6,https://www.youtube.com/watch?v=zd_nRYHA1G8
ze_cJUeqCVM,0,0,concat,6,https://www.youtube.com/watch?v=ze_cJUeqCVM
zhhLU_oxmkQ,0,0,concat,6,https://www.youtube.com/watch?v=zhhLU_oxmkQ
zj7YwNIXRPY,0,0,concat,6,https://www.youtube.com/watch?v=zj7YwNIXRPY
zjyuBHZ8w8Y,0,0,concat,6,https://www.youtube.com/watch?v=zjyuBHZ8w8Y
zt-p8sJK9c0,0,0,concat,6,https://www.youtube.com/watch?v=zt-p8sJK9c0
--w87mgXKe0,1,1,concat,6,https://www.youtube.com/watch?v=--w87mgXKe0
-0mEuUsN_gk,1,1,concat,6,https://www.youtube.com/watch?v=-0mEuUsN_gk
-1fDIXoCf7E,1,1,concat,6,https://www.youtube.com/watch?v=-1fDIXoCf7E
-3-Kui6g1jI,1,1,concat,6,https://www.youtube.com/watch?v=-3-Kui6g1jI
-30AXPaW-9U,1,1,concat,6,https://www.youtube.com/watch?v=-30AXPaW-9U
-3bX4xHR0KY,1,1,concat,6,https://www.youtube.com/watch?v=-3bX4xHR0KY
-3rjYGP0dEk,1,1,concat,6,https://www.youtube.com/watch?v=-3rjYGP0dEk
-6Y9lEwH2BA,1,1,concat,6,https://www.youtube.com/watch?v=-6Y9lEwH2BA
-8Gs_qnW5c0,1,1,concat,6,https://www.youtube.com/watch?v=-8Gs_qnW5c0
-CFdhHpP4RQ,1,1,concat,6,https://www.youtube.com/watch?v=-CFdhHpP4RQ
-CrAXaRNIjU,1,1,concat,6,https://www.youtube.com/watch?v=-CrAXaRNIjU
-DbRc0yXjyc,1,1,concat,6,https://www.youtube.com/watch?v=-DbRc0yXjyc
-DoUeR42FIs,1,1,concat,6,https://www.youtube.com/watch?v=-DoUeR42FIs
-DrNlEuifdc,1,1,concat,6,https://www.youtube.com/watch?v=-DrNlEuifdc
-Eoc-7gI1_k,1,1,concat,6,https://www.youtube.com/watch?v=-Eoc-7gI1_k
-EpCFGPjxlY,1,1,concat,6,https://www.youtube.com/watch?v=-EpCFGPjxlY
-F7Flj8tZ8s,1,1,concat,6,https://www.youtube.com/watch?v=-F7Flj8tZ8s
-GPfuMauCWw,1,1,concat,6,https://www.youtube.com/watch?v=-GPfuMauCWw
-MBKou5qjQY,1,1,concat,6,https://www.youtube.com/watch?v=-MBKou5qjQY
-Qe50u4-UIs,1,1,concat,6,https://www.youtube.com/watch?v=-Qe50u4-UIs
-R8Wfu0AnXA,1,1,concat,6,https://www.youtube.com/watch?v=-R8Wfu0AnXA
-XNII_Rg6cM,1,1,concat,6,https://www.youtube.com/watch?v=-XNII_Rg6cM
-XVZMuKdy9I,1,1,concat,6,https://www.youtube.com/watch?v=-XVZMuKdy9I
-fdL9_tEFXk,1,1,concat,6,https://www.youtube.com/watch?v=-fdL9_tEFXk
-gDIXbQqK3w,1,1,concat,6,https://www.youtube.com/watch?v=-gDIXbQqK3w
-mKoitBpWRY,1,1,concat,6,https://www.youtube.com/watch?v=-mKoitBpWRY
-mNmBKB112Y,1,1,concat,6,https://www.youtube.com/watch?v=-mNmBKB112Y
-mgXtD-FKkg,1,1,concat,6,https://www.youtube.com/watch?v=-mgXtD-FKkg
-pZpXa_82LQ,1,1,concat,6,https://www.youtube.com/watch?v=-pZpXa_82LQ
-q_IlR2pK7c,1,1,concat,6,https://www.youtube.com/watch?v=-q_IlR2pK7c
-rTzza5nYdA,1,1,concat,6,https://www.youtube.com/watch?v=-rTzza5nYdA
-s2pRElsQSA,1,1,concat,6,https://www.youtube.com/watch?v=-s2pRElsQSA
-starXzzHFE,1,1,concat,6,https://www.youtube.com/watch?v=-starXzzHFE
-sxuJuzDLGo,1,1,concat,6,https://www.youtube.com/watch?v=-sxuJuzDLGo
-u7PqJ1mwsY,1,1,concat,6,https://www.youtube.com/watch?v=-u7PqJ1mwsY
-xUHKJiegeQ,1,1,concat,6,https://www.youtube.com/watch?v=-xUHKJiegeQ
-xVKCbLjOIs,1,1,concat,6,https://www.youtube.com/watch?v=-xVKCbLjOIs
01eVZCe4Y10,1,1,concat,6,https://www.youtube.com/watch?v=01eVZCe4Y10
035rsWPH47M,1,1,concat,6,https://www.youtube.com/watch?v=035rsWPH47M
03u6vEIw5RI,1,1,concat,6,https://www.youtube.com/watch?v=03u6vEIw5RI
0493Ha8oofE,1,1,concat,6,https://www.youtube.com/watch?v=0493Ha8oofE
078TwOb-hLY,1,1,concat,6,https://www.youtube.com/watch?v=078TwOb-hLY
07pL6m8M_hQ,1,1,concat,6,https://www.youtube.com/watch?v=07pL6m8M_hQ
089wYcnGyNI,1,1,concat,6,https://www.youtube.com/watch?v=089wYcnGyNI
09UtJdKG1V0,1,1,concat,6,https://www.youtube.com/watch?v=09UtJdKG1V0
0B9lwuN3eew,1,1,concat,6,https://www.youtube.com/watch?v=0B9lwuN3eew
0CvnoZbyRPw,1,1,concat,6,https://www.youtube.com/watch?v=0CvnoZbyRPw
0E0uB63airg,1,1,concat,6,https://www.youtube.com/watch?v=0E0uB63airg
0GhFr4O1ae4,1,1,concat,6,https://www.youtube.com/watch?v=0GhFr4O1ae4
0GjB7Wm8Ljo,1,1,concat,6,https://www.youtube.com/watch?v=0GjB7Wm8Ljo
0H-QH9R87vw,1,1,concat,6,https://www.youtube.com/watch?v=0H-QH9R87vw
0HUF3caIgcM,1,1,concat,6,https://www.youtube.com/watch?v=0HUF3caIgcM
0LUVpf1KYWY,1,1,concat,6,https://www.youtube.com/watch?v=0LUVpf1KYWY
0MNpXo_-Baw,1,1,concat,6,https://www.youtube.com/watch?v=0MNpXo_-Baw
0PZIb-jX7KU,1,1,concat,6,https://www.youtube.com/watch?v=0PZIb-jX7KU
0R0MARFCYlw,1,1,concat,6,https://www.youtube.com/watch?v=0R0MARFCYlw
0RkySU_0Pj4,1,1,concat,6,https://www.youtube.com/watch?v=0RkySU_0Pj4
0UAGPpu2EYs,1,1,concat,6,https://www.youtube.com/watch?v=0UAGPpu2EYs
0X_m0UER36Q,1,1,concat,6,https://www.youtube.com/watch?v=0X_m0UER36Q
0YhPwWpFkxo,1,1,concat,6,https://www.youtube.com/watch?v=0YhPwWpFkxo
0bYg79rQOY0,1,1,concat,6,https://www.youtube.com/watch?v=0bYg79rQOY0
0cGM_6uUcCo,1,1,concat,6,https://www.youtube.com/watch?v=0cGM_6uUcCo
0gtcXVP0OHo,1,1,concat,6,https://www.youtube.com/watch?v=0gtcXVP0OHo
0httRPq0UlY,1,1,concat,6,https://www.youtube.com/watch?v=0httRPq0UlY
0i1S67XLHNo,1,1,concat,6,https://www.youtube.com/watch?v=0i1S67XLHNo
0ipB1rQcntU,1,1,concat,6,https://www.youtube.com/watch?v=0ipB1rQcntU
0lUk-IMMFtc,1,1,concat,6,https://www.youtube.com/watch?v=0lUk-IMMFtc
0lvId6vtAvs,1,1,concat,6,https://www.youtube.com/watch?v=0lvId6vtAvs
0mZoOGQXSa0,1,1,concat,6,https://www.youtube.com/watch?v=0mZoOGQXSa0
0nLuWdC54iI,1,1,concat,6,https://www.youtube.com/watch?v=0nLuWdC54iI
0rT8VfiFlOA,1,1,concat,6,https://www.youtube.com/watch?v=0rT8VfiFlOA
0ve8l5uyLIw,1,1,concat,6,https://www.youtube.com/watch?v=0ve8l5uyLIw
0wSwQlhKXcU,1,1,concat,6,https://www.youtube.com/watch?v=0wSwQlhKXcU
0wdq0mgKGh8,1,1,concat,6,https://www.youtube.com/watch?v=0wdq0mgKGh8
0x_43dyrUGk,1,1,concat,6,https://www.youtube.com/watch?v=0x_43dyrUGk
1-lnz0NfzIo,1,1,concat,6,https://www.youtube.com/watch?v=1-lnz0NfzIo
12FNL421nxI,1,1,concat,6,https://www.youtube.com/watch?v=12FNL421nxI
16IZnUzhh3Y,1,1,concat,6,https://www.youtube.com/watch?v=16IZnUzhh3Y
17wce9-0_Ag,1,1,concat,6,https://www.youtube.com/watch?v=17wce9-0_Ag
1DosH-a_TG8,1,1,concat,6,https://www.youtube.com/watch?v=1DosH-a_TG8
1E9MbKOytYo,1,1,concat,6,https://www.youtube.com/watch?v=1E9MbKOytYo
1G_--AaWX88,1,1,concat,6,https://www.youtube.com/watch?v=1G_--AaWX88
1HLy2EAcnvc,1,1,concat,6,https://www.youtube.com/watch?v=1HLy2EAcnvc
1LCDs4TZOoA,1,1,concat,6,https://www.youtube.com/watch?v=1LCDs4TZOoA
1LloA_pOV68,1,1,concat,6,https://www.youtube.com/watch?v=1LloA_pOV68
1M-DZlBknT0,1,1,concat,6,https://www.youtube.com/watch?v=1M-DZlBknT0
1MAlUEypSZ0,1,1,concat,6,https://www.youtube.com/watch?v=1MAlUEypSZ0
1NUrGMWIUQI,1,1,concat,6,https://www.youtube.com/watch?v=1NUrGMWIUQI
1U3WQ9pYtJc,1,1,concat,6,https://www.youtube.com/watch?v=1U3WQ9pYtJc
1VJ_Qct312c,1,1,concat,6,https://www.youtube.com/watch?v=1VJ_Qct312c
1Zg5CHWrOcU,1,1,concat,6,https://www.youtube.com/watch?v=1Zg5CHWrOcU
1ZxWTtGKmPg,1,1,concat,6,https://www.youtube.com/watch?v=1ZxWTtGKmPg
1_jOa393kpI,1,1,concat,6,https://www.youtube.com/watch?v=1_jOa393kpI
1_polwQgBHg,1,1,concat,6,https://www.youtube.com/watch?v=1_polwQgBHg
1aIn9RSEKIw,1,1,concat,6,https://www.youtube.com/watch?v=1aIn9RSEKIw
1bOJhZ_Aal4,1,1,concat,6,https://www.youtube.com/watch?v=1bOJhZ_Aal4
1buc4EJjiuU,1,1,concat,6,https://www.youtube.com/watch?v=1buc4EJjiuU
1cYTVoWOokw,1,1,concat,6,https://www.youtube.com/watch?v=1cYTVoWOokw
1dWoYfUQUCI,1,1,concat,6,https://www.youtube.com/watch?v=1dWoYfUQUCI
1e_1IhoZmoE,1,1,concat,6,https://www.youtube.com/watch?v=1e_1IhoZmoE
1hJXGOayED4,1,1,concat,6,https://www.youtube.com/watch?v=1hJXGOayED4
1lPrke48-gI,1,1,concat,6,https://www.youtube.com/watch?v=1lPrke48-gI
1nYlhAcOjrc,1,1,concat,6,https://www.youtube.com/watch?v=1nYlhAcOjrc
1ngGTOe1Zvg,1,1,concat,6,https://www.youtube.com/watch?v=1ngGTOe1Zvg
1nxKYMFf2mY,1,1,concat,6,https://www.youtube.com/watch?v=1nxKYMFf2mY
1sZsVJWZkPg,1,1,concat,6,https://www.youtube.com/watch?v=1sZsVJWZkPg
1tHhpwx8akc,1,1,concat,6,https://www.youtube.com/watch?v=1tHhpwx8akc
1xoQdJ-3Tqs,1,1,concat,6,https://www.youtube.com/watch?v=1xoQdJ-3Tqs
1zTKzNADoJM,1,1,concat,6,https://www.youtube.com/watch?v=1zTKzNADoJM
21B1hbBYmhg,1,1,concat,6,https://www.youtube.com/watch?v=21B1hbBYmhg
29MLgX8Fu6Y,1,1,concat,6,https://www.youtube.com/watch?v=29MLgX8Fu6Y
2Ae9_uU5-kI,1,1,concat,6,https://www.youtube.com/watch?v=2Ae9_uU5-kI
2BVWX1tQE04,1,1,concat,6,https://www.youtube.com/watch?v=2BVWX1tQE04
2Fn8uXo95pE,1,1,concat,6,https://www.youtube.com/watch?v=2Fn8uXo95pE
2GrZGtBr560,1,1,concat,6,https://www.youtube.com/watch?v=2GrZGtBr560
2Ich-gJYk9E,1,1,concat,6,https://www.youtube.com/watch?v=2Ich-gJYk9E
2JAxmSDffsk,1,1,concat,6,https://www.youtube.com/watch?v=2JAxmSDffsk
2Mdhhtd9VJA,1,1,concat,6,https://www.youtube.com/watch?v=2Mdhhtd9VJA
2Mj49mpYHNM,1,1,concat,6,https://www.youtube.com/watch?v=2Mj49mpYHNM
2QLLeOK9I2s,1,1,concat,6,https://www.youtube.com/watch?v=2QLLeOK9I2s
2SoHE3e76rk,1,1,concat,6,https://www.youtube.com/watch?v=2SoHE3e76rk
2TADRWstXcg,1,1,concat,6,https://www.youtube.com/watch?v=2TADRWstXcg
2U2mxJkE7wo,1,1,concat,6,https://www.youtube.com/watch?v=2U2mxJkE7wo
2W2JDVFY9Xc,1,1,concat,6,https://www.youtube.com/watch?v=2W2JDVFY9Xc
2XjFEq_oBNQ,1,1,concat,6,https://www.youtube.com/watch?v=2XjFEq_oBNQ
2Yw73uU-5JU,1,1,concat,6,https://www.youtube.com/watch?v=2Yw73uU-5JU
2_7l4yguV3g,1,1,concat,6,https://www.youtube.com/watch?v=2_7l4yguV3g
2_cJj2Q9vF4,1,1,concat,6,https://www.youtube.com/watch?v=2_cJj2Q9vF4
2dEX9o8QFik,1,1,concat,6,https://www.youtube.com/watch?v=2dEX9o8QFik
2hW2C4wZHds,1,1,concat,6,https://www.youtube.com/watch?v=2hW2C4wZHds
2lDs2-6zsVU,1,1,concat,6,https://www.youtube.com/watch?v=2lDs2-6zsVU
2lP6Myds04Q,1,1,concat,6,https://www.youtube.com/watch?v=2lP6Myds04Q
2nR_QP2VDs0,1,1,concat,6,https://www.youtube.com/watch?v=2nR_QP2VDs0
2nUZ0khIs2Y,1,1,concat,6,https://www.youtube.com/watch?v=2nUZ0khIs2Y
2qq3tEmLkeE,1,1,concat,6,https://www.youtube.com/watch?v=2qq3tEmLkeE
2quvJoRR52E,1,1,concat,6,https://www.youtube.com/watch?v=2quvJoRR52E
2rhUXeqdE0Q,1,1,concat,6,https://www.youtube.com/watch?v=2rhUXeqdE0Q
2syIlzwpsTc,1,1,concat,6,https://www.youtube.com/watch?v=2syIlzwpsTc
2ven7XjZM_Y,1,1,concat,6,https://www.youtube.com/watch?v=2ven7XjZM_Y
2y16mtJ52KM,1,1,concat,6,https://www.youtube.com/watch?v=2y16mtJ52KM
33Yffii9zUw,1,1,concat,6,https://www.youtube.com/watch?v=33Yffii9zUw
35_5VoOWeZE,1,1,concat,6,https://www.youtube.com/watch?v=35_5VoOWeZE
37mkTtqqruE,1,1,concat,6,https://www.youtube.com/watch?v=37mkTtqqruE
38OWVmXOpMo,1,1,concat,6,https://www.youtube.com/watch?v=38OWVmXOpMo
39AWeiOwOMg,1,1,concat,6,https://www.youtube.com/watch?v=39AWeiOwOMg
3CVgzfmk6Jw,1,1,concat,6,https://www.youtube.com/watch?v=3CVgzfmk6Jw
3CYdDFiyzPc,1,1,concat,6,https://www.youtube.com/watch?v=3CYdDFiyzPc
3E4oQoLqlHU,1,1,concat,6,https://www.youtube.com/watch?v=3E4oQoLqlHU
3NIpEnahQxw,1,1,concat,6,https://www.youtube.com/watch?v=3NIpEnahQxw
3PljPinHH-s,1,1,concat,6,https://www.youtube.com/watch?v=3PljPinHH-s
3Zu7iC07CMQ,1,1,concat,6,https://www.youtube.com/watch?v=3Zu7iC07CMQ
3aA2rkE5ckU,1,1,concat,6,https://www.youtube.com/watch?v=3aA2rkE5ckU
3bWI49bXMc0,1,1,concat,6,https://www.youtube.com/watch?v=3bWI49bXMc0
3dlW7AMHYew,1,1,concat,6,https://www.youtube.com/watch?v=3dlW7AMHYew
3lyptcekk1w,1,1,concat,6,https://www.youtube.com/watch?v=3lyptcekk1w
3nXpBTaZwjI,1,1,concat,6,https://www.youtube.com/watch?v=3nXpBTaZwjI
3pY0UG6NQR0,1,1,concat,6,https://www.youtube.com/watch?v=3pY0UG6NQR0
3sEByuqOdaA,1,1,concat,6,https://www.youtube.com/watch?v=3sEByuqOdaA
3tHWMrGNXJ8,1,1,concat,6,https://www.youtube.com/watch?v=3tHWMrGNXJ8
4-BFZ1R9Nq0,1,1,concat,6,https://www.youtube.com/watch?v=4-BFZ1R9Nq0
45B_fZMsb5Y,1,1,concat,6,https://www.youtube.com/watch?v=45B_fZMsb5Y
46p6iUh6cN0,1,1,concat,6,https://www.youtube.com/watch?v=46p6iUh6cN0
48ZKz_m2YcE,1,1,concat,6,https://www.youtube.com/watch?v=48ZKz_m2YcE
4ANlYFHQnBU,1,1,concat,6,https://www.youtube.com/watch?v=4ANlYFHQnBU
4BEFJejTkrw,1,1,concat,6,https://www.youtube.com/watch?v=4BEFJejTkrw
4BHW0vaSWP4,1,1,concat,6,https://www.youtube.com/watch?v=4BHW0vaSWP4
4BLVwiEX6-g,1,1,concat,6,https://www.youtube.com/watch?v=4BLVwiEX6-g
4BtVg3qhvbY,1,1,concat,6,https://www.youtube.com/watch?v=4BtVg3qhvbY
4C9jIUtBaj8,1,1,concat,6,https://www.youtube.com/watch?v=4C9jIUtBaj8
4HTsIrj5m8Y,1,1,concat,6,https://www.youtube.com/watch?v=4HTsIrj5m8Y
4Jenev-g15c,1,1,concat,6,https://www.youtube.com/watch?v=4Jenev-g15c
4KGPN2RGc9M,1,1,concat,6,https://www.youtube.com/watch?v=4KGPN2RGc9M
4KI8VfYpqhY,1,1,concat,6,https://www.youtube.com/watch?v=4KI8VfYpqhY
4MqgE0Aks6E,1,1,concat,6,https://www.youtube.com/watch?v=4MqgE0Aks6E
4NjBpm9A-D8,1,1,concat,6,https://www.youtube.com/watch?v=4NjBpm9A-D8
4Oo-WIECyDE,1,1,concat,6,https://www.youtube.com/watch?v=4Oo-WIECyDE
4QiUh5_V1Rw,1,1,concat,6,https://www.youtube.com/watch?v=4QiUh5_V1Rw
4SC5KejB-Co,1,1,concat,6,https://www.youtube.com/watch?v=4SC5KejB-Co
4TBhrUwTWuY,1,1,concat,6,https://www.youtube.com/watch?v=4TBhrUwTWuY
4TGShN_RCSg,1,1,concat,6,https://www.youtube.com/watch?v=4TGShN_RCSg
4Tbmnj8zOpc,1,1,concat,6,https://www.youtube.com/watch?v=4Tbmnj8zOpc
4VUaFJIfsls,1,1,concat,6,https://www.youtube.com/watch?v=4VUaFJIfsls
4Vz6aJ3ru6Y,1,1,concat,6,https://www.youtube.com/watch?v=4Vz6aJ3ru6Y
4WIBaGI8LTM,1,1,concat,6,https://www.youtube.com/watch?v=4WIBaGI8LTM
4YIiesY7Naw,1,1,concat,6,https://www.youtube.com/watch?v=4YIiesY7Naw
4ZDpezCfetA,1,1,concat,6,https://www.youtube.com/watch?v=4ZDpezCfetA
4dk0JVAVS7k,1,1,concat,6,https://www.youtube.com/watch?v=4dk0JVAVS7k
4f7JJf_nnxE,1,1,concat,6,https://www.youtube.com/watch?v=4f7JJf_nnxE
4fzdzp-DEt0,1,1,concat,6,https://www.youtube.com/watch?v=4fzdzp-DEt0
4jMdwVpY2V4,1,1,concat,6,https://www.youtube.com/watch?v=4jMdwVpY2V4
4kxPX9AR4Nk,1,1,concat,6,https://www.youtube.com/watch?v=4kxPX9AR4Nk
4mfBxkg_3TU,1,1,concat,6,https://www.youtube.com/watch?v=4mfBxkg_3TU
4n4trH7gJQ0,1,1,concat,6,https://www.youtube.com/watch?v=4n4trH7gJQ0
4n8rn9bvBco,1,1,concat,6,https://www.youtube.com/watch?v=4n8rn9bvBco
4nhsv8o28xA,1,1,concat,6,https://www.youtube.com/watch?v=4nhsv8o28xA
4ok0VfJnjBg,1,1,concat,6,https://www.youtube.com/watch?v=4ok0VfJnjBg
4rx6X6OxSN8,1,1,concat,6,https://www.youtube.com/watch?v=4rx6X6OxSN8
4rzRlBjQu0M,1,1,concat,6,https://www.youtube.com/watch?v=4rzRlBjQu0M
4t1J28vn1Us,1,1,concat,6,https://www.youtube.com/watch?v=4t1J28vn1Us
4ugtOCfEyh8,1,1,concat,6,https://www.youtube.com/watch?v=4ugtOCfEyh8
4wB03NNv9U4,1,1,concat,6,https://www.youtube.com/watch?v=4wB03NNv9U4
4xm67sdCa5M,1,1,concat,6,https://www.youtube.com/watch?v=4xm67sdCa5M
50FD4tamjZc,1,1,concat,6,https://www.youtube.com/watch?v=50FD4tamjZc
53ROVbiQj_8,1,1,concat,6,https://www.youtube.com/watch?v=53ROVbiQj_8
5401JuteY0U,1,1,concat,6,https://www.youtube.com/watch?v=5401JuteY0U
54eM1impPss,1,1,concat,6,https://www.youtube.com/watch?v=54eM1impPss
58_cMVPUqm0,1,1,concat,6,https://www.youtube.com/watch?v=58_cMVPUqm0
59k27AoWmmI,1,1,concat,6,https://www.youtube.com/watch?v=59k27AoWmmI
5CKUHIjJcLM,1,1,concat,6,https://www.youtube.com/watch?v=5CKUHIjJcLM
5DYp58ult1M,1,1,concat,6,https://www.youtube.com/watch?v=5DYp58ult1M
5NGAbI3GKBw,1,1,concat,6,https://www.youtube.com/watch?v=5NGAbI3GKBw
5NeXlkJP9JU,1,1,concat,6,https://www.youtube.com/watch?v=5NeXlkJP9JU
5Or7UIbcd6w,1,1,concat,6,https://www.youtube.com/watch?v=5Or7UIbcd6w
5Pn-yM20gbY,1,1,concat,6,https://www.youtube.com/watch?v=5Pn-yM20gbY
5TxURNw0Tp4,1,1,concat,6,https://www.youtube.com/watch?v=5TxURNw0Tp4
5UF_ynvz754,1,1,concat,6,https://www.youtube.com/watch?v=5UF_ynvz754
5XSWJbIO7f0,1,1,concat,6,https://www.youtube.com/watch?v=5XSWJbIO7f0
5YTwQM3ZtoA,1,1,concat,6,https://www.youtube.com/watch?v=5YTwQM3ZtoA
5ZPPVPm2v1A,1,1,concat,6,https://www.youtube.com/watch?v=5ZPPVPm2v1A
5avxeU97UVc,1,1,concat,6,https://www.youtube.com/watch?v=5avxeU97UVc
5dH6AdgdbK8,1,1,concat,6,https://www.youtube.com/watch?v=5dH6AdgdbK8
5dc5WOv8Vgg,1,1,concat,6,https://www.youtube.com/watch?v=5dc5WOv8Vgg
5fqyvETPSxY,1,1,concat,6,https://www.youtube.com/watch?v=5fqyvETPSxY
5gDirkp1JDM,1,1,concat,6,https://www.youtube.com/watch?v=5gDirkp1JDM
5gu5IIIOoFQ,1,1,concat,6,https://www.youtube.com/watch?v=5gu5IIIOoFQ
5ma7i2F3vOs,1,1,concat,6,https://www.youtube.com/watch?v=5ma7i2F3vOs
5mb_vlj46M4,1,1,concat,6,https://www.youtube.com/watch?v=5mb_vlj46M4
5mnJzDd77aU,1,1,concat,6,https://www.youtube.com/watch?v=5mnJzDd77aU
5q2W5daRIPI,1,1,concat,6,https://www.youtube.com/watch?v=5q2W5daRIPI
5qxh_xdFQ5E,1,1,concat,6,https://www.youtube.com/watch?v=5qxh_xdFQ5E
5rp06X7O-Gk,1,1,concat,6,https://www.youtube.com/watch?v=5rp06X7O-Gk
5saRhhy8ydw,1,1,concat,6,https://www.youtube.com/watch?v=5saRhhy8ydw
5ummdsQGKB0,1,1,concat,6,https://www.youtube.com/watch?v=5ummdsQGKB0
5zJKNJYh9LQ,1,1,concat,6,https://www.youtube.com/watch?v=5zJKNJYh9LQ
6-nWZHTz2yc,1,1,concat,6,https://www.youtube.com/watch?v=6-nWZHTz2yc
63I_jmip6c4,1,1,concat,6,https://www.youtube.com/watch?v=63I_jmip6c4
63PjInAXFvQ,1,1,concat,6,https://www.youtube.com/watch?v=63PjInAXFvQ
660iNQyBedQ,1,1,concat,6,https://www.youtube.com/watch?v=660iNQyBedQ
675v4IUH96g,1,1,concat,6,https://www.youtube.com/watch?v=675v4IUH96g
68-iic6CEvg,1,1,concat,6,https://www.youtube.com/watch?v=68-iic6CEvg
6CuJ6S5sFEk,1,1,concat,6,https://www.youtube.com/watch?v=6CuJ6S5sFEk
6Els9g8cenU,1,1,concat,6,https://www.youtube.com/watch?v=6Els9g8cenU
6HPE8V2ws_s,1,1,concat,6,https://www.youtube.com/watch?v=6HPE8V2ws_s
6HgBFyIm82E,1,1,concat,6,https://www.youtube.com/watch?v=6HgBFyIm82E
6KliQBXdk3c,1,1,concat,6,https://www.youtube.com/watch?v=6KliQBXdk3c
6M6KmmX_Uy4,1,1,concat,6,https://www.youtube.com/watch?v=6M6KmmX_Uy4
6M6N0Neqvnc,1,1,concat,6,https://www.youtube.com/watch?v=6M6N0Neqvnc
6NjU6gKilL0,1,1,concat,6,https://www.youtube.com/watch?v=6NjU6gKilL0
6QclqPJx8j0,1,1,concat,6,https://www.youtube.com/watch?v=6QclqPJx8j0
6VBnxkUmRAk,1,1,concat,6,https://www.youtube.com/watch?v=6VBnxkUmRAk
6WQNqdljEsM,1,1,concat,6,https://www.youtube.com/watch?v=6WQNqdljEsM
6YioNstBnVg,1,1,concat,6,https://www.youtube.com/watch?v=6YioNstBnVg
6ZQ_GUWw2aI,1,1,concat,6,https://www.youtube.com/watch?v=6ZQ_GUWw2aI
6aUtB2rnoL4,1,1,concat,6,https://www.youtube.com/watch?v=6aUtB2rnoL4
6dH6MC2DBg0,1,1,concat,6,https://www.youtube.com/watch?v=6dH6MC2DBg0
6e9HQ7gp5yQ,1,1,concat,6,https://www.youtube.com/watch?v=6e9HQ7gp5yQ
6ed_gPOWm3c,1,1,concat,6,https://www.youtube.com/watch?v=6ed_gPOWm3c
6f0_3T6TnpQ,1,1,concat,6,https://www.youtube.com/watch?v=6f0_3T6TnpQ
6jNJjEyL6r0,1,1,concat,6,https://www.youtube.com/watch?v=6jNJjEyL6r0
6kwFm9_Q-to,1,1,concat,6,https://www.youtube.com/watch?v=6kwFm9_Q-to
6p5xDONZBaA,1,1,concat,6,https://www.youtube.com/watch?v=6p5xDONZBaA
6qddjZpD60k,1,1,concat,6,https://www.youtube.com/watch?v=6qddjZpD60k
6uayJ-HXmgg,1,1,concat,6,https://www.youtube.com/watch?v=6uayJ-HXmgg
6ukE7z8Z4D4,1,1,concat,6,https://www.youtube.com/watch?v=6ukE7z8Z4D4
6v6Tk8JsluY,1,1,concat,6,https://www.youtube.com/watch?v=6v6Tk8JsluY
6wMRWsYzQbk,1,1,concat,6,https://www.youtube.com/watch?v=6wMRWsYzQbk
6xcMocyIXAs,1,1,concat,6,https://www.youtube.com/watch?v=6xcMocyIXAs
6z7ooZ0XuO4,1,1,concat,6,https://www.youtube.com/watch?v=6z7ooZ0XuO4
6zsn1sCZ-2g,1,1,concat,6,https://www.youtube.com/watch?v=6zsn1sCZ-2g
73aR_afN5rA,1,1,concat,6,https://www.youtube.com/watch?v=73aR_afN5rA
77TuWEkbe0w,1,1,concat,6,https://www.youtube.com/watch?v=77TuWEkbe0w
77luM3UMrpI,1,1,concat,6,https://www.youtube.com/watch?v=77luM3UMrpI
79rIBwPl1EE,1,1,concat,6,https://www.youtube.com/watch?v=79rIBwPl1EE
7ACZhfRfSNg,1,1,concat,6,https://www.youtube.com/watch?v=7ACZhfRfSNg
7CTEyxLn6Uw,1,1,concat,6,https://www.youtube.com/watch?v=7CTEyxLn6Uw
7D372dLCDo0,1,1,concat,6,https://www.youtube.com/watch?v=7D372dLCDo0
7LSa25SmEZI,1,1,concat,6,https://www.youtube.com/watch?v=7LSa25SmEZI
7PV2_St8ZQM,1,1,concat,6,https://www.youtube.com/watch?v=7PV2_St8ZQM
7R3HCBokhNc,1,1,concat,6,https://www.youtube.com/watch?v=7R3HCBokhNc
7UVCDLy2AzA,1,1,concat,6,https://www.youtube.com/watch?v=7UVCDLy2AzA
7VHrCeg_4CI,1,1,concat,6,https://www.youtube.com/watch?v=7VHrCeg_4CI
7XP-G5K-3Eg,1,1,concat,6,https://www.youtube.com/watch?v=7XP-G5K-3Eg
7YFupQMpOuk,1,1,concat,6,https://www.youtube.com/watch?v=7YFupQMpOuk
7YykLKEIXHg,1,1,concat,6,https://www.youtube.com/watch?v=7YykLKEIXHg
7azvePbz1-Y,1,1,concat,6,https://www.youtube.com/watch?v=7azvePbz1-Y
7h8ChL7pQQE,1,1,concat,6,https://www.youtube.com/watch?v=7h8ChL7pQQE
7hSYeG6EAxk,1,1,concat,6,https://www.youtube.com/watch?v=7hSYeG6EAxk
7iMexJXqUXk,1,1,concat,6,https://www.youtube.com/watch?v=7iMexJXqUXk
7mW2mWH4jvM,1,1,concat,6,https://www.youtube.com/watch?v=7mW2mWH4jvM
7nWHAYwk42I,1,1,concat,6,https://www.youtube.com/watch?v=7nWHAYwk42I
7q_uZavThHQ,1,1,concat,6,https://www.youtube.com/watch?v=7q_uZavThHQ
7rsjpluYUN4,1,1,concat,6,https://www.youtube.com/watch?v=7rsjpluYUN4
7saEN5PuIr8,1,1,concat,6,https://www.youtube.com/watch?v=7saEN5PuIr8
7tLmsJFnZfc,1,1,concat,6,https://www.youtube.com/watch?v=7tLmsJFnZfc
7u9WXzTrvEo,1,1,concat,6,https://www.youtube.com/watch?v=7u9WXzTrvEo
7v4y1XVp_do,1,1,concat,6,https://www.youtube.com/watch?v=7v4y1XVp_do
7wf8I494AGI,1,1,concat,6,https://www.youtube.com/watch?v=7wf8I494AGI
7zCp98O-WwM,1,1,concat,6,https://www.youtube.com/watch?v=7zCp98O-WwM
8-87aKsIkqw,1,1,concat,6,https://www.youtube.com/watch?v=8-87aKsIkqw
8-KUA7Q0Cqw,1,1,concat,6,https://www.youtube.com/watch?v=8-KUA7Q0Cqw
80jmt7HXF4U,1,1,concat,6,https://www.youtube.com/watch?v=80jmt7HXF4U
81O-NrdOEV4,1,1,concat,6,https://www.youtube.com/watch?v=81O-NrdOEV4
81PE-qZBZZc,1,1,concat,6,https://www.youtube.com/watch?v=81PE-qZBZZc
81hlgev2-A0,1,1,concat,6,https://www.youtube.com/watch?v=81hlgev2-A0
83VWeAvNS8Q,1,1,concat,6,https://www.youtube.com/watch?v=83VWeAvNS8Q
850Q5m5udAw,1,1,concat,6,https://www.youtube.com/watch?v=850Q5m5udAw
86Aq6txd4s8,1,1,concat,6,https://www.youtube.com/watch?v=86Aq6txd4s8
87-QNfn9lOY,1,1,concat,6,https://www.youtube.com/watch?v=87-QNfn9lOY
89QvoE0jXnI,1,1,concat,6,https://www.youtube.com/watch?v=89QvoE0jXnI
8BQfTZpgT28,1,1,concat,6,https://www.youtube.com/watch?v=8BQfTZpgT28
8DSIk18Nlxc,1,1,concat,6,https://www.youtube.com/watch?v=8DSIk18Nlxc
8ETG8xm4ArQ,1,1,concat,6,https://www.youtube.com/watch?v=8ETG8xm4ArQ
8EXEL3SptS0,1,1,concat,6,https://www.youtube.com/watch?v=8EXEL3SptS0
8FwGqJtHupQ,1,1,concat,6,https://www.youtube.com/watch?v=8FwGqJtHupQ
8GEJUjQTRuQ,1,1,concat,6,https://www.youtube.com/watch?v=8GEJUjQTRuQ
8HFm--orgrk,1,1,concat,6,https://www.youtube.com/watch?v=8HFm--orgrk
8ImCN3MGSK8,1,1,concat,6,https://www.youtube.com/watch?v=8ImCN3MGSK8
8ItGuobYTj0,1,1,concat,6,https://www.youtube.com/watch?v=8ItGuobYTj0
8JNA5OfiOnw,1,1,concat,6,https://www.youtube.com/watch?v=8JNA5OfiOnw
8JxZvG-emSA,1,1,concat,6,https://www.youtube.com/watch?v=8JxZvG-emSA
8KWyFg-K7Z0,1,1,concat,6,https://www.youtube.com/watch?v=8KWyFg-K7Z0
8KXTFuG6jJU,1,1,concat,6,https://www.youtube.com/watch?v=8KXTFuG6jJU
8KiqYK2z0Nc,1,1,concat,6,https://www.youtube.com/watch?v=8KiqYK2z0Nc
8LhEqCszo6g,1,1,concat,6,https://www.youtube.com/watch?v=8LhEqCszo6g
8NixAgvmUsQ,1,1,concat,6,https://www.youtube.com/watch?v=8NixAgvmUsQ
8OASiDu7w6M,1,1,concat,6,https://www.youtube.com/watch?v=8OASiDu7w6M
8QTcwkxwDRw,1,1,concat,6,https://www.youtube.com/watch?v=8QTcwkxwDRw
8U5onpT70nE,1,1,concat,6,https://www.youtube.com/watch?v=8U5onpT70nE
8Yy0HxHc6l4,1,1,concat,6,https://www.youtube.com/watch?v=8Yy0HxHc6l4
8ZxuXGuIVo0,1,1,concat,6,https://www.youtube.com/watch?v=8ZxuXGuIVo0
8aOrNues1bU,1,1,concat,6,https://www.youtube.com/watch?v=8aOrNues1bU
8bnCvCFv4D8,1,1,concat,6,https://www.youtube.com/watch?v=8bnCvCFv4D8
8dL0AJ-_JFg,1,1,concat,6,https://www.youtube.com/watch?v=8dL0AJ-_JFg
8dvVT-h2C0Q,1,1,concat,6,https://www.youtube.com/watch?v=8dvVT-h2C0Q
8gbCg3h63Kc,1,1,concat,6,https://www.youtube.com/watch?v=8gbCg3h63Kc
8glw7gAt9E8,1,1,concat,6,https://www.youtube.com/watch?v=8glw7gAt9E8
8lQc4s_3Cxs,1,1,concat,6,https://www.youtube.com/watch?v=8lQc4s_3Cxs
8mgkliPiJ0w,1,1,concat,6,https://www.youtube.com/watch?v=8mgkliPiJ0w
8ncvlaucMK0,1,1,concat,6,https://www.youtube.com/watch?v=8ncvlaucMK0
8pTvOf_Y4K4,1,1,concat,6,https://www.youtube.com/watch?v=8pTvOf_Y4K4
8qq7aGL5n-8,1,1,concat,6,https://www.youtube.com/watch?v=8qq7aGL5n-8
8sLKnMSwu1w,1,1,concat,6,https://www.youtube.com/watch?v=8sLKnMSwu1w
8sf4XyZnv2o,1,1,concat,6,https://www.youtube.com/watch?v=8sf4XyZnv2o
8tpfiNLZcXw,1,1,concat,6,https://www.youtube.com/watch?v=8tpfiNLZcXw
8uxFRT2iYQI,1,1,concat,6,https://www.youtube.com/watch?v=8uxFRT2iYQI
8xA-1thsmJw,1,1,concat,6,https://www.youtube.com/watch?v=8xA-1thsmJw
93Chq8Nv2b8,1,1,concat,6,https://www.youtube.com/watch?v=93Chq8Nv2b8
98MhkQJkaco,1,1,concat,6,https://www.youtube.com/watch?v=98MhkQJkaco
9EzVQfFa4B4,1,1,concat,6,https://www.youtube.com/watch?v=9EzVQfFa4B4
9F7T_ZZJzV0,1,1,concat,6,https://www.youtube.com/watch?v=9F7T_ZZJzV0
9F9Rq1Rzsk0,1,1,concat,6,https://www.youtube.com/watch?v=9F9Rq1Rzsk0
9J9fvxOz9gU,1,1,concat,6,https://www.youtube.com/watch?v=9J9fvxOz9gU
9KU1fpCpxeE,1,1,concat,6,https://www.youtube.com/watch?v=9KU1fpCpxeE
9NZDF0p7E4w,1,1,concat,6,https://www.youtube.com/watch?v=9NZDF0p7E4w
9Ncf_iwU6BM,1,1,concat,6,https://www.youtube.com/watch?v=9Ncf_iwU6BM
9UyJXnq7vPs,1,1,concat,6,https://www.youtube.com/watch?v=9UyJXnq7vPs
9W_-QKxL0pg,1,1,concat,6,https://www.youtube.com/watch?v=9W_-QKxL0pg
9ZUTYB8Lv9Q,1,1,concat,6,https://www.youtube.com/watch?v=9ZUTYB8Lv9Q
9Zxi3YXU494,1,1,concat,6,https://www.youtube.com/watch?v=9Zxi3YXU494
9bY8MTwXexw,1,1,concat,6,https://www.youtube.com/watch?v=9bY8MTwXexw
9cws_ifynSk,1,1,concat,6,https://www.youtube.com/watch?v=9cws_ifynSk
9fEIYQSEmWQ,1,1,concat,6,https://www.youtube.com/watch?v=9fEIYQSEmWQ
9fbG1NM_jjw,1,1,concat,6,https://www.youtube.com/watch?v=9fbG1NM_jjw
9fn4eZiQIss,1,1,concat,6,https://www.youtube.com/watch?v=9fn4eZiQIss
9h6HBrHJip8,1,1,concat,6,https://www.youtube.com/watch?v=9h6HBrHJip8
9i0I-oRbxac,1,1,concat,6,https://www.youtube.com/watch?v=9i0I-oRbxac
9ipY40_WpaQ,1,1,concat,6,https://www.youtube.com/watch?v=9ipY40_WpaQ
9ltuNmWgD_k,1,1,concat,6,https://www.youtube.com/watch?v=9ltuNmWgD_k
9mE4iuxdY4g,1,1,concat,6,https://www.youtube.com/watch?v=9mE4iuxdY4g
9meI5KVMrGs,1,1,concat,6,https://www.youtube.com/watch?v=9meI5KVMrGs
9npWJ2CgUNg,1,1,concat,6,https://www.youtube.com/watch?v=9npWJ2CgUNg
9oTCTRLHJ5s,1,1,concat,6,https://www.youtube.com/watch?v=9oTCTRLHJ5s
9oTkUcSuTh0,1,1,concat,6,https://www.youtube.com/watch?v=9oTkUcSuTh0
9pmWoQTpFdE,1,1,concat,6,https://www.youtube.com/watch?v=9pmWoQTpFdE
9sdmTRbQT6A,1,1,concat,6,https://www.youtube.com/watch?v=9sdmTRbQT6A
9t3dfWtVdLA,1,1,concat,6,https://www.youtube.com/watch?v=9t3dfWtVdLA
9tQRxBkojMA,1,1,concat,6,https://www.youtube.com/watch?v=9tQRxBkojMA
9uRpcwG4CfU,1,1,concat,6,https://www.youtube.com/watch?v=9uRpcwG4CfU
9wIuQ3H--6g,1,1,concat,6,https://www.youtube.com/watch?v=9wIuQ3H--6g
9z2dBAtepxw,1,1,concat,6,https://www.youtube.com/watch?v=9z2dBAtepxw
A0ER_NgB0A4,1,1,concat,6,https://www.youtube.com/watch?v=A0ER_NgB0A4
A1EaDbBs044,1,1,concat,6,https://www.youtube.com/watch?v=A1EaDbBs044
A1YAtCd76Wg,1,1,concat,6,https://www.youtube.com/watch?v=A1YAtCd76Wg
A1fc4AH3nRk,1,1,concat,6,https://www.youtube.com/watch?v=A1fc4AH3nRk
A2dIwzmkAhM,1,1,concat,6,https://www.youtube.com/watch?v=A2dIwzmkAhM
A2etbdwfNhA,1,1,concat,6,https://www.youtube.com/watch?v=A2etbdwfNhA
A4mF14qYKuw,1,1,concat,6,https://www.youtube.com/watch?v=A4mF14qYKuw
A85Nr1k0edo,1,1,concat,6,https://www.youtube.com/watch?v=A85Nr1k0edo
A9NNfoGYCZs,1,1,concat,6,https://www.youtube.com/watch?v=A9NNfoGYCZs
AAB57mFk1HM,1,1,concat,6,https://www.youtube.com/watch?v=AAB57mFk1HM
ACz-z14I97k,1,1,concat,6,https://www.youtube.com/watch?v=ACz-z14I97k
AEEM0pXh38w,1,1,concat,6,https://www.youtube.com/watch?v=AEEM0pXh38w
AOfMBvqCc1o,1,1,concat,6,https://www.youtube.com/watch?v=AOfMBvqCc1o
AQue3i4ZBdw,1,1,concat,6,https://www.youtube.com/watch?v=AQue3i4ZBdw
ARBUw_seUh4,1,1,concat,6,https://www.youtube.com/watch?v=ARBUw_seUh4
ARUcNUWDcrA,1,1,concat,6,https://www.youtube.com/watch?v=ARUcNUWDcrA
AUWFWj8vHRk,1,1,concat,6,https://www.youtube.com/watch?v=AUWFWj8vHRk
AWDHAqqOatY,1,1,concat,6,https://www.youtube.com/watch?v=AWDHAqqOatY
AXLs944weZQ,1,1,concat,6,https://www.youtube.com/watch?v=AXLs944weZQ
AYcEZIdiOZ4,1,1,concat,6,https://www.youtube.com/watch?v=AYcEZIdiOZ4
AZ4KByrAuAU,1,1,concat,6,https://www.youtube.com/watch?v=AZ4KByrAuAU
AZmVyFrmxqM,1,1,concat,6,https://www.youtube.com/watch?v=AZmVyFrmxqM
A_hhQMtWC2Q,1,1,concat,6,https://www.youtube.com/watch?v=A_hhQMtWC2Q
AaWt2Lugf9E,1,1,concat,6,https://www.youtube.com/watch?v=AaWt2Lugf9E
AdUTXgcIkTM,1,1,concat,6,https://www.youtube.com/watch?v=AdUTXgcIkTM
AepqX4ge6wg,1,1,concat,6,https://www.youtube.com/watch?v=AepqX4ge6wg
Af6rhGYykuk,1,1,concat,6,https://www.youtube.com/watch?v=Af6rhGYykuk
AhOAUkixlPY,1,1,concat,6,https://www.youtube.com/watch?v=AhOAUkixlPY
AhRLWhSe7A0,1,1,concat,6,https://www.youtube.com/watch?v=AhRLWhSe7A0
Al22rdnHKNA,1,1,concat,6,https://www.youtube.com/watch?v=Al22rdnHKNA
Ap2oRGUOhUA,1,1,concat,6,https://www.youtube.com/watch?v=Ap2oRGUOhUA
AtlMDzp5CEs,1,1,concat,6,https://www.youtube.com/watch?v=AtlMDzp5CEs
Auu00vB2wHY,1,1,concat,6,https://www.youtube.com/watch?v=Auu00vB2wHY
AvH7NeIE6MI,1,1,concat,6,https://www.youtube.com/watch?v=AvH7NeIE6MI
AyhmswUWdiw,1,1,concat,6,https://www.youtube.com/watch?v=AyhmswUWdiw
Az7sEBNp1hU,1,1,concat,6,https://www.youtube.com/watch?v=Az7sEBNp1hU
B17neLsaQiQ,1,1,concat,6,https://www.youtube.com/watch?v=B17neLsaQiQ
B3cFZhUH7_o,1,1,concat,6,https://www.youtube.com/watch?v=B3cFZhUH7_o
B485X-fsQKM,1,1,concat,6,https://www.youtube.com/watch?v=B485X-fsQKM
B8KfsRFwfcU,1,1,concat,6,https://www.youtube.com/watch?v=B8KfsRFwfcU
B9B_U-5oQW8,1,1,concat,6,https://www.youtube.com/watch?v=B9B_U-5oQW8
BB_XqSp3rXA,1,1,concat,6,https://www.youtube.com/watch?v=BB_XqSp3rXA
BDYIwsq34cY,1,1,concat,6,https://www.youtube.com/watch?v=BDYIwsq34cY
BF5hOHv9caE,1,1,concat,6,https://www.youtube.com/watch?v=BF5hOHv9caE
BFc1pOYkaq4,1,1,concat,6,https://www.youtube.com/watch?v=BFc1pOYkaq4
BGCSE6db-kU,1,1,concat,6,https://www.youtube.com/watch?v=BGCSE6db-kU
BGZiEpPfCMQ,1,1,concat,6,https://www.youtube.com/watch?v=BGZiEpPfCMQ
BH7SzcA4NYE,1,1,concat,6,https://www.youtube.com/watch?v=BH7SzcA4NYE
BHOo9CFr3hQ,1,1,concat,6,https://www.youtube.com/watch?v=BHOo9CFr3hQ
BInM0g0IMwg,1,1,concat,6,https://www.youtube.com/watch?v=BInM0g0IMwg
BJbZLSMjxSo,1,1,concat,6,https://www.youtube.com/watch?v=BJbZLSMjxSo
BKihiZGWEvY,1,1,concat,6,https://www.youtube.com/watch?v=BKihiZGWEvY
BL_-Ieg65hw,1,1,concat,6,https://www.youtube.com/watch?v=BL_-Ieg65hw
BLjzt7xlt5Y,1,1,concat,6,https://www.youtube.com/watch?v=BLjzt7xlt5Y
BNfbktk0Oz8,1,1,concat,6,https://www.youtube.com/watch?v=BNfbktk0Oz8
BNvlCrEq8B4,1,1,concat,6,https://www.youtube.com/watch?v=BNvlCrEq8B4
BRaABtLhEH0,1,1,concat,6,https://www.youtube.com/watch?v=BRaABtLhEH0
BRcLHDKy8Iw,1,1,concat,6,https://www.youtube.com/watch?v=BRcLHDKy8Iw
BTRxCYRbEPo,1,1,concat,6,https://www.youtube.com/watch?v=BTRxCYRbEPo
BXbkab3kHWI,1,1,concat,6,https://www.youtube.com/watch?v=BXbkab3kHWI
B_dul5fuaNM,1,1,concat,6,https://www.youtube.com/watch?v=B_dul5fuaNM
BaViYOR7S_w,1,1,concat,6,https://www.youtube.com/watch?v=BaViYOR7S_w
BdbGL9pDSIQ,1,1,concat,6,https://www.youtube.com/watch?v=BdbGL9pDSIQ
BdtRWSIvo00,1,1,concat,6,https://www.youtube.com/watch?v=BdtRWSIvo00
BfKmaBYN9rg,1,1,concat,6,https://www.youtube.com/watch?v=BfKmaBYN9rg
Bg4rnFrkXj8,1,1,concat,6,https://www.youtube.com/watch?v=Bg4rnFrkXj8
BgiZjzR1iIo,1,1,concat,6,https://www.youtube.com/watch?v=BgiZjzR1iIo
BiuVEMoTDF4,1,1,concat,6,https://www.youtube.com/watch?v=BiuVEMoTDF4
BivPxBJCqF8,1,1,concat,6,https://www.youtube.com/watch?v=BivPxBJCqF8
Bj-QgT59xKY,1,1,concat,6,https://www.youtube.com/watch?v=Bj-QgT59xKY
BliRiY9sCnc,1,1,concat,6,https://www.youtube.com/watch?v=BliRiY9sCnc
Bmo4oaL2oAY,1,1,concat,6,https://www.youtube.com/watch?v=Bmo4oaL2oAY
Bmo7mq_3xPg,1,1,concat,6,https://www.youtube.com/watch?v=Bmo7mq_3xPg
BqjfKYY_rf4,1,1,concat,6,https://www.youtube.com/watch?v=BqjfKYY_rf4
BrNiTwEHfEE,1,1,concat,6,https://www.youtube.com/watch?v=BrNiTwEHfEE
BsFjnVfJOxk,1,1,concat,6,https://www.youtube.com/watch?v=BsFjnVfJOxk
Bsf5drCbqgg,1,1,concat,6,https://www.youtube.com/watch?v=Bsf5drCbqgg
Bu5dzXHwQ7Q,1,1,concat,6,https://www.youtube.com/watch?v=Bu5dzXHwQ7Q
Bu73y2brU_Y,1,1,concat,6,https://www.youtube.com/watch?v=Bu73y2brU_Y
BuM8_OsQTA4,1,1,concat,6,https://www.youtube.com/watch?v=BuM8_OsQTA4
But3SCoM04U,1,1,concat,6,https://www.youtube.com/watch?v=But3SCoM04U
BvI8iqqQva0,1,1,concat,6,https://www.youtube.com/watch?v=BvI8iqqQva0
Bx2sYV_4Yro,1,1,concat,6,https://www.youtube.com/watch?v=Bx2sYV_4Yro
BxMOCXYhbdg,1,1,concat,6,https://www.youtube.com/watch?v=BxMOCXYhbdg
C1pMizWQhvU,1,1,concat,6,https://www.youtube.com/watch?v=C1pMizWQhvU
C32BeNGh2-o,1,1,concat,6,https://www.youtube.com/watch?v=C32BeNGh2-o
C8IsvNUbikY,1,1,concat,6,https://www.youtube.com/watch?v=C8IsvNUbikY
CA-XWavFVHo,1,1,concat,6,https://www.youtube.com/watch?v=CA-XWavFVHo
CBg-NOB37BI,1,1,concat,6,https://www.youtube.com/watch?v=CBg-NOB37BI
CEAk8NsIbVc,1,1,concat,6,https://www.youtube.com/watch?v=CEAk8NsIbVc
CEfVyGWZANs,1,1,concat,6,https://www.youtube.com/watch?v=CEfVyGWZANs
CJE6YMA1ndc,1,1,concat,6,https://www.youtube.com/watch?v=CJE6YMA1ndc
CL1Ki-MWlwM,1,1,concat,6,https://www.youtube.com/watch?v=CL1Ki-MWlwM
CL_nchVMcps,1,1,concat,6,https://www.youtube.com/watch?v=CL_nchVMcps
CO2J2aeexg0,1,1,concat,6,https://www.youtube.com/watch?v=CO2J2aeexg0
CO5auuQh3bg,1,1,concat,6,https://www.youtube.com/watch?v=CO5auuQh3bg
COVuZ7b-KMk,1,1,concat,6,https://www.youtube.com/watch?v=COVuZ7b-KMk
COk-p0876do,1,1,concat,6,https://www.youtube.com/watch?v=COk-p0876do
COqfrH4VT04,1,1,concat,6,https://www.youtube.com/watch?v=COqfrH4VT04
CPJRXhDpRAQ,1,1,concat,6,https://www.youtube.com/watch?v=CPJRXhDpRAQ
CQ0-YGQLpcU,1,1,concat,6,https://www.youtube.com/watch?v=CQ0-YGQLpcU
CQYVqtZdSZQ,1,1,concat,6,https://www.youtube.com/watch?v=CQYVqtZdSZQ
CR9afL2ekFI,1,1,concat,6,https://www.youtube.com/watch?v=CR9afL2ekFI
CRIu19UXTNU,1,1,concat,6,https://www.youtube.com/watch?v=CRIu19UXTNU
CRh1yW0FvRQ,1,1,concat,6,https://www.youtube.com/watch?v=CRh1yW0FvRQ
CZvmzyXU_ZY,1,1,concat,6,https://www.youtube.com/watch?v=CZvmzyXU_ZY
C_G1_qY-vZY,1,1,concat,6,https://www.youtube.com/watch?v=C_G1_qY-vZY
Caa8tD3QqnA,1,1,concat,6,https://www.youtube.com/watch?v=Caa8tD3QqnA
CfRN7OVrR24,1,1,concat,6,https://www.youtube.com/watch?v=CfRN7OVrR24
Ch9YadUqJ1Q,1,1,concat,6,https://www.youtube.com/watch?v=Ch9YadUqJ1Q
Ck1r06UFj3k,1,1,concat,6,https://www.youtube.com/watch?v=Ck1r06UFj3k
Ckm8WDronuk,1,1,concat,6,https://www.youtube.com/watch?v=Ckm8WDronuk
CmHj_R740v8,1,1,concat,6,https://www.youtube.com/watch?v=CmHj_R740v8
CogrB_tpWP4,1,1,concat,6,https://www.youtube.com/watch?v=CogrB_tpWP4
Cs_nG9FZgVk,1,1,concat,6,https://www.youtube.com/watch?v=Cs_nG9FZgVk
CtBek3TwqTI,1,1,concat,6,https://www.youtube.com/watch?v=CtBek3TwqTI
CvK4ukFfHdY,1,1,concat,6,https://www.youtube.com/watch?v=CvK4ukFfHdY
CxPNE0cmMaU,1,1,concat,6,https://www.youtube.com/watch?v=CxPNE0cmMaU
Cy1Qjasg-G0,1,1,concat,6,https://www.youtube.com/watch?v=Cy1Qjasg-G0
D7nfF-GTrBM,1,1,concat,6,https://www.youtube.com/watch?v=D7nfF-GTrBM
D8ilttqEW2k,1,1,concat,6,https://www.youtube.com/watch?v=D8ilttqEW2k
D8kYJw-FikU,1,1,concat,6,https://www.youtube.com/watch?v=D8kYJw-FikU
DCcsF6DQWQI,1,1,concat,6,https://www.youtube.com/watch?v=DCcsF6DQWQI
DKofH4sDDKM,1,1,concat,6,https://www.youtube.com/watch?v=DKofH4sDDKM
DKw7R1ifqOQ,1,1,concat,6,https://www.youtube.com/watch?v=DKw7R1ifqOQ
DPT6UzleuxE,1,1,concat,6,https://www.youtube.com/watch?v=DPT6UzleuxE
DQ6zMvYGEUQ,1,1,concat,6,https://www.youtube.com/watch?v=DQ6zMvYGEUQ
DSl4MmwjwVg,1,1,concat,6,https://www.youtube.com/watch?v=DSl4MmwjwVg
DVAZys-pZFo,1,1,concat,6,https://www.youtube.com/watch?v=DVAZys-pZFo
DVMOe8uELNI,1,1,concat,6,https://www.youtube.com/watch?v=DVMOe8uELNI
DWS-0bxfgQ4,1,1,concat,6,https://www.youtube.com/watch?v=DWS-0bxfgQ4
DXSihmseL9M,1,1,concat,6,https://www.youtube.com/watch?v=DXSihmseL9M
D_zZJmTtcOY,1,1,concat,6,https://www.youtube.com/watch?v=D_zZJmTtcOY
DaPoN7xnGbc,1,1,concat,6,https://www.youtube.com/watch?v=DaPoN7xnGbc
DdKd6UbRcQY,1,1,concat,6,https://www.youtube.com/watch?v=DdKd6UbRcQY
DdSwOE3IHuA,1,1,concat,6,https://www.youtube.com/watch?v=DdSwOE3IHuA
DhHncmrRVZU,1,1,concat,6,https://www.youtube.com/watch?v=DhHncmrRVZU
DiNa2Wjyo-4,1,1,concat,6,https://www.youtube.com/watch?v=DiNa2Wjyo-4
DjwlMMMjcbM,1,1,concat,6,https://www.youtube.com/watch?v=DjwlMMMjcbM
Dk5q15lFsRI,1,1,concat,6,https://www.youtube.com/watch?v=Dk5q15lFsRI
DlSvSqaa6LY,1,1,concat,6,https://www.youtube.com/watch?v=DlSvSqaa6LY
DlcoSoKNrCE,1,1,concat,6,https://www.youtube.com/watch?v=DlcoSoKNrCE
Dlg2gEih9lo,1,1,concat,6,https://www.youtube.com/watch?v=Dlg2gEih9lo
DnOvVsFp5f4,1,1,concat,6,https://www.youtube.com/watch?v=DnOvVsFp5f4
Dp4MkzZFCWM,1,1,concat,6,https://www.youtube.com/watch?v=Dp4MkzZFCWM
DpU9ziBDhYQ,1,1,concat,6,https://www.youtube.com/watch?v=DpU9ziBDhYQ
DqAc-vfMXU8,1,1,concat,6,https://www.youtube.com/watch?v=DqAc-vfMXU8
Dt28UK-ySG0,1,1,concat,6,https://www.youtube.com/watch?v=Dt28UK-ySG0
DuW2Q-kFEdE,1,1,concat,6,https://www.youtube.com/watch?v=DuW2Q-kFEdE
DwCYyay68Gg,1,1,concat,6,https://www.youtube.com/watch?v=DwCYyay68Gg
Dy7Ci6QJsBc,1,1,concat,6,https://www.youtube.com/watch?v=Dy7Ci6QJsBc
E2FMd9xpWSI,1,1,concat,6,https://www.youtube.com/watch?v=E2FMd9xpWSI
E4qqdSn85eo,1,1,concat,6,https://www.youtube.com/watch?v=E4qqdSn85eo
E5Ik6VYe4Gc,1,1,concat,6,https://www.youtube.com/watch?v=E5Ik6VYe4Gc
E8lIamq3wDQ,1,1,concat,6,https://www.youtube.com/watch?v=E8lIamq3wDQ
EF9_cZF-PGU,1,1,concat,6,https://www.youtube.com/watch?v=EF9_cZF-PGU
EGaGVYVwYI8,1,1,concat,6,https://www.youtube.com/watch?v=EGaGVYVwYI8
EHYCSm_nbBo,1,1,concat,6,https://www.youtube.com/watch?v=EHYCSm_nbBo
EHlQotVElew,1,1,concat,6,https://www.youtube.com/watch?v=EHlQotVElew
EN5GOkkS7yk,1,1,concat,6,https://www.youtube.com/watch?v=EN5GOkkS7yk
ENsNtN7fTBM,1,1,concat,6,https://www.youtube.com/watch?v=ENsNtN7fTBM
ETyc6a3unIg,1,1,concat,6,https://www.youtube.com/watch?v=ETyc6a3unIg
EU9UOY8Jo0E,1,1,concat,6,https://www.youtube.com/watch?v=EU9UOY8Jo0E
EVmtGOW5pzY,1,1,concat,6,https://www.youtube.com/watch?v=EVmtGOW5pzY
EWwjROuqGjU,1,1,concat,6,https://www.youtube.com/watch?v=EWwjROuqGjU
EXgP5iEK0R8,1,1,concat,6,https://www.youtube.com/watch?v=EXgP5iEK0R8
EaKd_9zpb4c,1,1,concat,6,https://www.youtube.com/watch?v=EaKd_9zpb4c
Eajj71ChHzU,1,1,concat,6,https://www.youtube.com/watch?v=Eajj71ChHzU
EgvoBbYtdl0,1,1,concat,6,https://www.youtube.com/watch?v=EgvoBbYtdl0
EhV4WI25hHI,1,1,concat,6,https://www.youtube.com/watch?v=EhV4WI25hHI
Ejay_0H-0Is,1,1,concat,6,https://www.youtube.com/watch?v=Ejay_0H-0Is
ElUklvukyJU,1,1,concat,6,https://www.youtube.com/watch?v=ElUklvukyJU
Elbec_sLo_Q,1,1,concat,6,https://www.youtube.com/watch?v=Elbec_sLo_Q
En69lJa2y7Q,1,1,concat,6,https://www.youtube.com/watch?v=En69lJa2y7Q
En_AtuEZXAE,1,1,concat,6,https://www.youtube.com/watch?v=En_AtuEZXAE
Eoks2Q5pDQY,1,1,concat,6,https://www.youtube.com/watch?v=Eoks2Q5pDQY
EtZOyEAUyjo,1,1,concat,6,https://www.youtube.com/watch?v=EtZOyEAUyjo
Eu_QQMBQFx8,1,1,concat,6,https://www.youtube.com/watch?v=Eu_QQMBQFx8
Ew9ee6Sob1o,1,1,concat,6,https://www.youtube.com/watch?v=Ew9ee6Sob1o
EyFFpfpgzx0,1,1,concat,6,https://www.youtube.com/watch?v=EyFFpfpgzx0
EzL2nCTAOaw,1,1,concat,6,https://www.youtube.com/watch?v=EzL2nCTAOaw
EzQUpyd__Nw,1,1,concat,6,https://www.youtube.com/watch?v=EzQUpyd__Nw
EzbGQGAE9CM,1,1,concat,6,https://www.youtube.com/watch?v=EzbGQGAE9CM
F13_AOAKZ20,1,1,concat,6,https://www.youtube.com/watch?v=F13_AOAKZ20
F2rxkK2AP44,1,1,concat,6,https://www.youtube.com/watch?v=F2rxkK2AP44
F88Vj2McZ5o,1,1,concat,6,https://www.youtube.com/watch?v=F88Vj2McZ5o
FDBONdjCy6o,1,1,concat,6,https://www.youtube.com/watch?v=FDBONdjCy6o
FDfPpuKd_Vc,1,1,concat,6,https://www.youtube.com/watch?v=FDfPpuKd_Vc
FHAITlyaTgM,1,1,concat,6,https://www.youtube.com/watch?v=FHAITlyaTgM
FHEjcphPvJM,1,1,concat,6,https://www.youtube.com/watch?v=FHEjcphPvJM
FHmF9yHxvHY,1,1,concat,6,https://www.youtube.com/watch?v=FHmF9yHxvHY
FICxi-uBfq8,1,1,concat,6,https://www.youtube.com/watch?v=FICxi-uBfq8
FJ6PetNeKdY,1,1,concat,6,https://www.youtube.com/watch?v=FJ6PetNeKdY
FN_S18qgl24,1,1,concat,6,https://www.youtube.com/watch?v=FN_S18qgl24
FRvLGI2B2gk,1,1,concat,6,https://www.youtube.com/watch?v=FRvLGI2B2gk
FVD-5dgJQ4Y,1,1,concat,6,https://www.youtube.com/watch?v=FVD-5dgJQ4Y
F_d98eGgPNE,1,1,concat,6,https://www.youtube.com/watch?v=F_d98eGgPNE
FbmT4SKe6XA,1,1,concat,6,https://www.youtube.com/watch?v=FbmT4SKe6XA
FclY-0UBktY,1,1,concat,6,https://www.youtube.com/watch?v=FclY-0UBktY
FeaWmWccWm4,1,1,concat,6,https://www.youtube.com/watch?v=FeaWmWccWm4
FfurIf36rpc,1,1,concat,6,https://www.youtube.com/watch?v=FfurIf36rpc
FgPxrpeFhZw,1,1,concat,6,https://www.youtube.com/watch?v=FgPxrpeFhZw
Fjcm-ualacY,1,1,concat,6,https://www.youtube.com/watch?v=Fjcm-ualacY
Fjos9zUVXa4,1,1,concat,6,https://www.youtube.com/watch?v=Fjos9zUVXa4
FmcsqqIn3d0,1,1,concat,6,https://www.youtube.com/watch?v=FmcsqqIn3d0
Fo5Z4SJB5_8,1,1,concat,6,https://www.youtube.com/watch?v=Fo5Z4SJB5_8
Fop7V3qsV_4,1,1,concat,6,https://www.youtube.com/watch?v=Fop7V3qsV_4
FqosicS-ai0,1,1,concat,6,https://www.youtube.com/watch?v=FqosicS-ai0
Fs5uR_QXOM4,1,1,concat,6,https://www.youtube.com/watch?v=Fs5uR_QXOM4
FtoPqHz88d8,1,1,concat,6,https://www.youtube.com/watch?v=FtoPqHz88d8
FvmylslFsCM,1,1,concat,6,https://www.youtube.com/watch?v=FvmylslFsCM
Fx6GpD1Gb04,1,1,concat,6,https://www.youtube.com/watch?v=Fx6GpD1Gb04
Fxl_9bH_PDw,1,1,concat,6,https://www.youtube.com/watch?v=Fxl_9bH_PDw
G3bHNCSfTNA,1,1,concat,6,https://www.youtube.com/watch?v=G3bHNCSfTNA
G6sSVyLnudc,1,1,concat,6,https://www.youtube.com/watch?v=G6sSVyLnudc
G7a5Y3uwtIo,1,1,concat,6,https://www.youtube.com/watch?v=G7a5Y3uwtIo
G8lz9wLM1RA,1,1,concat,6,https://www.youtube.com/watch?v=G8lz9wLM1RA
GAaokRPQvvQ,1,1,concat,6,https://www.youtube.com/watch?v=GAaokRPQvvQ
GBkP_st1j1M,1,1,concat,6,https://www.youtube.com/watch?v=GBkP_st1j1M
GIDN7X2IAqc,1,1,concat,6,https://www.youtube.com/watch?v=GIDN7X2IAqc
GJHWezcWKP8,1,1,concat,6,https://www.youtube.com/watch?v=GJHWezcWKP8
GJvUNv4qoDI,1,1,concat,6,https://www.youtube.com/watch?v=GJvUNv4qoDI
GMDqHt6X5yg,1,1,concat,6,https://www.youtube.com/watch?v=GMDqHt6X5yg
GMvozt71g54,1,1,concat,6,https://www.youtube.com/watch?v=GMvozt71g54
GOIUMBSbDwc,1,1,concat,6,https://www.youtube.com/watch?v=GOIUMBSbDwc
GUBMEo8EVlc,1,1,concat,6,https://www.youtube.com/watch?v=GUBMEo8EVlc
GWkjO6q4M1o,1,1,concat,6,https://www.youtube.com/watch?v=GWkjO6q4M1o
GXMp1sA4jC8,1,1,concat,6,https://www.youtube.com/watch?v=GXMp1sA4jC8
GYeF8PQSxH8,1,1,concat,6,https://www.youtube.com/watch?v=GYeF8PQSxH8
GZ0_jlDzqWo,1,1,concat,6,https://www.youtube.com/watch?v=GZ0_jlDzqWo
GZPiClPkwNY,1,1,concat,6,https://www.youtube.com/watch?v=GZPiClPkwNY
GZSJ1E07rVA,1,1,concat,6,https://www.youtube.com/watch?v=GZSJ1E07rVA
G_emWOHVitc,1,1,concat,6,https://www.youtube.com/watch?v=G_emWOHVitc
Gai0A3xmmpE,1,1,concat,6,https://www.youtube.com/watch?v=Gai0A3xmmpE
GbhleB4N2io,1,1,concat,6,https://www.youtube.com/watch?v=GbhleB4N2io
Gd1L71eXduo,1,1,concat,6,https://www.youtube.com/watch?v=Gd1L71eXduo
GdaAaBG9gUI,1,1,concat,6,https://www.youtube.com/watch?v=GdaAaBG9gUI
GdiwzjwuPaI,1,1,concat,6,https://www.youtube.com/watch?v=GdiwzjwuPaI
GgubexMXL34,1,1,concat,6,https://www.youtube.com/watch?v=GgubexMXL34
GjINcUICaAE,1,1,concat,6,https://www.youtube.com/watch?v=GjINcUICaAE
GoZywXMBm7s,1,1,concat,6,https://www.youtube.com/watch?v=GoZywXMBm7s
GsJXMYXhRks,1,1,concat,6,https://www.youtube.com/watch?v=GsJXMYXhRks
Gvk3lNF4UkI,1,1,concat,6,https://www.youtube.com/watch?v=Gvk3lNF4UkI
GwQKKjQuMYg,1,1,concat,6,https://www.youtube.com/watch?v=GwQKKjQuMYg
GwpTKLxJsmc,1,1,concat,6,https://www.youtube.com/watch?v=GwpTKLxJsmc
GxFYH6oQ2Vc,1,1,concat,6,https://www.youtube.com/watch?v=GxFYH6oQ2Vc
GzIFisArFGY,1,1,concat,6,https://www.youtube.com/watch?v=GzIFisArFGY
H-gJii3r0kg,1,1,concat,6,https://www.youtube.com/watch?v=H-gJii3r0kg
H-rIoqdGwpQ,1,1,concat,6,https://www.youtube.com/watch?v=H-rIoqdGwpQ
H3eGyDS3pFY,1,1,concat,6,https://www.youtube.com/watch?v=H3eGyDS3pFY
H6-dNd0KkLo,1,1,concat,6,https://www.youtube.com/watch?v=H6-dNd0KkLo
H6DBEeJiYIc,1,1,concat,6,https://www.youtube.com/watch?v=H6DBEeJiYIc
H7f5XqPffpI,1,1,concat,6,https://www.youtube.com/watch?v=H7f5XqPffpI
H8KxnRBQajQ,1,1,concat,6,https://www.youtube.com/watch?v=H8KxnRBQajQ
H8fZM1Gs9IA,1,1,concat,6,https://www.youtube.com/watch?v=H8fZM1Gs9IA
H8rJXgdGI8k,1,1,concat,6,https://www.youtube.com/watch?v=H8rJXgdGI8k
HCDhqS73F6c,1,1,concat,6,https://www.youtube.com/watch?v=HCDhqS73F6c
HI3XSiGDVsQ,1,1,concat,6,https://www.youtube.com/watch?v=HI3XSiGDVsQ
HID8S8WRJ3Q,1,1,concat,6,https://www.youtube.com/watch?v=HID8S8WRJ3Q
HIlLC37qgtY,1,1,concat,6,https://www.youtube.com/watch?v=HIlLC37qgtY
HK3Yv6ix1ss,1,1,concat,6,https://www.youtube.com/watch?v=HK3Yv6ix1ss
HL0slNlHVpM,1,1,concat,6,https://www.youtube.com/watch?v=HL0slNlHVpM
HM9aOZJ3C_s,1,1,concat,6,https://www.youtube.com/watch?v=HM9aOZJ3C_s
HQaH_vkpKo0,1,1,concat,6,https://www.youtube.com/watch?v=HQaH_vkpKo0
HRTOWpDc-ws,1,1,concat,6,https://www.youtube.com/watch?v=HRTOWpDc-ws
HUn6H-ciVm0,1,1,concat,6,https://www.youtube.com/watch?v=HUn6H-ciVm0
HZaNel7UVhc,1,1,concat,6,https://www.youtube.com/watch?v=HZaNel7UVhc
Hb0oPL5vFlI,1,1,concat,6,https://www.youtube.com/watch?v=Hb0oPL5vFlI
HgmtUHiqxgQ,1,1,concat,6,https://www.youtube.com/watch?v=HgmtUHiqxgQ
Hli91JUw4Lg,1,1,concat,6,https://www.youtube.com/watch?v=Hli91JUw4Lg
HnjTKHs09iY,1,1,concat,6,https://www.youtube.com/watch?v=HnjTKHs09iY
HorPEBLRfN4,1,1,concat,6,https://www.youtube.com/watch?v=HorPEBLRfN4
HpduHDk7DCY,1,1,concat,6,https://www.youtube.com/watch?v=HpduHDk7DCY
HsteA_oGoak,1,1,concat,6,https://www.youtube.com/watch?v=HsteA_oGoak
Htx11SmAlVA,1,1,concat,6,https://www.youtube.com/watch?v=Htx11SmAlVA
Hu5cwA8cA1s,1,1,concat,6,https://www.youtube.com/watch?v=Hu5cwA8cA1s
HusbNmjERCo,1,1,concat,6,https://www.youtube.com/watch?v=HusbNmjERCo
Hwxhapk4BhY,1,1,concat,6,https://www.youtube.com/watch?v=Hwxhapk4BhY
HxwOxxJjLTM,1,1,concat,6,https://www.youtube.com/watch?v=HxwOxxJjLTM
I2KSGKLltgw,1,1,concat,6,https://www.youtube.com/watch?v=I2KSGKLltgw
I2r0-3m3SJI,1,1,concat,6,https://www.youtube.com/watch?v=I2r0-3m3SJI
I4gsqiUW1Ro,1,1,concat,6,https://www.youtube.com/watch?v=I4gsqiUW1Ro
I5ROl9bber0,1,1,concat,6,https://www.youtube.com/watch?v=I5ROl9bber0
I5mppNm_vSY,1,1,concat,6,https://www.youtube.com/watch?v=I5mppNm_vSY
IFSRX93Pl_U,1,1,concat,6,https://www.youtube.com/watch?v=IFSRX93Pl_U
IG9R5Thc7y8,1,1,concat,6,https://www.youtube.com/watch?v=IG9R5Thc7y8
IHWFLpSM3Tc,1,1,concat,6,https://www.youtube.com/watch?v=IHWFLpSM3Tc
IHmJ18RBQww,1,1,concat,6,https://www.youtube.com/watch?v=IHmJ18RBQww
IIjJcmdrb2U,1,1,concat,6,https://www.youtube.com/watch?v=IIjJcmdrb2U
ILsFFwXi3zU,1,1,concat,6,https://www.youtube.com/watch?v=ILsFFwXi3zU
IObwHsBkQfM,1,1,concat,6,https://www.youtube.com/watch?v=IObwHsBkQfM
IOkVqHFyayM,1,1,concat,6,https://www.youtube.com/watch?v=IOkVqHFyayM
IP4BAOP9PMg,1,1,concat,6,https://www.youtube.com/watch?v=IP4BAOP9PMg
IUlYZX1fN0o,1,1,concat,6,https://www.youtube.com/watch?v=IUlYZX1fN0o
IV5oXpwletk,1,1,concat,6,https://www.youtube.com/watch?v=IV5oXpwletk
IV_vnYxfyHY,1,1,concat,6,https://www.youtube.com/watch?v=IV_vnYxfyHY
IX0pObAqgHA,1,1,concat,6,https://www.youtube.com/watch?v=IX0pObAqgHA
Iag_X8BkcmI,1,1,concat,6,https://www.youtube.com/watch?v=Iag_X8BkcmI
Ib2MolJdaTc,1,1,concat,6,https://www.youtube.com/watch?v=Ib2MolJdaTc
Ibmi8YSqc8U,1,1,concat,6,https://www.youtube.com/watch?v=Ibmi8YSqc8U
Ica8vZvbpWE,1,1,concat,6,https://www.youtube.com/watch?v=Ica8vZvbpWE
Ifcx27_dIOc,1,1,concat,6,https://www.youtube.com/watch?v=Ifcx27_dIOc
IjdlZr9ImpY,1,1,concat,6,https://www.youtube.com/watch?v=IjdlZr9ImpY
IjqioURi-o8,1,1,concat,6,https://www.youtube.com/watch?v=IjqioURi-o8
IkXC0c9CNBo,1,1,concat,6,https://www.youtube.com/watch?v=IkXC0c9CNBo
IlX6ZVr0Rpo,1,1,concat,6,https://www.youtube.com/watch?v=IlX6ZVr0Rpo
IonGn85Rf-I,1,1,concat,6,https://www.youtube.com/watch?v=IonGn85Rf-I
IosP9Pe_jW0,1,1,concat,6,https://www.youtube.com/watch?v=IosP9Pe_jW0
IrWXlQO60M8,1,1,concat,6,https://www.youtube.com/watch?v=IrWXlQO60M8
Ir_ORPKrLxA,1,1,concat,6,https://www.youtube.com/watch?v=Ir_ORPKrLxA
Iu2nb_N_9GI,1,1,concat,6,https://www.youtube.com/watch?v=Iu2nb_N_9GI
IvVy9XQmHSI,1,1,concat,6,https://www.youtube.com/watch?v=IvVy9XQmHSI
Iwh-2MAFgos,1,1,concat,6,https://www.youtube.com/watch?v=Iwh-2MAFgos
IwrKGwXD1NA,1,1,concat,6,https://www.youtube.com/watch?v=IwrKGwXD1NA
IyzfqjOIGRo,1,1,concat,6,https://www.youtube.com/watch?v=IyzfqjOIGRo
J4m3L0L-0FI,1,1,concat,6,https://www.youtube.com/watch?v=J4m3L0L-0FI
J6ibyXaUREA,1,1,concat,6,https://www.youtube.com/watch?v=J6ibyXaUREA
J7_i83zJd3k,1,1,concat,6,https://www.youtube.com/watch?v=J7_i83zJd3k
J7axQHRCT50,1,1,concat,6,https://www.youtube.com/watch?v=J7axQHRCT50
J8rHxhUCyWk,1,1,concat,6,https://www.youtube.com/watch?v=J8rHxhUCyWk
JAuzBcI3ako,1,1,concat,6,https://www.youtube.com/watch?v=JAuzBcI3ako
JIR4pcEyQrk,1,1,concat,6,https://www.youtube.com/watch?v=JIR4pcEyQrk
JQb-q2P-UxE,1,1,concat,6,https://www.youtube.com/watch?v=JQb-q2P-UxE
JTzg0-6LgUc,1,1,concat,6,https://www.youtube.com/watch?v=JTzg0-6LgUc
JW1MQFVpSPI,1,1,concat,6,https://www.youtube.com/watch?v=JW1MQFVpSPI
JWYYrZpKmpk,1,1,concat,6,https://www.youtube.com/watch?v=JWYYrZpKmpk
JXscZuuoWwQ,1,1,concat,6,https://www.youtube.com/watch?v=JXscZuuoWwQ
JYQull3jx9w,1,1,concat,6,https://www.youtube.com/watch?v=JYQull3jx9w
JYWurRUbAuI,1,1,concat,6,https://www.youtube.com/watch?v=JYWurRUbAuI
JYZOqxuhaWM,1,1,concat,6,https://www.youtube.com/watch?v=JYZOqxuhaWM
JZqd3ZndL-Y,1,1,concat,6,https://www.youtube.com/watch?v=JZqd3ZndL-Y
JbUeHbquf4o,1,1,concat,6,https://www.youtube.com/watch?v=JbUeHbquf4o
JeTVRF-ZnYo,1,1,concat,6,https://www.youtube.com/watch?v=JeTVRF-ZnYo
JjkhWlqGIP4,1,1,concat,6,https://www.youtube.com/watch?v=JjkhWlqGIP4
JlHzBlhVoOQ,1,1,concat,6,https://www.youtube.com/watch?v=JlHzBlhVoOQ
JmF9rIieLkg,1,1,concat,6,https://www.youtube.com/watch?v=JmF9rIieLkg
JqCWPPVQk2o,1,1,concat,6,https://www.youtube.com/watch?v=JqCWPPVQk2o
JqQxVuiWLSA,1,1,concat,6,https://www.youtube.com/watch?v=JqQxVuiWLSA
JsCHL1fcwVQ,1,1,concat,6,https://www.youtube.com/watch?v=JsCHL1fcwVQ
Jwjvvfuz5Y4,1,1,concat,6,https://www.youtube.com/watch?v=Jwjvvfuz5Y4
Jyz4XzuRsvc,1,1,concat,6,https://www.youtube.com/watch?v=Jyz4XzuRsvc
K-w_QxZjQu0,1,1,concat,6,https://www.youtube.com/watch?v=K-w_QxZjQu0
K0dkiVgIN8E,1,1,concat,6,https://www.youtube.com/watch?v=K0dkiVgIN8E
K2OpcgRNL3s,1,1,concat,6,https://www.youtube.com/watch?v=K2OpcgRNL3s
K3kdXOt7Ab4,1,1,concat,6,https://www.youtube.com/watch?v=K3kdXOt7Ab4
K4TNTz8osk0,1,1,concat,6,https://www.youtube.com/watch?v=K4TNTz8osk0
K72rd44PTvM,1,1,concat,6,https://www.youtube.com/watch?v=K72rd44PTvM
K7KgDQ28GCk,1,1,concat,6,https://www.youtube.com/watch?v=K7KgDQ28GCk
K7jo6uhUfXU,1,1,concat,6,https://www.youtube.com/watch?v=K7jo6uhUfXU
K9x6gCV-_E0,1,1,concat,6,https://www.youtube.com/watch?v=K9x6gCV-_E0
KA7ctTuL7Mc,1,1,concat,6,https://www.youtube.com/watch?v=KA7ctTuL7Mc
KD4RLExjNjQ,1,1,concat,6,https://www.youtube.com/watch?v=KD4RLExjNjQ
KEX2U6YuyeA,1,1,concat,6,https://www.youtube.com/watch?v=KEX2U6YuyeA
KI-moyBMYzE,1,1,concat,6,https://www.youtube.com/watch?v=KI-moyBMYzE
KJ6VLWAKlfs,1,1,concat,6,https://www.youtube.com/watch?v=KJ6VLWAKlfs
KJNzhOCHD3s,1,1,concat,6,https://www.youtube.com/watch?v=KJNzhOCHD3s
KNRRL8JyuxU,1,1,concat,6,https://www.youtube.com/watch?v=KNRRL8JyuxU
KOdBY5ZyznM,1,1,concat,6,https://www.youtube.com/watch?v=KOdBY5ZyznM
KOowWt3BG2U,1,1,concat,6,https://www.youtube.com/watch?v=KOowWt3BG2U
KRRHHLxtfXM,1,1,concat,6,https://www.youtube.com/watch?v=KRRHHLxtfXM
KT7vi09Hv7w,1,1,concat,6,https://www.youtube.com/watch?v=KT7vi09Hv7w
KYs6kyKs0Fk,1,1,concat,6,https://www.youtube.com/watch?v=KYs6kyKs0Fk
KdWzwJY3UxI,1,1,concat,6,https://www.youtube.com/watch?v=KdWzwJY3UxI
KgeJnAwS-zQ,1,1,concat,6,https://www.youtube.com/watch?v=KgeJnAwS-zQ
KhwWj1FVDh8,1,1,concat,6,https://www.youtube.com/watch?v=KhwWj1FVDh8
KiefKb6166w,1,1,concat,6,https://www.youtube.com/watch?v=KiefKb6166w
KkfzooA4WQk,1,1,concat,6,https://www.youtube.com/watch?v=KkfzooA4WQk
KmKzTu1rSkw,1,1,concat,6,https://www.youtube.com/watch?v=KmKzTu1rSkw
KmTeF66iRb4,1,1,concat,6,https://www.youtube.com/watch?v=KmTeF66iRb4
KoUG2T2rwuY,1,1,concat,6,https://www.youtube.com/watch?v=KoUG2T2rwuY
KofQRGqMBN8,1,1,concat,6,https://www.youtube.com/watch?v=KofQRGqMBN8
KtswjadciDU,1,1,concat,6,https://www.youtube.com/watch?v=KtswjadciDU
KvDjcbLfxPE,1,1,concat,6,https://www.youtube.com/watch?v=KvDjcbLfxPE
KxozKCHKbhw,1,1,concat,6,https://www.youtube.com/watch?v=KxozKCHKbhw
KyuagC7BTSw,1,1,concat,6,https://www.youtube.com/watch?v=KyuagC7BTSw
L0G0I9i3jWs,1,1,concat,6,https://www.youtube.com/watch?v=L0G0I9i3jWs
L0L3EAuTcww,1,1,concat,6,https://www.youtube.com/watch?v=L0L3EAuTcww
L1kb07UfgJU,1,1,concat,6,https://www.youtube.com/watch?v=L1kb07UfgJU
L1wTnW0yhFA,1,1,concat,6,https://www.youtube.com/watch?v=L1wTnW0yhFA
L3mjro1-T9g,1,1,concat,6,https://www.youtube.com/watch?v=L3mjro1-T9g
L3wl2ClBW3o,1,1,concat,6,https://www.youtube.com/watch?v=L3wl2ClBW3o
L6aSfBHq7ao,1,1,concat,6,https://www.youtube.com/watch?v=L6aSfBHq7ao
L6d8k5mD7Fo,1,1,concat,6,https://www.youtube.com/watch?v=L6d8k5mD7Fo
L7Gu0aisDgI,1,1,concat,6,https://www.youtube.com/watch?v=L7Gu0aisDgI
L7ZE4AWe8Rk,1,1,concat,6,https://www.youtube.com/watch?v=L7ZE4AWe8Rk
L8NhD8fZAQ4,1,1,concat,6,https://www.youtube.com/watch?v=L8NhD8fZAQ4
LBRugzYt_ag,1,1,concat,6,https://www.youtube.com/watch?v=LBRugzYt_ag
LD5OIEIJUKg,1,1,concat,6,https://www.youtube.com/watch?v=LD5OIEIJUKg
LDlPjJXNy_w,1,1,concat,6,https://www.youtube.com/watch?v=LDlPjJXNy_w
LE67GMnFNck,1,1,concat,6,https://www.youtube.com/watch?v=LE67GMnFNck
LEpwMGNXkmc,1,1,concat,6,https://www.youtube.com/watch?v=LEpwMGNXkmc
LFERj5ogdLc,1,1,concat,6,https://www.youtube.com/watch?v=LFERj5ogdLc
LH8uxv4tO_E,1,1,concat,6,https://www.youtube.com/watch?v=LH8uxv4tO_E
LKWMigl3JRU,1,1,concat,6,https://www.youtube.com/watch?v=LKWMigl3JRU
LLuJoMdQe5w,1,1,concat,6,https://www.youtube.com/watch?v=LLuJoMdQe5w
LMh9zgu1XqE,1,1,concat,6,https://www.youtube.com/watch?v=LMh9zgu1XqE
LNIBo4x8Xzg,1,1,concat,6,https://www.youtube.com/watch?v=LNIBo4x8Xzg
LO1Yl9uzTtI,1,1,concat,6,https://www.youtube.com/watch?v=LO1Yl9uzTtI
LOFNRVXMYoI,1,1,concat,6,https://www.youtube.com/watch?v=LOFNRVXMYoI
LRPiC2CrK24,1,1,concat,6,https://www.youtube.com/watch?v=LRPiC2CrK24
LUMOT35DU44,1,1,concat,6,https://www.youtube.com/watch?v=LUMOT35DU44
LWkVyiHSNLA,1,1,concat,6,https://www.youtube.com/watch?v=LWkVyiHSNLA
LYMZIavCpOo,1,1,concat,6,https://www.youtube.com/watch?v=LYMZIavCpOo
LdYm7G5is1U,1,1,concat,6,https://www.youtube.com/watch?v=LdYm7G5is1U
Lj7xdcELIlk,1,1,concat,6,https://www.youtube.com/watch?v=Lj7xdcELIlk
Lj7yv7tINqc,1,1,concat,6,https://www.youtube.com/watch?v=Lj7yv7tINqc
LmWxtY9RdT8,1,1,concat,6,https://www.youtube.com/watch?v=LmWxtY9RdT8
LyblRffGbKg,1,1,concat,6,https://www.youtube.com/watch?v=LyblRffGbKg
M1qEe5AvK5c,1,1,concat,6,https://www.youtube.com/watch?v=M1qEe5AvK5c
M5b4rqvTHMY,1,1,concat,6,https://www.youtube.com/watch?v=M5b4rqvTHMY
M5vRIW2PGUY,1,1,concat,6,https://www.youtube.com/watch?v=M5vRIW2PGUY
M6IK8ME_3Io,1,1,concat,6,https://www.youtube.com/watch?v=M6IK8ME_3Io
M7YvFzOJUiQ,1,1,concat,6,https://www.youtube.com/watch?v=M7YvFzOJUiQ
MAshgKEwm2w,1,1,concat,6,https://www.youtube.com/watch?v=MAshgKEwm2w
MDI3UzKBPu8,1,1,concat,6,https://www.youtube.com/watch?v=MDI3UzKBPu8
MFORTCcR7wE,1,1,concat,6,https://www.youtube.com/watch?v=MFORTCcR7wE
MFz1yycnRLU,1,1,concat,6,https://www.youtube.com/watch?v=MFz1yycnRLU
MG9UfqFXbzc,1,1,concat,6,https://www.youtube.com/watch?v=MG9UfqFXbzc
MGUWWmXr2l4,1,1,concat,6,https://www.youtube.com/watch?v=MGUWWmXr2l4
MIXZZZH-p8Q,1,1,concat,6,https://www.youtube.com/watch?v=MIXZZZH-p8Q
MLQ2JT7HKmc,1,1,concat,6,https://www.youtube.com/watch?v=MLQ2JT7HKmc
MOxAApnij-8,1,1,concat,6,https://www.youtube.com/watch?v=MOxAApnij-8
MQ04-x_jWHM,1,1,concat,6,https://www.youtube.com/watch?v=MQ04-x_jWHM
MQdsR7Yydw0,1,1,concat,6,https://www.youtube.com/watch?v=MQdsR7Yydw0
MWnerCemFZ4,1,1,concat,6,https://www.youtube.com/watch?v=MWnerCemFZ4
MWwEu8TFcMI,1,1,concat,6,https://www.youtube.com/watch?v=MWwEu8TFcMI
MXCFxTWBcBE,1,1,concat,6,https://www.youtube.com/watch?v=MXCFxTWBcBE
MYswfTB1CIs,1,1,concat,6,https://www.youtube.com/watch?v=MYswfTB1CIs
M_jGtnAg16o,1,1,concat,6,https://www.youtube.com/watch?v=M_jGtnAg16o
MbTIX5K3Jvg,1,1,concat,6,https://www.youtube.com/watch?v=MbTIX5K3Jvg
McZxlqXGuxg,1,1,concat,6,https://www.youtube.com/watch?v=McZxlqXGuxg
MctgS6STp4g,1,1,concat,6,https://www.youtube.com/watch?v=MctgS6STp4g
MdCFYXDOhIU,1,1,concat,6,https://www.youtube.com/watch?v=MdCFYXDOhIU
MdcHHDRj8kE,1,1,concat,6,https://www.youtube.com/watch?v=MdcHHDRj8kE
Me3sPpexHd4,1,1,concat,6,https://www.youtube.com/watch?v=Me3sPpexHd4
MghqWkRhVkE,1,1,concat,6,https://www.youtube.com/watch?v=MghqWkRhVkE
Mh1VbfIQyOY,1,1,concat,6,https://www.youtube.com/watch?v=Mh1VbfIQyOY
MinBAp8s6fI,1,1,concat,6,https://www.youtube.com/watch?v=MinBAp8s6fI
Mnai5tJV4dg,1,1,concat,6,https://www.youtube.com/watch?v=Mnai5tJV4dg
MqSZpAp2pc8,1,1,concat,6,https://www.youtube.com/watch?v=MqSZpAp2pc8
Mqf4l39maBc,1,1,concat,6,https://www.youtube.com/watch?v=Mqf4l39maBc
Msbnm9etF6M,1,1,concat,6,https://www.youtube.com/watch?v=Msbnm9etF6M
Mu_fNEjgy6g,1,1,concat,6,https://www.youtube.com/watch?v=Mu_fNEjgy6g
Muq5BxeBqMY,1,1,concat,6,https://www.youtube.com/watch?v=Muq5BxeBqMY
Mwlsu7602NU,1,1,concat,6,https://www.youtube.com/watch?v=Mwlsu7602NU
MyMQRhVaETE,1,1,concat,6,https://www.youtube.com/watch?v=MyMQRhVaETE
N-rujlYy0bw,1,1,concat,6,https://www.youtube.com/watch?v=N-rujlYy0bw
N1vOxwBLgMo,1,1,concat,6,https://www.youtube.com/watch?v=N1vOxwBLgMo
N2467TEyS48,1,1,concat,6,https://www.youtube.com/watch?v=N2467TEyS48
N4W8_6t8CUE,1,1,concat,6,https://www.youtube.com/watch?v=N4W8_6t8CUE
N4ii1N2tGoY,1,1,concat,6,https://www.youtube.com/watch?v=N4ii1N2tGoY
N76kfkF6Wpo,1,1,concat,6,https://www.youtube.com/watch?v=N76kfkF6Wpo
N7bPuV4vKAQ,1,1,concat,6,https://www.youtube.com/watch?v=N7bPuV4vKAQ
NAuz4jDF4bE,1,1,concat,6,https://www.youtube.com/watch?v=NAuz4jDF4bE
NB2JH3P9454,1,1,concat,6,https://www.youtube.com/watch?v=NB2JH3P9454
NIYlmR7HwNI,1,1,concat,6,https://www.youtube.com/watch?v=NIYlmR7HwNI
NIc0wmBH9eo,1,1,concat,6,https://www.youtube.com/watch?v=NIc0wmBH9eo
NKqYKANqdoY,1,1,concat,6,https://www.youtube.com/watch?v=NKqYKANqdoY
NMS9WfZ-zTc,1,1,concat,6,https://www.youtube.com/watch?v=NMS9WfZ-zTc
NNb84ctRIEU,1,1,concat,6,https://www.youtube.com/watch?v=NNb84ctRIEU
NOFplol64ss,1,1,concat,6,https://www.youtube.com/watch?v=NOFplol64ss
NP5e6LSzUjY,1,1,concat,6,https://www.youtube.com/watch?v=NP5e6LSzUjY
NV_tITJrJpw,1,1,concat,6,https://www.youtube.com/watch?v=NV_tITJrJpw
NVaMzVKLzi8,1,1,concat,6,https://www.youtube.com/watch?v=NVaMzVKLzi8
NWhyAv-JquE,1,1,concat,6,https://www.youtube.com/watch?v=NWhyAv-JquE
N_iyEOhXmHo,1,1,concat,6,https://www.youtube.com/watch?v=N_iyEOhXmHo
NcP9IWlyNqU,1,1,concat,6,https://www.youtube.com/watch?v=NcP9IWlyNqU
NeErgu1H78M,1,1,concat,6,https://www.youtube.com/watch?v=NeErgu1H78M
NgEDT7QqSVI,1,1,concat,6,https://www.youtube.com/watch?v=NgEDT7QqSVI
NhDbeOeu6Lc,1,1,concat,6,https://www.youtube.com/watch?v=NhDbeOeu6Lc
NiFnvI8nuRc,1,1,concat,6,https://www.youtube.com/watch?v=NiFnvI8nuRc
NkFrDeiIGkU,1,1,concat,6,https://www.youtube.com/watch?v=NkFrDeiIGkU
NkHbrdq9a-U,1,1,concat,6,https://www.youtube.com/watch?v=NkHbrdq9a-U
NkWw_SyTWyA,1,1,concat,6,https://www.youtube.com/watch?v=NkWw_SyTWyA
NnfNglDNV10,1,1,concat,6,https://www.youtube.com/watch?v=NnfNglDNV10
NrfsOng6DS0,1,1,concat,6,https://www.youtube.com/watch?v=NrfsOng6DS0
NsOaNxLwiac,1,1,concat,6,https://www.youtube.com/watch?v=NsOaNxLwiac
NuSaUUw7NLo,1,1,concat,6,https://www.youtube.com/watch?v=NuSaUUw7NLo
NuefcOkt1FQ,1,1,concat,6,https://www.youtube.com/watch?v=NuefcOkt1FQ
NwxZDgj8X4I,1,1,concat,6,https://www.youtube.com/watch?v=NwxZDgj8X4I
O0sIwvjd0-M,1,1,concat,6,https://www.youtube.com/watch?v=O0sIwvjd0-M
O5F5hNkxlU0,1,1,concat,6,https://www.youtube.com/watch?v=O5F5hNkxlU0
O8ZuDK4BbkY,1,1,concat,6,https://www.youtube.com/watch?v=O8ZuDK4BbkY
OA2XLsExFys,1,1,concat,6,https://www.youtube.com/watch?v=OA2XLsExFys
OA8uxnI9PfM,1,1,concat,6,https://www.youtube.com/watch?v=OA8uxnI9PfM
OAzuA7718ys,1,1,concat,6,https://www.youtube.com/watch?v=OAzuA7718ys
OBBCQyLH-OE,1,1,concat,6,https://www.youtube.com/watch?v=OBBCQyLH-OE
OCLQv1uVFTY,1,1,concat,6,https://www.youtube.com/watch?v=OCLQv1uVFTY
ODe81xr63FM,1,1,concat,6,https://www.youtube.com/watch?v=ODe81xr63FM
OFpwCM_4mYc,1,1,concat,6,https://www.youtube.com/watch?v=OFpwCM_4mYc
OJHREw94C6U,1,1,concat,6,https://www.youtube.com/watch?v=OJHREw94C6U
ONJuwlmlHoE,1,1,concat,6,https://www.youtube.com/watch?v=ONJuwlmlHoE
OPAgEjMUE8Q,1,1,concat,6,https://www.youtube.com/watch?v=OPAgEjMUE8Q
OPVHkRIRFyQ,1,1,concat,6,https://www.youtube.com/watch?v=OPVHkRIRFyQ
ORKJ3Q_o5GI,1,1,concat,6,https://www.youtube.com/watch?v=ORKJ3Q_o5GI
OTCGM1AkXL4,1,1,concat,6,https://www.youtube.com/watch?v=OTCGM1AkXL4
OTfsIye3BPg,1,1,concat,6,https://www.youtube.com/watch?v=OTfsIye3BPg
OUmJFMS941I,1,1,concat,6,https://www.youtube.com/watch?v=OUmJFMS941I
OVlYIQQTl6E,1,1,concat,6,https://www.youtube.com/watch?v=OVlYIQQTl6E
OXxE014p4xY,1,1,concat,6,https://www.youtube.com/watch?v=OXxE014p4xY
O_UuaKJTpGk,1,1,concat,6,https://www.youtube.com/watch?v=O_UuaKJTpGk
OfdXGgVqcsg,1,1,concat,6,https://www.youtube.com/watch?v=OfdXGgVqcsg
Oga4UleFa1s,1,1,concat,6,https://www.youtube.com/watch?v=Oga4UleFa1s
OkFbq4fcJl4,1,1,concat,6,https://www.youtube.com/watch?v=OkFbq4fcJl4
OlTIqJkpJBM,1,1,concat,6,https://www.youtube.com/watch?v=OlTIqJkpJBM
OoBh6D16RZQ,1,1,concat,6,https://www.youtube.com/watch?v=OoBh6D16RZQ
OrR5iL9vi28,1,1,concat,6,https://www.youtube.com/watch?v=OrR5iL9vi28
OtS1vqRUfV4,1,1,concat,6,https://www.youtube.com/watch?v=OtS1vqRUfV4
OtnipKDlGgw,1,1,concat,6,https://www.youtube.com/watch?v=OtnipKDlGgw
OwtIIic-Ono,1,1,concat,6,https://www.youtube.com/watch?v=OwtIIic-Ono
OxOZRmnhBkQ,1,1,concat,6,https://www.youtube.com/watch?v=OxOZRmnhBkQ
P08jHzGk2gs,1,1,concat,6,https://www.youtube.com/watch?v=P08jHzGk2gs
P2YUGILOLmk,1,1,concat,6,https://www.youtube.com/watch?v=P2YUGILOLmk
P3L0GxVmsAU,1,1,concat,6,https://www.youtube.com/watch?v=P3L0GxVmsAU
P5n_GybLedk,1,1,concat,6,https://www.youtube.com/watch?v=P5n_GybLedk
PA0c1mk9Iao,1,1,concat,6,https://www.youtube.com/watch?v=PA0c1mk9Iao
PCRZWubgJfY,1,1,concat,6,https://www.youtube.com/watch?v=PCRZWubgJfY
PFyf2qMFJPk,1,1,concat,6,https://www.youtube.com/watch?v=PFyf2qMFJPk
PGWaxnI28zw,1,1,concat,6,https://www.youtube.com/watch?v=PGWaxnI28zw
PGxuRSVpxhc,1,1,concat,6,https://www.youtube.com/watch?v=PGxuRSVpxhc
PGz4lAuYtjk,1,1,concat,6,https://www.youtube.com/watch?v=PGz4lAuYtjk
PHvVSYYV81E,1,1,concat,6,https://www.youtube.com/watch?v=PHvVSYYV81E
PIt6Hf7CjUw,1,1,concat,6,https://www.youtube.com/watch?v=PIt6Hf7CjUw
PPVxJ6bVLxE,1,1,concat,6,https://www.youtube.com/watch?v=PPVxJ6bVLxE
PRQV1eup3RM,1,1,concat,6,https://www.youtube.com/watch?v=PRQV1eup3RM
PRul8ynpZbk,1,1,concat,6,https://www.youtube.com/watch?v=PRul8ynpZbk
PT41ksWunBc,1,1,concat,6,https://www.youtube.com/watch?v=PT41ksWunBc
P_tKdTaGYUs,1,1,concat,6,https://www.youtube.com/watch?v=P_tKdTaGYUs
PcCXVoULeAw,1,1,concat,6,https://www.youtube.com/watch?v=PcCXVoULeAw
PflvvPK8A-I,1,1,concat,6,https://www.youtube.com/watch?v=PflvvPK8A-I
PgJRsz9l-Cw,1,1,concat,6,https://www.youtube.com/watch?v=PgJRsz9l-Cw
PljvHrOK5fk,1,1,concat,6,https://www.youtube.com/watch?v=PljvHrOK5fk
PmQkhyPZJC8,1,1,concat,6,https://www.youtube.com/watch?v=PmQkhyPZJC8
PnBTq2GdLGc,1,1,concat,6,https://www.youtube.com/watch?v=PnBTq2GdLGc
Pnn4qeXUv0U,1,1,concat,6,https://www.youtube.com/watch?v=Pnn4qeXUv0U
PryJ55l8nRk,1,1,concat,6,https://www.youtube.com/watch?v=PryJ55l8nRk
PvLGCztB4ng,1,1,concat,6,https://www.youtube.com/watch?v=PvLGCztB4ng
PwLD6qVEpTc,1,1,concat,6,https://www.youtube.com/watch?v=PwLD6qVEpTc
Q26raUkhWQE,1,1,concat,6,https://www.youtube.com/watch?v=Q26raUkhWQE
Q5hv0MxCtQ4,1,1,concat,6,https://www.youtube.com/watch?v=Q5hv0MxCtQ4
Q7nEygaUYnw,1,1,concat,6,https://www.youtube.com/watch?v=Q7nEygaUYnw
QBamKMqUWyQ,1,1,concat,6,https://www.youtube.com/watch?v=QBamKMqUWyQ
QCQlukDmVdk,1,1,concat,6,https://www.youtube.com/watch?v=QCQlukDmVdk
QEw8nNy4W8k,1,1,concat,6,https://www.youtube.com/watch?v=QEw8nNy4W8k
QMhaxyj9Y8c,1,1,concat,6,https://www.youtube.com/watch?v=QMhaxyj9Y8c
QNRIj-n51Ss,1,1,concat,6,https://www.youtube.com/watch?v=QNRIj-n51Ss
QOs2XhCPvAQ,1,1,concat,6,https://www.youtube.com/watch?v=QOs2XhCPvAQ
QQWJzxSMqhA,1,1,concat,6,https://www.youtube.com/watch?v=QQWJzxSMqhA
QSGBsxNO7ek,1,1,concat,6,https://www.youtube.com/watch?v=QSGBsxNO7ek
QXBLDb_QD74,1,1,concat,6,https://www.youtube.com/watch?v=QXBLDb_QD74
QYCEZmG7VaI,1,1,concat,6,https://www.youtube.com/watch?v=QYCEZmG7VaI
QaeAo8440VY,1,1,concat,6,https://www.youtube.com/watch?v=QaeAo8440VY
Qax2XTCjmt4,1,1,concat,6,https://www.youtube.com/watch?v=Qax2XTCjmt4
QcaEQ1xes3M,1,1,concat,6,https://www.youtube.com/watch?v=QcaEQ1xes3M
QexHCEDP1Tk,1,1,concat,6,https://www.youtube.com/watch?v=QexHCEDP1Tk
Qf4mO9db4lw,1,1,concat,6,https://www.youtube.com/watch?v=Qf4mO9db4lw
QgSvdgpg32c,1,1,concat,6,https://www.youtube.com/watch?v=QgSvdgpg32c
QhNIjvnMT00,1,1,concat,6,https://www.youtube.com/watch?v=QhNIjvnMT00
QhvbzmBFGQM,1,1,concat,6,https://www.youtube.com/watch?v=QhvbzmBFGQM
QlBmFEcQ7l0,1,1,concat,6,https://www.youtube.com/watch?v=QlBmFEcQ7l0
QnKlr_WFYL0,1,1,concat,6,https://www.youtube.com/watch?v=QnKlr_WFYL0
Qqc6qwhgy_4,1,1,concat,6,https://www.youtube.com/watch?v=Qqc6qwhgy_4
Qr-1g7ud74Y,1,1,concat,6,https://www.youtube.com/watch?v=Qr-1g7ud74Y
Qt0k22r56Kw,1,1,concat,6,https://www.youtube.com/watch?v=Qt0k22r56Kw
QvrKnPYHy-I,1,1,concat,6,https://www.youtube.com/watch?v=QvrKnPYHy-I
QyykOVCkmc8,1,1,concat,6,https://www.youtube.com/watch?v=QyykOVCkmc8
Qz1Nh-ZasTI,1,1,concat,6,https://www.youtube.com/watch?v=Qz1Nh-ZasTI
R0iGy0e99Ek,1,1,concat,6,https://www.youtube.com/watch?v=R0iGy0e99Ek
R5Xd34D1eT4,1,1,concat,6,https://www.youtube.com/watch?v=R5Xd34D1eT4
R6VDAH6URwU,1,1,concat,6,https://www.youtube.com/watch?v=R6VDAH6URwU
R7yrTPu4Q54,1,1,concat,6,https://www.youtube.com/watch?v=R7yrTPu4Q54
RBgfB6Tdqog,1,1,concat,6,https://www.youtube.com/watch?v=RBgfB6Tdqog
RCAF-YWFTSU,1,1,concat,6,https://www.youtube.com/watch?v=RCAF-YWFTSU
RCS1ayo-u4k,1,1,concat,6,https://www.youtube.com/watch?v=RCS1ayo-u4k
RCqDSCVBzPg,1,1,concat,6,https://www.youtube.com/watch?v=RCqDSCVBzPg
RDUGjmX0HBM,1,1,concat,6,https://www.youtube.com/watch?v=RDUGjmX0HBM
RF76UnhCtyU,1,1,concat,6,https://www.youtube.com/watch?v=RF76UnhCtyU
RGD3YlTQFCg,1,1,concat,6,https://www.youtube.com/watch?v=RGD3YlTQFCg
RKDRY7qNYKw,1,1,concat,6,https://www.youtube.com/watch?v=RKDRY7qNYKw
RM835pDMj4w,1,1,concat,6,https://www.youtube.com/watch?v=RM835pDMj4w
RMB_KGVKCgc,1,1,concat,6,https://www.youtube.com/watch?v=RMB_KGVKCgc
RMP1Weu4eLI,1,1,concat,6,https://www.youtube.com/watch?v=RMP1Weu4eLI
RQeyppZ1SRI,1,1,concat,6,https://www.youtube.com/watch?v=RQeyppZ1SRI
RRMvtMJvTXs,1,1,concat,6,https://www.youtube.com/watch?v=RRMvtMJvTXs
RRtT8KV8xac,1,1,concat,6,https://www.youtube.com/watch?v=RRtT8KV8xac
RSLqM-oIY54,1,1,concat,6,https://www.youtube.com/watch?v=RSLqM-oIY54
RTgLTTchzNA,1,1,concat,6,https://www.youtube.com/watch?v=RTgLTTchzNA
RX05JIVL6v8,1,1,concat,6,https://www.youtube.com/watch?v=RX05JIVL6v8
Ra_6gfh0OLQ,1,1,concat,6,https://www.youtube.com/watch?v=Ra_6gfh0OLQ
Rbb7PLnya9o,1,1,concat,6,https://www.youtube.com/watch?v=Rbb7PLnya9o
RbmI4hM9RP0,1,1,concat,6,https://www.youtube.com/watch?v=RbmI4hM9RP0
Rc0BgKfHiqM,1,1,concat,6,https://www.youtube.com/watch?v=Rc0BgKfHiqM
RcRZahJo3xw,1,1,concat,6,https://www.youtube.com/watch?v=RcRZahJo3xw
RdFgUcCN8pk,1,1,concat,6,https://www.youtube.com/watch?v=RdFgUcCN8pk
RkpfxqAEruc,1,1,concat,6,https://www.youtube.com/watch?v=RkpfxqAEruc
RlAwpFtukWw,1,1,concat,6,https://www.youtube.com/watch?v=RlAwpFtukWw
Rlk3ShiigWE,1,1,concat,6,https://www.youtube.com/watch?v=Rlk3ShiigWE
Rnvt9-htpVQ,1,1,concat,6,https://www.youtube.com/watch?v=Rnvt9-htpVQ
RqPR6QlZDWM,1,1,concat,6,https://www.youtube.com/watch?v=RqPR6QlZDWM
Rr0cJ4-R9KI,1,1,concat,6,https://www.youtube.com/watch?v=Rr0cJ4-R9KI
Rr5E3oal1QQ,1,1,concat,6,https://www.youtube.com/watch?v=Rr5E3oal1QQ
Rz9wkN9a46Q,1,1,concat,6,https://www.youtube.com/watch?v=Rz9wkN9a46Q
RztjJUN0wFE,1,1,concat,6,https://www.youtube.com/watch?v=RztjJUN0wFE
S-TfPUcrLv0,1,1,concat,6,https://www.youtube.com/watch?v=S-TfPUcrLv0
S0EeFOID6Ls,1,1,concat,6,https://www.youtube.com/watch?v=S0EeFOID6Ls
S0NNVghw-6k,1,1,concat,6,https://www.youtube.com/watch?v=S0NNVghw-6k
S2dxxRQiZy8,1,1,concat,6,https://www.youtube.com/watch?v=S2dxxRQiZy8
S3oNZ4AT1sI,1,1,concat,6,https://www.youtube.com/watch?v=S3oNZ4AT1sI
S4RsntvABrE,1,1,concat,6,https://www.youtube.com/watch?v=S4RsntvABrE
S5bZBl_tdsM,1,1,concat,6,https://www.youtube.com/watch?v=S5bZBl_tdsM
S5jdGfooyRM,1,1,concat,6,https://www.youtube.com/watch?v=S5jdGfooyRM
S88BCYkHi5E,1,1,concat,6,https://www.youtube.com/watch?v=S88BCYkHi5E
S9d454kBvkA,1,1,concat,6,https://www.youtube.com/watch?v=S9d454kBvkA
SBBAVO5psT8,1,1,concat,6,https://www.youtube.com/watch?v=SBBAVO5psT8
SGS8Wtj28Lg,1,1,concat,6,https://www.youtube.com/watch?v=SGS8Wtj28Lg
SHFcAnlFl04,1,1,concat,6,https://www.youtube.com/watch?v=SHFcAnlFl04
SKIIvPnHOig,1,1,concat,6,https://www.youtube.com/watch?v=SKIIvPnHOig
SKN3wySkuaI,1,1,concat,6,https://www.youtube.com/watch?v=SKN3wySkuaI
SNhpa45mW1A,1,1,concat,6,https://www.youtube.com/watch?v=SNhpa45mW1A
SPymKAnvInQ,1,1,concat,6,https://www.youtube.com/watch?v=SPymKAnvInQ
SS_eGcFyVcc,1,1,concat,6,https://www.youtube.com/watch?v=SS_eGcFyVcc
SWOPiW4Yi3Y,1,1,concat,6,https://www.youtube.com/watch?v=SWOPiW4Yi3Y
SYIlxvmZE_w,1,1,concat,6,https://www.youtube.com/watch?v=SYIlxvmZE_w
S_uWlr-ywWM,1,1,concat,6,https://www.youtube.com/watch?v=S_uWlr-ywWM
SkuBemREhRE,1,1,concat,6,https://www.youtube.com/watch?v=SkuBemREhRE
Sl0zDtM8zpc,1,1,concat,6,https://www.youtube.com/watch?v=Sl0zDtM8zpc
SpapPeTtFeE,1,1,concat,6,https://www.youtube.com/watch?v=SpapPeTtFeE
Spo-YSZQlVw,1,1,concat,6,https://www.youtube.com/watch?v=Spo-YSZQlVw
SqYeFxj4jNM,1,1,concat,6,https://www.youtube.com/watch?v=SqYeFxj4jNM
Sr2qYEHlsTc,1,1,concat,6,https://www.youtube.com/watch?v=Sr2qYEHlsTc
SuCJKw72emk,1,1,concat,6,https://www.youtube.com/watch?v=SuCJKw72emk
Sxl61LWjdJE,1,1,concat,6,https://www.youtube.com/watch?v=Sxl61LWjdJE
SzKFyCFxzTs,1,1,concat,6,https://www.youtube.com/watch?v=SzKFyCFxzTs
SzbWCFPD6yQ,1,1,concat,6,https://www.youtube.com/watch?v=SzbWCFPD6yQ
T-KWtx4TPpU,1,1,concat,6,https://www.youtube.com/watch?v=T-KWtx4TPpU
T0vFqax4c6I,1,1,concat,6,https://www.youtube.com/watch?v=T0vFqax4c6I
T0x654Ld4oI,1,1,concat,6,https://www.youtube.com/watch?v=T0x654Ld4oI
T1nF4xT71b4,1,1,concat,6,https://www.youtube.com/watch?v=T1nF4xT71b4
T2SELdcbemg,1,1,concat,6,https://www.youtube.com/watch?v=T2SELdcbemg
T3MHh3LhhCY,1,1,concat,6,https://www.youtube.com/watch?v=T3MHh3LhhCY
T3YFRAgiJIE,1,1,concat,6,https://www.youtube.com/watch?v=T3YFRAgiJIE
T4ETQ4_mmNY,1,1,concat,6,https://www.youtube.com/watch?v=T4ETQ4_mmNY
T4VoZdrxrM4,1,1,concat,6,https://www.youtube.com/watch?v=T4VoZdrxrM4
T5wN_8zekEA,1,1,concat,6,https://www.youtube.com/watch?v=T5wN_8zekEA
T6-61Y0WTVA,1,1,concat,6,https://www.youtube.com/watch?v=T6-61Y0WTVA
T6spQ0Wuf-U,1,1,concat,6,https://www.youtube.com/watch?v=T6spQ0Wuf-U
T9GKrSvG2dk,1,1,concat,6,https://www.youtube.com/watch?v=T9GKrSvG2dk
T9fcPS6uZBk,1,1,concat,6,https://www.youtube.com/watch?v=T9fcPS6uZBk
TACpS_JqQYs,1,1,concat,6,https://www.youtube.com/watch?v=TACpS_JqQYs
TBBKYETQO94,1,1,concat,6,https://www.youtube.com/watch?v=TBBKYETQO94
TEBRBHN2asY,1,1,concat,6,https://www.youtube.com/watch?v=TEBRBHN2asY
TFi7JVwlxb0,1,1,concat,6,https://www.youtube.com/watch?v=TFi7JVwlxb0
TG5B8TQAlCE,1,1,concat,6,https://www.youtube.com/watch?v=TG5B8TQAlCE
TGM7uzFMNXk,1,1,concat,6,https://www.youtube.com/watch?v=TGM7uzFMNXk
THhgs-iJSFQ,1,1,concat,6,https://www.youtube.com/watch?v=THhgs-iJSFQ
TIPslld1-a0,1,1,concat,6,https://www.youtube.com/watch?v=TIPslld1-a0
TK2KSzy8slE,1,1,concat,6,https://www.youtube.com/watch?v=TK2KSzy8slE
TMw30WhTYfA,1,1,concat,6,https://www.youtube.com/watch?v=TMw30WhTYfA
TQD8DpbONuc,1,1,concat,6,https://www.youtube.com/watch?v=TQD8DpbONuc
TROFVicWrTE,1,1,concat,6,https://www.youtube.com/watch?v=TROFVicWrTE
TTHpHl9iC-M,1,1,concat,6,https://www.youtube.com/watch?v=TTHpHl9iC-M
TUST_mK7K8U,1,1,concat,6,https://www.youtube.com/watch?v=TUST_mK7K8U
TUTExkonfQs,1,1,concat,6,https://www.youtube.com/watch?v=TUTExkonfQs
TUq3AifhEe8,1,1,concat,6,https://www.youtube.com/watch?v=TUq3AifhEe8
TYd4AuvHADw,1,1,concat,6,https://www.youtube.com/watch?v=TYd4AuvHADw
TcEHT3e5_VA,1,1,concat,6,https://www.youtube.com/watch?v=TcEHT3e5_VA
Td0Gmabet4c,1,1,concat,6,https://www.youtube.com/watch?v=Td0Gmabet4c
Td_TpQtBuuc,1,1,concat,6,https://www.youtube.com/watch?v=Td_TpQtBuuc
TitJFWdtCXE,1,1,concat,6,https://www.youtube.com/watch?v=TitJFWdtCXE
TjyZizYqAw0,1,1,concat,6,https://www.youtube.com/watch?v=TjyZizYqAw0
Tl3lNyv9edo,1,1,concat,6,https://www.youtube.com/watch?v=Tl3lNyv9edo
TnQVWimuqS4,1,1,concat,6,https://www.youtube.com/watch?v=TnQVWimuqS4
TpdlTs7UsHc,1,1,concat,6,https://www.youtube.com/watch?v=TpdlTs7UsHc
Tq3JphT7cBc,1,1,concat,6,https://www.youtube.com/watch?v=Tq3JphT7cBc
TqAJ_QZAIFA,1,1,concat,6,https://www.youtube.com/watch?v=TqAJ_QZAIFA
TqN94sfXMz4,1,1,concat,6,https://www.youtube.com/watch?v=TqN94sfXMz4
TtE57HfUKj0,1,1,concat,6,https://www.youtube.com/watch?v=TtE57HfUKj0
TtTiAqZ-Wp8,1,1,concat,6,https://www.youtube.com/watch?v=TtTiAqZ-Wp8
Tu0p5KPVnps,1,1,concat,6,https://www.youtube.com/watch?v=Tu0p5KPVnps
Tu_aDZXRIs8,1,1,concat,6,https://www.youtube.com/watch?v=Tu_aDZXRIs8
Tvjfvg_YivQ,1,1,concat,6,https://www.youtube.com/watch?v=Tvjfvg_YivQ
TyM_dEdyBQs,1,1,concat,6,https://www.youtube.com/watch?v=TyM_dEdyBQs
TyUuBjPYS6k,1,1,concat,6,https://www.youtube.com/watch?v=TyUuBjPYS6k
TzQsVrMUYk4,1,1,concat,6,https://www.youtube.com/watch?v=TzQsVrMUYk4
U-YlB5OrXTc,1,1,concat,6,https://www.youtube.com/watch?v=U-YlB5OrXTc
U2CwT_ycKRc,1,1,concat,6,https://www.youtube.com/watch?v=U2CwT_ycKRc
U3N1AA-8U2o,1,1,concat,6,https://www.youtube.com/watch?v=U3N1AA-8U2o
U3ReEaL-YnI,1,1,concat,6,https://www.youtube.com/watch?v=U3ReEaL-YnI
U4mZ_GanoL4,1,1,concat,6,https://www.youtube.com/watch?v=U4mZ_GanoL4
UBEL4h2q_h8,1,1,concat,6,https://www.youtube.com/watch?v=UBEL4h2q_h8
UClhtrjqRzU,1,1,concat,6,https://www.youtube.com/watch?v=UClhtrjqRzU
UHkEotZG4So,1,1,concat,6,https://www.youtube.com/watch?v=UHkEotZG4So
UHlWVwmmNf4,1,1,concat,6,https://www.youtube.com/watch?v=UHlWVwmmNf4
UJOVtfxUHQY,1,1,concat,6,https://www.youtube.com/watch?v=UJOVtfxUHQY
UJyEXII7ORA,1,1,concat,6,https://www.youtube.com/watch?v=UJyEXII7ORA
UKEbi0wnOAQ,1,1,concat,6,https://www.youtube.com/watch?v=UKEbi0wnOAQ
UMq1x02C6fo,1,1,concat,6,https://www.youtube.com/watch?v=UMq1x02C6fo
UOWAgOYOgEM,1,1,concat,6,https://www.youtube.com/watch?v=UOWAgOYOgEM
UP7sgho_diA,1,1,concat,6,https://www.youtube.com/watch?v=UP7sgho_diA
UP8-MrAD11Q,1,1,concat,6,https://www.youtube.com/watch?v=UP8-MrAD11Q
UR-izVSb1FM,1,1,concat,6,https://www.youtube.com/watch?v=UR-izVSb1FM
URrCJSBW79M,1,1,concat,6,https://www.youtube.com/watch?v=URrCJSBW79M
USaX8kPuhK4,1,1,concat,6,https://www.youtube.com/watch?v=USaX8kPuhK4
UZEwULMoVYM,1,1,concat,6,https://www.youtube.com/watch?v=UZEwULMoVYM
UZu_Iw5475I,1,1,concat,6,https://www.youtube.com/watch?v=UZu_Iw5475I
UZzG_6t4DfA,1,1,concat,6,https://www.youtube.com/watch?v=UZzG_6t4DfA
Uc4-uiDVg3I,1,1,concat,6,https://www.youtube.com/watch?v=Uc4-uiDVg3I
UfIi1SE5MIo,1,1,concat,6,https://www.youtube.com/watch?v=UfIi1SE5MIo
UhezUg2Tfwk,1,1,concat,6,https://www.youtube.com/watch?v=UhezUg2Tfwk
UnklwZga3gg,1,1,concat,6,https://www.youtube.com/watch?v=UnklwZga3gg
UoSymJMrVZQ,1,1,concat,6,https://www.youtube.com/watch?v=UoSymJMrVZQ
Uu7lR9bLrEU,1,1,concat,6,https://www.youtube.com/watch?v=Uu7lR9bLrEU
UvQaI_rUPlE,1,1,concat,6,https://www.youtube.com/watch?v=UvQaI_rUPlE
UwMR0HXO-dM,1,1,concat,6,https://www.youtube.com/watch?v=UwMR0HXO-dM
Uysw-KnGfzY,1,1,concat,6,https://www.youtube.com/watch?v=Uysw-KnGfzY
UzHEavpEhzQ,1,1,concat,6,https://www.youtube.com/watch?v=UzHEavpEhzQ
V-KwGkmvtW4,1,1,concat,6,https://www.youtube.com/watch?v=V-KwGkmvtW4
V05TwJgaPs8,1,1,concat,6,https://www.youtube.com/watch?v=V05TwJgaPs8
V0S_SHrDofA,1,1,concat,6,https://www.youtube.com/watch?v=V0S_SHrDofA
V4tQFoxpO0g,1,1,concat,6,https://www.youtube.com/watch?v=V4tQFoxpO0g
V6g6BWHn4ak,1,1,concat,6,https://www.youtube.com/watch?v=V6g6BWHn4ak
V76PHGL-_tQ,1,1,concat,6,https://www.youtube.com/watch?v=V76PHGL-_tQ
VAIKpZ2hJI8,1,1,concat,6,https://www.youtube.com/watch?v=VAIKpZ2hJI8
VD8X90_2IEo,1,1,concat,6,https://www.youtube.com/watch?v=VD8X90_2IEo
VDTFWnrGpU8,1,1,concat,6,https://www.youtube.com/watch?v=VDTFWnrGpU8
VGx6jNR7JA0,1,1,concat,6,https://www.youtube.com/watch?v=VGx6jNR7JA0
VJN5mJESVOg,1,1,concat,6,https://www.youtube.com/watch?v=VJN5mJESVOg
VNfVZzw5Vw0,1,1,concat,6,https://www.youtube.com/watch?v=VNfVZzw5Vw0
VNju7rYd6-8,1,1,concat,6,https://www.youtube.com/watch?v=VNju7rYd6-8
VP6guuJtrdI,1,1,concat,6,https://www.youtube.com/watch?v=VP6guuJtrdI
VQPDDMqczdQ,1,1,concat,6,https://www.youtube.com/watch?v=VQPDDMqczdQ
VQkCTU6oMic,1,1,concat,6,https://www.youtube.com/watch?v=VQkCTU6oMic
VTjvavs4Aw0,1,1,concat,6,https://www.youtube.com/watch?v=VTjvavs4Aw0
VXPKafhuVR0,1,1,concat,6,https://www.youtube.com/watch?v=VXPKafhuVR0
VYed9HW39go,1,1,concat,6,https://www.youtube.com/watch?v=VYed9HW39go
VZiKMICEPzQ,1,1,concat,6,https://www.youtube.com/watch?v=VZiKMICEPzQ
VasqHMLcAbU,1,1,concat,6,https://www.youtube.com/watch?v=VasqHMLcAbU
VbJnk27dGDI,1,1,concat,6,https://www.youtube.com/watch?v=VbJnk27dGDI
VbMFL13ZZ-Y,1,1,concat,6,https://www.youtube.com/watch?v=VbMFL13ZZ-Y
VbepqhwiNk4,1,1,concat,6,https://www.youtube.com/watch?v=VbepqhwiNk4
VcwAmRljvcc,1,1,concat,6,https://www.youtube.com/watch?v=VcwAmRljvcc
Vig3YfYGC2g,1,1,concat,6,https://www.youtube.com/watch?v=Vig3YfYGC2g
VjflWL9X4ug,1,1,concat,6,https://www.youtube.com/watch?v=VjflWL9X4ug
VnceX7o7ms0,1,1,concat,6,https://www.youtube.com/watch?v=VnceX7o7ms0
VpLKyojJkhY,1,1,concat,6,https://www.youtube.com/watch?v=VpLKyojJkhY
Vv03Kqye5UQ,1,1,concat,6,https://www.youtube.com/watch?v=Vv03Kqye5UQ
VwHLrEhbCdU,1,1,concat,6,https://www.youtube.com/watch?v=VwHLrEhbCdU
Vx10h2NNfQk,1,1,concat,6,https://www.youtube.com/watch?v=Vx10h2NNfQk
VxPito6NrEY,1,1,concat,6,https://www.youtube.com/watch?v=VxPito6NrEY
VxQILEQzwSg,1,1,concat,6,https://www.youtube.com/watch?v=VxQILEQzwSg
W0dxagNm7mk,1,1,concat,6,https://www.youtube.com/watch?v=W0dxagNm7mk
W1tESUXIpnI,1,1,concat,6,https://www.youtube.com/watch?v=W1tESUXIpnI
W2AvCv5MLOk,1,1,concat,6,https://www.youtube.com/watch?v=W2AvCv5MLOk
W4_vVtCsEd8,1,1,concat,6,https://www.youtube.com/watch?v=W4_vVtCsEd8
W4z7xKpYNM4,1,1,concat,6,https://www.youtube.com/watch?v=W4z7xKpYNM4
W558z97amck,1,1,concat,6,https://www.youtube.com/watch?v=W558z97amck
W6nhnVf-kLk,1,1,concat,6,https://www.youtube.com/watch?v=W6nhnVf-kLk
W74sPnwbVks,1,1,concat,6,https://www.youtube.com/watch?v=W74sPnwbVks
WCoCvCBk3F4,1,1,concat,6,https://www.youtube.com/watch?v=WCoCvCBk3F4
WEpQssDL1dQ,1,1,concat,6,https://www.youtube.com/watch?v=WEpQssDL1dQ
WGcOQk68jSY,1,1,concat,6,https://www.youtube.com/watch?v=WGcOQk68jSY
WH-dbzmRLBQ,1,1,concat,6,https://www.youtube.com/watch?v=WH-dbzmRLBQ
WHHJASdV6rQ,1,1,concat,6,https://www.youtube.com/watch?v=WHHJASdV6rQ
WI0HR8GerIk,1,1,concat,6,https://www.youtube.com/watch?v=WI0HR8GerIk
WLWq3N_lzkY,1,1,concat,6,https://www.youtube.com/watch?v=WLWq3N_lzkY
WLqLb7hbLq4,1,1,concat,6,https://www.youtube.com/watch?v=WLqLb7hbLq4
WNrqAGGau-s,1,1,concat,6,https://www.youtube.com/watch?v=WNrqAGGau-s
WQZ1GLB3XlY,1,1,concat,6,https://www.youtube.com/watch?v=WQZ1GLB3XlY
WQq3zOvk6so,1,1,concat,6,https://www.youtube.com/watch?v=WQq3zOvk6so
WT4F_A-TaYg,1,1,concat,6,https://www.youtube.com/watch?v=WT4F_A-TaYg
WVD03A2dZds,1,1,concat,6,https://www.youtube.com/watch?v=WVD03A2dZds
WWPqeQdUaCs,1,1,concat,6,https://www.youtube.com/watch?v=WWPqeQdUaCs
WWYmXSXg8-0,1,1,concat,6,https://www.youtube.com/watch?v=WWYmXSXg8-0
WYm9s4aoB4Y,1,1,concat,6,https://www.youtube.com/watch?v=WYm9s4aoB4Y
WerhWDADdzU,1,1,concat,6,https://www.youtube.com/watch?v=WerhWDADdzU
Wp1XAgH7oJE,1,1,concat,6,https://www.youtube.com/watch?v=Wp1XAgH7oJE
WpSy9qMGgmc,1,1,concat,6,https://www.youtube.com/watch?v=WpSy9qMGgmc
WqRKhHbA2mQ,1,1,concat,6,https://www.youtube.com/watch?v=WqRKhHbA2mQ
Wtmq5WrTeXw,1,1,concat,6,https://www.youtube.com/watch?v=Wtmq5WrTeXw
Wx5Xi7YaHxM,1,1,concat,6,https://www.youtube.com/watch?v=Wx5Xi7YaHxM
WzHeu7VvDV4,1,1,concat,6,https://www.youtube.com/watch?v=WzHeu7VvDV4
WzYwioaYmDY,1,1,concat,6,https://www.youtube.com/watch?v=WzYwioaYmDY
X-H-8yJ6lR0,1,1,concat,6,https://www.youtube.com/watch?v=X-H-8yJ6lR0
X03RX-_TJ7c,1,1,concat,6,https://www.youtube.com/watch?v=X03RX-_TJ7c
X3OE4dk4Pb0,1,1,concat,6,https://www.youtube.com/watch?v=X3OE4dk4Pb0
X3qqCTiz7qk,1,1,concat,6,https://www.youtube.com/watch?v=X3qqCTiz7qk
X7Uw6gLht6Y,1,1,concat,6,https://www.youtube.com/watch?v=X7Uw6gLht6Y
XAy7xKdtT6Q,1,1,concat,6,https://www.youtube.com/watch?v=XAy7xKdtT6Q
XDsWBczG09k,1,1,concat,6,https://www.youtube.com/watch?v=XDsWBczG09k
XGgCyO45gTU,1,1,concat,6,https://www.youtube.com/watch?v=XGgCyO45gTU
XHLd3d0tMRg,1,1,concat,6,https://www.youtube.com/watch?v=XHLd3d0tMRg
XIVM4kBU40Q,1,1,concat,6,https://www.youtube.com/watch?v=XIVM4kBU40Q
XKSx1GVWcqs,1,1,concat,6,https://www.youtube.com/watch?v=XKSx1GVWcqs
XL8kiQkJ3Jg,1,1,concat,6,https://www.youtube.com/watch?v=XL8kiQkJ3Jg
XLb1g8qePow,1,1,concat,6,https://www.youtube.com/watch?v=XLb1g8qePow
XMdOEdDsO_A,1,1,concat,6,https://www.youtube.com/watch?v=XMdOEdDsO_A
XO2Qvscmuoo,1,1,concat,6,https://www.youtube.com/watch?v=XO2Qvscmuoo
XOKHCbs6rkI,1,1,concat,6,https://www.youtube.com/watch?v=XOKHCbs6rkI
XPHlxjRdFYA,1,1,concat,6,https://www.youtube.com/watch?v=XPHlxjRdFYA
XPRC-Lq4qI8,1,1,concat,6,https://www.youtube.com/watch?v=XPRC-Lq4qI8
XPq7Tha19EE,1,1,concat,6,https://www.youtube.com/watch?v=XPq7Tha19EE
XPqDLzaidhw,1,1,concat,6,https://www.youtube.com/watch?v=XPqDLzaidhw
XSMRokKB3s4,1,1,concat,6,https://www.youtube.com/watch?v=XSMRokKB3s4
XSglOs1jBCI,1,1,concat,6,https://www.youtube.com/watch?v=XSglOs1jBCI
XUMumi5farA,1,1,concat,6,https://www.youtube.com/watch?v=XUMumi5farA
XV5vlrKEe8I,1,1,concat,6,https://www.youtube.com/watch?v=XV5vlrKEe8I
XWAGjMz6bWY,1,1,concat,6,https://www.youtube.com/watch?v=XWAGjMz6bWY
XYcqttHdAkA,1,1,concat,6,https://www.youtube.com/watch?v=XYcqttHdAkA
XdtRYvFbsww,1,1,concat,6,https://www.youtube.com/watch?v=XdtRYvFbsww
Xf7bglJOXa8,1,1,concat,6,https://www.youtube.com/watch?v=Xf7bglJOXa8
XgQU8WBlckI,1,1,concat,6,https://www.youtube.com/watch?v=XgQU8WBlckI
Xhp6C5SZXAM,1,1,concat,6,https://www.youtube.com/watch?v=Xhp6C5SZXAM
Xj_UM17LlBo,1,1,concat,6,https://www.youtube.com/watch?v=Xj_UM17LlBo
Xk-jlPLI4FE,1,1,concat,6,https://www.youtube.com/watch?v=Xk-jlPLI4FE
XneILp0MZek,1,1,concat,6,https://www.youtube.com/watch?v=XneILp0MZek
XqrheUJMLAk,1,1,concat,6,https://www.youtube.com/watch?v=XqrheUJMLAk
XrQwKEiBysg,1,1,concat,6,https://www.youtube.com/watch?v=XrQwKEiBysg
XshFRNVqBLQ,1,1,concat,6,https://www.youtube.com/watch?v=XshFRNVqBLQ
Xtl7grMhPNg,1,1,concat,6,https://www.youtube.com/watch?v=Xtl7grMhPNg
XubkvgYhOWw,1,1,concat,6,https://www.youtube.com/watch?v=XubkvgYhOWw
Xxrw4rAK9k4,1,1,concat,6,https://www.youtube.com/watch?v=Xxrw4rAK9k4
XzkiqGhTF9o,1,1,concat,6,https://www.youtube.com/watch?v=XzkiqGhTF9o
Y1Kd-zxDTpU,1,1,concat,6,https://www.youtube.com/watch?v=Y1Kd-zxDTpU
Y4sbqU237zY,1,1,concat,6,https://www.youtube.com/watch?v=Y4sbqU237zY
Y6BlaZClfiw,1,1,concat,6,https://www.youtube.com/watch?v=Y6BlaZClfiw
Y6hQFir_YGc,1,1,concat,6,https://www.youtube.com/watch?v=Y6hQFir_YGc
Y8MjqkqclkY,1,1,concat,6,https://www.youtube.com/watch?v=Y8MjqkqclkY
Y8W2d8cZECs,1,1,concat,6,https://www.youtube.com/watch?v=Y8W2d8cZECs
Y8Y8kPec7H8,1,1,concat,6,https://www.youtube.com/watch?v=Y8Y8kPec7H8
YBBw2r0O8W8,1,1,concat,6,https://www.youtube.com/watch?v=YBBw2r0O8W8
YD8GmFqATPs,1,1,concat,6,https://www.youtube.com/watch?v=YD8GmFqATPs
YDSj6KGkBLU,1,1,concat,6,https://www.youtube.com/watch?v=YDSj6KGkBLU
YFEXKye4XzI,1,1,concat,6,https://www.youtube.com/watch?v=YFEXKye4XzI
YH1UZhSwO80,1,1,concat,6,https://www.youtube.com/watch?v=YH1UZhSwO80
YH7uaJWOF4I,1,1,concat,6,https://www.youtube.com/watch?v=YH7uaJWOF4I
YHws6Aq4eDM,1,1,concat,6,https://www.youtube.com/watch?v=YHws6Aq4eDM
YLyawLy0xZY,1,1,concat,6,https://www.youtube.com/watch?v=YLyawLy0xZY
YN-_hYU4olQ,1,1,concat,6,https://www.youtube.com/watch?v=YN-_hYU4olQ
YNGkRufI3dU,1,1,concat,6,https://www.youtube.com/watch?v=YNGkRufI3dU
YNeHoPUkSQA,1,1,concat,6,https://www.youtube.com/watch?v=YNeHoPUkSQA
YOEaOw6ZP_k,1,1,concat,6,https://www.youtube.com/watch?v=YOEaOw6ZP_k
YPMoZxdAkLQ,1,1,concat,6,https://www.youtube.com/watch?v=YPMoZxdAkLQ
YQPUOtB1nac,1,1,concat,6,https://www.youtube.com/watch?v=YQPUOtB1nac
YQi7paXNitk,1,1,concat,6,https://www.youtube.com/watch?v=YQi7paXNitk
YSKYuBsKHmY,1,1,concat,6,https://www.youtube.com/watch?v=YSKYuBsKHmY
YV8zEC1EDnk,1,1,concat,6,https://www.youtube.com/watch?v=YV8zEC1EDnk
YZ2-ceHVbBQ,1,1,concat,6,https://www.youtube.com/watch?v=YZ2-ceHVbBQ
YahhvZuxLMs,1,1,concat,6,https://www.youtube.com/watch?v=YahhvZuxLMs
Yb94YtS0ZIk,1,1,concat,6,https://www.youtube.com/watch?v=Yb94YtS0ZIk
YbTLpCk_f5I,1,1,concat,6,https://www.youtube.com/watch?v=YbTLpCk_f5I
YcLP1U8e1tQ,1,1,concat,6,https://www.youtube.com/watch?v=YcLP1U8e1tQ
Ye-AFVPpfOk,1,1,concat,6,https://www.youtube.com/watch?v=Ye-AFVPpfOk
Yj_ORABqYrU,1,1,concat,6,https://www.youtube.com/watch?v=Yj_ORABqYrU
YkLlI9XybaE,1,1,concat,6,https://www.youtube.com/watch?v=YkLlI9XybaE
YmlP7fQGi48,1,1,concat,6,https://www.youtube.com/watch?v=YmlP7fQGi48
Yu-ZKgVahyY,1,1,concat,6,https://www.youtube.com/watch?v=Yu-ZKgVahyY
YuHTNDV53fg,1,1,concat,6,https://www.youtube.com/watch?v=YuHTNDV53fg
YuvceDEJRHI,1,1,concat,6,https://www.youtube.com/watch?v=YuvceDEJRHI
YvR9cgTRB1U,1,1,concat,6,https://www.youtube.com/watch?v=YvR9cgTRB1U
YxDyhgnVbd4,1,1,concat,6,https://www.youtube.com/watch?v=YxDyhgnVbd4
YxRfTXrz6FA,1,1,concat,6,https://www.youtube.com/watch?v=YxRfTXrz6FA
Z0kja_pPnvU,1,1,concat,6,https://www.youtube.com/watch?v=Z0kja_pPnvU
Z3IV-_hw71s,1,1,concat,6,https://www.youtube.com/watch?v=Z3IV-_hw71s
Z5uAs7e9DVI,1,1,concat,6,https://www.youtube.com/watch?v=Z5uAs7e9DVI
Z6J5B-5iFOQ,1,1,concat,6,https://www.youtube.com/watch?v=Z6J5B-5iFOQ
Z8VMO6rk4pE,1,1,concat,6,https://www.youtube.com/watch?v=Z8VMO6rk4pE
Z9uUHM28hKQ,1,1,concat,6,https://www.youtube.com/watch?v=Z9uUHM28hKQ
ZC3vG-ilP0w,1,1,concat,6,https://www.youtube.com/watch?v=ZC3vG-ilP0w
ZC4TBkt84mA,1,1,concat,6,https://www.youtube.com/watch?v=ZC4TBkt84mA
ZCJoVLu1SGw,1,1,concat,6,https://www.youtube.com/watch?v=ZCJoVLu1SGw
ZFUmal6HAUo,1,1,concat,6,https://www.youtube.com/watch?v=ZFUmal6HAUo
ZGk8-vCUXMc,1,1,concat,6,https://www.youtube.com/watch?v=ZGk8-vCUXMc
ZK28SSAPCFg,1,1,concat,6,https://www.youtube.com/watch?v=ZK28SSAPCFg
ZKx-vosMUqk,1,1,concat,6,https://www.youtube.com/watch?v=ZKx-vosMUqk
ZP_4ZwFkoTw,1,1,concat,6,https://www.youtube.com/watch?v=ZP_4ZwFkoTw
ZUd5aPZc97o,1,1,concat,6,https://www.youtube.com/watch?v=ZUd5aPZc97o
ZVZKiAXkiCc,1,1,concat,6,https://www.youtube.com/watch?v=ZVZKiAXkiCc
ZWNPna7Lz18,1,1,concat,6,https://www.youtube.com/watch?v=ZWNPna7Lz18
ZXrcyFC-FV0,1,1,concat,6,https://www.youtube.com/watch?v=ZXrcyFC-FV0
ZZUAlSmrFK8,1,1,concat,6,https://www.youtube.com/watch?v=ZZUAlSmrFK8
Z_nbq84ycX4,1,1,concat,6,https://www.youtube.com/watch?v=Z_nbq84ycX4
Za-y0IeKGDg,1,1,concat,6,https://www.youtube.com/watch?v=Za-y0IeKGDg
ZaVHv29SUKw,1,1,concat,6,https://www.youtube.com/watch?v=ZaVHv29SUKw
ZaqaQypZ_Eg,1,1,concat,6,https://www.youtube.com/watch?v=ZaqaQypZ_Eg
ZdU_fKOb67I,1,1,concat,6,https://www.youtube.com/watch?v=ZdU_fKOb67I
ZdjWQJDa7_8,1,1,concat,6,https://www.youtube.com/watch?v=ZdjWQJDa7_8
Zf0rHlvSp6w,1,1,concat,6,https://www.youtube.com/watch?v=Zf0rHlvSp6w
ZfOvjZBKU6Q,1,1,concat,6,https://www.youtube.com/watch?v=ZfOvjZBKU6Q
ZjRIc9Pki4A,1,1,concat,6,https://www.youtube.com/watch?v=ZjRIc9Pki4A
Zn-zdjmFRho,1,1,concat,6,https://www.youtube.com/watch?v=Zn-zdjmFRho
ZoHZhEsdJ5w,1,1,concat,6,https://www.youtube.com/watch?v=ZoHZhEsdJ5w
Zp1Y6UhPoq4,1,1,concat,6,https://www.youtube.com/watch?v=Zp1Y6UhPoq4
Zpka-S9CMag,1,1,concat,6,https://www.youtube.com/watch?v=Zpka-S9CMag
Zq0kkrlfgnE,1,1,concat,6,https://www.youtube.com/watch?v=Zq0kkrlfgnE
ZrVmr79ef_Y,1,1,concat,6,https://www.youtube.com/watch?v=ZrVmr79ef_Y
ZsxjD8hGAPA,1,1,concat,6,https://www.youtube.com/watch?v=ZsxjD8hGAPA
Ztm5XOzOZ-I,1,1,concat,6,https://www.youtube.com/watch?v=Ztm5XOzOZ-I
ZtndEEs0yd8,1,1,concat,6,https://www.youtube.com/watch?v=ZtndEEs0yd8
Zxm7Gh0hobg,1,1,concat,6,https://www.youtube.com/watch?v=Zxm7Gh0hobg
_-Cmyo3DexQ,1,1,concat,6,https://www.youtube.com/watch?v=_-Cmyo3DexQ
_-K2GykfZs8,1,1,concat,6,https://www.youtube.com/watch?v=_-K2GykfZs8
_06-rRZIfC4,1,1,concat,6,https://www.youtube.com/watch?v=_06-rRZIfC4
_3jTt090KCY,1,1,concat,6,https://www.youtube.com/watch?v=_3jTt090KCY
_6FdMsFk2jk,1,1,concat,6,https://www.youtube.com/watch?v=_6FdMsFk2jk
_DPLA2PN9h0,1,1,concat,6,https://www.youtube.com/watch?v=_DPLA2PN9h0
_EoVKAgZwlw,1,1,concat,6,https://www.youtube.com/watch?v=_EoVKAgZwlw
_GtoZsG9b2g,1,1,concat,6,https://www.youtube.com/watch?v=_GtoZsG9b2g
_Gy2wlVRY6Q,1,1,concat,6,https://www.youtube.com/watch?v=_Gy2wlVRY6Q
_HV_iwHNkow,1,1,concat,6,https://www.youtube.com/watch?v=_HV_iwHNkow
_I54HX4kG10,1,1,concat,6,https://www.youtube.com/watch?v=_I54HX4kG10
_KQY3XFfB1k,1,1,concat,6,https://www.youtube.com/watch?v=_KQY3XFfB1k
_Lzt9WiYmXU,1,1,concat,6,https://www.youtube.com/watch?v=_Lzt9WiYmXU
_NWqeaQWepQ,1,1,concat,6,https://www.youtube.com/watch?v=_NWqeaQWepQ
_NXjm8atBV0,1,1,concat,6,https://www.youtube.com/watch?v=_NXjm8atBV0
_PPQasg4YhM,1,1,concat,6,https://www.youtube.com/watch?v=_PPQasg4YhM
_V54Fmst7Rg,1,1,concat,6,https://www.youtube.com/watch?v=_V54Fmst7Rg
_XYj4IJrqI0,1,1,concat,6,https://www.youtube.com/watch?v=_XYj4IJrqI0
_Yn_LvAf7SI,1,1,concat,6,https://www.youtube.com/watch?v=_Yn_LvAf7SI
__BjWUE1rt0,1,1,concat,6,https://www.youtube.com/watch?v=__BjWUE1rt0
_dbNwUa2hiI,1,1,concat,6,https://www.youtube.com/watch?v=_dbNwUa2hiI
_fJ9_e4tO7w,1,1,concat,6,https://www.youtube.com/watch?v=_fJ9_e4tO7w
_fLky1nutQo,1,1,concat,6,https://www.youtube.com/watch?v=_fLky1nutQo
_hGBoM0Ihwc,1,1,concat,6,https://www.youtube.com/watch?v=_hGBoM0Ihwc
_jKXS6OeqQg,1,1,concat,6,https://www.youtube.com/watch?v=_jKXS6OeqQg
_jShWDT1Uag,1,1,concat,6,https://www.youtube.com/watch?v=_jShWDT1Uag
_kCLG_-XOhg,1,1,concat,6,https://www.youtube.com/watch?v=_kCLG_-XOhg
_kLk2lqDhxI,1,1,concat,6,https://www.youtube.com/watch?v=_kLk2lqDhxI
_ke7NVVYaRQ,1,1,concat,6,https://www.youtube.com/watch?v=_ke7NVVYaRQ
_poD-T08M94,1,1,concat,6,https://www.youtube.com/watch?v=_poD-T08M94
_s8uYplJKjo,1,1,concat,6,https://www.youtube.com/watch?v=_s8uYplJKjo
_sBRk9ADpK8,1,1,concat,6,https://www.youtube.com/watch?v=_sBRk9ADpK8
_uLgwb8nvLI,1,1,concat,6,https://www.youtube.com/watch?v=_uLgwb8nvLI
_uUvKwVn2Xk,1,1,concat,6,https://www.youtube.com/watch?v=_uUvKwVn2Xk
_w057ZoLbPU,1,1,concat,6,https://www.youtube.com/watch?v=_w057ZoLbPU
_xaY9WUDQyA,1,1,concat,6,https://www.youtube.com/watch?v=_xaY9WUDQyA
_y19N6NS1rU,1,1,concat,6,https://www.youtube.com/watch?v=_y19N6NS1rU
_z5xpxz03-s,1,1,concat,6,https://www.youtube.com/watch?v=_z5xpxz03-s
a-6u2xJ2yYs,1,1,concat,6,https://www.youtube.com/watch?v=a-6u2xJ2yYs
a3j61B8LiOo,1,1,concat,6,https://www.youtube.com/watch?v=a3j61B8LiOo
a3kLXTcTsTc,1,1,concat,6,https://www.youtube.com/watch?v=a3kLXTcTsTc
a5pFOB_6Gww,1,1,concat,6,https://www.youtube.com/watch?v=a5pFOB_6Gww
a6ynJUnspdg,1,1,concat,6,https://www.youtube.com/watch?v=a6ynJUnspdg
a7-chMHiw-Q,1,1,concat,6,https://www.youtube.com/watch?v=a7-chMHiw-Q
a7So4mL2E9Y,1,1,concat,6,https://www.youtube.com/watch?v=a7So4mL2E9Y
a7TAwGKBgyQ,1,1,concat,6,https://www.youtube.com/watch?v=a7TAwGKBgyQ
aA5eKRInYI4,1,1,concat,6,https://www.youtube.com/watch?v=aA5eKRInYI4
aAUshfpVYMA,1,1,concat,6,https://www.youtube.com/watch?v=aAUshfpVYMA
aNu5Ah6cJ-Y,1,1,concat,6,https://www.youtube.com/watch?v=aNu5Ah6cJ-Y
aO6JFqBS5bs,1,1,concat,6,https://www.youtube.com/watch?v=aO6JFqBS5bs
aThHntX97dU,1,1,concat,6,https://www.youtube.com/watch?v=aThHntX97dU
aWrK_l78dUA,1,1,concat,6,https://www.youtube.com/watch?v=aWrK_l78dUA
a_9uVjasSoo,1,1,concat,6,https://www.youtube.com/watch?v=a_9uVjasSoo
a_APMm4gY1I,1,1,concat,6,https://www.youtube.com/watch?v=a_APMm4gY1I
amZXZ_AT444,1,1,concat,6,https://www.youtube.com/watch?v=amZXZ_AT444
amwknqjf7ZU,1,1,concat,6,https://www.youtube.com/watch?v=amwknqjf7ZU
aqfFAXrCYQU,1,1,concat,6,https://www.youtube.com/watch?v=aqfFAXrCYQU
arflEM_fL6E,1,1,concat,6,https://www.youtube.com/watch?v=arflEM_fL6E
b0GmcEURZ34,1,1,concat,6,https://www.youtube.com/watch?v=b0GmcEURZ34
b0gpoYNct5g,1,1,concat,6,https://www.youtube.com/watch?v=b0gpoYNct5g
b2iACGKsEJE,1,1,concat,6,https://www.youtube.com/watch?v=b2iACGKsEJE
b6Xwcb7UQgY,1,1,concat,6,https://www.youtube.com/watch?v=b6Xwcb7UQgY
b9W8VOhTsTc,1,1,concat,6,https://www.youtube.com/watch?v=b9W8VOhTsTc
bCyCA8bahTU,1,1,concat,6,https://www.youtube.com/watch?v=bCyCA8bahTU
bE3ETTXdJgk,1,1,concat,6,https://www.youtube.com/watch?v=bE3ETTXdJgk
bI46Dny1lM0,1,1,concat,6,https://www.youtube.com/watch?v=bI46Dny1lM0
bIBAOVglatI,1,1,concat,6,https://www.youtube.com/watch?v=bIBAOVglatI
bIPS9DCdPV4,1,1,concat,6,https://www.youtube.com/watch?v=bIPS9DCdPV4
bJF9GJFiRR4,1,1,concat,6,https://www.youtube.com/watch?v=bJF9GJFiRR4
bNK3NKZ4n9w,1,1,concat,6,https://www.youtube.com/watch?v=bNK3NKZ4n9w
bRxFXEifano,1,1,concat,6,https://www.youtube.com/watch?v=bRxFXEifano
bTHx0n1nMbs,1,1,concat,6,https://www.youtube.com/watch?v=bTHx0n1nMbs
bUuAeEvZet4,1,1,concat,6,https://www.youtube.com/watch?v=bUuAeEvZet4
bVd1C6P-YvQ,1,1,concat,6,https://www.youtube.com/watch?v=bVd1C6P-YvQ
b_HUGZtuw-0,1,1,concat,6,https://www.youtube.com/watch?v=b_HUGZtuw-0
b_MWtxjRghU,1,1,concat,6,https://www.youtube.com/watch?v=b_MWtxjRghU
bc_SYq1InB0,1,1,concat,6,https://www.youtube.com/watch?v=bc_SYq1InB0
bdGDrCPZN0M,1,1,concat,6,https://www.youtube.com/watch?v=bdGDrCPZN0M
bfJdo4vT4qc,1,1,concat,6,https://www.youtube.com/watch?v=bfJdo4vT4qc
bgrYSidsvjk,1,1,concat,6,https://www.youtube.com/watch?v=bgrYSidsvjk
bjkFS1xl1vs,1,1,concat,6,https://www.youtube.com/watch?v=bjkFS1xl1vs
bmxjzAFi9gQ,1,1,concat,6,https://www.youtube.com/watch?v=bmxjzAFi9gQ
bnHqyTlqsV4,1,1,concat,6,https://www.youtube.com/watch?v=bnHqyTlqsV4
bnR43ivkziw,1,1,concat,6,https://www.youtube.com/watch?v=bnR43ivkziw
boLvCbo7zaU,1,1,concat,6,https://www.youtube.com/watch?v=boLvCbo7zaU
bq8PBFbhyvY,1,1,concat,6,https://www.youtube.com/watch?v=bq8PBFbhyvY
brLW-aVo_dQ,1,1,concat,6,https://www.youtube.com/watch?v=brLW-aVo_dQ
brhgiKz0phs,1,1,concat,6,https://www.youtube.com/watch?v=brhgiKz0phs
bs0w7fWveYI,1,1,concat,6,https://www.youtube.com/watch?v=bs0w7fWveYI
byrJRl4x3AM,1,1,concat,6,https://www.youtube.com/watch?v=byrJRl4x3AM
bzBlXF7HONA,1,1,concat,6,https://www.youtube.com/watch?v=bzBlXF7HONA
c-QjZtgsZ0I,1,1,concat,6,https://www.youtube.com/watch?v=c-QjZtgsZ0I
c0GUO4VSgQo,1,1,concat,6,https://www.youtube.com/watch?v=c0GUO4VSgQo
c0gb23b0GpY,1,1,concat,6,https://www.youtube.com/watch?v=c0gb23b0GpY
c30oil5GNeo,1,1,concat,6,https://www.youtube.com/watch?v=c30oil5GNeo
c42U2e9hAD4,1,1,concat,6,https://www.youtube.com/watch?v=c42U2e9hAD4
c5l6ib3l93Q,1,1,concat,6,https://www.youtube.com/watch?v=c5l6ib3l93Q
cA9memYoDBw,1,1,concat,6,https://www.youtube.com/watch?v=cA9memYoDBw
cAq5vuf9HLo,1,1,concat,6,https://www.youtube.com/watch?v=cAq5vuf9HLo
cB-HuqHf5zQ,1,1,concat,6,https://www.youtube.com/watch?v=cB-HuqHf5zQ
cBQEbuuSb6s,1,1,concat,6,https://www.youtube.com/watch?v=cBQEbuuSb6s
cJ152Gf2RZY,1,1,concat,6,https://www.youtube.com/watch?v=cJ152Gf2RZY
cL5IOlnkaS8,1,1,concat,6,https://www.youtube.com/watch?v=cL5IOlnkaS8
cLVmk52W78w,1,1,concat,6,https://www.youtube.com/watch?v=cLVmk52W78w
cN84RsZhGt8,1,1,concat,6,https://www.youtube.com/watch?v=cN84RsZhGt8
cQtCDjfqf4Q,1,1,concat,6,https://www.youtube.com/watch?v=cQtCDjfqf4Q
cTVYu9uFl8E,1,1,concat,6,https://www.youtube.com/watch?v=cTVYu9uFl8E
cTrFYXu7kQw,1,1,concat,6,https://www.youtube.com/watch?v=cTrFYXu7kQw
cePtbPbBWmk,1,1,concat,6,https://www.youtube.com/watch?v=cePtbPbBWmk
cgFi5Vi4_bc,1,1,concat,6,https://www.youtube.com/watch?v=cgFi5Vi4_bc
clyDQ_QG32Y,1,1,concat,6,https://www.youtube.com/watch?v=clyDQ_QG32Y
cmAK2NJQ83A,1,1,concat,6,https://www.youtube.com/watch?v=cmAK2NJQ83A
co2NR7GraFw,1,1,concat,6,https://www.youtube.com/watch?v=co2NR7GraFw
codypjNDPHU,1,1,concat,6,https://www.youtube.com/watch?v=codypjNDPHU
cov0hi4wo1Q,1,1,concat,6,https://www.youtube.com/watch?v=cov0hi4wo1Q
cqeVbrN4TuY,1,1,concat,6,https://www.youtube.com/watch?v=cqeVbrN4TuY
crRojZ4x31w,1,1,concat,6,https://www.youtube.com/watch?v=crRojZ4x31w
ct2KdTlUufQ,1,1,concat,6,https://www.youtube.com/watch?v=ct2KdTlUufQ
cuefdemfh18,1,1,concat,6,https://www.youtube.com/watch?v=cuefdemfh18
cvbvBBmu5UE,1,1,concat,6,https://www.youtube.com/watch?v=cvbvBBmu5UE
cwHifG5HiEg,1,1,concat,6,https://www.youtube.com/watch?v=cwHifG5HiEg
cxkENicGxfU,1,1,concat,6,https://www.youtube.com/watch?v=cxkENicGxfU
cy8RaZob4BQ,1,1,concat,6,https://www.youtube.com/watch?v=cy8RaZob4BQ
cyCtePkP9rI,1,1,concat,6,https://www.youtube.com/watch?v=cyCtePkP9rI
czFENqmcBYk,1,1,concat,6,https://www.youtube.com/watch?v=czFENqmcBYk
d3B2h8VOINc,1,1,concat,6,https://www.youtube.com/watch?v=d3B2h8VOINc
d5h5tJ4FXHo,1,1,concat,6,https://www.youtube.com/watch?v=d5h5tJ4FXHo
d8NmMwRpDkA,1,1,concat,6,https://www.youtube.com/watch?v=d8NmMwRpDkA
d99UXbWnVd8,1,1,concat,6,https://www.youtube.com/watch?v=d99UXbWnVd8
d9dPOHj5wGY,1,1,concat,6,https://www.youtube.com/watch?v=d9dPOHj5wGY
dCwyxqJQn0Q,1,1,concat,6,https://www.youtube.com/watch?v=dCwyxqJQn0Q
dHUQua2mNe8,1,1,concat,6,https://www.youtube.com/watch?v=dHUQua2mNe8
dLTAQj1Di2A,1,1,concat,6,https://www.youtube.com/watch?v=dLTAQj1Di2A
dMKONlUAaZ4,1,1,concat,6,https://www.youtube.com/watch?v=dMKONlUAaZ4
dNzAwvS5fFY,1,1,concat,6,https://www.youtube.com/watch?v=dNzAwvS5fFY
dUGHLFvc7kU,1,1,concat,6,https://www.youtube.com/watch?v=dUGHLFvc7kU
dVs35xOBhH8,1,1,concat,6,https://www.youtube.com/watch?v=dVs35xOBhH8
dVyaGnjKrpk,1,1,concat,6,https://www.youtube.com/watch?v=dVyaGnjKrpk
dXsGaFZzTVc,1,1,concat,6,https://www.youtube.com/watch?v=dXsGaFZzTVc
dYjlK9708U8,1,1,concat,6,https://www.youtube.com/watch?v=dYjlK9708U8
d_DTV_KsM7E,1,1,concat,6,https://www.youtube.com/watch?v=d_DTV_KsM7E
dfKQxWRt7yY,1,1,concat,6,https://www.youtube.com/watch?v=dfKQxWRt7yY
dffWt0bBxvs,1,1,concat,6,https://www.youtube.com/watch?v=dffWt0bBxvs
dhLViNwn23U,1,1,concat,6,https://www.youtube.com/watch?v=dhLViNwn23U
dhvxhN3WHVU,1,1,concat,6,https://www.youtube.com/watch?v=dhvxhN3WHVU
djywCpvpvEc,1,1,concat,6,https://www.youtube.com/watch?v=djywCpvpvEc
dkvjey9iWtI,1,1,concat,6,https://www.youtube.com/watch?v=dkvjey9iWtI
dnaP7Aqxdyg,1,1,concat,6,https://www.youtube.com/watch?v=dnaP7Aqxdyg
dobHrY5BAuE,1,1,concat,6,https://www.youtube.com/watch?v=dobHrY5BAuE
dtBgxNhMrjc,1,1,concat,6,https://www.youtube.com/watch?v=dtBgxNhMrjc
dv799byI5Dw,1,1,concat,6,https://www.youtube.com/watch?v=dv799byI5Dw
dxt4WUHiiew,1,1,concat,6,https://www.youtube.com/watch?v=dxt4WUHiiew
e25jWh1JJ3g,1,1,concat,6,https://www.youtube.com/watch?v=e25jWh1JJ3g
e2TNCf2PEyw,1,1,concat,6,https://www.youtube.com/watch?v=e2TNCf2PEyw
e5vaJXtIaaE,1,1,concat,6,https://www.youtube.com/watch?v=e5vaJXtIaaE
e6Sins2Z2oY,1,1,concat,6,https://www.youtube.com/watch?v=e6Sins2Z2oY
e6aqXU6FBnc,1,1,concat,6,https://www.youtube.com/watch?v=e6aqXU6FBnc
e8B29vYkZG4,1,1,concat,6,https://www.youtube.com/watch?v=e8B29vYkZG4
e8Ie-rBUFrQ,1,1,concat,6,https://www.youtube.com/watch?v=e8Ie-rBUFrQ
e8pg7Wig4zI,1,1,concat,6,https://www.youtube.com/watch?v=e8pg7Wig4zI
eA-aDq1St38,1,1,concat,6,https://www.youtube.com/watch?v=eA-aDq1St38
eA88Eti1jk0,1,1,concat,6,https://www.youtube.com/watch?v=eA88Eti1jk0
eFunauf2GP8,1,1,concat,6,https://www.youtube.com/watch?v=eFunauf2GP8
eGKzhVn7ufU,1,1,concat,6,https://www.youtube.com/watch?v=eGKzhVn7ufU
eH-gQ2E3C0I,1,1,concat,6,https://www.youtube.com/watch?v=eH-gQ2E3C0I
eJb3H8uF5aE,1,1,concat,6,https://www.youtube.com/watch?v=eJb3H8uF5aE
eLxWXTj3vAE,1,1,concat,6,https://www.youtube.com/watch?v=eLxWXTj3vAE
eNeKsutTlCE,1,1,concat,6,https://www.youtube.com/watch?v=eNeKsutTlCE
eRcH0UwtIIc,1,1,concat,6,https://www.youtube.com/watch?v=eRcH0UwtIIc
eRwjAMFZuMY,1,1,concat,6,https://www.youtube.com/watch?v=eRwjAMFZuMY
eSTPO-XjL9M,1,1,concat,6,https://www.youtube.com/watch?v=eSTPO-XjL9M
eVgdLF9dFWQ,1,1,concat,6,https://www.youtube.com/watch?v=eVgdLF9dFWQ
ea8MzbAIXdU,1,1,concat,6,https://www.youtube.com/watch?v=ea8MzbAIXdU
eaTnAr3AUko,1,1,concat,6,https://www.youtube.com/watch?v=eaTnAr3AUko
ebZIpij85VY,1,1,concat,6,https://www.youtube.com/watch?v=ebZIpij85VY
ecVeC3zbJ7Y,1,1,concat,6,https://www.youtube.com/watch?v=ecVeC3zbJ7Y
edXE0-avZLs,1,1,concat,6,https://www.youtube.com/watch?v=edXE0-avZLs
edxPO7uXThg,1,1,concat,6,https://www.youtube.com/watch?v=edxPO7uXThg
ee6GJA09SIs,1,1,concat,6,https://www.youtube.com/watch?v=ee6GJA09SIs
eeedkCfysy4,1,1,concat,6,https://www.youtube.com/watch?v=eeedkCfysy4
ef0FTwNFeZU,1,1,concat,6,https://www.youtube.com/watch?v=ef0FTwNFeZU
egH-TuzUs-k,1,1,concat,6,https://www.youtube.com/watch?v=egH-TuzUs-k
ehXsmPLT_KE,1,1,concat,6,https://www.youtube.com/watch?v=ehXsmPLT_KE
eiL4DcsShOA,1,1,concat,6,https://www.youtube.com/watch?v=eiL4DcsShOA
ejWqKrTedUI,1,1,concat,6,https://www.youtube.com/watch?v=ejWqKrTedUI
ejzlR3v7UuQ,1,1,concat,6,https://www.youtube.com/watch?v=ejzlR3v7UuQ
ekdUgU9nOpE,1,1,concat,6,https://www.youtube.com/watch?v=ekdUgU9nOpE
em7nu1mDZkE,1,1,concat,6,https://www.youtube.com/watch?v=em7nu1mDZkE
epBq1Vg4KkI,1,1,concat,6,https://www.youtube.com/watch?v=epBq1Vg4KkI
epXCIwwBwWY,1,1,concat,6,https://www.youtube.com/watch?v=epXCIwwBwWY
eq8MyI0kc40,1,1,concat,6,https://www.youtube.com/watch?v=eq8MyI0kc40
ev_kWUtISiA,1,1,concat,6,https://www.youtube.com/watch?v=ev_kWUtISiA
evyVW18rQK8,1,1,concat,6,https://www.youtube.com/watch?v=evyVW18rQK8
ex3csDHPyEY,1,1,concat,6,https://www.youtube.com/watch?v=ex3csDHPyEY
exutgWhQWtM,1,1,concat,6,https://www.youtube.com/watch?v=exutgWhQWtM
f-AtuimMzfk,1,1,concat,6,https://www.youtube.com/watch?v=f-AtuimMzfk
f08aWm8vQVI,1,1,concat,6,https://www.youtube.com/watch?v=f08aWm8vQVI
f3PP9bQX-J0,1,1,concat,6,https://www.youtube.com/watch?v=f3PP9bQX-J0
f4S2zVfffBs,1,1,concat,6,https://www.youtube.com/watch?v=f4S2zVfffBs
f7V3D6RVyUA,1,1,concat,6,https://www.youtube.com/watch?v=f7V3D6RVyUA
f8jEJkpTHUU,1,1,concat,6,https://www.youtube.com/watch?v=f8jEJkpTHUU
fD48DWjVYRE,1,1,concat,6,https://www.youtube.com/watch?v=fD48DWjVYRE
fGyaEESdY3Q,1,1,concat,6,https://www.youtube.com/watch?v=fGyaEESdY3Q
fHbHoIh6O50,1,1,concat,6,https://www.youtube.com/watch?v=fHbHoIh6O50
fJ-VsiWq8Xw,1,1,concat,6,https://www.youtube.com/watch?v=fJ-VsiWq8Xw
fJDU3bj40Jk,1,1,concat,6,https://www.youtube.com/watch?v=fJDU3bj40Jk
fKgGsBP-NXI,1,1,concat,6,https://www.youtube.com/watch?v=fKgGsBP-NXI
fKtx-GVVt74,1,1,concat,6,https://www.youtube.com/watch?v=fKtx-GVVt74
fOWcMzUPPhQ,1,1,concat,6,https://www.youtube.com/watch?v=fOWcMzUPPhQ
fTpDIiEhjJQ,1,1,concat,6,https://www.youtube.com/watch?v=fTpDIiEhjJQ
fYa5k98KZrs,1,1,concat,6,https://www.youtube.com/watch?v=fYa5k98KZrs
f_bUtopi104,1,1,concat,6,https://www.youtube.com/watch?v=f_bUtopi104
fcBpmihKSaQ,1,1,concat,6,https://www.youtube.com/watch?v=fcBpmihKSaQ
fd0Iq_EEnY8,1,1,concat,6,https://www.youtube.com/watch?v=fd0Iq_EEnY8
ffWUB-bVc-c,1,1,concat,6,https://www.youtube.com/watch?v=ffWUB-bVc-c
ffvOJ4mJUJQ,1,1,concat,6,https://www.youtube.com/watch?v=ffvOJ4mJUJQ
fgJ7vu-EQdI,1,1,concat,6,https://www.youtube.com/watch?v=fgJ7vu-EQdI
fgpgXsfCRiw,1,1,concat,6,https://www.youtube.com/watch?v=fgpgXsfCRiw
foFvn6o_qWI,1,1,concat,6,https://www.youtube.com/watch?v=foFvn6o_qWI
fpDJeG8yeYo,1,1,concat,6,https://www.youtube.com/watch?v=fpDJeG8yeYo
fpfb5He25Ws,1,1,concat,6,https://www.youtube.com/watch?v=fpfb5He25Ws
fpvl8gK9J_w,1,1,concat,6,https://www.youtube.com/watch?v=fpvl8gK9J_w
fqHSPRV076I,1,1,concat,6,https://www.youtube.com/watch?v=fqHSPRV076I
fr5a7O3KN2k,1,1,concat,6,https://www.youtube.com/watch?v=fr5a7O3KN2k
ftA4bl3VwO0,1,1,concat,6,https://www.youtube.com/watch?v=ftA4bl3VwO0
fvw1eJeAB0I,1,1,concat,6,https://www.youtube.com/watch?v=fvw1eJeAB0I
fxbM3jtFlrM,1,1,concat,6,https://www.youtube.com/watch?v=fxbM3jtFlrM
fzFBiBiM1Mw,1,1,concat,6,https://www.youtube.com/watch?v=fzFBiBiM1Mw
g-LwFitWb2k,1,1,concat,6,https://www.youtube.com/watch?v=g-LwFitWb2k
g-eO8wgNLII,1,1,concat,6,https://www.youtube.com/watch?v=g-eO8wgNLII
g-sEVUd2qro,1,1,concat,6,https://www.youtube.com/watch?v=g-sEVUd2qro
g0wyFhI-4_M,1,1,concat,6,https://www.youtube.com/watch?v=g0wyFhI-4_M
g5cTcMBES5I,1,1,concat,6,https://www.youtube.com/watch?v=g5cTcMBES5I
gB4QRg-dZ5M,1,1,concat,6,https://www.youtube.com/watch?v=gB4QRg-dZ5M
gCLn8o3Lq3A,1,1,concat,6,https://www.youtube.com/watch?v=gCLn8o3Lq3A
gDIX6uN6ZGA,1,1,concat,6,https://www.youtube.com/watch?v=gDIX6uN6ZGA
gD_oPXs8e7E,1,1,concat,6,https://www.youtube.com/watch?v=gD_oPXs8e7E
gFehradZiFU,1,1,concat,6,https://www.youtube.com/watch?v=gFehradZiFU
gGFGUxLvWPs,1,1,concat,6,https://www.youtube.com/watch?v=gGFGUxLvWPs
gKrolwGDrsg,1,1,concat,6,https://www.youtube.com/watch?v=gKrolwGDrsg
gLf_6NweOFE,1,1,concat,6,https://www.youtube.com/watch?v=gLf_6NweOFE
gNESV9H0Gfg,1,1,concat,6,https://www.youtube.com/watch?v=gNESV9H0Gfg
gOcgh8YEb4U,1,1,concat,6,https://www.youtube.com/watch?v=gOcgh8YEb4U
gRUkt84-8ag,1,1,concat,6,https://www.youtube.com/watch?v=gRUkt84-8ag
gU1JrysVUkk,1,1,concat,6,https://www.youtube.com/watch?v=gU1JrysVUkk
gW-klEItivg,1,1,concat,6,https://www.youtube.com/watch?v=gW-klEItivg
gWR3joUdip4,1,1,concat,6,https://www.youtube.com/watch?v=gWR3joUdip4
gX6nYwmYbRM,1,1,concat,6,https://www.youtube.com/watch?v=gX6nYwmYbRM
g_fouE_TPwc,1,1,concat,6,https://www.youtube.com/watch?v=g_fouE_TPwc
g_vaycAjQ_Y,1,1,concat,6,https://www.youtube.com/watch?v=g_vaycAjQ_Y
gbaDOQhtU00,1,1,concat,6,https://www.youtube.com/watch?v=gbaDOQhtU00
gd1wZm2Klk4,1,1,concat,6,https://www.youtube.com/watch?v=gd1wZm2Klk4
gdeT_VBqPDA,1,1,concat,6,https://www.youtube.com/watch?v=gdeT_VBqPDA
giX6u_O2FSE,1,1,concat,6,https://www.youtube.com/watch?v=giX6u_O2FSE
gj-vQxNHGcs,1,1,concat,6,https://www.youtube.com/watch?v=gj-vQxNHGcs
go_xfBlgPl0,1,1,concat,6,https://www.youtube.com/watch?v=go_xfBlgPl0
gqCOH0vymXQ,1,1,concat,6,https://www.youtube.com/watch?v=gqCOH0vymXQ
gqpb3hXZJYk,1,1,concat,6,https://www.youtube.com/watch?v=gqpb3hXZJYk
grgsZ5FgkJE,1,1,concat,6,https://www.youtube.com/watch?v=grgsZ5FgkJE
gs1EmercxW8,1,1,concat,6,https://www.youtube.com/watch?v=gs1EmercxW8
gsthRskb8YI,1,1,concat,6,https://www.youtube.com/watch?v=gsthRskb8YI
gtitR-oec-U,1,1,concat,6,https://www.youtube.com/watch?v=gtitR-oec-U
guCJmO1c7-4,1,1,concat,6,https://www.youtube.com/watch?v=guCJmO1c7-4
guY85tQRC4M,1,1,concat,6,https://www.youtube.com/watch?v=guY85tQRC4M
gvsCPy1tAnY,1,1,concat,6,https://www.youtube.com/watch?v=gvsCPy1tAnY
gvsk_Lksumw,1,1,concat,6,https://www.youtube.com/watch?v=gvsk_Lksumw
gwPu4bk7Grs,1,1,concat,6,https://www.youtube.com/watch?v=gwPu4bk7Grs
gx277_4OS1s,1,1,concat,6,https://www.youtube.com/watch?v=gx277_4OS1s
gx5EXs8_e_w,1,1,concat,6,https://www.youtube.com/watch?v=gx5EXs8_e_w
gzYobsR5dyU,1,1,concat,6,https://www.youtube.com/watch?v=gzYobsR5dyU
h-3NR-7bpSE,1,1,concat,6,https://www.youtube.com/watch?v=h-3NR-7bpSE
h185iwcC3Ro,1,1,concat,6,https://www.youtube.com/watch?v=h185iwcC3Ro
h1H9T-iWscU,1,1,concat,6,https://www.youtube.com/watch?v=h1H9T-iWscU
h2B26ArS7EI,1,1,concat,6,https://www.youtube.com/watch?v=h2B26ArS7EI
h2UcNYRgYxY,1,1,concat,6,https://www.youtube.com/watch?v=h2UcNYRgYxY
h33aoLd0_Do,1,1,concat,6,https://www.youtube.com/watch?v=h33aoLd0_Do
h8CK9dsQfYQ,1,1,concat,6,https://www.youtube.com/watch?v=h8CK9dsQfYQ
hAcsWYxNlzs,1,1,concat,6,https://www.youtube.com/watch?v=hAcsWYxNlzs
hAvX1pgwAIY,1,1,concat,6,https://www.youtube.com/watch?v=hAvX1pgwAIY
hBp6XCBBoWY,1,1,concat,6,https://www.youtube.com/watch?v=hBp6XCBBoWY
hC-Qy2oFvpM,1,1,concat,6,https://www.youtube.com/watch?v=hC-Qy2oFvpM
hCrl2_MQ4Rk,1,1,concat,6,https://www.youtube.com/watch?v=hCrl2_MQ4Rk
hDM7tQ2eQ1M,1,1,concat,6,https://www.youtube.com/watch?v=hDM7tQ2eQ1M
hE6g1OQU-Ks,1,1,concat,6,https://www.youtube.com/watch?v=hE6g1OQU-Ks
hEYTpwGnVz0,1,1,concat,6,https://www.youtube.com/watch?v=hEYTpwGnVz0
hG2FY4hqwVA,1,1,concat,6,https://www.youtube.com/watch?v=hG2FY4hqwVA
hKQbJwUFkj8,1,1,concat,6,https://www.youtube.com/watch?v=hKQbJwUFkj8
hLCk6KmcHsQ,1,1,concat,6,https://www.youtube.com/watch?v=hLCk6KmcHsQ
hLQ8liyEY-s,1,1,concat,6,https://www.youtube.com/watch?v=hLQ8liyEY-s
hLeUZMdtpkU,1,1,concat,6,https://www.youtube.com/watch?v=hLeUZMdtpkU
hNRNQP5ng8o,1,1,concat,6,https://www.youtube.com/watch?v=hNRNQP5ng8o
hOYfMsBDHog,1,1,concat,6,https://www.youtube.com/watch?v=hOYfMsBDHog
hP9umPdX9zs,1,1,concat,6,https://www.youtube.com/watch?v=hP9umPdX9zs
hRJI-twzQaA,1,1,concat,6,https://www.youtube.com/watch?v=hRJI-twzQaA
hRfikvwdGa8,1,1,concat,6,https://www.youtube.com/watch?v=hRfikvwdGa8
hRwtsK_aTN8,1,1,concat,6,https://www.youtube.com/watch?v=hRwtsK_aTN8
hS-trZK3Rbk,1,1,concat,6,https://www.youtube.com/watch?v=hS-trZK3Rbk
hSAfEBQTSkI,1,1,concat,6,https://www.youtube.com/watch?v=hSAfEBQTSkI
hTxOk_Bdzs0,1,1,concat,6,https://www.youtube.com/watch?v=hTxOk_Bdzs0
hUfSSjqLLvw,1,1,concat,6,https://www.youtube.com/watch?v=hUfSSjqLLvw
hZN-PzibC1Q,1,1,concat,6,https://www.youtube.com/watch?v=hZN-PzibC1Q
haQs_jp7MiU,1,1,concat,6,https://www.youtube.com/watch?v=haQs_jp7MiU
haj786AzMl0,1,1,concat,6,https://www.youtube.com/watch?v=haj786AzMl0
hanv5U5dNY0,1,1,concat,6,https://www.youtube.com/watch?v=hanv5U5dNY0
hasw-m6tAY8,1,1,concat,6,https://www.youtube.com/watch?v=hasw-m6tAY8
hb9Pxf0FGUA,1,1,concat,6,https://www.youtube.com/watch?v=hb9Pxf0FGUA
hbq9tO_aICA,1,1,concat,6,https://www.youtube.com/watch?v=hbq9tO_aICA
hcW-ygHI800,1,1,concat,6,https://www.youtube.com/watch?v=hcW-ygHI800
hd2yZDqzfHw,1,1,concat,6,https://www.youtube.com/watch?v=hd2yZDqzfHw
heyhydzBQPU,1,1,concat,6,https://www.youtube.com/watch?v=heyhydzBQPU
hfYjPrDHJm0,1,1,concat,6,https://www.youtube.com/watch?v=hfYjPrDHJm0
hhBmxHcWjZ0,1,1,concat,6,https://www.youtube.com/watch?v=hhBmxHcWjZ0
hhg9ktivlfQ,1,1,concat,6,https://www.youtube.com/watch?v=hhg9ktivlfQ
hj_hBZW2Q6Q,1,1,concat,6,https://www.youtube.com/watch?v=hj_hBZW2Q6Q
hkHrwNC7ss8,1,1,concat,6,https://www.youtube.com/watch?v=hkHrwNC7ss8
hkgiQD1lmw8,1,1,concat,6,https://www.youtube.com/watch?v=hkgiQD1lmw8
hlGw5z_qi1Q,1,1,concat,6,https://www.youtube.com/watch?v=hlGw5z_qi1Q
hnisdYrPCOA,1,1,concat,6,https://www.youtube.com/watch?v=hnisdYrPCOA
hqJfH8yvrNI,1,1,concat,6,https://www.youtube.com/watch?v=hqJfH8yvrNI
hquCjov5aUc,1,1,concat,6,https://www.youtube.com/watch?v=hquCjov5aUc
hu6UTDHKI_s,1,1,concat,6,https://www.youtube.com/watch?v=hu6UTDHKI_s
hzla3JYgbr8,1,1,concat,6,https://www.youtube.com/watch?v=hzla3JYgbr8
hzwSzNV1nF0,1,1,concat,6,https://www.youtube.com/watch?v=hzwSzNV1nF0
i-5-qdjtxJs,1,1,concat,6,https://www.youtube.com/watch?v=i-5-qdjtxJs
i0XaOvAUDG8,1,1,concat,6,https://www.youtube.com/watch?v=i0XaOvAUDG8
i0zI6KGgRfg,1,1,concat,6,https://www.youtube.com/watch?v=i0zI6KGgRfg
i16ep3TCR2A,1,1,concat,6,https://www.youtube.com/watch?v=i16ep3TCR2A
i6QWGVaEogo,1,1,concat,6,https://www.youtube.com/watch?v=i6QWGVaEogo
iACoeYBuF7c,1,1,concat,6,https://www.youtube.com/watch?v=iACoeYBuF7c
iB4uixwKs4E,1,1,concat,6,https://www.youtube.com/watch?v=iB4uixwKs4E
iBUWw_NkGZc,1,1,concat,6,https://www.youtube.com/watch?v=iBUWw_NkGZc
iEiqSl9Q0O0,1,1,concat,6,https://www.youtube.com/watch?v=iEiqSl9Q0O0
iFlwce3cNGk,1,1,concat,6,https://www.youtube.com/watch?v=iFlwce3cNGk
iFnP2qK1kIk,1,1,concat,6,https://www.youtube.com/watch?v=iFnP2qK1kIk
iFtpIpAJCoI,1,1,concat,6,https://www.youtube.com/watch?v=iFtpIpAJCoI
iGXxmtdCp58,1,1,concat,6,https://www.youtube.com/watch?v=iGXxmtdCp58
iGggD14HQZc,1,1,concat,6,https://www.youtube.com/watch?v=iGggD14HQZc
iS5B7AojbKs,1,1,concat,6,https://www.youtube.com/watch?v=iS5B7AojbKs
iT5Acof7SkQ,1,1,concat,6,https://www.youtube.com/watch?v=iT5Acof7SkQ
iVnCaCz-fAQ,1,1,concat,6,https://www.youtube.com/watch?v=iVnCaCz-fAQ
iWFnWFAihrw,1,1,concat,6,https://www.youtube.com/watch?v=iWFnWFAihrw
iXhT_GkKl2E,1,1,concat,6,https://www.youtube.com/watch?v=iXhT_GkKl2E
iYtPOEnkg9M,1,1,concat,6,https://www.youtube.com/watch?v=iYtPOEnkg9M
iZ_7b6NbQO4,1,1,concat,6,https://www.youtube.com/watch?v=iZ_7b6NbQO4
iaUDeZ4KUkQ,1,1,concat,6,https://www.youtube.com/watch?v=iaUDeZ4KUkQ
ianPnBqMC5c,1,1,concat,6,https://www.youtube.com/watch?v=ianPnBqMC5c
ighhnTV4Zdc,1,1,concat,6,https://www.youtube.com/watch?v=ighhnTV4Zdc
iix0WzYaN9A,1,1,concat,6,https://www.youtube.com/watch?v=iix0WzYaN9A
io6-zwjhazc,1,1,concat,6,https://www.youtube.com/watch?v=io6-zwjhazc
ip8O_G9CBcU,1,1,concat,6,https://www.youtube.com/watch?v=ip8O_G9CBcU
iph2SHwcVV0,1,1,concat,6,https://www.youtube.com/watch?v=iph2SHwcVV0
iqOean-YME0,1,1,concat,6,https://www.youtube.com/watch?v=iqOean-YME0
iqlEoMR5RlA,1,1,concat,6,https://www.youtube.com/watch?v=iqlEoMR5RlA
itaZIa1G7G4,1,1,concat,6,https://www.youtube.com/watch?v=itaZIa1G7G4
j2G8gikxupw,1,1,concat,6,https://www.youtube.com/watch?v=j2G8gikxupw
j5Sg_qtUz5s,1,1,concat,6,https://www.youtube.com/watch?v=j5Sg_qtUz5s
jBRl24YLv-o,1,1,concat,6,https://www.youtube.com/watch?v=jBRl24YLv-o
jDGa7cB5LOw,1,1,concat,6,https://www.youtube.com/watch?v=jDGa7cB5LOw
jF1ruMBg_NI,1,1,concat,6,https://www.youtube.com/watch?v=jF1ruMBg_NI
jG4ZGSU7VHk,1,1,concat,6,https://www.youtube.com/watch?v=jG4ZGSU7VHk
jIGjfffNRk4,1,1,concat,6,https://www.youtube.com/watch?v=jIGjfffNRk4
jJa52SPXxT4,1,1,concat,6,https://www.youtube.com/watch?v=jJa52SPXxT4
jL8nqQCW3Fk,1,1,concat,6,https://www.youtube.com/watch?v=jL8nqQCW3Fk
jLe6mYf5qdE,1,1,concat,6,https://www.youtube.com/watch?v=jLe6mYf5qdE
jOGnmtit0fg,1,1,concat,6,https://www.youtube.com/watch?v=jOGnmtit0fg
jQ7L6VszIeM,1,1,concat,6,https://www.youtube.com/watch?v=jQ7L6VszIeM
jQNd2smcPVs,1,1,concat,6,https://www.youtube.com/watch?v=jQNd2smcPVs
jRVyk4EuYxA,1,1,concat,6,https://www.youtube.com/watch?v=jRVyk4EuYxA
jUGRnY-hgS0,1,1,concat,6,https://www.youtube.com/watch?v=jUGRnY-hgS0
jUsUXZGkFuQ,1,1,concat,6,https://www.youtube.com/watch?v=jUsUXZGkFuQ
jaAjLFPRgEs,1,1,concat,6,https://www.youtube.com/watch?v=jaAjLFPRgEs
jeAM_cAkgSk,1,1,concat,6,https://www.youtube.com/watch?v=jeAM_cAkgSk
jgbNt8MPZF8,1,1,concat,6,https://www.youtube.com/watch?v=jgbNt8MPZF8
jjn4r1ruu5E,1,1,concat,6,https://www.youtube.com/watch?v=jjn4r1ruu5E
jlNkVeX0fn8,1,1,concat,6,https://www.youtube.com/watch?v=jlNkVeX0fn8
jo5xZXkrwWc,1,1,concat,6,https://www.youtube.com/watch?v=jo5xZXkrwWc
jq6dRvkKR2g,1,1,concat,6,https://www.youtube.com/watch?v=jq6dRvkKR2g
k-SikbGbkPk,1,1,concat,6,https://www.youtube.com/watch?v=k-SikbGbkPk
k0UEU09h6Ec,1,1,concat,6,https://www.youtube.com/watch?v=k0UEU09h6Ec
k0fQqMgttM0,1,1,concat,6,https://www.youtube.com/watch?v=k0fQqMgttM0
k12xwRms1w8,1,1,concat,6,https://www.youtube.com/watch?v=k12xwRms1w8
k1dEbfu0v2w,1,1,concat,6,https://www.youtube.com/watch?v=k1dEbfu0v2w
k3ELqFpk3-4,1,1,concat,6,https://www.youtube.com/watch?v=k3ELqFpk3-4
k7eKOIjoSBs,1,1,concat,6,https://www.youtube.com/watch?v=k7eKOIjoSBs
kA63ejUHP8c,1,1,concat,6,https://www.youtube.com/watch?v=kA63ejUHP8c
kCDrQtqw6iY,1,1,concat,6,https://www.youtube.com/watch?v=kCDrQtqw6iY
kFaHoIiFLbA,1,1,concat,6,https://www.youtube.com/watch?v=kFaHoIiFLbA
kGA07J3eu48,1,1,concat,6,https://www.youtube.com/watch?v=kGA07J3eu48
kGiUBp7MK90,1,1,concat,6,https://www.youtube.com/watch?v=kGiUBp7MK90
kGph0UibSE4,1,1,concat,6,https://www.youtube.com/watch?v=kGph0UibSE4
kIlfx0i4mww,1,1,concat,6,https://www.youtube.com/watch?v=kIlfx0i4mww
kK1lWFPhg_g,1,1,concat,6,https://www.youtube.com/watch?v=kK1lWFPhg_g
kLatx6YvTII,1,1,concat,6,https://www.youtube.com/watch?v=kLatx6YvTII
kMOnkej8k6A,1,1,concat,6,https://www.youtube.com/watch?v=kMOnkej8k6A
kMlBDtsRPqc,1,1,concat,6,https://www.youtube.com/watch?v=kMlBDtsRPqc
kNE2SYnEMcA,1,1,concat,6,https://www.youtube.com/watch?v=kNE2SYnEMcA
kO9UGhuqWYw,1,1,concat,6,https://www.youtube.com/watch?v=kO9UGhuqWYw
kOh5OnGj6sQ,1,1,concat,6,https://www.youtube.com/watch?v=kOh5OnGj6sQ
kOmFQmsDJjY,1,1,concat,6,https://www.youtube.com/watch?v=kOmFQmsDJjY
kShvImLq6ts,1,1,concat,6,https://www.youtube.com/watch?v=kShvImLq6ts
kTXesuM4Svk,1,1,concat,6,https://www.youtube.com/watch?v=kTXesuM4Svk
kW5EblnPrkc,1,1,concat,6,https://www.youtube.com/watch?v=kW5EblnPrkc
kYRpBaLDMs0,1,1,concat,6,https://www.youtube.com/watch?v=kYRpBaLDMs0
kmHuXHFqJFc,1,1,concat,6,https://www.youtube.com/watch?v=kmHuXHFqJFc
kpC-Rg6QlIk,1,1,concat,6,https://www.youtube.com/watch?v=kpC-Rg6QlIk
ksPT4Z6z6os,1,1,concat,6,https://www.youtube.com/watch?v=ksPT4Z6z6os
ktWX2LpGvT4,1,1,concat,6,https://www.youtube.com/watch?v=ktWX2LpGvT4
kvGVecQHSvU,1,1,concat,6,https://www.youtube.com/watch?v=kvGVecQHSvU
kwSkhKSAkas,1,1,concat,6,https://www.youtube.com/watch?v=kwSkhKSAkas
l4jYaRNKgho,1,1,concat,6,https://www.youtube.com/watch?v=l4jYaRNKgho
lANji-BM0AU,1,1,concat,6,https://www.youtube.com/watch?v=lANji-BM0AU
lFqTMWFQnIo,1,1,concat,6,https://www.youtube.com/watch?v=lFqTMWFQnIo
lGZhnDiHwTA,1,1,concat,6,https://www.youtube.com/watch?v=lGZhnDiHwTA
lGg0OTgnyxE,1,1,concat,6,https://www.youtube.com/watch?v=lGg0OTgnyxE
lJkTv4oBdT4,1,1,concat,6,https://www.youtube.com/watch?v=lJkTv4oBdT4
lL6GxCIfRmc,1,1,concat,6,https://www.youtube.com/watch?v=lL6GxCIfRmc
lMAXFOLFLng,1,1,concat,6,https://www.youtube.com/watch?v=lMAXFOLFLng
lP3J3GBV57s,1,1,concat,6,https://www.youtube.com/watch?v=lP3J3GBV57s
lRAj7CUB2i0,1,1,concat,6,https://www.youtube.com/watch?v=lRAj7CUB2i0
lSZBfjAtRvA,1,1,concat,6,https://www.youtube.com/watch?v=lSZBfjAtRvA
lUl9e10y_UQ,1,1,concat,6,https://www.youtube.com/watch?v=lUl9e10y_UQ
lUmNF427hcQ,1,1,concat,6,https://www.youtube.com/watch?v=lUmNF427hcQ
lVym3QhDAEk,1,1,concat,6,https://www.youtube.com/watch?v=lVym3QhDAEk
lYABx1IHcvk,1,1,concat,6,https://www.youtube.com/watch?v=lYABx1IHcvk
l_J62EV3oLY,1,1,concat,6,https://www.youtube.com/watch?v=l_J62EV3oLY
lavc39pySgU,1,1,concat,6,https://www.youtube.com/watch?v=lavc39pySgU
lf7z4kFWDQU,1,1,concat,6,https://www.youtube.com/watch?v=lf7z4kFWDQU
lfNgLC-Wtg0,1,1,concat,6,https://www.youtube.com/watch?v=lfNgLC-Wtg0
lfwDLBO76F8,1,1,concat,6,https://www.youtube.com/watch?v=lfwDLBO76F8
lhxR7QPSX8g,1,1,concat,6,https://www.youtube.com/watch?v=lhxR7QPSX8g
liMWf3ybEDA,1,1,concat,6,https://www.youtube.com/watch?v=liMWf3ybEDA
lkucO70Lqt0,1,1,concat,6,https://www.youtube.com/watch?v=lkucO70Lqt0
lndvM6d2Ypw,1,1,concat,6,https://www.youtube.com/watch?v=lndvM6d2Ypw
lorVc-9KPKA,1,1,concat,6,https://www.youtube.com/watch?v=lorVc-9KPKA
luNTixO9zq0,1,1,concat,6,https://www.youtube.com/watch?v=luNTixO9zq0
lyXHdlMW5M0,1,1,concat,6,https://www.youtube.com/watch?v=lyXHdlMW5M0
m0qA96qFmGg,1,1,concat,6,https://www.youtube.com/watch?v=m0qA96qFmGg
m1wdOXUB7sk,1,1,concat,6,https://www.youtube.com/watch?v=m1wdOXUB7sk
m4-gcitgECM,1,1,concat,6,https://www.youtube.com/watch?v=m4-gcitgECM
m6F1Hq8MB_A,1,1,concat,6,https://www.youtube.com/watch?v=m6F1Hq8MB_A
m8phhDtgzyE,1,1,concat,6,https://www.youtube.com/watch?v=m8phhDtgzyE
mA0v3gewyFQ,1,1,concat,6,https://www.youtube.com/watch?v=mA0v3gewyFQ
mAmCFI5tYaI,1,1,concat,6,https://www.youtube.com/watch?v=mAmCFI5tYaI
mAurNqWYxCc,1,1,concat,6,https://www.youtube.com/watch?v=mAurNqWYxCc
mCo2nhCwR08,1,1,concat,6,https://www.youtube.com/watch?v=mCo2nhCwR08
mFwlQR1Lc8Q,1,1,concat,6,https://www.youtube.com/watch?v=mFwlQR1Lc8Q
mGx6GG0_Vz4,1,1,concat,6,https://www.youtube.com/watch?v=mGx6GG0_Vz4
mIKVBoozlKw,1,1,concat,6,https://www.youtube.com/watch?v=mIKVBoozlKw
mL7VOSSYu6c,1,1,concat,6,https://www.youtube.com/watch?v=mL7VOSSYu6c
mLq0xcxpRnM,1,1,concat,6,https://www.youtube.com/watch?v=mLq0xcxpRnM
mMvK_DHXo9M,1,1,concat,6,https://www.youtube.com/watch?v=mMvK_DHXo9M
mNxtBpFXeNE,1,1,concat,6,https://www.youtube.com/watch?v=mNxtBpFXeNE
mQbk_f-b2o8,1,1,concat,6,https://www.youtube.com/watch?v=mQbk_f-b2o8
mUglG5jRuCw,1,1,concat,6,https://www.youtube.com/watch?v=mUglG5jRuCw
mXkw057jpJ4,1,1,concat,6,https://www.youtube.com/watch?v=mXkw057jpJ4
mXunVuQXiyw,1,1,concat,6,https://www.youtube.com/watch?v=mXunVuQXiyw
mcdAbYdrz5c,1,1,concat,6,https://www.youtube.com/watch?v=mcdAbYdrz5c
md5LpK8-0X8,1,1,concat,6,https://www.youtube.com/watch?v=md5LpK8-0X8
mdVnj81KdN4,1,1,concat,6,https://www.youtube.com/watch?v=mdVnj81KdN4
me-80_hKE30,1,1,concat,6,https://www.youtube.com/watch?v=me-80_hKE30
mi2nXPkyPus,1,1,concat,6,https://www.youtube.com/watch?v=mi2nXPkyPus
miiTrrG637U,1,1,concat,6,https://www.youtube.com/watch?v=miiTrrG637U
mktHQF3QPh8,1,1,concat,6,https://www.youtube.com/watch?v=mktHQF3QPh8
ml7UIkh6AL4,1,1,concat,6,https://www.youtube.com/watch?v=ml7UIkh6AL4
mnSmUG7Dw7c,1,1,concat,6,https://www.youtube.com/watch?v=mnSmUG7Dw7c
mpRNqPSqX2s,1,1,concat,6,https://www.youtube.com/watch?v=mpRNqPSqX2s
mrszBWsNGtc,1,1,concat,6,https://www.youtube.com/watch?v=mrszBWsNGtc
msDTJmoFzAE,1,1,concat,6,https://www.youtube.com/watch?v=msDTJmoFzAE
mtemUrhfLCU,1,1,concat,6,https://www.youtube.com/watch?v=mtemUrhfLCU
mtqk6pxCSn8,1,1,concat,6,https://www.youtube.com/watch?v=mtqk6pxCSn8
mtrtMQI1oQ4,1,1,concat,6,https://www.youtube.com/watch?v=mtrtMQI1oQ4
muybq3KtaGc,1,1,concat,6,https://www.youtube.com/watch?v=muybq3KtaGc
mvlBmJXkb7Y,1,1,concat,6,https://www.youtube.com/watch?v=mvlBmJXkb7Y
n--zlijV_ks,1,1,concat,6,https://www.youtube.com/watch?v=n--zlijV_ks
n299PaP568k,1,1,concat,6,https://www.youtube.com/watch?v=n299PaP568k
n2JfhdAcVEg,1,1,concat,6,https://www.youtube.com/watch?v=n2JfhdAcVEg
n2_GiBbGsCk,1,1,concat,6,https://www.youtube.com/watch?v=n2_GiBbGsCk
n4tlqemEIuQ,1,1,concat,6,https://www.youtube.com/watch?v=n4tlqemEIuQ
n5HRajCn4J4,1,1,concat,6,https://www.youtube.com/watch?v=n5HRajCn4J4
n7SqWh9sdMs,1,1,concat,6,https://www.youtube.com/watch?v=n7SqWh9sdMs
nBOPMV9eEy0,1,1,concat,6,https://www.youtube.com/watch?v=nBOPMV9eEy0
nC91r252dd8,1,1,concat,6,https://www.youtube.com/watch?v=nC91r252dd8
nEuIrFdnbRQ,1,1,concat,6,https://www.youtube.com/watch?v=nEuIrFdnbRQ
nGuVOy52Pv8,1,1,concat,6,https://www.youtube.com/watch?v=nGuVOy52Pv8
nH-q8lL6pmg,1,1,concat,6,https://www.youtube.com/watch?v=nH-q8lL6pmg
nHPvYEmaMak,1,1,concat,6,https://www.youtube.com/watch?v=nHPvYEmaMak
nI_mQKzxIxU,1,1,concat,6,https://www.youtube.com/watch?v=nI_mQKzxIxU
nOilRLswWDE,1,1,concat,6,https://www.youtube.com/watch?v=nOilRLswWDE
nPgIiscuYgw,1,1,concat,6,https://www.youtube.com/watch?v=nPgIiscuYgw
nQ606lXWkDo,1,1,concat,6,https://www.youtube.com/watch?v=nQ606lXWkDo
nQZHCrK4RjI,1,1,concat,6,https://www.youtube.com/watch?v=nQZHCrK4RjI
nTUNHdDmD-A,1,1,concat,6,https://www.youtube.com/watch?v=nTUNHdDmD-A
nUSaFpnln8Q,1,1,concat,6,https://www.youtube.com/watch?v=nUSaFpnln8Q
nVvaCe4esCQ,1,1,concat,6,https://www.youtube.com/watch?v=nVvaCe4esCQ
nX1B72MXjwo,1,1,concat,6,https://www.youtube.com/watch?v=nX1B72MXjwo
nY3sydLbc50,1,1,concat,6,https://www.youtube.com/watch?v=nY3sydLbc50
nYVOkljTF_k,1,1,concat,6,https://www.youtube.com/watch?v=nYVOkljTF_k
n_N5HhmdJkM,1,1,concat,6,https://www.youtube.com/watch?v=n_N5HhmdJkM
naxWEVRi5h8,1,1,concat,6,https://www.youtube.com/watch?v=naxWEVRi5h8
nfXxGI7eP_c,1,1,concat,6,https://www.youtube.com/watch?v=nfXxGI7eP_c
nojjgkgH9Wk,1,1,concat,6,https://www.youtube.com/watch?v=nojjgkgH9Wk
nqGhmCrOPMM,1,1,concat,6,https://www.youtube.com/watch?v=nqGhmCrOPMM
nsV8MiVlnMg,1,1,concat,6,https://www.youtube.com/watch?v=nsV8MiVlnMg
ntLy_A0vESk,1,1,concat,6,https://www.youtube.com/watch?v=ntLy_A0vESk
nxGRKktzIoY,1,1,concat,6,https://www.youtube.com/watch?v=nxGRKktzIoY
nxcgVnPQayM,1,1,concat,6,https://www.youtube.com/watch?v=nxcgVnPQayM
nxzJKqlevBs,1,1,concat,6,https://www.youtube.com/watch?v=nxzJKqlevBs
nyXgPSL-TZw,1,1,concat,6,https://www.youtube.com/watch?v=nyXgPSL-TZw
o5ydlYvLiB4,1,1,concat,6,https://www.youtube.com/watch?v=o5ydlYvLiB4
o63X5IPgR50,1,1,concat,6,https://www.youtube.com/watch?v=o63X5IPgR50
o7JfdSrO-xk,1,1,concat,6,https://www.youtube.com/watch?v=o7JfdSrO-xk
oBktjuPVT-E,1,1,concat,6,https://www.youtube.com/watch?v=oBktjuPVT-E
oC2mY2kWCDE,1,1,concat,6,https://www.youtube.com/watch?v=oC2mY2kWCDE
oFgyF5q7Etc,1,1,concat,6,https://www.youtube.com/watch?v=oFgyF5q7Etc
oKKJluVP55g,1,1,concat,6,https://www.youtube.com/watch?v=oKKJluVP55g
oKt_JcXzQAU,1,1,concat,6,https://www.youtube.com/watch?v=oKt_JcXzQAU
oL_f0eOTh8Q,1,1,concat,6,https://www.youtube.com/watch?v=oL_f0eOTh8Q
oLqOdjd1f1k,1,1,concat,6,https://www.youtube.com/watch?v=oLqOdjd1f1k
oOok29OcKZ8,1,1,concat,6,https://www.youtube.com/watch?v=oOok29OcKZ8
oQPU9dWvTIw,1,1,concat,6,https://www.youtube.com/watch?v=oQPU9dWvTIw
oQeclRpNXKk,1,1,concat,6,https://www.youtube.com/watch?v=oQeclRpNXKk
oRKQsBRlamc,1,1,concat,6,https://www.youtube.com/watch?v=oRKQsBRlamc
oSOrNNZYpE0,1,1,concat,6,https://www.youtube.com/watch?v=oSOrNNZYpE0
oTv_7rirmUc,1,1,concat,6,https://www.youtube.com/watch?v=oTv_7rirmUc
oWV3AXx-2zc,1,1,concat,6,https://www.youtube.com/watch?v=oWV3AXx-2zc
oXkGJzlb3jE,1,1,concat,6,https://www.youtube.com/watch?v=oXkGJzlb3jE
oYPkv1-uXGg,1,1,concat,6,https://www.youtube.com/watch?v=oYPkv1-uXGg
oYmWIXzsRHk,1,1,concat,6,https://www.youtube.com/watch?v=oYmWIXzsRHk
oZv6jyJBfTs,1,1,concat,6,https://www.youtube.com/watch?v=oZv6jyJBfTs
ocep2tLHEiU,1,1,concat,6,https://www.youtube.com/watch?v=ocep2tLHEiU
odDxuS8lo8k,1,1,concat,6,https://www.youtube.com/watch?v=odDxuS8lo8k
oduu1CmyGkc,1,1,concat,6,https://www.youtube.com/watch?v=oduu1CmyGkc
oe4oUn2awWM,1,1,concat,6,https://www.youtube.com/watch?v=oe4oUn2awWM
oeD-gu47gvc,1,1,concat,6,https://www.youtube.com/watch?v=oeD-gu47gvc
ofrbMD2phso,1,1,concat,6,https://www.youtube.com/watch?v=ofrbMD2phso
ogaBiHFPFBE,1,1,concat,6,https://www.youtube.com/watch?v=ogaBiHFPFBE
ogvFbeYftEA,1,1,concat,6,https://www.youtube.com/watch?v=ogvFbeYftEA
oisJ73W47zI,1,1,concat,6,https://www.youtube.com/watch?v=oisJ73W47zI
ojImQAei7_I,1,1,concat,6,https://www.youtube.com/watch?v=ojImQAei7_I
ooIep8n4AkE,1,1,concat,6,https://www.youtube.com/watch?v=ooIep8n4AkE
os0y0Ojcoh8,1,1,concat,6,https://www.youtube.com/watch?v=os0y0Ojcoh8
ot0D7lNYXy4,1,1,concat,6,https://www.youtube.com/watch?v=ot0D7lNYXy4
otLMfbJzU8c,1,1,concat,6,https://www.youtube.com/watch?v=otLMfbJzU8c
ouQ6zMZHV1U,1,1,concat,6,https://www.youtube.com/watch?v=ouQ6zMZHV1U
ow3ITcry-nc,1,1,concat,6,https://www.youtube.com/watch?v=ow3ITcry-nc
owbHRi9aJSI,1,1,concat,6,https://www.youtube.com/watch?v=owbHRi9aJSI
ox5bDr8AbrA,1,1,concat,6,https://www.youtube.com/watch?v=ox5bDr8AbrA
p-EqKzr2bJ0,1,1,concat,6,https://www.youtube.com/watch?v=p-EqKzr2bJ0
p1VUkDv57rk,1,1,concat,6,https://www.youtube.com/watch?v=p1VUkDv57rk
p1g-4X0v0Qw,1,1,concat,6,https://www.youtube.com/watch?v=p1g-4X0v0Qw
p3FFWCMsGo8,1,1,concat,6,https://www.youtube.com/watch?v=p3FFWCMsGo8
p5NrDvJlP8o,1,1,concat,6,https://www.youtube.com/watch?v=p5NrDvJlP8o
pCl7PGqs-MQ,1,1,concat,6,https://www.youtube.com/watch?v=pCl7PGqs-MQ
pI8HKI57kyY,1,1,concat,6,https://www.youtube.com/watch?v=pI8HKI57kyY
pNgyt4gXB0Q,1,1,concat,6,https://www.youtube.com/watch?v=pNgyt4gXB0Q
pO4AN0a9iFg,1,1,concat,6,https://www.youtube.com/watch?v=pO4AN0a9iFg
pObQQqVhPbo,1,1,concat,6,https://www.youtube.com/watch?v=pObQQqVhPbo
pUB2616QCBA,1,1,concat,6,https://www.youtube.com/watch?v=pUB2616QCBA
pUZKGk0JYiw,1,1,concat,6,https://www.youtube.com/watch?v=pUZKGk0JYiw
pUiFySHQTLs,1,1,concat,6,https://www.youtube.com/watch?v=pUiFySHQTLs
pV3RGLmT7W4,1,1,concat,6,https://www.youtube.com/watch?v=pV3RGLmT7W4
pY1DfAQbYIE,1,1,concat,6,https://www.youtube.com/watch?v=pY1DfAQbYIE
pY9fm53olV0,1,1,concat,6,https://www.youtube.com/watch?v=pY9fm53olV0
pZ5tc-smA9c,1,1,concat,6,https://www.youtube.com/watch?v=pZ5tc-smA9c
paINabvxyQc,1,1,concat,6,https://www.youtube.com/watch?v=paINabvxyQc
pcD5twvdOaE,1,1,concat,6,https://www.youtube.com/watch?v=pcD5twvdOaE
pcMGuMipLbw,1,1,concat,6,https://www.youtube.com/watch?v=pcMGuMipLbw
pcdfWR7faic,1,1,concat,6,https://www.youtube.com/watch?v=pcdfWR7faic
pdh4QwUTYKA,1,1,concat,6,https://www.youtube.com/watch?v=pdh4QwUTYKA
pjKasgmfZB8,1,1,concat,6,https://www.youtube.com/watch?v=pjKasgmfZB8
pm_A5Q9ZZ2s,1,1,concat,6,https://www.youtube.com/watch?v=pm_A5Q9ZZ2s
pnEuBgsSQ1A,1,1,concat,6,https://www.youtube.com/watch?v=pnEuBgsSQ1A
pnjcNd2APfE,1,1,concat,6,https://www.youtube.com/watch?v=pnjcNd2APfE
ppLdZY98yX4,1,1,concat,6,https://www.youtube.com/watch?v=ppLdZY98yX4
ppfWQiJ8dew,1,1,concat,6,https://www.youtube.com/watch?v=ppfWQiJ8dew
prJfvDwufs4,1,1,concat,6,https://www.youtube.com/watch?v=prJfvDwufs4
pvcYY1XTvNM,1,1,concat,6,https://www.youtube.com/watch?v=pvcYY1XTvNM
pvgOofub_To,1,1,concat,6,https://www.youtube.com/watch?v=pvgOofub_To
pvnTjGKjegQ,1,1,concat,6,https://www.youtube.com/watch?v=pvnTjGKjegQ
q-XiZ1hXx4I,1,1,concat,6,https://www.youtube.com/watch?v=q-XiZ1hXx4I
q05tkaDwEkg,1,1,concat,6,https://www.youtube.com/watch?v=q05tkaDwEkg
q3s-YxvubE4,1,1,concat,6,https://www.youtube.com/watch?v=q3s-YxvubE4
q3wc4P_Q0aQ,1,1,concat,6,https://www.youtube.com/watch?v=q3wc4P_Q0aQ
q67_a67T4xw,1,1,concat,6,https://www.youtube.com/watch?v=q67_a67T4xw
q8yFw--vtjU,1,1,concat,6,https://www.youtube.com/watch?v=q8yFw--vtjU
q9_u_P5RwnM,1,1,concat,6,https://www.youtube.com/watch?v=q9_u_P5RwnM
q9iQhDckL18,1,1,concat,6,https://www.youtube.com/watch?v=q9iQhDckL18
qBQ5XJy9ss4,1,1,concat,6,https://www.youtube.com/watch?v=qBQ5XJy9ss4
qCAeMW410-A,1,1,concat,6,https://www.youtube.com/watch?v=qCAeMW410-A
qCDe7tMCaco,1,1,concat,6,https://www.youtube.com/watch?v=qCDe7tMCaco
qDDzoKdxsIo,1,1,concat,6,https://www.youtube.com/watch?v=qDDzoKdxsIo
qFDiLBcV968,1,1,concat,6,https://www.youtube.com/watch?v=qFDiLBcV968
qIIRCcFvpkA,1,1,concat,6,https://www.youtube.com/watch?v=qIIRCcFvpkA
qJ3i8su63_M,1,1,concat,6,https://www.youtube.com/watch?v=qJ3i8su63_M
qLMbacGKeFE,1,1,concat,6,https://www.youtube.com/watch?v=qLMbacGKeFE
qOiLWwS8GDw,1,1,concat,6,https://www.youtube.com/watch?v=qOiLWwS8GDw
qPQdXXZLqtc,1,1,concat,6,https://www.youtube.com/watch?v=qPQdXXZLqtc
qQGVYGdKD4I,1,1,concat,6,https://www.youtube.com/watch?v=qQGVYGdKD4I
qQjrvyyfh3A,1,1,concat,6,https://www.youtube.com/watch?v=qQjrvyyfh3A
qQpXTi4Gfg4,1,1,concat,6,https://www.youtube.com/watch?v=qQpXTi4Gfg4
qUMmdQ3Fdm4,1,1,concat,6,https://www.youtube.com/watch?v=qUMmdQ3Fdm4
qWr_dM75hmM,1,1,concat,6,https://www.youtube.com/watch?v=qWr_dM75hmM
qXCjYqPQ2No,1,1,concat,6,https://www.youtube.com/watch?v=qXCjYqPQ2No
q_mt0zk2mO0,1,1,concat,6,https://www.youtube.com/watch?v=q_mt0zk2mO0
qj8oXuHDJyA,1,1,concat,6,https://www.youtube.com/watch?v=qj8oXuHDJyA
qlAFn91EX7M,1,1,concat,6,https://www.youtube.com/watch?v=qlAFn91EX7M
quGuvM-WBQk,1,1,concat,6,https://www.youtube.com/watch?v=quGuvM-WBQk
qxgcCxdVLz8,1,1,concat,6,https://www.youtube.com/watch?v=qxgcCxdVLz8
qyNKVnyVN60,1,1,concat,6,https://www.youtube.com/watch?v=qyNKVnyVN60
r-yySGMtSRA,1,1,concat,6,https://www.youtube.com/watch?v=r-yySGMtSRA
r05zCaRqnLE,1,1,concat,6,https://www.youtube.com/watch?v=r05zCaRqnLE
r3sNBeJKjak,1,1,concat,6,https://www.youtube.com/watch?v=r3sNBeJKjak
r4frGbhGw3o,1,1,concat,6,https://www.youtube.com/watch?v=r4frGbhGw3o
r9Af1LmlktA,1,1,concat,6,https://www.youtube.com/watch?v=r9Af1LmlktA
rA_1LiS2itI,1,1,concat,6,https://www.youtube.com/watch?v=rA_1LiS2itI
rKnAppSHYS8,1,1,concat,6,https://www.youtube.com/watch?v=rKnAppSHYS8
rLBm8pFBPnA,1,1,concat,6,https://www.youtube.com/watch?v=rLBm8pFBPnA
rLJVJe9X2Ok,1,1,concat,6,https://www.youtube.com/watch?v=rLJVJe9X2Ok
rLuWR2UjxI4,1,1,concat,6,https://www.youtube.com/watch?v=rLuWR2UjxI4
rO8XoyXWZN0,1,1,concat,6,https://www.youtube.com/watch?v=rO8XoyXWZN0
rO_SSNGZDV8,1,1,concat,6,https://www.youtube.com/watch?v=rO_SSNGZDV8
rPyz27GKUq8,1,1,concat,6,https://www.youtube.com/watch?v=rPyz27GKUq8
rQkvbxODvu8,1,1,concat,6,https://www.youtube.com/watch?v=rQkvbxODvu8
rRtv-EMOxI8,1,1,concat,6,https://www.youtube.com/watch?v=rRtv-EMOxI8
rSKg3LhIkt4,1,1,concat,6,https://www.youtube.com/watch?v=rSKg3LhIkt4
rTTFOkZwntA,1,1,concat,6,https://www.youtube.com/watch?v=rTTFOkZwntA
rUSYtsfsACo,1,1,concat,6,https://www.youtube.com/watch?v=rUSYtsfsACo
rVBsXiHbTxc,1,1,concat,6,https://www.youtube.com/watch?v=rVBsXiHbTxc
rWN-V-k-TnU,1,1,concat,6,https://www.youtube.com/watch?v=rWN-V-k-TnU
rWSSKwlWU58,1,1,concat,6,https://www.youtube.com/watch?v=rWSSKwlWU58
rWWEaiqVpPE,1,1,concat,6,https://www.youtube.com/watch?v=rWWEaiqVpPE
rWlxVR8Zq9U,1,1,concat,6,https://www.youtube.com/watch?v=rWlxVR8Zq9U
rYnHCUIje-k,1,1,concat,6,https://www.youtube.com/watch?v=rYnHCUIje-k
rb3f-4Oa1bA,1,1,concat,6,https://www.youtube.com/watch?v=rb3f-4Oa1bA
rbbP2Ug6Ixs,1,1,concat,6,https://www.youtube.com/watch?v=rbbP2Ug6Ixs
re1t55SE2U0,1,1,concat,6,https://www.youtube.com/watch?v=re1t55SE2U0
reKBVkCMRpE,1,1,concat,6,https://www.youtube.com/watch?v=reKBVkCMRpE
rh3noQNEzCY,1,1,concat,6,https://www.youtube.com/watch?v=rh3noQNEzCY
rhm2K6zfkhg,1,1,concat,6,https://www.youtube.com/watch?v=rhm2K6zfkhg
rjQSCEfbJrw,1,1,concat,6,https://www.youtube.com/watch?v=rjQSCEfbJrw
rl7VwYOhXNQ,1,1,concat,6,https://www.youtube.com/watch?v=rl7VwYOhXNQ
rmMQ9HW6O9U,1,1,concat,6,https://www.youtube.com/watch?v=rmMQ9HW6O9U
rpSXKxS3VQA,1,1,concat,6,https://www.youtube.com/watch?v=rpSXKxS3VQA
rqSN7SD6D84,1,1,concat,6,https://www.youtube.com/watch?v=rqSN7SD6D84
rsZFDKJhWEs,1,1,concat,6,https://www.youtube.com/watch?v=rsZFDKJhWEs
rth2mwua9Bw,1,1,concat,6,https://www.youtube.com/watch?v=rth2mwua9Bw
ruGxzk_5a_k,1,1,concat,6,https://www.youtube.com/watch?v=ruGxzk_5a_k
ruL1xMRgBJU,1,1,concat,6,https://www.youtube.com/watch?v=ruL1xMRgBJU
ruSIi0DbCyo,1,1,concat,6,https://www.youtube.com/watch?v=ruSIi0DbCyo
ryUOt3kK2Ow,1,1,concat,6,https://www.youtube.com/watch?v=ryUOt3kK2Ow
ryXYFJ7iqdM,1,1,concat,6,https://www.youtube.com/watch?v=ryXYFJ7iqdM
rzdP0_5xnWw,1,1,concat,6,https://www.youtube.com/watch?v=rzdP0_5xnWw
rzxB0T6F2bg,1,1,concat,6,https://www.youtube.com/watch?v=rzxB0T6F2bg
s-F_IQ5-IzM,1,1,concat,6,https://www.youtube.com/watch?v=s-F_IQ5-IzM
s-lP2l4bTQ0,1,1,concat,6,https://www.youtube.com/watch?v=s-lP2l4bTQ0
s06hHi7NssU,1,1,concat,6,https://www.youtube.com/watch?v=s06hHi7NssU
s2t06RCz-zo,1,1,concat,6,https://www.youtube.com/watch?v=s2t06RCz-zo
s38EbImIh9o,1,1,concat,6,https://www.youtube.com/watch?v=s38EbImIh9o
s3AHhmtVLQ4,1,1,concat,6,https://www.youtube.com/watch?v=s3AHhmtVLQ4
s3MghEur2ps,1,1,concat,6,https://www.youtube.com/watch?v=s3MghEur2ps
s4BXTfGEbe0,1,1,concat,6,https://www.youtube.com/watch?v=s4BXTfGEbe0
s72MUix9Lsw,1,1,concat,6,https://www.youtube.com/watch?v=s72MUix9Lsw
s7Jdr4m2RZo,1,1,concat,6,https://www.youtube.com/watch?v=s7Jdr4m2RZo
s8rWKf4kRNA,1,1,concat,6,https://www.youtube.com/watch?v=s8rWKf4kRNA
s9UnUr_bGi8,1,1,concat,6,https://www.youtube.com/watch?v=s9UnUr_bGi8
sAla205sQBw,1,1,concat,6,https://www.youtube.com/watch?v=sAla205sQBw
sCVXzviUk4M,1,1,concat,6,https://www.youtube.com/watch?v=sCVXzviUk4M
sHVvYtsRiSw,1,1,concat,6,https://www.youtube.com/watch?v=sHVvYtsRiSw
sJT10x32OBU,1,1,concat,6,https://www.youtube.com/watch?v=sJT10x32OBU
sL_OcKykegA,1,1,concat,6,https://www.youtube.com/watch?v=sL_OcKykegA
sUqbOScjZIg,1,1,concat,6,https://www.youtube.com/watch?v=sUqbOScjZIg
sV1Q-inNEgU,1,1,concat,6,https://www.youtube.com/watch?v=sV1Q-inNEgU
sVvW-Mm4eug,1,1,concat,6,https://www.youtube.com/watch?v=sVvW-Mm4eug
sXS1IYVqkkg,1,1,concat,6,https://www.youtube.com/watch?v=sXS1IYVqkkg
sXzEkgs1V_Y,1,1,concat,6,https://www.youtube.com/watch?v=sXzEkgs1V_Y
sYUhlikqJ3E,1,1,concat,6,https://www.youtube.com/watch?v=sYUhlikqJ3E
s_63K9uaUPw,1,1,concat,6,https://www.youtube.com/watch?v=s_63K9uaUPw
s_PLwtd1r5E,1,1,concat,6,https://www.youtube.com/watch?v=s_PLwtd1r5E
s_Zq2dpmwV4,1,1,concat,6,https://www.youtube.com/watch?v=s_Zq2dpmwV4
saSs6kMrlTI,1,1,concat,6,https://www.youtube.com/watch?v=saSs6kMrlTI
saVOkME9g58,1,1,concat,6,https://www.youtube.com/watch?v=saVOkME9g58
sd7ZV0RPHeI,1,1,concat,6,https://www.youtube.com/watch?v=sd7ZV0RPHeI
seN5dddtpBI,1,1,concat,6,https://www.youtube.com/watch?v=seN5dddtpBI
sfQEKf3Tq4A,1,1,concat,6,https://www.youtube.com/watch?v=sfQEKf3Tq4A
sfmnYu1ANi4,1,1,concat,6,https://www.youtube.com/watch?v=sfmnYu1ANi4
sh1fChe23as,1,1,concat,6,https://www.youtube.com/watch?v=sh1fChe23as
sjl9a0oZcZo,1,1,concat,6,https://www.youtube.com/watch?v=sjl9a0oZcZo
suUvSetF8_U,1,1,concat,6,https://www.youtube.com/watch?v=suUvSetF8_U
swS4uin1-ew,1,1,concat,6,https://www.youtube.com/watch?v=swS4uin1-ew
sy5PNVe94Zw,1,1,concat,6,https://www.youtube.com/watch?v=sy5PNVe94Zw
t0Zqkeg5aB0,1,1,concat,6,https://www.youtube.com/watch?v=t0Zqkeg5aB0
t3V9SGxuVeo,1,1,concat,6,https://www.youtube.com/watch?v=t3V9SGxuVeo
t6M0jXeu9C0,1,1,concat,6,https://www.youtube.com/watch?v=t6M0jXeu9C0
t6i85epn9s4,1,1,concat,6,https://www.youtube.com/watch?v=t6i85epn9s4
t7x-tZF3Am8,1,1,concat,6,https://www.youtube.com/watch?v=t7x-tZF3Am8
tC1MudUTZDU,1,1,concat,6,https://www.youtube.com/watch?v=tC1MudUTZDU
tC1bAx4pgzk,1,1,concat,6,https://www.youtube.com/watch?v=tC1bAx4pgzk
tDmRSZt7rBk,1,1,concat,6,https://www.youtube.com/watch?v=tDmRSZt7rBk
tGao8tD3oEY,1,1,concat,6,https://www.youtube.com/watch?v=tGao8tD3oEY
tIW9f_sNBPw,1,1,concat,6,https://www.youtube.com/watch?v=tIW9f_sNBPw
tIo_q5biOMM,1,1,concat,6,https://www.youtube.com/watch?v=tIo_q5biOMM
tIqX8YQtxlA,1,1,concat,6,https://www.youtube.com/watch?v=tIqX8YQtxlA
tJD-4s-8DKw,1,1,concat,6,https://www.youtube.com/watch?v=tJD-4s-8DKw
tMoTShXcri8,1,1,concat,6,https://www.youtube.com/watch?v=tMoTShXcri8
tMybyjV1fk8,1,1,concat,6,https://www.youtube.com/watch?v=tMybyjV1fk8
tOwX4dZDPT0,1,1,concat,6,https://www.youtube.com/watch?v=tOwX4dZDPT0
tPWrVaNIjnE,1,1,concat,6,https://www.youtube.com/watch?v=tPWrVaNIjnE
tQeI-lJCshY,1,1,concat,6,https://www.youtube.com/watch?v=tQeI-lJCshY
tSTMvxEkW50,1,1,concat,6,https://www.youtube.com/watch?v=tSTMvxEkW50
tSVk9KnyEfI,1,1,concat,6,https://www.youtube.com/watch?v=tSVk9KnyEfI
tVi8r9S7Bvw,1,1,concat,6,https://www.youtube.com/watch?v=tVi8r9S7Bvw
tcJ4ExqOe7w,1,1,concat,6,https://www.youtube.com/watch?v=tcJ4ExqOe7w
tfrdSqHGnbE,1,1,concat,6,https://www.youtube.com/watch?v=tfrdSqHGnbE
tpt-ZbzBF8M,1,1,concat,6,https://www.youtube.com/watch?v=tpt-ZbzBF8M
tptY1-zqKYw,1,1,concat,6,https://www.youtube.com/watch?v=tptY1-zqKYw
trAhvuOzLpg,1,1,concat,6,https://www.youtube.com/watch?v=trAhvuOzLpg
ts0VGKUM3n0,1,1,concat,6,https://www.youtube.com/watch?v=ts0VGKUM3n0
ttqzXw2rBRE,1,1,concat,6,https://www.youtube.com/watch?v=ttqzXw2rBRE
tujenaLYzKY,1,1,concat,6,https://www.youtube.com/watch?v=tujenaLYzKY
tvFgCbXc95I,1,1,concat,6,https://www.youtube.com/watch?v=tvFgCbXc95I
twk1cuoe4wI,1,1,concat,6,https://www.youtube.com/watch?v=twk1cuoe4wI
tyVM3b_nF58,1,1,concat,6,https://www.youtube.com/watch?v=tyVM3b_nF58
tyYt9aHYvoI,1,1,concat,6,https://www.youtube.com/watch?v=tyYt9aHYvoI
u-f_CUj5u0o,1,1,concat,6,https://www.youtube.com/watch?v=u-f_CUj5u0o
u-lieLKwJvw,1,1,concat,6,https://www.youtube.com/watch?v=u-lieLKwJvw
u-lptUJBF1Q,1,1,concat,6,https://www.youtube.com/watch?v=u-lptUJBF1Q
u0OFOxb7IWE,1,1,concat,6,https://www.youtube.com/watch?v=u0OFOxb7IWE
u10OxA0kR_8,1,1,concat,6,https://www.youtube.com/watch?v=u10OxA0kR_8
u5ky5JCNGKE,1,1,concat,6,https://www.youtube.com/watch?v=u5ky5JCNGKE
u9lZ1KE8ldA,1,1,concat,6,https://www.youtube.com/watch?v=u9lZ1KE8ldA
uCRfFtQMx1w,1,1,concat,6,https://www.youtube.com/watch?v=uCRfFtQMx1w
uDztl_rEhHk,1,1,concat,6,https://www.youtube.com/watch?v=uDztl_rEhHk
uGjH208U3ec,1,1,concat,6,https://www.youtube.com/watch?v=uGjH208U3ec
uGxBUK1n4lU,1,1,concat,6,https://www.youtube.com/watch?v=uGxBUK1n4lU
uHfRuYIMFW4,1,1,concat,6,https://www.youtube.com/watch?v=uHfRuYIMFW4
uIVPYZ4m3tk,1,1,concat,6,https://www.youtube.com/watch?v=uIVPYZ4m3tk
uJwY8ijEzTE,1,1,concat,6,https://www.youtube.com/watch?v=uJwY8ijEzTE
uKun3Ga42_8,1,1,concat,6,https://www.youtube.com/watch?v=uKun3Ga42_8
uRskrmFFtiM,1,1,concat,6,https://www.youtube.com/watch?v=uRskrmFFtiM
uTb5daWC0d4,1,1,concat,6,https://www.youtube.com/watch?v=uTb5daWC0d4
uUNvbqyTvx8,1,1,concat,6,https://www.youtube.com/watch?v=uUNvbqyTvx8
uUvKJ2FkkKs,1,1,concat,6,https://www.youtube.com/watch?v=uUvKJ2FkkKs
uVT4wA1tc3g,1,1,concat,6,https://www.youtube.com/watch?v=uVT4wA1tc3g
uWqJo082OK0,1,1,concat,6,https://www.youtube.com/watch?v=uWqJo082OK0
uY5uIXI08SA,1,1,concat,6,https://www.youtube.com/watch?v=uY5uIXI08SA
u_HSJWUjCjY,1,1,concat,6,https://www.youtube.com/watch?v=u_HSJWUjCjY
u_WLfolhb2c,1,1,concat,6,https://www.youtube.com/watch?v=u_WLfolhb2c
ubc3JgfxEiU,1,1,concat,6,https://www.youtube.com/watch?v=ubc3JgfxEiU
ugUD5XO7T8E,1,1,concat,6,https://www.youtube.com/watch?v=ugUD5XO7T8E
uiquJHCQnIw,1,1,concat,6,https://www.youtube.com/watch?v=uiquJHCQnIw
ujI6Rp56EeU,1,1,concat,6,https://www.youtube.com/watch?v=ujI6Rp56EeU
ulDA9JbfoQ0,1,1,concat,6,https://www.youtube.com/watch?v=ulDA9JbfoQ0
ulNWLDkiN-g,1,1,concat,6,https://www.youtube.com/watch?v=ulNWLDkiN-g
umik4uvl2i0,1,1,concat,6,https://www.youtube.com/watch?v=umik4uvl2i0
unPVlzvSx3U,1,1,concat,6,https://www.youtube.com/watch?v=unPVlzvSx3U
uoktFMS1S8s,1,1,concat,6,https://www.youtube.com/watch?v=uoktFMS1S8s
up4U8F5Rrlc,1,1,concat,6,https://www.youtube.com/watch?v=up4U8F5Rrlc
upRhXCTp66c,1,1,concat,6,https://www.youtube.com/watch?v=upRhXCTp66c
ur6egAiYMbU,1,1,concat,6,https://www.youtube.com/watch?v=ur6egAiYMbU
ut06ZEte6e4,1,1,concat,6,https://www.youtube.com/watch?v=ut06ZEte6e4
uu5oHyimI1w,1,1,concat,6,https://www.youtube.com/watch?v=uu5oHyimI1w
uvR3ZY91AGc,1,1,concat,6,https://www.youtube.com/watch?v=uvR3ZY91AGc
uwI7vLQtbfs,1,1,concat,6,https://www.youtube.com/watch?v=uwI7vLQtbfs
uy4RlXwj1zY,1,1,concat,6,https://www.youtube.com/watch?v=uy4RlXwj1zY
v-Hd5jtODbM,1,1,concat,6,https://www.youtube.com/watch?v=v-Hd5jtODbM
v1FFA2DPOhw,1,1,concat,6,https://www.youtube.com/watch?v=v1FFA2DPOhw
v1ZCCTnVRWU,1,1,concat,6,https://www.youtube.com/watch?v=v1ZCCTnVRWU
v1jKHic71ps,1,1,concat,6,https://www.youtube.com/watch?v=v1jKHic71ps
v6LTnSVP400,1,1,concat,6,https://www.youtube.com/watch?v=v6LTnSVP400
v7D7z5nx62Q,1,1,concat,6,https://www.youtube.com/watch?v=v7D7z5nx62Q
v92-s_ihaNs,1,1,concat,6,https://www.youtube.com/watch?v=v92-s_ihaNs
vBKHJKFLDjA,1,1,concat,6,https://www.youtube.com/watch?v=vBKHJKFLDjA
vF-dU2pBuDI,1,1,concat,6,https://www.youtube.com/watch?v=vF-dU2pBuDI
vGINOb6IvS0,1,1,concat,6,https://www.youtube.com/watch?v=vGINOb6IvS0
vGWHg0jx6tw,1,1,concat,6,https://www.youtube.com/watch?v=vGWHg0jx6tw
vIkaRqT0n3M,1,1,concat,6,https://www.youtube.com/watch?v=vIkaRqT0n3M
vPXtS4owC0E,1,1,concat,6,https://www.youtube.com/watch?v=vPXtS4owC0E
vUhF0rCD9QI,1,1,concat,6,https://www.youtube.com/watch?v=vUhF0rCD9QI
vZQ11x62kB8,1,1,concat,6,https://www.youtube.com/watch?v=vZQ11x62kB8
v_5-dh0h3e4,1,1,concat,6,https://www.youtube.com/watch?v=v_5-dh0h3e4
v_qKzY7-bwg,1,1,concat,6,https://www.youtube.com/watch?v=v_qKzY7-bwg
vab8ecXDz1s,1,1,concat,6,https://www.youtube.com/watch?v=vab8ecXDz1s
vbtBG51EBAQ,1,1,concat,6,https://www.youtube.com/watch?v=vbtBG51EBAQ
vcBk30EE3Rw,1,1,concat,6,https://www.youtube.com/watch?v=vcBk30EE3Rw
vckbATuPeso,1,1,concat,6,https://www.youtube.com/watch?v=vckbATuPeso
vfxlP7TLSLQ,1,1,concat,6,https://www.youtube.com/watch?v=vfxlP7TLSLQ
vhoNCu7hF4k,1,1,concat,6,https://www.youtube.com/watch?v=vhoNCu7hF4k
vjLZwEwJmk8,1,1,concat,6,https://www.youtube.com/watch?v=vjLZwEwJmk8
vkG1VAb7T_o,1,1,concat,6,https://www.youtube.com/watch?v=vkG1VAb7T_o
vnBc3MPvNTw,1,1,concat,6,https://www.youtube.com/watch?v=vnBc3MPvNTw
vp4IahsAp80,1,1,concat,6,https://www.youtube.com/watch?v=vp4IahsAp80
vpV-NATA3N4,1,1,concat,6,https://www.youtube.com/watch?v=vpV-NATA3N4
vqikkZ-pbBo,1,1,concat,6,https://www.youtube.com/watch?v=vqikkZ-pbBo
vugQCYAtGQ8,1,1,concat,6,https://www.youtube.com/watch?v=vugQCYAtGQ8
vvD9meKisvE,1,1,concat,6,https://www.youtube.com/watch?v=vvD9meKisvE
w-634wYfODY,1,1,concat,6,https://www.youtube.com/watch?v=w-634wYfODY
w6J7pOfLRo8,1,1,concat,6,https://www.youtube.com/watch?v=w6J7pOfLRo8
w78Zo8o8TVA,1,1,concat,6,https://www.youtube.com/watch?v=w78Zo8o8TVA
w9rbrDUDXzU,1,1,concat,6,https://www.youtube.com/watch?v=w9rbrDUDXzU
wAlRY0J2v6s,1,1,concat,6,https://www.youtube.com/watch?v=wAlRY0J2v6s
wC4GyYMl6GU,1,1,concat,6,https://www.youtube.com/watch?v=wC4GyYMl6GU
wDhODWhn_8w,1,1,concat,6,https://www.youtube.com/watch?v=wDhODWhn_8w
wGLP7zPMSBs,1,1,concat,6,https://www.youtube.com/watch?v=wGLP7zPMSBs
wIjoDCpgHjw,1,1,concat,6,https://www.youtube.com/watch?v=wIjoDCpgHjw
wJJ9ZvXoYoU,1,1,concat,6,https://www.youtube.com/watch?v=wJJ9ZvXoYoU
wJNGGk3tz04,1,1,concat,6,https://www.youtube.com/watch?v=wJNGGk3tz04
wLrDrcyeIa0,1,1,concat,6,https://www.youtube.com/watch?v=wLrDrcyeIa0
wV0CAa7laQw,1,1,concat,6,https://www.youtube.com/watch?v=wV0CAa7laQw
wVSe9M60gVw,1,1,concat,6,https://www.youtube.com/watch?v=wVSe9M60gVw
wVi61qvC1V8,1,1,concat,6,https://www.youtube.com/watch?v=wVi61qvC1V8
wVl5fdgZ2pQ,1,1,concat,6,https://www.youtube.com/watch?v=wVl5fdgZ2pQ
wZWrS1nEPxo,1,1,concat,6,https://www.youtube.com/watch?v=wZWrS1nEPxo
wZkUQh9aMnU,1,1,concat,6,https://www.youtube.com/watch?v=wZkUQh9aMnU
w_1ypM2fupA,1,1,concat,6,https://www.youtube.com/watch?v=w_1ypM2fupA
w_q0ePfp7A4,1,1,concat,6,https://www.youtube.com/watch?v=w_q0ePfp7A4
wcJQ-smPEGI,1,1,concat,6,https://www.youtube.com/watch?v=wcJQ-smPEGI
wf5AmCi_Xck,1,1,concat,6,https://www.youtube.com/watch?v=wf5AmCi_Xck
wg7YZkcF3wQ,1,1,concat,6,https://www.youtube.com/watch?v=wg7YZkcF3wQ
wgUDtg_yWmk,1,1,concat,6,https://www.youtube.com/watch?v=wgUDtg_yWmk
wk0ZnvKSwn8,1,1,concat,6,https://www.youtube.com/watch?v=wk0ZnvKSwn8
wkk4QrLe_9s,1,1,concat,6,https://www.youtube.com/watch?v=wkk4QrLe_9s
wlw4Xm9NgiY,1,1,concat,6,https://www.youtube.com/watch?v=wlw4Xm9NgiY
wmHpkK4T26c,1,1,concat,6,https://www.youtube.com/watch?v=wmHpkK4T26c
wnrXTSn-oVc,1,1,concat,6,https://www.youtube.com/watch?v=wnrXTSn-oVc
woGsDa31W34,1,1,concat,6,https://www.youtube.com/watch?v=woGsDa31W34
wuEFUbKPKu4,1,1,concat,6,https://www.youtube.com/watch?v=wuEFUbKPKu4
wuHWkxSpPF4,1,1,concat,6,https://www.youtube.com/watch?v=wuHWkxSpPF4
wvF0nBo-zs4,1,1,concat,6,https://www.youtube.com/watch?v=wvF0nBo-zs4
ww_HKkE5wmE,1,1,concat,6,https://www.youtube.com/watch?v=ww_HKkE5wmE
x3Mw180cBGw,1,1,concat,6,https://www.youtube.com/watch?v=x3Mw180cBGw
x479kKK-L_A,1,1,concat,6,https://www.youtube.com/watch?v=x479kKK-L_A
x4gUPW4n1WY,1,1,concat,6,https://www.youtube.com/watch?v=x4gUPW4n1WY
x8pjra3n_wY,1,1,concat,6,https://www.youtube.com/watch?v=x8pjra3n_wY
xBKcrPUJ_SA,1,1,concat,6,https://www.youtube.com/watch?v=xBKcrPUJ_SA
xBVQMQjYu48,1,1,concat,6,https://www.youtube.com/watch?v=xBVQMQjYu48
xDfzUTy4nQU,1,1,concat,6,https://www.youtube.com/watch?v=xDfzUTy4nQU
xDu44FFHClI,1,1,concat,6,https://www.youtube.com/watch?v=xDu44FFHClI
xFKU2EmoKd4,1,1,concat,6,https://www.youtube.com/watch?v=xFKU2EmoKd4
xG6jZHiMM_0,1,1,concat,6,https://www.youtube.com/watch?v=xG6jZHiMM_0
xIfzQLIjNGU,1,1,concat,6,https://www.youtube.com/watch?v=xIfzQLIjNGU
xJt0nVc6fAk,1,1,concat,6,https://www.youtube.com/watch?v=xJt0nVc6fAk
xK5U8cG64dU,1,1,concat,6,https://www.youtube.com/watch?v=xK5U8cG64dU
xNBL2_CceEY,1,1,concat,6,https://www.youtube.com/watch?v=xNBL2_CceEY
xPNkI83FDtQ,1,1,concat,6,https://www.youtube.com/watch?v=xPNkI83FDtQ
xQPHr-0Kq9o,1,1,concat,6,https://www.youtube.com/watch?v=xQPHr-0Kq9o
xTPdZBTcqAA,1,1,concat,6,https://www.youtube.com/watch?v=xTPdZBTcqAA
xUmMR6IB7lo,1,1,concat,6,https://www.youtube.com/watch?v=xUmMR6IB7lo
xWXtsrphX68,1,1,concat,6,https://www.youtube.com/watch?v=xWXtsrphX68
xWgX5YbYQpM,1,1,concat,6,https://www.youtube.com/watch?v=xWgX5YbYQpM
xXcOEglzdVM,1,1,concat,6,https://www.youtube.com/watch?v=xXcOEglzdVM
xYmxTUUiXMY,1,1,concat,6,https://www.youtube.com/watch?v=xYmxTUUiXMY
xbaMJRs0zdg,1,1,concat,6,https://www.youtube.com/watch?v=xbaMJRs0zdg
xd1SuAV5dUY,1,1,concat,6,https://www.youtube.com/watch?v=xd1SuAV5dUY
xf7OmEkEh0Q,1,1,concat,6,https://www.youtube.com/watch?v=xf7OmEkEh0Q
xgDpynT46ZY,1,1,concat,6,https://www.youtube.com/watch?v=xgDpynT46ZY
xg_yP7cAMKg,1,1,concat,6,https://www.youtube.com/watch?v=xg_yP7cAMKg
xhOZApM8PAg,1,1,concat,6,https://www.youtube.com/watch?v=xhOZApM8PAg
xkrwitAhYKU,1,1,concat,6,https://www.youtube.com/watch?v=xkrwitAhYKU
xlCpFXKeB-o,1,1,concat,6,https://www.youtube.com/watch?v=xlCpFXKeB-o
xlLLgdKlq0c,1,1,concat,6,https://www.youtube.com/watch?v=xlLLgdKlq0c
xoShBwrqjJI,1,1,concat,6,https://www.youtube.com/watch?v=xoShBwrqjJI
xq33Os8V2sU,1,1,concat,6,https://www.youtube.com/watch?v=xq33Os8V2sU
xreQ8w5wfJk,1,1,concat,6,https://www.youtube.com/watch?v=xreQ8w5wfJk
xvJsQ5PxjPI,1,1,concat,6,https://www.youtube.com/watch?v=xvJsQ5PxjPI
xvpx34_j07Y,1,1,concat,6,https://www.youtube.com/watch?v=xvpx34_j07Y
xwnil5EpfK4,1,1,concat,6,https://www.youtube.com/watch?v=xwnil5EpfK4
xxZXY_m1oi8,1,1,concat,6,https://www.youtube.com/watch?v=xxZXY_m1oi8
xy5xJ4sLzA0,1,1,concat,6,https://www.youtube.com/watch?v=xy5xJ4sLzA0
y-emRRVIhvI,1,1,concat,6,https://www.youtube.com/watch?v=y-emRRVIhvI
y1q1t28h5y4,1,1,concat,6,https://www.youtube.com/watch?v=y1q1t28h5y4
y36Ezvhc3Yg,1,1,concat,6,https://www.youtube.com/watch?v=y36Ezvhc3Yg
y3BvVWSidLQ,1,1,concat,6,https://www.youtube.com/watch?v=y3BvVWSidLQ
y3Vz9tQLhxw,1,1,concat,6,https://www.youtube.com/watch?v=y3Vz9tQLhxw
y95-pJVwmfA,1,1,concat,6,https://www.youtube.com/watch?v=y95-pJVwmfA
y97BfLr97Zo,1,1,concat,6,https://www.youtube.com/watch?v=y97BfLr97Zo
yAPeBYS0pM8,1,1,concat,6,https://www.youtube.com/watch?v=yAPeBYS0pM8
yD3-NNMy8sM,1,1,concat,6,https://www.youtube.com/watch?v=yD3-NNMy8sM
yH-la5hXBDg,1,1,concat,6,https://www.youtube.com/watch?v=yH-la5hXBDg
yIpqdABrsZo,1,1,concat,6,https://www.youtube.com/watch?v=yIpqdABrsZo
yJCX7fQF12U,1,1,concat,6,https://www.youtube.com/watch?v=yJCX7fQF12U
yKyr0i0YwTA,1,1,concat,6,https://www.youtube.com/watch?v=yKyr0i0YwTA
yMP-KxGEpAg,1,1,concat,6,https://www.youtube.com/watch?v=yMP-KxGEpAg
yOid5JkZ62g,1,1,concat,6,https://www.youtube.com/watch?v=yOid5JkZ62g
yPo5WW41-UI,1,1,concat,6,https://www.youtube.com/watch?v=yPo5WW41-UI
yQ1NQLByKbs,1,1,concat,6,https://www.youtube.com/watch?v=yQ1NQLByKbs
yQNS4ilw9og,1,1,concat,6,https://www.youtube.com/watch?v=yQNS4ilw9og
ySnq6jvUlBM,1,1,concat,6,https://www.youtube.com/watch?v=ySnq6jvUlBM
ybVaRflGe7s,1,1,concat,6,https://www.youtube.com/watch?v=ybVaRflGe7s
ygCKsuKKSfw,1,1,concat,6,https://www.youtube.com/watch?v=ygCKsuKKSfw
ygbaWC-b8i4,1,1,concat,6,https://www.youtube.com/watch?v=ygbaWC-b8i4
yic0RnXcnl8,1,1,concat,6,https://www.youtube.com/watch?v=yic0RnXcnl8
yisGZN4rZMs,1,1,concat,6,https://www.youtube.com/watch?v=yisGZN4rZMs
ykPyNO2cjy4,1,1,concat,6,https://www.youtube.com/watch?v=ykPyNO2cjy4
yktbZNx43Lg,1,1,concat,6,https://www.youtube.com/watch?v=yktbZNx43Lg
ylRi-LJNiMo,1,1,concat,6,https://www.youtube.com/watch?v=ylRi-LJNiMo
ylUeuv2GUqA,1,1,concat,6,https://www.youtube.com/watch?v=ylUeuv2GUqA
yp7fjj9AfBA,1,1,concat,6,https://www.youtube.com/watch?v=yp7fjj9AfBA
ypGbm0AhuUE,1,1,concat,6,https://www.youtube.com/watch?v=ypGbm0AhuUE
ypGveNmTuhQ,1,1,concat,6,https://www.youtube.com/watch?v=ypGveNmTuhQ
ytVKdQR3bIk,1,1,concat,6,https://www.youtube.com/watch?v=ytVKdQR3bIk
ywEy32AoEEY,1,1,concat,6,https://www.youtube.com/watch?v=ywEy32AoEEY
yylrltedjmk,1,1,concat,6,https://www.youtube.com/watch?v=yylrltedjmk
z1GOsQrHH9A,1,1,concat,6,https://www.youtube.com/watch?v=z1GOsQrHH9A
z4ylzKxSbjs,1,1,concat,6,https://www.youtube.com/watch?v=z4ylzKxSbjs
z62ugPRb4OY,1,1,concat,6,https://www.youtube.com/watch?v=z62ugPRb4OY
z6jZCG9_ARw,1,1,concat,6,https://www.youtube.com/watch?v=z6jZCG9_ARw
z7qWehPs2CU,1,1,concat,6,https://www.youtube.com/watch?v=z7qWehPs2CU
z8SJtcG3saw,1,1,concat,6,https://www.youtube.com/watch?v=z8SJtcG3saw
z94NDl1SE9c,1,1,concat,6,https://www.youtube.com/watch?v=z94NDl1SE9c
z9ON_hax24A,1,1,concat,6,https://www.youtube.com/watch?v=z9ON_hax24A
zABp2i8s10c,1,1,concat,6,https://www.youtube.com/watch?v=zABp2i8s10c
zAQfueGLS4c,1,1,concat,6,https://www.youtube.com/watch?v=zAQfueGLS4c
zD76Qrf83mc,1,1,concat,6,https://www.youtube.com/watch?v=zD76Qrf83mc
zF7HEeyQ10A,1,1,concat,6,https://www.youtube.com/watch?v=zF7HEeyQ10A
zF80I_yrKWw,1,1,concat,6,https://www.youtube.com/watch?v=zF80I_yrKWw
zFSGNaA6WIo,1,1,concat,6,https://www.youtube.com/watch?v=zFSGNaA6WIo
zH1OvOMs-JY,1,1,concat,6,https://www.youtube.com/watch?v=zH1OvOMs-JY
zHcsbv3WAZ4,1,1,concat,6,https://www.youtube.com/watch?v=zHcsbv3WAZ4
zKQJ_9aCUeo,1,1,concat,6,https://www.youtube.com/watch?v=zKQJ_9aCUeo
zKnNQbZkNhY,1,1,concat,6,https://www.youtube.com/watch?v=zKnNQbZkNhY
zLcpkDuQsSg,1,1,concat,6,https://www.youtube.com/watch?v=zLcpkDuQsSg
zR5R_AFxkUY,1,1,concat,6,https://www.youtube.com/watch?v=zR5R_AFxkUY
zZV6krhJRWs,1,1,concat,6,https://www.youtube.com/watch?v=zZV6krhJRWs
zZzp5peouAQ,1,1,concat,6,https://www.youtube.com/watch?v=zZzp5peouAQ
zaI6llvEFw0,1,1,concat,6,https://www.youtube.com/watch?v=zaI6llvEFw0
zadUN_AHbrg,1,1,concat,6,https://www.youtube.com/watch?v=zadUN_AHbrg
zax-FFX9ZsE,1,1,concat,6,https://www.youtube.com/watch?v=zax-FFX9ZsE
zeQaFzMZ1f0,1,1,concat,6,https://www.youtube.com/watch?v=zeQaFzMZ1f0
zfWnTz-v8f0,1,1,concat,6,https://www.youtube.com/watch?v=zfWnTz-v8f0
zgaxLyb2jDs,1,1,concat,6,https://www.youtube.com/watch?v=zgaxLyb2jDs
zhbxIXBV5hY,1,1,concat,6,https://www.youtube.com/watch?v=zhbxIXBV5hY
zn2hB-Ja-P8,1,1,concat,6,https://www.youtube.com/watch?v=zn2hB-Ja-P8
zozJ3iiioy4,1,1,concat,6,https://www.youtube.com/watch?v=zozJ3iiioy4
zpNtIXdzzJ8,1,1,concat,6,https://www.youtube.com/watch?v=zpNtIXdzzJ8
zqh2qxKrCLo,1,1,concat,6,https://www.youtube.com/watch?v=zqh2qxKrCLo
ztZQamRwWFw,1,1,concat,6,https://www.youtube.com/watch?v=ztZQamRwWFw
zuaJkJslFhA,1,1,concat,6,https://www.youtube.com/watch?v=zuaJkJslFhA
zun7bnYUQyE,1,1,concat,6,https://www.youtube.com/watch?v=zun7bnYUQyE
zxSZjY-Ag9M,1,1,concat,6,https://www.youtube.com/watch?v=zxSZjY-Ag9M
zxy_lKFfcVw,1,1,concat,6,https://www.youtube.com/watch?v=zxy_lKFfcVw
zycjeaDfX4c,1,1,concat,6,https://www.youtube.com/watch?v=zycjeaDfX4c
zzRryAPb5lw,1,1,concat,6,https://www.youtube.com/watch?v=zzRryAPb5lw
zzkUYdM9HFE,1,1,concat,6,https://www.youtube.com/watch?v=zzkUYdM9HFE
-1X5QO57SyQ,2,2,concat,6,https://www.youtube.com/watch?v=-1X5QO57SyQ
-5tT3L1_-JU,2,2,concat,6,https://www.youtube.com/watch?v=-5tT3L1_-JU
-9T7NoySdLo,2,2,concat,6,https://www.youtube.com/watch?v=-9T7NoySdLo
-OUTtKc8VHU,2,2,concat,6,https://www.youtube.com/watch?v=-OUTtKc8VHU
-P_lrT5gQ0c,2,2,concat,6,https://www.youtube.com/watch?v=-P_lrT5gQ0c
-QUxi_7bKyg,2,2,concat,6,https://www.youtube.com/watch?v=-QUxi_7bKyg
-S7_M0FCu4A,2,2,concat,6,https://www.youtube.com/watch?v=-S7_M0FCu4A
-T_ZNAlKXEw,2,2,concat,6,https://www.youtube.com/watch?v=-T_ZNAlKXEw
-YrDdwkeIeg,2,2,concat,6,https://www.youtube.com/watch?v=-YrDdwkeIeg
-apnLDAFtNY,2,2,concat,6,https://www.youtube.com/watch?v=-apnLDAFtNY
-c5rZ6sOwsc,2,2,concat,6,https://www.youtube.com/watch?v=-c5rZ6sOwsc
-ep-Qk4o11I,2,2,concat,6,https://www.youtube.com/watch?v=-ep-Qk4o11I
-h9696jBkeY,2,2,concat,6,https://www.youtube.com/watch?v=-h9696jBkeY
-nR0CQI0lis,2,2,concat,6,https://www.youtube.com/watch?v=-nR0CQI0lis
-oEYh_bVlcQ,2,2,concat,6,https://www.youtube.com/watch?v=-oEYh_bVlcQ
-u4GDA5dLvE,2,2,concat,6,https://www.youtube.com/watch?v=-u4GDA5dLvE
0A9R-dQDuM0,2,2,concat,6,https://www.youtube.com/watch?v=0A9R-dQDuM0
0AU8gfebaPc,2,2,concat,6,https://www.youtube.com/watch?v=0AU8gfebaPc
0BJnzMiKdls,2,2,concat,6,https://www.youtube.com/watch?v=0BJnzMiKdls
0EfnJ1AjTbc,2,2,concat,6,https://www.youtube.com/watch?v=0EfnJ1AjTbc
0Gjzr0P6thE,2,2,concat,6,https://www.youtube.com/watch?v=0Gjzr0P6thE
0Mrl7IU-V3g,2,2,concat,6,https://www.youtube.com/watch?v=0Mrl7IU-V3g
0NRndJfMef4,2,2,concat,6,https://www.youtube.com/watch?v=0NRndJfMef4
0OS6lK3q-iY,2,2,concat,6,https://www.youtube.com/watch?v=0OS6lK3q-iY
0S4ukO9t3lc,2,2,concat,6,https://www.youtube.com/watch?v=0S4ukO9t3lc
0SGWiWX9d9E,2,2,concat,6,https://www.youtube.com/watch?v=0SGWiWX9d9E
0b1AGT6Ft3I,2,2,concat,6,https://www.youtube.com/watch?v=0b1AGT6Ft3I
0c1GJxa6E_U,2,2,concat,6,https://www.youtube.com/watch?v=0c1GJxa6E_U
0dkdmhPudPs,2,2,concat,6,https://www.youtube.com/watch?v=0dkdmhPudPs
0kGx6HwE6k8,2,2,concat,6,https://www.youtube.com/watch?v=0kGx6HwE6k8
0qXNdwGCckM,2,2,concat,6,https://www.youtube.com/watch?v=0qXNdwGCckM
0ykMeY91YOA,2,2,concat,6,https://www.youtube.com/watch?v=0ykMeY91YOA
1-3oK361ZVs,2,2,concat,6,https://www.youtube.com/watch?v=1-3oK361ZVs
1-umQYpIcJQ,2,2,concat,6,https://www.youtube.com/watch?v=1-umQYpIcJQ
12F9SUQmBSs,2,2,concat,6,https://www.youtube.com/watch?v=12F9SUQmBSs
14m2pj0QZxI,2,2,concat,6,https://www.youtube.com/watch?v=14m2pj0QZxI
17p1UE69M-4,2,2,concat,6,https://www.youtube.com/watch?v=17p1UE69M-4
1D1Zsym8JLc,2,2,concat,6,https://www.youtube.com/watch?v=1D1Zsym8JLc
1HhKzX_dof4,2,2,concat,6,https://www.youtube.com/watch?v=1HhKzX_dof4
1HkWdJd05dA,2,2,concat,6,https://www.youtube.com/watch?v=1HkWdJd05dA
1J_9ZZhiKgw,2,2,concat,6,https://www.youtube.com/watch?v=1J_9ZZhiKgw
1NBvNERy5Ng,2,2,concat,6,https://www.youtube.com/watch?v=1NBvNERy5Ng
1PTt_G4JEcU,2,2,concat,6,https://www.youtube.com/watch?v=1PTt_G4JEcU
1R1C71k6rBQ,2,2,concat,6,https://www.youtube.com/watch?v=1R1C71k6rBQ
1Rfi3laz2m4,2,2,concat,6,https://www.youtube.com/watch?v=1Rfi3laz2m4
1Ub0680fnAU,2,2,concat,6,https://www.youtube.com/watch?v=1Ub0680fnAU
1YbLaphcAa4,2,2,concat,6,https://www.youtube.com/watch?v=1YbLaphcAa4
1h3vqTBcTak,2,2,concat,6,https://www.youtube.com/watch?v=1h3vqTBcTak
1iR7grey7uY,2,2,concat,6,https://www.youtube.com/watch?v=1iR7grey7uY
1ob56p_z7_c,2,2,concat,6,https://www.youtube.com/watch?v=1ob56p_z7_c
1xfcGWIjnkE,2,2,concat,6,https://www.youtube.com/watch?v=1xfcGWIjnkE
2-elFmxSbHY,2,2,concat,6,https://www.youtube.com/watch?v=2-elFmxSbHY
2252T-GmkKE,2,2,concat,6,https://www.youtube.com/watch?v=2252T-GmkKE
22xqnFF5a1g,2,2,concat,6,https://www.youtube.com/watch?v=22xqnFF5a1g
24ln7EXn4TA,2,2,concat,6,https://www.youtube.com/watch?v=24ln7EXn4TA
28pHZt1dUvE,2,2,concat,6,https://www.youtube.com/watch?v=28pHZt1dUvE
2A8qMKZFiuI,2,2,concat,6,https://www.youtube.com/watch?v=2A8qMKZFiuI
2Em6tkDE3ko,2,2,concat,6,https://www.youtube.com/watch?v=2Em6tkDE3ko
2Jdd5HK7bRA,2,2,concat,6,https://www.youtube.com/watch?v=2Jdd5HK7bRA
2JwCH4Vn5qo,2,2,concat,6,https://www.youtube.com/watch?v=2JwCH4Vn5qo
2Rh-bu8f4Tk,2,2,concat,6,https://www.youtube.com/watch?v=2Rh-bu8f4Tk
2SHOv4UEA8w,2,2,concat,6,https://www.youtube.com/watch?v=2SHOv4UEA8w
2YifqtKCLfw,2,2,concat,6,https://www.youtube.com/watch?v=2YifqtKCLfw
2Z96B2qDGCY,2,2,concat,6,https://www.youtube.com/watch?v=2Z96B2qDGCY
2ZT9xH9yCeU,2,2,concat,6,https://www.youtube.com/watch?v=2ZT9xH9yCeU
2a4oxyPr2Ek,2,2,concat,6,https://www.youtube.com/watch?v=2a4oxyPr2Ek
2aPSctrD8no,2,2,concat,6,https://www.youtube.com/watch?v=2aPSctrD8no
2dSE31ZKdaQ,2,2,concat,6,https://www.youtube.com/watch?v=2dSE31ZKdaQ
2dhznHlfDvQ,2,2,concat,6,https://www.youtube.com/watch?v=2dhznHlfDvQ
2eoIDNbzG20,2,2,concat,6,https://www.youtube.com/watch?v=2eoIDNbzG20
2fZ8JPCS3fg,2,2,concat,6,https://www.youtube.com/watch?v=2fZ8JPCS3fg
2jC6IYTIbA4,2,2,concat,6,https://www.youtube.com/watch?v=2jC6IYTIbA4
2jI01jzy4dU,2,2,concat,6,https://www.youtube.com/watch?v=2jI01jzy4dU
2wfL6QZySbA,2,2,concat,6,https://www.youtube.com/watch?v=2wfL6QZySbA
31IJ63xbnqI,2,2,concat,6,https://www.youtube.com/watch?v=31IJ63xbnqI
32s8Wzr5rsE,2,2,concat,6,https://www.youtube.com/watch?v=32s8Wzr5rsE
3DX98bceKjY,2,2,concat,6,https://www.youtube.com/watch?v=3DX98bceKjY
3IZ_ySDyOOw,2,2,concat,6,https://www.youtube.com/watch?v=3IZ_ySDyOOw
3JgFKKDXPyY,2,2,concat,6,https://www.youtube.com/watch?v=3JgFKKDXPyY
3KqUxPV0LV0,2,2,concat,6,https://www.youtube.com/watch?v=3KqUxPV0LV0
3QSZwwIILyc,2,2,concat,6,https://www.youtube.com/watch?v=3QSZwwIILyc
3_WNnMiePe0,2,2,concat,6,https://www.youtube.com/watch?v=3_WNnMiePe0
3acM1UYbBhA,2,2,concat,6,https://www.youtube.com/watch?v=3acM1UYbBhA
3oUGXUfWNy0,2,2,concat,6,https://www.youtube.com/watch?v=3oUGXUfWNy0
3qRycjpWpRs,2,2,concat,6,https://www.youtube.com/watch?v=3qRycjpWpRs
3sH9fJzQHJM,2,2,concat,6,https://www.youtube.com/watch?v=3sH9fJzQHJM
3tCkOHKfHgE,2,2,concat,6,https://www.youtube.com/watch?v=3tCkOHKfHgE
3vCXOQUr2bQ,2,2,concat,6,https://www.youtube.com/watch?v=3vCXOQUr2bQ
3zM5cQ36LMA,2,2,concat,6,https://www.youtube.com/watch?v=3zM5cQ36LMA
41fM_RpLPlg,2,2,concat,6,https://www.youtube.com/watch?v=41fM_RpLPlg
42wgILNJp_c,2,2,concat,6,https://www.youtube.com/watch?v=42wgILNJp_c
45FAhSCGkDY,2,2,concat,6,https://www.youtube.com/watch?v=45FAhSCGkDY
47AdEZ_pdto,2,2,concat,6,https://www.youtube.com/watch?v=47AdEZ_pdto
4Bk2RO0R6fY,2,2,concat,6,https://www.youtube.com/watch?v=4Bk2RO0R6fY
4MQGAwyVXAA,2,2,concat,6,https://www.youtube.com/watch?v=4MQGAwyVXAA
4NMubI692RU,2,2,concat,6,https://www.youtube.com/watch?v=4NMubI692RU
4RpJFu0DhE0,2,2,concat,6,https://www.youtube.com/watch?v=4RpJFu0DhE0
4Uun4yC1nkU,2,2,concat,6,https://www.youtube.com/watch?v=4Uun4yC1nkU
4VbY0jB1ChE,2,2,concat,6,https://www.youtube.com/watch?v=4VbY0jB1ChE
4XH7ULF4yfs,2,2,concat,6,https://www.youtube.com/watch?v=4XH7ULF4yfs
4_mPFsw4bJU,2,2,concat,6,https://www.youtube.com/watch?v=4_mPFsw4bJU
4b5a3i10bU4,2,2,concat,6,https://www.youtube.com/watch?v=4b5a3i10bU4
4bace7jTgSU,2,2,concat,6,https://www.youtube.com/watch?v=4bace7jTgSU
4df3RjMEgZk,2,2,concat,6,https://www.youtube.com/watch?v=4df3RjMEgZk
4fonDUwOVoI,2,2,concat,6,https://www.youtube.com/watch?v=4fonDUwOVoI
4lftrIHOrnY,2,2,concat,6,https://www.youtube.com/watch?v=4lftrIHOrnY
4lsQbEojWrs,2,2,concat,6,https://www.youtube.com/watch?v=4lsQbEojWrs
4n8kmaOJeBM,2,2,concat,6,https://www.youtube.com/watch?v=4n8kmaOJeBM
4ouK-hm9JC8,2,2,concat,6,https://www.youtube.com/watch?v=4ouK-hm9JC8
4yESQrD1mFU,2,2,concat,6,https://www.youtube.com/watch?v=4yESQrD1mFU
53IcwrRsE-g,2,2,concat,6,https://www.youtube.com/watch?v=53IcwrRsE-g
53qJ7YNynVE,2,2,concat,6,https://www.youtube.com/watch?v=53qJ7YNynVE
59w6E-4ZNK0,2,2,concat,6,https://www.youtube.com/watch?v=59w6E-4ZNK0
5CBOdy8S31M,2,2,concat,6,https://www.youtube.com/watch?v=5CBOdy8S31M
5HCzDjAJfGc,2,2,concat,6,https://www.youtube.com/watch?v=5HCzDjAJfGc
5JOB1i7Z-e0,2,2,concat,6,https://www.youtube.com/watch?v=5JOB1i7Z-e0
5V3BncH6NTw,2,2,concat,6,https://www.youtube.com/watch?v=5V3BncH6NTw
5V9bqhUXrzQ,2,2,concat,6,https://www.youtube.com/watch?v=5V9bqhUXrzQ
5k40xwXS_5Y,2,2,concat,6,https://www.youtube.com/watch?v=5k40xwXS_5Y
5lfeKFoXEuc,2,2,concat,6,https://www.youtube.com/watch?v=5lfeKFoXEuc
5u6U2eAOZAc,2,2,concat,6,https://www.youtube.com/watch?v=5u6U2eAOZAc
5vdmJ86umPA,2,2,concat,6,https://www.youtube.com/watch?v=5vdmJ86umPA
5xP0L-RkKHc,2,2,concat,6,https://www.youtube.com/watch?v=5xP0L-RkKHc
5xantdT3StU,2,2,concat,6,https://www.youtube.com/watch?v=5xantdT3StU
63NLuFK_mz4,2,2,concat,6,https://www.youtube.com/watch?v=63NLuFK_mz4
6BJSkXKPAFQ,2,2,concat,6,https://www.youtube.com/watch?v=6BJSkXKPAFQ
6Iiqi1WOnJE,2,2,concat,6,https://www.youtube.com/watch?v=6Iiqi1WOnJE
6LVOQs6bSCQ,2,2,concat,6,https://www.youtube.com/watch?v=6LVOQs6bSCQ
6PNuxtKcxxI,2,2,concat,6,https://www.youtube.com/watch?v=6PNuxtKcxxI
6YKagXmVdi0,2,2,concat,6,https://www.youtube.com/watch?v=6YKagXmVdi0
6ZCaDc0ww-Q,2,2,concat,6,https://www.youtube.com/watch?v=6ZCaDc0ww-Q
6aOmFN6ayGY,2,2,concat,6,https://www.youtube.com/watch?v=6aOmFN6ayGY
6bKCd-ByBec,2,2,concat,6,https://www.youtube.com/watch?v=6bKCd-ByBec
6df-i9ew7pE,2,2,concat,6,https://www.youtube.com/watch?v=6df-i9ew7pE
6kmzfhQXxok,2,2,concat,6,https://www.youtube.com/watch?v=6kmzfhQXxok
73WlUmHdb9U,2,2,concat,6,https://www.youtube.com/watch?v=73WlUmHdb9U
75GA4mIuGEQ,2,2,concat,6,https://www.youtube.com/watch?v=75GA4mIuGEQ
7GQhndwanRM,2,2,concat,6,https://www.youtube.com/watch?v=7GQhndwanRM
7KDcA1196_Q,2,2,concat,6,https://www.youtube.com/watch?v=7KDcA1196_Q
7Lome6s_pLU,2,2,concat,6,https://www.youtube.com/watch?v=7Lome6s_pLU
7LxdM6bDfTw,2,2,concat,6,https://www.youtube.com/watch?v=7LxdM6bDfTw
7M1Znz4U614,2,2,concat,6,https://www.youtube.com/watch?v=7M1Znz4U614
7N0Q5pOfCGk,2,2,concat,6,https://www.youtube.com/watch?v=7N0Q5pOfCGk
7NS1zuB4F0A,2,2,concat,6,https://www.youtube.com/watch?v=7NS1zuB4F0A
7NjaVot8r18,2,2,concat,6,https://www.youtube.com/watch?v=7NjaVot8r18
7QHejCm8x7g,2,2,concat,6,https://www.youtube.com/watch?v=7QHejCm8x7g
7QXKJC-PJUs,2,2,concat,6,https://www.youtube.com/watch?v=7QXKJC-PJUs
7UoEQnGHy2Y,2,2,concat,6,https://www.youtube.com/watch?v=7UoEQnGHy2Y
7mvKfewYaCk,2,2,concat,6,https://www.youtube.com/watch?v=7mvKfewYaCk
7qGmUWNmELg,2,2,concat,6,https://www.youtube.com/watch?v=7qGmUWNmELg
7vpzY3sO_MA,2,2,concat,6,https://www.youtube.com/watch?v=7vpzY3sO_MA
7z0_AAXr0KQ,2,2,concat,6,https://www.youtube.com/watch?v=7z0_AAXr0KQ
7zdUZb5se6I,2,2,concat,6,https://www.youtube.com/watch?v=7zdUZb5se6I
80WQCA-V6ZE,2,2,concat,6,https://www.youtube.com/watch?v=80WQCA-V6ZE
84h82ft49Hc,2,2,concat,6,https://www.youtube.com/watch?v=84h82ft49Hc
8618jre0lcA,2,2,concat,6,https://www.youtube.com/watch?v=8618jre0lcA
86567LeqnDI,2,2,concat,6,https://www.youtube.com/watch?v=86567LeqnDI
89FfxB2bg-A,2,2,concat,6,https://www.youtube.com/watch?v=89FfxB2bg-A
8DjaFbN8Cac,2,2,concat,6,https://www.youtube.com/watch?v=8DjaFbN8Cac
8Dx5gPfBc_Y,2,2,concat,6,https://www.youtube.com/watch?v=8Dx5gPfBc_Y
8Gmb2-AsTWw,2,2,concat,6,https://www.youtube.com/watch?v=8Gmb2-AsTWw
8NwmNNPOmfU,2,2,concat,6,https://www.youtube.com/watch?v=8NwmNNPOmfU
8WoMBFcNRCQ,2,2,concat,6,https://www.youtube.com/watch?v=8WoMBFcNRCQ
8_TCy5FnH_M,2,2,concat,6,https://www.youtube.com/watch?v=8_TCy5FnH_M
8cj4urTZOjo,2,2,concat,6,https://www.youtube.com/watch?v=8cj4urTZOjo
8dZcUbO17ck,2,2,concat,6,https://www.youtube.com/watch?v=8dZcUbO17ck
8gET6kFgy64,2,2,concat,6,https://www.youtube.com/watch?v=8gET6kFgy64
8kcnLNF_rZk,2,2,concat,6,https://www.youtube.com/watch?v=8kcnLNF_rZk
8sCIYuz9BHk,2,2,concat,6,https://www.youtube.com/watch?v=8sCIYuz9BHk
8zetyMcuKls,2,2,concat,6,https://www.youtube.com/watch?v=8zetyMcuKls
9-1YvzqeVZc,2,2,concat,6,https://www.youtube.com/watch?v=9-1YvzqeVZc
9DbmvLX6GxU,2,2,concat,6,https://www.youtube.com/watch?v=9DbmvLX6GxU
9EnkjJxvhCk,2,2,concat,6,https://www.youtube.com/watch?v=9EnkjJxvhCk
9F0OzS8pFO8,2,2,concat,6,https://www.youtube.com/watch?v=9F0OzS8pFO8
9G-OZl9vje4,2,2,concat,6,https://www.youtube.com/watch?v=9G-OZl9vje4
9ILqEEB2vmY,2,2,concat,6,https://www.youtube.com/watch?v=9ILqEEB2vmY
9JdPPTb52J8,2,2,concat,6,https://www.youtube.com/watch?v=9JdPPTb52J8
9PvmZt1dH2s,2,2,concat,6,https://www.youtube.com/watch?v=9PvmZt1dH2s
9XcU49-XFwY,2,2,concat,6,https://www.youtube.com/watch?v=9XcU49-XFwY
9f3HcE7hJ3k,2,2,concat,6,https://www.youtube.com/watch?v=9f3HcE7hJ3k
9ieDjn8XXWc,2,2,concat,6,https://www.youtube.com/watch?v=9ieDjn8XXWc
9nAyiTfEzWY,2,2,concat,6,https://www.youtube.com/watch?v=9nAyiTfEzWY
9vuAq-oQg3Q,2,2,concat,6,https://www.youtube.com/watch?v=9vuAq-oQg3Q
9xVrxE4BEok,2,2,concat,6,https://www.youtube.com/watch?v=9xVrxE4BEok
A5R87YMhZDs,2,2,concat,6,https://www.youtube.com/watch?v=A5R87YMhZDs
A6e6DLXE2ys,2,2,concat,6,https://www.youtube.com/watch?v=A6e6DLXE2ys
ACgMJIht30M,2,2,concat,6,https://www.youtube.com/watch?v=ACgMJIht30M
ALlJoKyTHv0,2,2,concat,6,https://www.youtube.com/watch?v=ALlJoKyTHv0
AMT7MKra3vs,2,2,concat,6,https://www.youtube.com/watch?v=AMT7MKra3vs
AQj0CL2r_cc,2,2,concat,6,https://www.youtube.com/watch?v=AQj0CL2r_cc
ATVhcG7nA40,2,2,concat,6,https://www.youtube.com/watch?v=ATVhcG7nA40
AVWvoqRWs-s,2,2,concat,6,https://www.youtube.com/watch?v=AVWvoqRWs-s
AW8IHk3niHU,2,2,concat,6,https://www.youtube.com/watch?v=AW8IHk3niHU
AXWSWv2PJjM,2,2,concat,6,https://www.youtube.com/watch?v=AXWSWv2PJjM
AYIM3LAINyc,2,2,concat,6,https://www.youtube.com/watch?v=AYIM3LAINyc
A_DzLGAssTE,2,2,concat,6,https://www.youtube.com/watch?v=A_DzLGAssTE
AcKQSCD5IXQ,2,2,concat,6,https://www.youtube.com/watch?v=AcKQSCD5IXQ
AdkLD9ovyzM,2,2,concat,6,https://www.youtube.com/watch?v=AdkLD9ovyzM
AeQZGwudShc,2,2,concat,6,https://www.youtube.com/watch?v=AeQZGwudShc
AfAMUKDg5rw,2,2,concat,6,https://www.youtube.com/watch?v=AfAMUKDg5rw
Aq45JuGmYTY,2,2,concat,6,https://www.youtube.com/watch?v=Aq45JuGmYTY
AtHtiSLlKMM,2,2,concat,6,https://www.youtube.com/watch?v=AtHtiSLlKMM
AtkzBdYF1wo,2,2,concat,6,https://www.youtube.com/watch?v=AtkzBdYF1wo
AxnvPzeD1hg,2,2,concat,6,https://www.youtube.com/watch?v=AxnvPzeD1hg
AyLpUMCgm4o,2,2,concat,6,https://www.youtube.com/watch?v=AyLpUMCgm4o
B-attNvge0Y,2,2,concat,6,https://www.youtube.com/watch?v=B-attNvge0Y
B1-HYqFDjuo,2,2,concat,6,https://www.youtube.com/watch?v=B1-HYqFDjuo
B4pnzUD9nQ8,2,2,concat,6,https://www.youtube.com/watch?v=B4pnzUD9nQ8
B5AJWWVPjwg,2,2,concat,6,https://www.youtube.com/watch?v=B5AJWWVPjwg
B6fc4F3J9d4,2,2,concat,6,https://www.youtube.com/watch?v=B6fc4F3J9d4
BExCUxGJ6t4,2,2,concat,6,https://www.youtube.com/watch?v=BExCUxGJ6t4
BG5EwYiBP6Y,2,2,concat,6,https://www.youtube.com/watch?v=BG5EwYiBP6Y
BIYrMsyXnA4,2,2,concat,6,https://www.youtube.com/watch?v=BIYrMsyXnA4
BRG3EU5TQp8,2,2,concat,6,https://www.youtube.com/watch?v=BRG3EU5TQp8
BXEqrpOLgbg,2,2,concat,6,https://www.youtube.com/watch?v=BXEqrpOLgbg
BXPW1dLqM_A,2,2,concat,6,https://www.youtube.com/watch?v=BXPW1dLqM_A
Bl16sGgNV_E,2,2,concat,6,https://www.youtube.com/watch?v=Bl16sGgNV_E
BswXDk8JFuY,2,2,concat,6,https://www.youtube.com/watch?v=BswXDk8JFuY
Bv5pGMQiduU,2,2,concat,6,https://www.youtube.com/watch?v=Bv5pGMQiduU
C0GJF3tMkzI,2,2,concat,6,https://www.youtube.com/watch?v=C0GJF3tMkzI
C2VgR3dbdk4,2,2,concat,6,https://www.youtube.com/watch?v=C2VgR3dbdk4
C4FW1BFJEY0,2,2,concat,6,https://www.youtube.com/watch?v=C4FW1BFJEY0
C6T-j-IpzAo,2,2,concat,6,https://www.youtube.com/watch?v=C6T-j-IpzAo
CGSvWZAiZIg,2,2,concat,6,https://www.youtube.com/watch?v=CGSvWZAiZIg
CHM6mP2vc18,2,2,concat,6,https://www.youtube.com/watch?v=CHM6mP2vc18
CL3XyxjHxKE,2,2,concat,6,https://www.youtube.com/watch?v=CL3XyxjHxKE
COt5FntpDMg,2,2,concat,6,https://www.youtube.com/watch?v=COt5FntpDMg
CRHC-PELInQ,2,2,concat,6,https://www.youtube.com/watch?v=CRHC-PELInQ
CRdD3LFjHUA,2,2,concat,6,https://www.youtube.com/watch?v=CRdD3LFjHUA
CZ206PPrrtY,2,2,concat,6,https://www.youtube.com/watch?v=CZ206PPrrtY
CcyWWkY75Nw,2,2,concat,6,https://www.youtube.com/watch?v=CcyWWkY75Nw
CiRplpSsiyU,2,2,concat,6,https://www.youtube.com/watch?v=CiRplpSsiyU
ClXCSophe9Q,2,2,concat,6,https://www.youtube.com/watch?v=ClXCSophe9Q
Cn1Q1bKf7T4,2,2,concat,6,https://www.youtube.com/watch?v=Cn1Q1bKf7T4
CnRU6HF8heM,2,2,concat,6,https://www.youtube.com/watch?v=CnRU6HF8heM
CsWk-laQdZk,2,2,concat,6,https://www.youtube.com/watch?v=CsWk-laQdZk
Ct4dwG_TIXY,2,2,concat,6,https://www.youtube.com/watch?v=Ct4dwG_TIXY
D0SgxyPU0zA,2,2,concat,6,https://www.youtube.com/watch?v=D0SgxyPU0zA
D3dnReia_FQ,2,2,concat,6,https://www.youtube.com/watch?v=D3dnReia_FQ
D5VHopgwHJE,2,2,concat,6,https://www.youtube.com/watch?v=D5VHopgwHJE
D6BLpwIcSoQ,2,2,concat,6,https://www.youtube.com/watch?v=D6BLpwIcSoQ
D6XpqEEbHU8,2,2,concat,6,https://www.youtube.com/watch?v=D6XpqEEbHU8
D8GXc55RvAM,2,2,concat,6,https://www.youtube.com/watch?v=D8GXc55RvAM
DHVqrMsSX_k,2,2,concat,6,https://www.youtube.com/watch?v=DHVqrMsSX_k
DHlxQiDV2rY,2,2,concat,6,https://www.youtube.com/watch?v=DHlxQiDV2rY
DKAUjjkQDPw,2,2,concat,6,https://www.youtube.com/watch?v=DKAUjjkQDPw
DLi6fz5pkgg,2,2,concat,6,https://www.youtube.com/watch?v=DLi6fz5pkgg
DMPGT1_o_gY,2,2,concat,6,https://www.youtube.com/watch?v=DMPGT1_o_gY
DPss6Xgq1dw,2,2,concat,6,https://www.youtube.com/watch?v=DPss6Xgq1dw
DTjAv-0I5sI,2,2,concat,6,https://www.youtube.com/watch?v=DTjAv-0I5sI
DVIVhTk-VdU,2,2,concat,6,https://www.youtube.com/watch?v=DVIVhTk-VdU
DbRNWlZajuo,2,2,concat,6,https://www.youtube.com/watch?v=DbRNWlZajuo
DkKlZ3TA4kA,2,2,concat,6,https://www.youtube.com/watch?v=DkKlZ3TA4kA
Dm5LJWjv6oA,2,2,concat,6,https://www.youtube.com/watch?v=Dm5LJWjv6oA
DqTjx08vqM0,2,2,concat,6,https://www.youtube.com/watch?v=DqTjx08vqM0
DtJXZ86OBgw,2,2,concat,6,https://www.youtube.com/watch?v=DtJXZ86OBgw
E3LJPbdMJWo,2,2,concat,6,https://www.youtube.com/watch?v=E3LJPbdMJWo
E53XHWtp42c,2,2,concat,6,https://www.youtube.com/watch?v=E53XHWtp42c
E9dIPsoWWBE,2,2,concat,6,https://www.youtube.com/watch?v=E9dIPsoWWBE
E9eki0Jsh2g,2,2,concat,6,https://www.youtube.com/watch?v=E9eki0Jsh2g
E9fyIJlXiJ4,2,2,concat,6,https://www.youtube.com/watch?v=E9fyIJlXiJ4
EG6pBYh6Eqs,2,2,concat,6,https://www.youtube.com/watch?v=EG6pBYh6Eqs
EHEMugZ0bD4,2,2,concat,6,https://www.youtube.com/watch?v=EHEMugZ0bD4
EHk2j8VSFKw,2,2,concat,6,https://www.youtube.com/watch?v=EHk2j8VSFKw
EOXmTZo1Ii8,2,2,concat,6,https://www.youtube.com/watch?v=EOXmTZo1Ii8
EQfhl3fQmWk,2,2,concat,6,https://www.youtube.com/watch?v=EQfhl3fQmWk
ES9WGKrSDGk,2,2,concat,6,https://www.youtube.com/watch?v=ES9WGKrSDGk
ET2MKQk3xsI,2,2,concat,6,https://www.youtube.com/watch?v=ET2MKQk3xsI
EX7hTQVGUg0,2,2,concat,6,https://www.youtube.com/watch?v=EX7hTQVGUg0
Ebarh3HEWnI,2,2,concat,6,https://www.youtube.com/watch?v=Ebarh3HEWnI
EeV6RElqRa8,2,2,concat,6,https://www.youtube.com/watch?v=EeV6RElqRa8
EmyVLhK2SIU,2,2,concat,6,https://www.youtube.com/watch?v=EmyVLhK2SIU
EqQCt9Fjocs,2,2,concat,6,https://www.youtube.com/watch?v=EqQCt9Fjocs
EtYLRh-apag,2,2,concat,6,https://www.youtube.com/watch?v=EtYLRh-apag
ExKETZ6mLHA,2,2,concat,6,https://www.youtube.com/watch?v=ExKETZ6mLHA
F8CY3_0HPvk,2,2,concat,6,https://www.youtube.com/watch?v=F8CY3_0HPvk
F9vtZFTF9C4,2,2,concat,6,https://www.youtube.com/watch?v=F9vtZFTF9C4
FA8REt2no-k,2,2,concat,6,https://www.youtube.com/watch?v=FA8REt2no-k
FDiXY2ZToEg,2,2,concat,6,https://www.youtube.com/watch?v=FDiXY2ZToEg
FEZXrnxcvWc,2,2,concat,6,https://www.youtube.com/watch?v=FEZXrnxcvWc
FGKZJpSd1X0,2,2,concat,6,https://www.youtube.com/watch?v=FGKZJpSd1X0
FMtUc1h9eig,2,2,concat,6,https://www.youtube.com/watch?v=FMtUc1h9eig
FNkMpZe2MSw,2,2,concat,6,https://www.youtube.com/watch?v=FNkMpZe2MSw
FP8uF3FAus4,2,2,concat,6,https://www.youtube.com/watch?v=FP8uF3FAus4
FUtHa_d_ke0,2,2,concat,6,https://www.youtube.com/watch?v=FUtHa_d_ke0
FVVpYAZkOUI,2,2,concat,6,https://www.youtube.com/watch?v=FVVpYAZkOUI
F_efd1OZI8g,2,2,concat,6,https://www.youtube.com/watch?v=F_efd1OZI8g
FoyFqG70YYI,2,2,concat,6,https://www.youtube.com/watch?v=FoyFqG70YYI
Ftbt4ehqAx4,2,2,concat,6,https://www.youtube.com/watch?v=Ftbt4ehqAx4
FwYx7qq71IE,2,2,concat,6,https://www.youtube.com/watch?v=FwYx7qq71IE
G-RlVurct-s,2,2,concat,6,https://www.youtube.com/watch?v=G-RlVurct-s
G3LP0sJch1k,2,2,concat,6,https://www.youtube.com/watch?v=G3LP0sJch1k
GBlVkMazDro,2,2,concat,6,https://www.youtube.com/watch?v=GBlVkMazDro
GCMISiV2LkA,2,2,concat,6,https://www.youtube.com/watch?v=GCMISiV2LkA
GDSX8p4841U,2,2,concat,6,https://www.youtube.com/watch?v=GDSX8p4841U
GGaM1WYyeq0,2,2,concat,6,https://www.youtube.com/watch?v=GGaM1WYyeq0
GRvd0UvD2hE,2,2,concat,6,https://www.youtube.com/watch?v=GRvd0UvD2hE
GgVxnjPSaY0,2,2,concat,6,https://www.youtube.com/watch?v=GgVxnjPSaY0
GhMZuH-fbxw,2,2,concat,6,https://www.youtube.com/watch?v=GhMZuH-fbxw
GkzikgTGmss,2,2,concat,6,https://www.youtube.com/watch?v=GkzikgTGmss
Gl9DkrqXzjg,2,2,concat,6,https://www.youtube.com/watch?v=Gl9DkrqXzjg
GpIdfvG7nn0,2,2,concat,6,https://www.youtube.com/watch?v=GpIdfvG7nn0
Gy0LdpLw29A,2,2,concat,6,https://www.youtube.com/watch?v=Gy0LdpLw29A
H5CNh6vrmPs,2,2,concat,6,https://www.youtube.com/watch?v=H5CNh6vrmPs
H5uR6H4UuPc,2,2,concat,6,https://www.youtube.com/watch?v=H5uR6H4UuPc
H6-AJ6rjU2g,2,2,concat,6,https://www.youtube.com/watch?v=H6-AJ6rjU2g
H8JXCZihFT8,2,2,concat,6,https://www.youtube.com/watch?v=H8JXCZihFT8
HCMMX5J_Imo,2,2,concat,6,https://www.youtube.com/watch?v=HCMMX5J_Imo
HEVm8IGXBCs,2,2,concat,6,https://www.youtube.com/watch?v=HEVm8IGXBCs
HEzk2WzLoKE,2,2,concat,6,https://www.youtube.com/watch?v=HEzk2WzLoKE
HMogldJDk3k,2,2,concat,6,https://www.youtube.com/watch?v=HMogldJDk3k
Heh4l86SIl4,2,2,concat,6,https://www.youtube.com/watch?v=Heh4l86SIl4
HgYLQV0SgUI,2,2,concat,6,https://www.youtube.com/watch?v=HgYLQV0SgUI
HmfwxHHnUiQ,2,2,concat,6,https://www.youtube.com/watch?v=HmfwxHHnUiQ
HmrBntYo7gg,2,2,concat,6,https://www.youtube.com/watch?v=HmrBntYo7gg
HoeghMScLZI,2,2,concat,6,https://www.youtube.com/watch?v=HoeghMScLZI
I-94CD0OjKo,2,2,concat,6,https://www.youtube.com/watch?v=I-94CD0OjKo
I-aSQSchxlk,2,2,concat,6,https://www.youtube.com/watch?v=I-aSQSchxlk
IAB4XNENULY,2,2,concat,6,https://www.youtube.com/watch?v=IAB4XNENULY
IAf8_uZEAWE,2,2,concat,6,https://www.youtube.com/watch?v=IAf8_uZEAWE
IBCwiYjGODU,2,2,concat,6,https://www.youtube.com/watch?v=IBCwiYjGODU
IKLcRP1gFuY,2,2,concat,6,https://www.youtube.com/watch?v=IKLcRP1gFuY
IPFZcNOAEUs,2,2,concat,6,https://www.youtube.com/watch?v=IPFZcNOAEUs
IQKP4FBCtuc,2,2,concat,6,https://www.youtube.com/watch?v=IQKP4FBCtuc
IQrWltHI77U,2,2,concat,6,https://www.youtube.com/watch?v=IQrWltHI77U
IWOKDOj0Yu8,2,2,concat,6,https://www.youtube.com/watch?v=IWOKDOj0Yu8
Ics5CtDa7Ds,2,2,concat,6,https://www.youtube.com/watch?v=Ics5CtDa7Ds
IdTfRaBIVqw,2,2,concat,6,https://www.youtube.com/watch?v=IdTfRaBIVqw
IjGuU_TVzhU,2,2,concat,6,https://www.youtube.com/watch?v=IjGuU_TVzhU
IjLF5OfgaWI,2,2,concat,6,https://www.youtube.com/watch?v=IjLF5OfgaWI
ImeIu4HtZGM,2,2,concat,6,https://www.youtube.com/watch?v=ImeIu4HtZGM
IuoEIPxmTeo,2,2,concat,6,https://www.youtube.com/watch?v=IuoEIPxmTeo
J-1Q8CKLD74,2,2,concat,6,https://www.youtube.com/watch?v=J-1Q8CKLD74
J92suL5rSuE,2,2,concat,6,https://www.youtube.com/watch?v=J92suL5rSuE
JEG_jA2J60E,2,2,concat,6,https://www.youtube.com/watch?v=JEG_jA2J60E
JRWU_U4Z0dE,2,2,concat,6,https://www.youtube.com/watch?v=JRWU_U4Z0dE
JXXfu2kEKjo,2,2,concat,6,https://www.youtube.com/watch?v=JXXfu2kEKjo
JbKwJD4eTHc,2,2,concat,6,https://www.youtube.com/watch?v=JbKwJD4eTHc
JrhOh4Ir1tw,2,2,concat,6,https://www.youtube.com/watch?v=JrhOh4Ir1tw
JstFgPXhoQU,2,2,concat,6,https://www.youtube.com/watch?v=JstFgPXhoQU
JxfD1TvUpxQ,2,2,concat,6,https://www.youtube.com/watch?v=JxfD1TvUpxQ
Jzz8TPFXRoo,2,2,concat,6,https://www.youtube.com/watch?v=Jzz8TPFXRoo
K4F4PsWGdEU,2,2,concat,6,https://www.youtube.com/watch?v=K4F4PsWGdEU
KFS3RdmUP_g,2,2,concat,6,https://www.youtube.com/watch?v=KFS3RdmUP_g
KMRv_8ek8Fk,2,2,concat,6,https://www.youtube.com/watch?v=KMRv_8ek8Fk
KMaSjkLM-jQ,2,2,concat,6,https://www.youtube.com/watch?v=KMaSjkLM-jQ
KNgkBWUpKYQ,2,2,concat,6,https://www.youtube.com/watch?v=KNgkBWUpKYQ
KV1-XWGncZA,2,2,concat,6,https://www.youtube.com/watch?v=KV1-XWGncZA
KV_tmnH5cEI,2,2,concat,6,https://www.youtube.com/watch?v=KV_tmnH5cEI
K_HBXG-eBZc,2,2,concat,6,https://www.youtube.com/watch?v=K_HBXG-eBZc
K_iCwrAdmlo,2,2,concat,6,https://www.youtube.com/watch?v=K_iCwrAdmlo
Kd3Yz0efBYY,2,2,concat,6,https://www.youtube.com/watch?v=Kd3Yz0efBYY
Kf5Gay0CjFY,2,2,concat,6,https://www.youtube.com/watch?v=Kf5Gay0CjFY
KffRuvYvnJo,2,2,concat,6,https://www.youtube.com/watch?v=KffRuvYvnJo
Kin4UHvxZvw,2,2,concat,6,https://www.youtube.com/watch?v=Kin4UHvxZvw
KnqgKlq8OmU,2,2,concat,6,https://www.youtube.com/watch?v=KnqgKlq8OmU
Kqv7rrnu_0A,2,2,concat,6,https://www.youtube.com/watch?v=Kqv7rrnu_0A
KslsvbS4iCA,2,2,concat,6,https://www.youtube.com/watch?v=KslsvbS4iCA
KtB2R5tJ2xU,2,2,concat,6,https://www.youtube.com/watch?v=KtB2R5tJ2xU
KvAohBBd9rA,2,2,concat,6,https://www.youtube.com/watch?v=KvAohBBd9rA
Kvmc7cTZFcE,2,2,concat,6,https://www.youtube.com/watch?v=Kvmc7cTZFcE
KyaBi0E0bMc,2,2,concat,6,https://www.youtube.com/watch?v=KyaBi0E0bMc
KzGy71owh5Q,2,2,concat,6,https://www.youtube.com/watch?v=KzGy71owh5Q
L19tI2XD-ks,2,2,concat,6,https://www.youtube.com/watch?v=L19tI2XD-ks
L23rGxNah3M,2,2,concat,6,https://www.youtube.com/watch?v=L23rGxNah3M
L6cyonjWUuI,2,2,concat,6,https://www.youtube.com/watch?v=L6cyonjWUuI
LCK70Uxep-o,2,2,concat,6,https://www.youtube.com/watch?v=LCK70Uxep-o
LEdy_9VSo58,2,2,concat,6,https://www.youtube.com/watch?v=LEdy_9VSo58
LKrzKLVnWYQ,2,2,concat,6,https://www.youtube.com/watch?v=LKrzKLVnWYQ
LMGXxPXOfdM,2,2,concat,6,https://www.youtube.com/watch?v=LMGXxPXOfdM
LNOXkh7xqfU,2,2,concat,6,https://www.youtube.com/watch?v=LNOXkh7xqfU
LNUMciykDto,2,2,concat,6,https://www.youtube.com/watch?v=LNUMciykDto
LPLdufT-ckI,2,2,concat,6,https://www.youtube.com/watch?v=LPLdufT-ckI
L_ftSHhOkx0,2,2,concat,6,https://www.youtube.com/watch?v=L_ftSHhOkx0
Lc8LOT6I_5o,2,2,concat,6,https://www.youtube.com/watch?v=Lc8LOT6I_5o
LhU5NVyRu5c,2,2,concat,6,https://www.youtube.com/watch?v=LhU5NVyRu5c
LiOPpH8ho3Q,2,2,concat,6,https://www.youtube.com/watch?v=LiOPpH8ho3Q
Lj_uZDSMRGI,2,2,concat,6,https://www.youtube.com/watch?v=Lj_uZDSMRGI
LmF5NCSIa18,2,2,concat,6,https://www.youtube.com/watch?v=LmF5NCSIa18
MA-bRQ_7_AA,2,2,concat,6,https://www.youtube.com/watch?v=MA-bRQ_7_AA
MCBD448-ZA4,2,2,concat,6,https://www.youtube.com/watch?v=MCBD448-ZA4
MMXXA5Z3sak,2,2,concat,6,https://www.youtube.com/watch?v=MMXXA5Z3sak
MYXxXi4SXOE,2,2,concat,6,https://www.youtube.com/watch?v=MYXxXi4SXOE
MZbuouVRJWs,2,2,concat,6,https://www.youtube.com/watch?v=MZbuouVRJWs
MeTIWkW6p-k,2,2,concat,6,https://www.youtube.com/watch?v=MeTIWkW6p-k
MgnypSfURHQ,2,2,concat,6,https://www.youtube.com/watch?v=MgnypSfURHQ
MohMXVmNtAA,2,2,concat,6,https://www.youtube.com/watch?v=MohMXVmNtAA
MsF40p1NmBo,2,2,concat,6,https://www.youtube.com/watch?v=MsF40p1NmBo
MtlJxc9ta3k,2,2,concat,6,https://www.youtube.com/watch?v=MtlJxc9ta3k
N1HKD8lt3vQ,2,2,concat,6,https://www.youtube.com/watch?v=N1HKD8lt3vQ
NAhY87bfFdQ,2,2,concat,6,https://www.youtube.com/watch?v=NAhY87bfFdQ
NG049_h2Nfc,2,2,concat,6,https://www.youtube.com/watch?v=NG049_h2Nfc
NOdBj1z0_AE,2,2,concat,6,https://www.youtube.com/watch?v=NOdBj1z0_AE
NPU7oLnDoFw,2,2,concat,6,https://www.youtube.com/watch?v=NPU7oLnDoFw
NfqVRh8NstE,2,2,concat,6,https://www.youtube.com/watch?v=NfqVRh8NstE
Nh-Cx1TlSKw,2,2,concat,6,https://www.youtube.com/watch?v=Nh-Cx1TlSKw
Nl_8k9cgVpg,2,2,concat,6,https://www.youtube.com/watch?v=Nl_8k9cgVpg
NwM7aeMwtM8,2,2,concat,6,https://www.youtube.com/watch?v=NwM7aeMwtM8
O0T6KA0x5Q4,2,2,concat,6,https://www.youtube.com/watch?v=O0T6KA0x5Q4
OTgUkLKomAM,2,2,concat,6,https://www.youtube.com/watch?v=OTgUkLKomAM
OVAgbzVYgpQ,2,2,concat,6,https://www.youtube.com/watch?v=OVAgbzVYgpQ
OWsLDvMfDhI,2,2,concat,6,https://www.youtube.com/watch?v=OWsLDvMfDhI
Ocq6qk77Fn4,2,2,concat,6,https://www.youtube.com/watch?v=Ocq6qk77Fn4
OlrtEQQLJxw,2,2,concat,6,https://www.youtube.com/watch?v=OlrtEQQLJxw
OmBgYuIMlPA,2,2,concat,6,https://www.youtube.com/watch?v=OmBgYuIMlPA
OnqVLN3QvvI,2,2,concat,6,https://www.youtube.com/watch?v=OnqVLN3QvvI
Ool462rrybg,2,2,concat,6,https://www.youtube.com/watch?v=Ool462rrybg
Oye-aAzkAtc,2,2,concat,6,https://www.youtube.com/watch?v=Oye-aAzkAtc
P3icEff5Ft4,2,2,concat,6,https://www.youtube.com/watch?v=P3icEff5Ft4
P5mJKfi2nAE,2,2,concat,6,https://www.youtube.com/watch?v=P5mJKfi2nAE
P64t8PcwBfY,2,2,concat,6,https://www.youtube.com/watch?v=P64t8PcwBfY
P7miHMNKyqQ,2,2,concat,6,https://www.youtube.com/watch?v=P7miHMNKyqQ
PBPpvKPonuA,2,2,concat,6,https://www.youtube.com/watch?v=PBPpvKPonuA
PLh-A6H5PeU,2,2,concat,6,https://www.youtube.com/watch?v=PLh-A6H5PeU
PWiopvor-1I,2,2,concat,6,https://www.youtube.com/watch?v=PWiopvor-1I
Pk0SUkv22ek,2,2,concat,6,https://www.youtube.com/watch?v=Pk0SUkv22ek
Prm1QPbnrrA,2,2,concat,6,https://www.youtube.com/watch?v=Prm1QPbnrrA
Pt0LQoahq_U,2,2,concat,6,https://www.youtube.com/watch?v=Pt0LQoahq_U
PttO7e6WvOA,2,2,concat,6,https://www.youtube.com/watch?v=PttO7e6WvOA
PxoYlz2-f-Q,2,2,concat,6,https://www.youtube.com/watch?v=PxoYlz2-f-Q
Q6puWD_U9fg,2,2,concat,6,https://www.youtube.com/watch?v=Q6puWD_U9fg
Q7eARKi_wyc,2,2,concat,6,https://www.youtube.com/watch?v=Q7eARKi_wyc
QBNmI9zBeiI,2,2,concat,6,https://www.youtube.com/watch?v=QBNmI9zBeiI
QCX91lHZNEA,2,2,concat,6,https://www.youtube.com/watch?v=QCX91lHZNEA
QHK6cGnA_dc,2,2,concat,6,https://www.youtube.com/watch?v=QHK6cGnA_dc
QLoTUpOd_DI,2,2,concat,6,https://www.youtube.com/watch?v=QLoTUpOd_DI
QLsonzjXmsY,2,2,concat,6,https://www.youtube.com/watch?v=QLsonzjXmsY
QRWeCaLm6TM,2,2,concat,6,https://www.youtube.com/watch?v=QRWeCaLm6TM
QV6WBqBzlUQ,2,2,concat,6,https://www.youtube.com/watch?v=QV6WBqBzlUQ
QZT7TUOuolQ,2,2,concat,6,https://www.youtube.com/watch?v=QZT7TUOuolQ
Qa8M3cg7bT8,2,2,concat,6,https://www.youtube.com/watch?v=Qa8M3cg7bT8
QhSSQBkA-b0,2,2,concat,6,https://www.youtube.com/watch?v=QhSSQBkA-b0
QmZ96qGGbLo,2,2,concat,6,https://www.youtube.com/watch?v=QmZ96qGGbLo
QrLp8gKiONw,2,2,concat,6,https://www.youtube.com/watch?v=QrLp8gKiONw
Qwbo9-lqAKk,2,2,concat,6,https://www.youtube.com/watch?v=Qwbo9-lqAKk
R0kKxVXsUtc,2,2,concat,6,https://www.youtube.com/watch?v=R0kKxVXsUtc
R0mLxhwSn2A,2,2,concat,6,https://www.youtube.com/watch?v=R0mLxhwSn2A
R4PTJfemL3E,2,2,concat,6,https://www.youtube.com/watch?v=R4PTJfemL3E
R5KnCa9cjvE,2,2,concat,6,https://www.youtube.com/watch?v=R5KnCa9cjvE
R71BsNcEhY4,2,2,concat,6,https://www.youtube.com/watch?v=R71BsNcEhY4
R7M-0gMozWo,2,2,concat,6,https://www.youtube.com/watch?v=R7M-0gMozWo
R99G1cI5NhA,2,2,concat,6,https://www.youtube.com/watch?v=R99G1cI5NhA
RDOEUPfjJe4,2,2,concat,6,https://www.youtube.com/watch?v=RDOEUPfjJe4
RE-K4bUMU18,2,2,concat,6,https://www.youtube.com/watch?v=RE-K4bUMU18
RGTmaaowNAs,2,2,concat,6,https://www.youtube.com/watch?v=RGTmaaowNAs
RI-wKE7nyQA,2,2,concat,6,https://www.youtube.com/watch?v=RI-wKE7nyQA
RISRcljx1no,2,2,concat,6,https://www.youtube.com/watch?v=RISRcljx1no
RMCmbxPYS9I,2,2,concat,6,https://www.youtube.com/watch?v=RMCmbxPYS9I
RQzeFZ-oH8U,2,2,concat,6,https://www.youtube.com/watch?v=RQzeFZ-oH8U
RdjuNXBPBz8,2,2,concat,6,https://www.youtube.com/watch?v=RdjuNXBPBz8
Rf-LjCTs4jk,2,2,concat,6,https://www.youtube.com/watch?v=Rf-LjCTs4jk
Rh6v2cXEhvI,2,2,concat,6,https://www.youtube.com/watch?v=Rh6v2cXEhvI
RlHYMtT81Ic,2,2,concat,6,https://www.youtube.com/watch?v=RlHYMtT81Ic
RoknlEU6nP4,2,2,concat,6,https://www.youtube.com/watch?v=RoknlEU6nP4
Rw3w-Cl2-pU,2,2,concat,6,https://www.youtube.com/watch?v=Rw3w-Cl2-pU
Rz_FMK3kaHM,2,2,concat,6,https://www.youtube.com/watch?v=Rz_FMK3kaHM
S7gHQHiMSqk,2,2,concat,6,https://www.youtube.com/watch?v=S7gHQHiMSqk
SGIX--oaFos,2,2,concat,6,https://www.youtube.com/watch?v=SGIX--oaFos
SGf6edxQxUQ,2,2,concat,6,https://www.youtube.com/watch?v=SGf6edxQxUQ
SHKeybwu5Os,2,2,concat,6,https://www.youtube.com/watch?v=SHKeybwu5Os
SIdMCe_p0EQ,2,2,concat,6,https://www.youtube.com/watch?v=SIdMCe_p0EQ
SKop2kXkxeA,2,2,concat,6,https://www.youtube.com/watch?v=SKop2kXkxeA
SRoxAPLBIKI,2,2,concat,6,https://www.youtube.com/watch?v=SRoxAPLBIKI
SV6xl8FotL4,2,2,concat,6,https://www.youtube.com/watch?v=SV6xl8FotL4
Se7uSW7RQD8,2,2,concat,6,https://www.youtube.com/watch?v=Se7uSW7RQD8
Sh6xkP3pyV8,2,2,concat,6,https://www.youtube.com/watch?v=Sh6xkP3pyV8
SrV8_EJAGhk,2,2,concat,6,https://www.youtube.com/watch?v=SrV8_EJAGhk
SsC7LtozUPY,2,2,concat,6,https://www.youtube.com/watch?v=SsC7LtozUPY
StP9A_N3egM,2,2,concat,6,https://www.youtube.com/watch?v=StP9A_N3egM
Svo5O5PBREc,2,2,concat,6,https://www.youtube.com/watch?v=Svo5O5PBREc
SxVJ-h70v-c,2,2,concat,6,https://www.youtube.com/watch?v=SxVJ-h70v-c
T-b0ZAGRQys,2,2,concat,6,https://www.youtube.com/watch?v=T-b0ZAGRQys
T6xP_RPFyrA,2,2,concat,6,https://www.youtube.com/watch?v=T6xP_RPFyrA
T8me17szYYc,2,2,concat,6,https://www.youtube.com/watch?v=T8me17szYYc
TEK2g3tVZ7k,2,2,concat,6,https://www.youtube.com/watch?v=TEK2g3tVZ7k
TJ8A8Smnk20,2,2,concat,6,https://www.youtube.com/watch?v=TJ8A8Smnk20
TUTSR20VDwg,2,2,concat,6,https://www.youtube.com/watch?v=TUTSR20VDwg
TW201XgR9Y8,2,2,concat,6,https://www.youtube.com/watch?v=TW201XgR9Y8
TZS5_WrcZ08,2,2,concat,6,https://www.youtube.com/watch?v=TZS5_WrcZ08
TbmtcbS7Qm0,2,2,concat,6,https://www.youtube.com/watch?v=TbmtcbS7Qm0
Tfldftv8SpQ,2,2,concat,6,https://www.youtube.com/watch?v=Tfldftv8SpQ
ToKci_IUxOs,2,2,concat,6,https://www.youtube.com/watch?v=ToKci_IUxOs
TpsLMFzQ6Us,2,2,concat,6,https://www.youtube.com/watch?v=TpsLMFzQ6Us
TsDwEJsqq_4,2,2,concat,6,https://www.youtube.com/watch?v=TsDwEJsqq_4
TwiCuvxsyTk,2,2,concat,6,https://www.youtube.com/watch?v=TwiCuvxsyTk
Ty3TLQc9PzU,2,2,concat,6,https://www.youtube.com/watch?v=Ty3TLQc9PzU
TyEEuxyUBTU,2,2,concat,6,https://www.youtube.com/watch?v=TyEEuxyUBTU
UCA-QMQyJRA,2,2,concat,6,https://www.youtube.com/watch?v=UCA-QMQyJRA
UEU6vs2O7RI,2,2,concat,6,https://www.youtube.com/watch?v=UEU6vs2O7RI
UF3EP07kffs,2,2,concat,6,https://www.youtube.com/watch?v=UF3EP07kffs
UKGvjfx5UWc,2,2,concat,6,https://www.youtube.com/watch?v=UKGvjfx5UWc
UQhUErFgkyU,2,2,concat,6,https://www.youtube.com/watch?v=UQhUErFgkyU
UTW6Rz3HYQk,2,2,concat,6,https://www.youtube.com/watch?v=UTW6Rz3HYQk
UYRMm8PoIJ0,2,2,concat,6,https://www.youtube.com/watch?v=UYRMm8PoIJ0
Ul88gTfmYws,2,2,concat,6,https://www.youtube.com/watch?v=Ul88gTfmYws
UraAVX_4Jic,2,2,concat,6,https://www.youtube.com/watch?v=UraAVX_4Jic
UxnE_jcr_9A,2,2,concat,6,https://www.youtube.com/watch?v=UxnE_jcr_9A
UySWVBD31E8,2,2,concat,6,https://www.youtube.com/watch?v=UySWVBD31E8
V-2QOlC9as4,2,2,concat,6,https://www.youtube.com/watch?v=V-2QOlC9as4
V0QhUz06Ags,2,2,concat,6,https://www.youtube.com/watch?v=V0QhUz06Ags
V1jWAPsui9s,2,2,concat,6,https://www.youtube.com/watch?v=V1jWAPsui9s
V2kVSxyzPXw,2,2,concat,6,https://www.youtube.com/watch?v=V2kVSxyzPXw
V31dTQq3xXM,2,2,concat,6,https://www.youtube.com/watch?v=V31dTQq3xXM
V6TGOVhsYpg,2,2,concat,6,https://www.youtube.com/watch?v=V6TGOVhsYpg
V8ANS6zbOMo,2,2,concat,6,https://www.youtube.com/watch?v=V8ANS6zbOMo
VQHM-7F0vtE,2,2,concat,6,https://www.youtube.com/watch?v=VQHM-7F0vtE
VUmUuWmTFho,2,2,concat,6,https://www.youtube.com/watch?v=VUmUuWmTFho
VVGiRs5OCgs,2,2,concat,6,https://www.youtube.com/watch?v=VVGiRs5OCgs
VVkopKM9UEw,2,2,concat,6,https://www.youtube.com/watch?v=VVkopKM9UEw
VgCtOUtSSCo,2,2,concat,6,https://www.youtube.com/watch?v=VgCtOUtSSCo
Vn1aBFyPo20,2,2,concat,6,https://www.youtube.com/watch?v=Vn1aBFyPo20
VnzovQguEl0,2,2,concat,6,https://www.youtube.com/watch?v=VnzovQguEl0
Vqbo69Elsog,2,2,concat,6,https://www.youtube.com/watch?v=Vqbo69Elsog
VtM3z1JcsQk,2,2,concat,6,https://www.youtube.com/watch?v=VtM3z1JcsQk
Vx3H5pJiarY,2,2,concat,6,https://www.youtube.com/watch?v=Vx3H5pJiarY
Vx5YGWU52cU,2,2,concat,6,https://www.youtube.com/watch?v=Vx5YGWU52cU
VzbD2fZx_-k,2,2,concat,6,https://www.youtube.com/watch?v=VzbD2fZx_-k
W3uVpMlCLQ0,2,2,concat,6,https://www.youtube.com/watch?v=W3uVpMlCLQ0
WCEopQ21j8I,2,2,concat,6,https://www.youtube.com/watch?v=WCEopQ21j8I
WEkIpnKb64k,2,2,concat,6,https://www.youtube.com/watch?v=WEkIpnKb64k
WLzG2yhKYAw,2,2,concat,6,https://www.youtube.com/watch?v=WLzG2yhKYAw
WQ468HrswBI,2,2,concat,6,https://www.youtube.com/watch?v=WQ468HrswBI
WVnq1oIgEdE,2,2,concat,6,https://www.youtube.com/watch?v=WVnq1oIgEdE
WYrqBo3sHqs,2,2,concat,6,https://www.youtube.com/watch?v=WYrqBo3sHqs
WgMMatcaF38,2,2,concat,6,https://www.youtube.com/watch?v=WgMMatcaF38
WiMe8_ocyEQ,2,2,concat,6,https://www.youtube.com/watch?v=WiMe8_ocyEQ
Wm6O4dn0gUY,2,2,concat,6,https://www.youtube.com/watch?v=Wm6O4dn0gUY
WpvCsoK1mfw,2,2,concat,6,https://www.youtube.com/watch?v=WpvCsoK1mfw
Wqba0YEjBDY,2,2,concat,6,https://www.youtube.com/watch?v=Wqba0YEjBDY
WuhVT2bZ6i8,2,2,concat,6,https://www.youtube.com/watch?v=WuhVT2bZ6i8
WyAKhIqXxRU,2,2,concat,6,https://www.youtube.com/watch?v=WyAKhIqXxRU
WyKcJq4aGcc,2,2,concat,6,https://www.youtube.com/watch?v=WyKcJq4aGcc
WzmekWfnPjA,2,2,concat,6,https://www.youtube.com/watch?v=WzmekWfnPjA
X5yWj6BlVCM,2,2,concat,6,https://www.youtube.com/watch?v=X5yWj6BlVCM
X8BMY0IkY3Q,2,2,concat,6,https://www.youtube.com/watch?v=X8BMY0IkY3Q
X8Xpz1mtR58,2,2,concat,6,https://www.youtube.com/watch?v=X8Xpz1mtR58
X8fEcG0yavI,2,2,concat,6,https://www.youtube.com/watch?v=X8fEcG0yavI
XAZg3CBkCvA,2,2,concat,6,https://www.youtube.com/watch?v=XAZg3CBkCvA
XDHlgglroQ8,2,2,concat,6,https://www.youtube.com/watch?v=XDHlgglroQ8
XFWB4N3lG9U,2,2,concat,6,https://www.youtube.com/watch?v=XFWB4N3lG9U
XGvh3HHAN6k,2,2,concat,6,https://www.youtube.com/watch?v=XGvh3HHAN6k
XHcgxwvwmt4,2,2,concat,6,https://www.youtube.com/watch?v=XHcgxwvwmt4
XIMoMC8rN8A,2,2,concat,6,https://www.youtube.com/watch?v=XIMoMC8rN8A
XKBlYhwvvBo,2,2,concat,6,https://www.youtube.com/watch?v=XKBlYhwvvBo
XL1jgowrXRQ,2,2,concat,6,https://www.youtube.com/watch?v=XL1jgowrXRQ
XMeXTzyl-9c,2,2,concat,6,https://www.youtube.com/watch?v=XMeXTzyl-9c
XR5TGPcozTQ,2,2,concat,6,https://www.youtube.com/watch?v=XR5TGPcozTQ
XVcl0kXA1_I,2,2,concat,6,https://www.youtube.com/watch?v=XVcl0kXA1_I
XW1LycWeFT4,2,2,concat,6,https://www.youtube.com/watch?v=XW1LycWeFT4
X_IxvIQzhgc,2,2,concat,6,https://www.youtube.com/watch?v=X_IxvIQzhgc
XgqahB8Fcqg,2,2,concat,6,https://www.youtube.com/watch?v=XgqahB8Fcqg
Xichv1agcXw,2,2,concat,6,https://www.youtube.com/watch?v=Xichv1agcXw
Xk63NyArB_4,2,2,concat,6,https://www.youtube.com/watch?v=Xk63NyArB_4
XmXbkZOFptE,2,2,concat,6,https://www.youtube.com/watch?v=XmXbkZOFptE
Xr82dgrCTzE,2,2,concat,6,https://www.youtube.com/watch?v=Xr82dgrCTzE
Xx7D69-L0Zk,2,2,concat,6,https://www.youtube.com/watch?v=Xx7D69-L0Zk
XzYPs2PgOtQ,2,2,concat,6,https://www.youtube.com/watch?v=XzYPs2PgOtQ
Y4DLe6kvD2U,2,2,concat,6,https://www.youtube.com/watch?v=Y4DLe6kvD2U
Y4bAdFJfV9g,2,2,concat,6,https://www.youtube.com/watch?v=Y4bAdFJfV9g
Y5A1EKoJVbE,2,2,concat,6,https://www.youtube.com/watch?v=Y5A1EKoJVbE
Y7xbfxihILQ,2,2,concat,6,https://www.youtube.com/watch?v=Y7xbfxihILQ
Y9-INpaOnGM,2,2,concat,6,https://www.youtube.com/watch?v=Y9-INpaOnGM
YCx_VcMlBEA,2,2,concat,6,https://www.youtube.com/watch?v=YCx_VcMlBEA
YDqVEGr7waY,2,2,concat,6,https://www.youtube.com/watch?v=YDqVEGr7waY
YOvKiEatt9A,2,2,concat,6,https://www.youtube.com/watch?v=YOvKiEatt9A
YTdlD41_XnY,2,2,concat,6,https://www.youtube.com/watch?v=YTdlD41_XnY
YXfD64yDopU,2,2,concat,6,https://www.youtube.com/watch?v=YXfD64yDopU
YajNh75U2JI,2,2,concat,6,https://www.youtube.com/watch?v=YajNh75U2JI
Ybx1M63MPtw,2,2,concat,6,https://www.youtube.com/watch?v=Ybx1M63MPtw
YisVAZarGkU,2,2,concat,6,https://www.youtube.com/watch?v=YisVAZarGkU
YjM-HbimIMo,2,2,concat,6,https://www.youtube.com/watch?v=YjM-HbimIMo
YuXx6AY_yEk,2,2,concat,6,https://www.youtube.com/watch?v=YuXx6AY_yEk
YwZKZKColEE,2,2,concat,6,https://www.youtube.com/watch?v=YwZKZKColEE
Z-Wsj9iRENU,2,2,concat,6,https://www.youtube.com/watch?v=Z-Wsj9iRENU
Z0S8lKuMkbk,2,2,concat,6,https://www.youtube.com/watch?v=Z0S8lKuMkbk
Z1cxvyVAsf8,2,2,concat,6,https://www.youtube.com/watch?v=Z1cxvyVAsf8
Z69WB1KnEZI,2,2,concat,6,https://www.youtube.com/watch?v=Z69WB1KnEZI
Z6I--IBdj6k,2,2,concat,6,https://www.youtube.com/watch?v=Z6I--IBdj6k
ZF5LY2kR4SA,2,2,concat,6,https://www.youtube.com/watch?v=ZF5LY2kR4SA
ZGogDt85g88,2,2,concat,6,https://www.youtube.com/watch?v=ZGogDt85g88
ZYLWISdlohc,2,2,concat,6,https://www.youtube.com/watch?v=ZYLWISdlohc
ZagrbMKEqdo,2,2,concat,6,https://www.youtube.com/watch?v=ZagrbMKEqdo
ZboqCfvJtLM,2,2,concat,6,https://www.youtube.com/watch?v=ZboqCfvJtLM
ZeWMtejwe7w,2,2,concat,6,https://www.youtube.com/watch?v=ZeWMtejwe7w
ZjrRo5qwyAQ,2,2,concat,6,https://www.youtube.com/watch?v=ZjrRo5qwyAQ
Zl4v7myNcoU,2,2,concat,6,https://www.youtube.com/watch?v=Zl4v7myNcoU
ZpIJHN_WmTM,2,2,concat,6,https://www.youtube.com/watch?v=ZpIJHN_WmTM
ZriFUoq6osE,2,2,concat,6,https://www.youtube.com/watch?v=ZriFUoq6osE
ZuDlvLPJTqo,2,2,concat,6,https://www.youtube.com/watch?v=ZuDlvLPJTqo
Zx_4WLKybso,2,2,concat,6,https://www.youtube.com/watch?v=Zx_4WLKybso
ZzhzMvzIHd8,2,2,concat,6,https://www.youtube.com/watch?v=ZzhzMvzIHd8
_0Qj8aegwd4,2,2,concat,6,https://www.youtube.com/watch?v=_0Qj8aegwd4
_6HvTgNkomY,2,2,concat,6,https://www.youtube.com/watch?v=_6HvTgNkomY
_Mh_OTg_aDs,2,2,concat,6,https://www.youtube.com/watch?v=_Mh_OTg_aDs
_SsI8-SWNto,2,2,concat,6,https://www.youtube.com/watch?v=_SsI8-SWNto
_llhUPEmBX8,2,2,concat,6,https://www.youtube.com/watch?v=_llhUPEmBX8
_muwudP7Fp4,2,2,concat,6,https://www.youtube.com/watch?v=_muwudP7Fp4
_nQ5NaHNBZM,2,2,concat,6,https://www.youtube.com/watch?v=_nQ5NaHNBZM
_qIRNYe9plg,2,2,concat,6,https://www.youtube.com/watch?v=_qIRNYe9plg
_uFVbiRF9NM,2,2,concat,6,https://www.youtube.com/watch?v=_uFVbiRF9NM
_uiAFrG71W4,2,2,concat,6,https://www.youtube.com/watch?v=_uiAFrG71W4
_vdIiCtxlUw,2,2,concat,6,https://www.youtube.com/watch?v=_vdIiCtxlUw
a3MjA7Xwm08,2,2,concat,6,https://www.youtube.com/watch?v=a3MjA7Xwm08
a4xFDtC5eA4,2,2,concat,6,https://www.youtube.com/watch?v=a4xFDtC5eA4
a5ZBKvrUxYo,2,2,concat,6,https://www.youtube.com/watch?v=a5ZBKvrUxYo
a6x5z16VMdY,2,2,concat,6,https://www.youtube.com/watch?v=a6x5z16VMdY
aBUJwFTHxm8,2,2,concat,6,https://www.youtube.com/watch?v=aBUJwFTHxm8
aKS8o2KdEPc,2,2,concat,6,https://www.youtube.com/watch?v=aKS8o2KdEPc
aM1RPmLUVLY,2,2,concat,6,https://www.youtube.com/watch?v=aM1RPmLUVLY
aOZXkioHNrY,2,2,concat,6,https://www.youtube.com/watch?v=aOZXkioHNrY
aaMwnl4EgpA,2,2,concat,6,https://www.youtube.com/watch?v=aaMwnl4EgpA
atY-nNI3uWw,2,2,concat,6,https://www.youtube.com/watch?v=atY-nNI3uWw
azQBP5NSjrs,2,2,concat,6,https://www.youtube.com/watch?v=azQBP5NSjrs
azTiChyAjPs,2,2,concat,6,https://www.youtube.com/watch?v=azTiChyAjPs
b-1EWp6lD3I,2,2,concat,6,https://www.youtube.com/watch?v=b-1EWp6lD3I
b-D0IWZU16A,2,2,concat,6,https://www.youtube.com/watch?v=b-D0IWZU16A
b2nmOVHnDJY,2,2,concat,6,https://www.youtube.com/watch?v=b2nmOVHnDJY
b44LYoZDUnQ,2,2,concat,6,https://www.youtube.com/watch?v=b44LYoZDUnQ
b4y1lr1_tzI,2,2,concat,6,https://www.youtube.com/watch?v=b4y1lr1_tzI
b7K13Em9jlM,2,2,concat,6,https://www.youtube.com/watch?v=b7K13Em9jlM
b8Won32k8Ls,2,2,concat,6,https://www.youtube.com/watch?v=b8Won32k8Ls
b8stREZGaC0,2,2,concat,6,https://www.youtube.com/watch?v=b8stREZGaC0
bGdqUmIQvjo,2,2,concat,6,https://www.youtube.com/watch?v=bGdqUmIQvjo
bHZzjowmFl4,2,2,concat,6,https://www.youtube.com/watch?v=bHZzjowmFl4
bJyDTIsSpBg,2,2,concat,6,https://www.youtube.com/watch?v=bJyDTIsSpBg
bKqM1wlGdeQ,2,2,concat,6,https://www.youtube.com/watch?v=bKqM1wlGdeQ
bQ0y5_OvqyY,2,2,concat,6,https://www.youtube.com/watch?v=bQ0y5_OvqyY
bR1Oc7uGAdQ,2,2,concat,6,https://www.youtube.com/watch?v=bR1Oc7uGAdQ
bbgjUXHiA3A,2,2,concat,6,https://www.youtube.com/watch?v=bbgjUXHiA3A
beO5SbKJLhI,2,2,concat,6,https://www.youtube.com/watch?v=beO5SbKJLhI
belD2JdMNOo,2,2,concat,6,https://www.youtube.com/watch?v=belD2JdMNOo
bkQhpaQv-2Q,2,2,concat,6,https://www.youtube.com/watch?v=bkQhpaQv-2Q
bntls_a5YDQ,2,2,concat,6,https://www.youtube.com/watch?v=bntls_a5YDQ
bsc4gciPq6U,2,2,concat,6,https://www.youtube.com/watch?v=bsc4gciPq6U
bvXJ62c3Kn0,2,2,concat,6,https://www.youtube.com/watch?v=bvXJ62c3Kn0
bvZIUd32lgs,2,2,concat,6,https://www.youtube.com/watch?v=bvZIUd32lgs
bwvR022bYKI,2,2,concat,6,https://www.youtube.com/watch?v=bwvR022bYKI
bzEqioxkdCQ,2,2,concat,6,https://www.youtube.com/watch?v=bzEqioxkdCQ
bzy-Bx7twnY,2,2,concat,6,https://www.youtube.com/watch?v=bzy-Bx7twnY
c-xkoV4G0MA,2,2,concat,6,https://www.youtube.com/watch?v=c-xkoV4G0MA
c7eRFtYxrIM,2,2,concat,6,https://www.youtube.com/watch?v=c7eRFtYxrIM
cOX5nEQ8bxg,2,2,concat,6,https://www.youtube.com/watch?v=cOX5nEQ8bxg
c_ay0yjDUwU,2,2,concat,6,https://www.youtube.com/watch?v=c_ay0yjDUwU
cg3B8vcHJ1s,2,2,concat,6,https://www.youtube.com/watch?v=cg3B8vcHJ1s
crhLJoYCE5k,2,2,concat,6,https://www.youtube.com/watch?v=crhLJoYCE5k
cxRaVmRNCpc,2,2,concat,6,https://www.youtube.com/watch?v=cxRaVmRNCpc
cxri0gZpUXY,2,2,concat,6,https://www.youtube.com/watch?v=cxri0gZpUXY
czupipAEZI0,2,2,concat,6,https://www.youtube.com/watch?v=czupipAEZI0
d0yyOEpy87A,2,2,concat,6,https://www.youtube.com/watch?v=d0yyOEpy87A
d1ZDL4z6VFQ,2,2,concat,6,https://www.youtube.com/watch?v=d1ZDL4z6VFQ
d3ipywoZwWs,2,2,concat,6,https://www.youtube.com/watch?v=d3ipywoZwWs
d6D9imwPDuk,2,2,concat,6,https://www.youtube.com/watch?v=d6D9imwPDuk
d8EWXZ-5UE8,2,2,concat,6,https://www.youtube.com/watch?v=d8EWXZ-5UE8
d9BJU_PGx7o,2,2,concat,6,https://www.youtube.com/watch?v=d9BJU_PGx7o
dDWmW3QqUqI,2,2,concat,6,https://www.youtube.com/watch?v=dDWmW3QqUqI
dP30xyqX6hQ,2,2,concat,6,https://www.youtube.com/watch?v=dP30xyqX6hQ
dQ9_fvJ61OE,2,2,concat,6,https://www.youtube.com/watch?v=dQ9_fvJ61OE
dSk9DZoMU-U,2,2,concat,6,https://www.youtube.com/watch?v=dSk9DZoMU-U
dVJa7dMfLCo,2,2,concat,6,https://www.youtube.com/watch?v=dVJa7dMfLCo
dVkaNljs__0,2,2,concat,6,https://www.youtube.com/watch?v=dVkaNljs__0
db1ycnQCfko,2,2,concat,6,https://www.youtube.com/watch?v=db1ycnQCfko
ddh8IqiGTYE,2,2,concat,6,https://www.youtube.com/watch?v=ddh8IqiGTYE
deRz4GnaE6Q,2,2,concat,6,https://www.youtube.com/watch?v=deRz4GnaE6Q
df9d-UilgEo,2,2,concat,6,https://www.youtube.com/watch?v=df9d-UilgEo
dgkYhK-ANek,2,2,concat,6,https://www.youtube.com/watch?v=dgkYhK-ANek
dlj9EPrQdS4,2,2,concat,6,https://www.youtube.com/watch?v=dlj9EPrQdS4
dmYBlUkjuWc,2,2,concat,6,https://www.youtube.com/watch?v=dmYBlUkjuWc
dsW1Url-98s,2,2,concat,6,https://www.youtube.com/watch?v=dsW1Url-98s
duzzo2uVNc4,2,2,concat,6,https://www.youtube.com/watch?v=duzzo2uVNc4
e0k24VtGkqo,2,2,concat,6,https://www.youtube.com/watch?v=e0k24VtGkqo
e2DkFc76yQo,2,2,concat,6,https://www.youtube.com/watch?v=e2DkFc76yQo
e4zelBmDG5c,2,2,concat,6,https://www.youtube.com/watch?v=e4zelBmDG5c
eFzHHl3e5w4,2,2,concat,6,https://www.youtube.com/watch?v=eFzHHl3e5w4
ePHD3mS0_00,2,2,concat,6,https://www.youtube.com/watch?v=ePHD3mS0_00
eT8UL7hsPEE,2,2,concat,6,https://www.youtube.com/watch?v=eT8UL7hsPEE
eTlZ8SK7LGo,2,2,concat,6,https://www.youtube.com/watch?v=eTlZ8SK7LGo
eY33cRcAKiQ,2,2,concat,6,https://www.youtube.com/watch?v=eY33cRcAKiQ
e_TAuORO21s,2,2,concat,6,https://www.youtube.com/watch?v=e_TAuORO21s
ed_NG2_287Y,2,2,concat,6,https://www.youtube.com/watch?v=ed_NG2_287Y
efnl-1Pjh9o,2,2,concat,6,https://www.youtube.com/watch?v=efnl-1Pjh9o
eiA8C3i3kZM,2,2,concat,6,https://www.youtube.com/watch?v=eiA8C3i3kZM
ezTZxUHrios,2,2,concat,6,https://www.youtube.com/watch?v=ezTZxUHrios
f2Z09o5b8xA,2,2,concat,6,https://www.youtube.com/watch?v=f2Z09o5b8xA
f5rPUVYIM-k,2,2,concat,6,https://www.youtube.com/watch?v=f5rPUVYIM-k
f68FTtIPH5A,2,2,concat,6,https://www.youtube.com/watch?v=f68FTtIPH5A
f7mI83GXKpI,2,2,concat,6,https://www.youtube.com/watch?v=f7mI83GXKpI
fACB3g4mVOc,2,2,concat,6,https://www.youtube.com/watch?v=fACB3g4mVOc
fDUb5TYXuW4,2,2,concat,6,https://www.youtube.com/watch?v=fDUb5TYXuW4
fDlkrs1GQkc,2,2,concat,6,https://www.youtube.com/watch?v=fDlkrs1GQkc
fOynmIj3WsI,2,2,concat,6,https://www.youtube.com/watch?v=fOynmIj3WsI
fSoDS4BQzvY,2,2,concat,6,https://www.youtube.com/watch?v=fSoDS4BQzvY
fUNiFnqCYUQ,2,2,concat,6,https://www.youtube.com/watch?v=fUNiFnqCYUQ
fWOp8V_h7hM,2,2,concat,6,https://www.youtube.com/watch?v=fWOp8V_h7hM
f_ar2yl4P-Q,2,2,concat,6,https://www.youtube.com/watch?v=f_ar2yl4P-Q
feENe0GEAR4,2,2,concat,6,https://www.youtube.com/watch?v=feENe0GEAR4
fugbGwnJlN8,2,2,concat,6,https://www.youtube.com/watch?v=fugbGwnJlN8
fwwdQhZ6hMs,2,2,concat,6,https://www.youtube.com/watch?v=fwwdQhZ6hMs
fyxEuPknCHs,2,2,concat,6,https://www.youtube.com/watch?v=fyxEuPknCHs
g0w5ltS27hY,2,2,concat,6,https://www.youtube.com/watch?v=g0w5ltS27hY
g7C_FY_GwcU,2,2,concat,6,https://www.youtube.com/watch?v=g7C_FY_GwcU
g9QFOSreDIY,2,2,concat,6,https://www.youtube.com/watch?v=g9QFOSreDIY
gHTH6mnM1WA,2,2,concat,6,https://www.youtube.com/watch?v=gHTH6mnM1WA
gJvPUNqVx0g,2,2,concat,6,https://www.youtube.com/watch?v=gJvPUNqVx0g
gJwnw3SZuNo,2,2,concat,6,https://www.youtube.com/watch?v=gJwnw3SZuNo
gNzamizI_JU,2,2,concat,6,https://www.youtube.com/watch?v=gNzamizI_JU
gUQmrWcKqNo,2,2,concat,6,https://www.youtube.com/watch?v=gUQmrWcKqNo
gUskihGYe-c,2,2,concat,6,https://www.youtube.com/watch?v=gUskihGYe-c
gV1Ll2Zydp0,2,2,concat,6,https://www.youtube.com/watch?v=gV1Ll2Zydp0
gVHZuJbx19U,2,2,concat,6,https://www.youtube.com/watch?v=gVHZuJbx19U
gVdM5dRBEeQ,2,2,concat,6,https://www.youtube.com/watch?v=gVdM5dRBEeQ
gYQ4QTzjMhw,2,2,concat,6,https://www.youtube.com/watch?v=gYQ4QTzjMhw
gZc5Xvv83nw,2,2,concat,6,https://www.youtube.com/watch?v=gZc5Xvv83nw
g_58ZSfeYQY,2,2,concat,6,https://www.youtube.com/watch?v=g_58ZSfeYQY
gfK8I6rGdYE,2,2,concat,6,https://www.youtube.com/watch?v=gfK8I6rGdYE
gkcS4cNzr3I,2,2,concat,6,https://www.youtube.com/watch?v=gkcS4cNzr3I
gqF79s2cgoQ,2,2,concat,6,https://www.youtube.com/watch?v=gqF79s2cgoQ
gsOLIcLj_Fs,2,2,concat,6,https://www.youtube.com/watch?v=gsOLIcLj_Fs
gtRH2_fk-6s,2,2,concat,6,https://www.youtube.com/watch?v=gtRH2_fk-6s
guyetsz0e-I,2,2,concat,6,https://www.youtube.com/watch?v=guyetsz0e-I
gxdM4lbCH1k,2,2,concat,6,https://www.youtube.com/watch?v=gxdM4lbCH1k
gyTMnmjzPTE,2,2,concat,6,https://www.youtube.com/watch?v=gyTMnmjzPTE
h6S_ZQxjBU0,2,2,concat,6,https://www.youtube.com/watch?v=h6S_ZQxjBU0
hADj8br-Y0E,2,2,concat,6,https://www.youtube.com/watch?v=hADj8br-Y0E
hDnQZHumHZ4,2,2,concat,6,https://www.youtube.com/watch?v=hDnQZHumHZ4
hDwhA6IN3Do,2,2,concat,6,https://www.youtube.com/watch?v=hDwhA6IN3Do
hGoHapfksVY,2,2,concat,6,https://www.youtube.com/watch?v=hGoHapfksVY
hUbHC9DSYkM,2,2,concat,6,https://www.youtube.com/watch?v=hUbHC9DSYkM
hVIQzNgrls4,2,2,concat,6,https://www.youtube.com/watch?v=hVIQzNgrls4
hgrsmjOk1cQ,2,2,concat,6,https://www.youtube.com/watch?v=hgrsmjOk1cQ
hlTPQi5JoPI,2,2,concat,6,https://www.youtube.com/watch?v=hlTPQi5JoPI
hwkCPw17K5w,2,2,concat,6,https://www.youtube.com/watch?v=hwkCPw17K5w
hyKykj51NfA,2,2,concat,6,https://www.youtube.com/watch?v=hyKykj51NfA
i1l7tZjs6eo,2,2,concat,6,https://www.youtube.com/watch?v=i1l7tZjs6eo
i4phKGSC8lo,2,2,concat,6,https://www.youtube.com/watch?v=i4phKGSC8lo
i9PMkzGWcyQ,2,2,concat,6,https://www.youtube.com/watch?v=i9PMkzGWcyQ
i9TLj8EtGN4,2,2,concat,6,https://www.youtube.com/watch?v=i9TLj8EtGN4
iCnmRP0Bl-o,2,2,concat,6,https://www.youtube.com/watch?v=iCnmRP0Bl-o
iEljmeGM_SQ,2,2,concat,6,https://www.youtube.com/watch?v=iEljmeGM_SQ
iHiwkk_YUDw,2,2,concat,6,https://www.youtube.com/watch?v=iHiwkk_YUDw
iMzKtvuXPOg,2,2,concat,6,https://www.youtube.com/watch?v=iMzKtvuXPOg
iObKvEfSWls,2,2,concat,6,https://www.youtube.com/watch?v=iObKvEfSWls
iPgVx_FqXBw,2,2,concat,6,https://www.youtube.com/watch?v=iPgVx_FqXBw
iRv2qPNsgb0,2,2,concat,6,https://www.youtube.com/watch?v=iRv2qPNsgb0
iXc68FcAIu0,2,2,concat,6,https://www.youtube.com/watch?v=iXc68FcAIu0
iZ1UNAnjbkw,2,2,concat,6,https://www.youtube.com/watch?v=iZ1UNAnjbkw
ifVbMtf_qm8,2,2,concat,6,https://www.youtube.com/watch?v=ifVbMtf_qm8
igMUw1TcFkQ,2,2,concat,6,https://www.youtube.com/watch?v=igMUw1TcFkQ
iir7yo2FbA0,2,2,concat,6,https://www.youtube.com/watch?v=iir7yo2FbA0
ij0ZcxZv_XU,2,2,concat,6,https://www.youtube.com/watch?v=ij0ZcxZv_XU
ipfLiBTO3RE,2,2,concat,6,https://www.youtube.com/watch?v=ipfLiBTO3RE
iuSRHe5Mrfo,2,2,concat,6,https://www.youtube.com/watch?v=iuSRHe5Mrfo
iw-4bXYybp8,2,2,concat,6,https://www.youtube.com/watch?v=iw-4bXYybp8
iw_pF6ksAqw,2,2,concat,6,https://www.youtube.com/watch?v=iw_pF6ksAqw
j-qg-iMB6e0,2,2,concat,6,https://www.youtube.com/watch?v=j-qg-iMB6e0
jB6JZFwipE4,2,2,concat,6,https://www.youtube.com/watch?v=jB6JZFwipE4
jBzRj7-H1Ag,2,2,concat,6,https://www.youtube.com/watch?v=jBzRj7-H1Ag
jFAt3NsagSo,2,2,concat,6,https://www.youtube.com/watch?v=jFAt3NsagSo
jJwnbAQ7QXk,2,2,concat,6,https://www.youtube.com/watch?v=jJwnbAQ7QXk
jO1lngiQOhA,2,2,concat,6,https://www.youtube.com/watch?v=jO1lngiQOhA
jTtOYEjzSxQ,2,2,concat,6,https://www.youtube.com/watch?v=jTtOYEjzSxQ
jWmDI34Se2o,2,2,concat,6,https://www.youtube.com/watch?v=jWmDI34Se2o
jXaI-dmP40A,2,2,concat,6,https://www.youtube.com/watch?v=jXaI-dmP40A
j_DXQlwa1x8,2,2,concat,6,https://www.youtube.com/watch?v=j_DXQlwa1x8
jad5rqAGhXQ,2,2,concat,6,https://www.youtube.com/watch?v=jad5rqAGhXQ
jjz1_N2-UT0,2,2,concat,6,https://www.youtube.com/watch?v=jjz1_N2-UT0
joKTxG8EWcU,2,2,concat,6,https://www.youtube.com/watch?v=joKTxG8EWcU
jpSxAbhXPZY,2,2,concat,6,https://www.youtube.com/watch?v=jpSxAbhXPZY
jrU4Rs6Dr-Y,2,2,concat,6,https://www.youtube.com/watch?v=jrU4Rs6Dr-Y
k-8fnYMfH7Y,2,2,concat,6,https://www.youtube.com/watch?v=k-8fnYMfH7Y
k06b6x9DEC0,2,2,concat,6,https://www.youtube.com/watch?v=k06b6x9DEC0
k0RjQmruIyI,2,2,concat,6,https://www.youtube.com/watch?v=k0RjQmruIyI
k1xNUs-jUZ4,2,2,concat,6,https://www.youtube.com/watch?v=k1xNUs-jUZ4
kA4utdeHV2w,2,2,concat,6,https://www.youtube.com/watch?v=kA4utdeHV2w
kEFtkVaZZ-Q,2,2,concat,6,https://www.youtube.com/watch?v=kEFtkVaZZ-Q
kH1IL9qS5u8,2,2,concat,6,https://www.youtube.com/watch?v=kH1IL9qS5u8
kHEmSeOC7RE,2,2,concat,6,https://www.youtube.com/watch?v=kHEmSeOC7RE
kJF8bOUkrqc,2,2,concat,6,https://www.youtube.com/watch?v=kJF8bOUkrqc
kKcRbgaBxeY,2,2,concat,6,https://www.youtube.com/watch?v=kKcRbgaBxeY
kMP8lgIEbhI,2,2,concat,6,https://www.youtube.com/watch?v=kMP8lgIEbhI
kN0TjfZlrUk,2,2,concat,6,https://www.youtube.com/watch?v=kN0TjfZlrUk
kUUeOqtnxJ4,2,2,concat,6,https://www.youtube.com/watch?v=kUUeOqtnxJ4
kW4Q551AIRQ,2,2,concat,6,https://www.youtube.com/watch?v=kW4Q551AIRQ
kcIvPYixzfw,2,2,concat,6,https://www.youtube.com/watch?v=kcIvPYixzfw
keZ2Ztw1p0I,2,2,concat,6,https://www.youtube.com/watch?v=keZ2Ztw1p0I
kp52e2WEjhc,2,2,concat,6,https://www.youtube.com/watch?v=kp52e2WEjhc
ku3kz9ZruGY,2,2,concat,6,https://www.youtube.com/watch?v=ku3kz9ZruGY
l14fMN7vG0g,2,2,concat,6,https://www.youtube.com/watch?v=l14fMN7vG0g
l8Wnj2cB7M4,2,2,concat,6,https://www.youtube.com/watch?v=l8Wnj2cB7M4
l8dNMn2H9yU,2,2,concat,6,https://www.youtube.com/watch?v=l8dNMn2H9yU
l9DAibfeH-g,2,2,concat,6,https://www.youtube.com/watch?v=l9DAibfeH-g
lDn2Lm9Z9-E,2,2,concat,6,https://www.youtube.com/watch?v=lDn2Lm9Z9-E
lEC-udyjxiM,2,2,concat,6,https://www.youtube.com/watch?v=lEC-udyjxiM
lKNQHqrwgz8,2,2,concat,6,https://www.youtube.com/watch?v=lKNQHqrwgz8
lKwrgU_KaYs,2,2,concat,6,https://www.youtube.com/watch?v=lKwrgU_KaYs
lTp0LRSePBo,2,2,concat,6,https://www.youtube.com/watch?v=lTp0LRSePBo
lVStg_tUh1k,2,2,concat,6,https://www.youtube.com/watch?v=lVStg_tUh1k
lWclsT1Hoj4,2,2,concat,6,https://www.youtube.com/watch?v=lWclsT1Hoj4
lYerKinmQqc,2,2,concat,6,https://www.youtube.com/watch?v=lYerKinmQqc
ldI8ZbL79HA,2,2,concat,6,https://www.youtube.com/watch?v=ldI8ZbL79HA
lgFQryYQDSA,2,2,concat,6,https://www.youtube.com/watch?v=lgFQryYQDSA
lsCPSxAziWA,2,2,concat,6,https://www.youtube.com/watch?v=lsCPSxAziWA
lwBTz7g1EzE,2,2,concat,6,https://www.youtube.com/watch?v=lwBTz7g1EzE
m02QJ7UMgIo,2,2,concat,6,https://www.youtube.com/watch?v=m02QJ7UMgIo
m24EVOkDqKg,2,2,concat,6,https://www.youtube.com/watch?v=m24EVOkDqKg
m8lq8BjMP3g,2,2,concat,6,https://www.youtube.com/watch?v=m8lq8BjMP3g
m9c7TMXYKQk,2,2,concat,6,https://www.youtube.com/watch?v=m9c7TMXYKQk
m9mi3rQrfgA,2,2,concat,6,https://www.youtube.com/watch?v=m9mi3rQrfgA
mH1At6xNl3A,2,2,concat,6,https://www.youtube.com/watch?v=mH1At6xNl3A
md-rILY_NPA,2,2,concat,6,https://www.youtube.com/watch?v=md-rILY_NPA
mfLsl1hKEBQ,2,2,concat,6,https://www.youtube.com/watch?v=mfLsl1hKEBQ
mj7hLlgf_-0,2,2,concat,6,https://www.youtube.com/watch?v=mj7hLlgf_-0
mljGGQw_50w,2,2,concat,6,https://www.youtube.com/watch?v=mljGGQw_50w
mnBGHYhRLfQ,2,2,concat,6,https://www.youtube.com/watch?v=mnBGHYhRLfQ
mpPptanQVuE,2,2,concat,6,https://www.youtube.com/watch?v=mpPptanQVuE
mrSEbbQxlvM,2,2,concat,6,https://www.youtube.com/watch?v=mrSEbbQxlvM
n4FxE5GLjkk,2,2,concat,6,https://www.youtube.com/watch?v=n4FxE5GLjkk
n6Lt_n0fVAY,2,2,concat,6,https://www.youtube.com/watch?v=n6Lt_n0fVAY
nCm3jDZV6BM,2,2,concat,6,https://www.youtube.com/watch?v=nCm3jDZV6BM
nEWi9QfMMwQ,2,2,concat,6,https://www.youtube.com/watch?v=nEWi9QfMMwQ
nQkLKiFPUtA,2,2,concat,6,https://www.youtube.com/watch?v=nQkLKiFPUtA
nRJMudg7QMo,2,2,concat,6,https://www.youtube.com/watch?v=nRJMudg7QMo
ncc2CBxDesM,2,2,concat,6,https://www.youtube.com/watch?v=ncc2CBxDesM
ndhtyH6c0Tk,2,2,concat,6,https://www.youtube.com/watch?v=ndhtyH6c0Tk
ngT5HJWruSE,2,2,concat,6,https://www.youtube.com/watch?v=ngT5HJWruSE
nh8cepb6bgU,2,2,concat,6,https://www.youtube.com/watch?v=nh8cepb6bgU
nrmF8E4bSpc,2,2,concat,6,https://www.youtube.com/watch?v=nrmF8E4bSpc
o5NEbemzyns,2,2,concat,6,https://www.youtube.com/watch?v=o5NEbemzyns
oCUXdp8D9js,2,2,concat,6,https://www.youtube.com/watch?v=oCUXdp8D9js
oDNyvggPEJA,2,2,concat,6,https://www.youtube.com/watch?v=oDNyvggPEJA
oHavb45Rfms,2,2,concat,6,https://www.youtube.com/watch?v=oHavb45Rfms
oU5zmmQi-zc,2,2,concat,6,https://www.youtube.com/watch?v=oU5zmmQi-zc
oePB3NY_HBk,2,2,concat,6,https://www.youtube.com/watch?v=oePB3NY_HBk
of5nk6HVkis,2,2,concat,6,https://www.youtube.com/watch?v=of5nk6HVkis
ofELzJC7oZQ,2,2,concat,6,https://www.youtube.com/watch?v=ofELzJC7oZQ
ogJRzvMf8Vw,2,2,concat,6,https://www.youtube.com/watch?v=ogJRzvMf8Vw
orvDybbGs90,2,2,concat,6,https://www.youtube.com/watch?v=orvDybbGs90
otr3MNcYh8k,2,2,concat,6,https://www.youtube.com/watch?v=otr3MNcYh8k
ou3SCK2M12E,2,2,concat,6,https://www.youtube.com/watch?v=ou3SCK2M12E
ow8qhhyolYQ,2,2,concat,6,https://www.youtube.com/watch?v=ow8qhhyolYQ
oxtw1Y-G2no,2,2,concat,6,https://www.youtube.com/watch?v=oxtw1Y-G2no
p-twCryge80,2,2,concat,6,https://www.youtube.com/watch?v=p-twCryge80
p1m0_EuI-0w,2,2,concat,6,https://www.youtube.com/watch?v=p1m0_EuI-0w
p2VwzUXSaew,2,2,concat,6,https://www.youtube.com/watch?v=p2VwzUXSaew
p2x6deM3eas,2,2,concat,6,https://www.youtube.com/watch?v=p2x6deM3eas
p5DPsOBWBIs,2,2,concat,6,https://www.youtube.com/watch?v=p5DPsOBWBIs
p5_Kp6DkHSA,2,2,concat,6,https://www.youtube.com/watch?v=p5_Kp6DkHSA
p8d9aPd0_eA,2,2,concat,6,https://www.youtube.com/watch?v=p8d9aPd0_eA
pAnVyPylLak,2,2,concat,6,https://www.youtube.com/watch?v=pAnVyPylLak
pHyzmC8qOts,2,2,concat,6,https://www.youtube.com/watch?v=pHyzmC8qOts
pI7GrMIg1Kc,2,2,concat,6,https://www.youtube.com/watch?v=pI7GrMIg1Kc
pNgS5sO3UgY,2,2,concat,6,https://www.youtube.com/watch?v=pNgS5sO3UgY
pOGXN8ooQaY,2,2,concat,6,https://www.youtube.com/watch?v=pOGXN8ooQaY
pS-OtHC9FPQ,2,2,concat,6,https://www.youtube.com/watch?v=pS-OtHC9FPQ
pToKhUBN1Mo,2,2,concat,6,https://www.youtube.com/watch?v=pToKhUBN1Mo
pU8Jq17Tfys,2,2,concat,6,https://www.youtube.com/watch?v=pU8Jq17Tfys
pXKiu2dK9O0,2,2,concat,6,https://www.youtube.com/watch?v=pXKiu2dK9O0
pXfcRBCu1xU,2,2,concat,6,https://www.youtube.com/watch?v=pXfcRBCu1xU
p_bAlFi93sM,2,2,concat,6,https://www.youtube.com/watch?v=p_bAlFi93sM
pdk0wd6LiaQ,2,2,concat,6,https://www.youtube.com/watch?v=pdk0wd6LiaQ
prWr8HcFLGY,2,2,concat,6,https://www.youtube.com/watch?v=prWr8HcFLGY
preTz40EB4U,2,2,concat,6,https://www.youtube.com/watch?v=preTz40EB4U
ptmyN0yH_EA,2,2,concat,6,https://www.youtube.com/watch?v=ptmyN0yH_EA
pwnFTeZAzzk,2,2,concat,6,https://www.youtube.com/watch?v=pwnFTeZAzzk
q6bU6YOSbYQ,2,2,concat,6,https://www.youtube.com/watch?v=q6bU6YOSbYQ
q7yV80gCtnw,2,2,concat,6,https://www.youtube.com/watch?v=q7yV80gCtnw
qGWemGcETZo,2,2,concat,6,https://www.youtube.com/watch?v=qGWemGcETZo
qJVFL6kK-aU,2,2,concat,6,https://www.youtube.com/watch?v=qJVFL6kK-aU
qVlpMNIsplQ,2,2,concat,6,https://www.youtube.com/watch?v=qVlpMNIsplQ
q_khn1vCt3w,2,2,concat,6,https://www.youtube.com/watch?v=q_khn1vCt3w
qaX0MrxpfyE,2,2,concat,6,https://www.youtube.com/watch?v=qaX0MrxpfyE
qcTQe7Y2z5M,2,2,concat,6,https://www.youtube.com/watch?v=qcTQe7Y2z5M
qdjFgZa9qu4,2,2,concat,6,https://www.youtube.com/watch?v=qdjFgZa9qu4
qi17uZPD5uo,2,2,concat,6,https://www.youtube.com/watch?v=qi17uZPD5uo
qi5xvqc4cJU,2,2,concat,6,https://www.youtube.com/watch?v=qi5xvqc4cJU
qpIZOeaXrV0,2,2,concat,6,https://www.youtube.com/watch?v=qpIZOeaXrV0
qr1Rm7PWTBo,2,2,concat,6,https://www.youtube.com/watch?v=qr1Rm7PWTBo
qsHVG34Q4us,2,2,concat,6,https://www.youtube.com/watch?v=qsHVG34Q4us
r1h42-k_xrI,2,2,concat,6,https://www.youtube.com/watch?v=r1h42-k_xrI
rCiSiuVof3k,2,2,concat,6,https://www.youtube.com/watch?v=rCiSiuVof3k
rGK8rq5to4U,2,2,concat,6,https://www.youtube.com/watch?v=rGK8rq5to4U
rMiiU2afNQc,2,2,concat,6,https://www.youtube.com/watch?v=rMiiU2afNQc
rN3zlcqG56E,2,2,concat,6,https://www.youtube.com/watch?v=rN3zlcqG56E
rchLGrZHz4o,2,2,concat,6,https://www.youtube.com/watch?v=rchLGrZHz4o
rszB4NKqhfQ,2,2,concat,6,https://www.youtube.com/watch?v=rszB4NKqhfQ
rtps5ngzhSA,2,2,concat,6,https://www.youtube.com/watch?v=rtps5ngzhSA
ryg1SHuh98c,2,2,concat,6,https://www.youtube.com/watch?v=ryg1SHuh98c
rz1fo8vngAI,2,2,concat,6,https://www.youtube.com/watch?v=rz1fo8vngAI
s-qWgTjikQQ,2,2,concat,6,https://www.youtube.com/watch?v=s-qWgTjikQQ
s3I0s3X75vk,2,2,concat,6,https://www.youtube.com/watch?v=s3I0s3X75vk
s6ICJrspACE,2,2,concat,6,https://www.youtube.com/watch?v=s6ICJrspACE
sEgxlj_q9oc,2,2,concat,6,https://www.youtube.com/watch?v=sEgxlj_q9oc
sMt9BN2In7M,2,2,concat,6,https://www.youtube.com/watch?v=sMt9BN2In7M
sOAwHdUjZic,2,2,concat,6,https://www.youtube.com/watch?v=sOAwHdUjZic
sOJDSLT9qAE,2,2,concat,6,https://www.youtube.com/watch?v=sOJDSLT9qAE
sQ-cfcrI6EE,2,2,concat,6,https://www.youtube.com/watch?v=sQ-cfcrI6EE
sRz-ELAtfxk,2,2,concat,6,https://www.youtube.com/watch?v=sRz-ELAtfxk
sTN_-qTsUOI,2,2,concat,6,https://www.youtube.com/watch?v=sTN_-qTsUOI
sUZ7szxT6IE,2,2,concat,6,https://www.youtube.com/watch?v=sUZ7szxT6IE
sV7nafAgXlw,2,2,concat,6,https://www.youtube.com/watch?v=sV7nafAgXlw
sVl7cd8kSGs,2,2,concat,6,https://www.youtube.com/watch?v=sVl7cd8kSGs
sWQrrDpb0iQ,2,2,concat,6,https://www.youtube.com/watch?v=sWQrrDpb0iQ
saRDuJA657I,2,2,concat,6,https://www.youtube.com/watch?v=saRDuJA657I
saqVzS_0UIA,2,2,concat,6,https://www.youtube.com/watch?v=saqVzS_0UIA
sfKkzhrWN5g,2,2,concat,6,https://www.youtube.com/watch?v=sfKkzhrWN5g
soARosE408g,2,2,concat,6,https://www.youtube.com/watch?v=soARosE408g
t0dkTB2mQpY,2,2,concat,6,https://www.youtube.com/watch?v=t0dkTB2mQpY
t6jTZ-fR24I,2,2,concat,6,https://www.youtube.com/watch?v=t6jTZ-fR24I
tAE_VhBaVkU,2,2,concat,6,https://www.youtube.com/watch?v=tAE_VhBaVkU
tFV9Q6_aNuE,2,2,concat,6,https://www.youtube.com/watch?v=tFV9Q6_aNuE
tLtVwGa-ar0,2,2,concat,6,https://www.youtube.com/watch?v=tLtVwGa-ar0
tOERCayNjtk,2,2,concat,6,https://www.youtube.com/watch?v=tOERCayNjtk
tOudTeTsbPg,2,2,concat,6,https://www.youtube.com/watch?v=tOudTeTsbPg
tQhzG6QlBno,2,2,concat,6,https://www.youtube.com/watch?v=tQhzG6QlBno
tYBcZiHEIPA,2,2,concat,6,https://www.youtube.com/watch?v=tYBcZiHEIPA
t_yx2BzTPG0,2,2,concat,6,https://www.youtube.com/watch?v=t_yx2BzTPG0
tcRAv9OTkwg,2,2,concat,6,https://www.youtube.com/watch?v=tcRAv9OTkwg
tdRIVgF97EY,2,2,concat,6,https://www.youtube.com/watch?v=tdRIVgF97EY
tisr450cwuw,2,2,concat,6,https://www.youtube.com/watch?v=tisr450cwuw
tm1OO8qCkJ0,2,2,concat,6,https://www.youtube.com/watch?v=tm1OO8qCkJ0
ttJPLKYCas8,2,2,concat,6,https://www.youtube.com/watch?v=ttJPLKYCas8
u1YYRMyGYNM,2,2,concat,6,https://www.youtube.com/watch?v=u1YYRMyGYNM
u4AFQ89gO04,2,2,concat,6,https://www.youtube.com/watch?v=u4AFQ89gO04
uNEdzRVkIRk,2,2,concat,6,https://www.youtube.com/watch?v=uNEdzRVkIRk
uRnLHR7d52o,2,2,concat,6,https://www.youtube.com/watch?v=uRnLHR7d52o
uSy9YqLjZyA,2,2,concat,6,https://www.youtube.com/watch?v=uSy9YqLjZyA
umD9dLc0Oe0,2,2,concat,6,https://www.youtube.com/watch?v=umD9dLc0Oe0
unAytxPvCso,2,2,concat,6,https://www.youtube.com/watch?v=unAytxPvCso
ur12HePa54g,2,2,concat,6,https://www.youtube.com/watch?v=ur12HePa54g
usXykPrllyA,2,2,concat,6,https://www.youtube.com/watch?v=usXykPrllyA
utlRBhN5qJI,2,2,concat,6,https://www.youtube.com/watch?v=utlRBhN5qJI
uv5Vdfbr4R0,2,2,concat,6,https://www.youtube.com/watch?v=uv5Vdfbr4R0
uwt6vXqQGfQ,2,2,concat,6,https://www.youtube.com/watch?v=uwt6vXqQGfQ
uynEJzqVySo,2,2,concat,6,https://www.youtube.com/watch?v=uynEJzqVySo
uzIo9OAZK5A,2,2,concat,6,https://www.youtube.com/watch?v=uzIo9OAZK5A
v-OMhAK1IwA,2,2,concat,6,https://www.youtube.com/watch?v=v-OMhAK1IwA
v8HIzznRak4,2,2,concat,6,https://www.youtube.com/watch?v=v8HIzznRak4
vDOZw3N25rQ,2,2,concat,6,https://www.youtube.com/watch?v=vDOZw3N25rQ
vK9AZ4VzMRc,2,2,concat,6,https://www.youtube.com/watch?v=vK9AZ4VzMRc
vPsVsZY6Fhg,2,2,concat,6,https://www.youtube.com/watch?v=vPsVsZY6Fhg
vSbae9VSo3o,2,2,concat,6,https://www.youtube.com/watch?v=vSbae9VSo3o
vXQPDN0L9hQ,2,2,concat,6,https://www.youtube.com/watch?v=vXQPDN0L9hQ
vhSXnFP8jNc,2,2,concat,6,https://www.youtube.com/watch?v=vhSXnFP8jNc
vjpC8jmnXPY,2,2,concat,6,https://www.youtube.com/watch?v=vjpC8jmnXPY
vpjwrgGqgK8,2,2,concat,6,https://www.youtube.com/watch?v=vpjwrgGqgK8
vsJpQBMSXuw,2,2,concat,6,https://www.youtube.com/watch?v=vsJpQBMSXuw
vvxeGwuJFJs,2,2,concat,6,https://www.youtube.com/watch?v=vvxeGwuJFJs
w4ICxgMsdn4,2,2,concat,6,https://www.youtube.com/watch?v=w4ICxgMsdn4
w4qRh5d5NcU,2,2,concat,6,https://www.youtube.com/watch?v=w4qRh5d5NcU
w5-rw02SUD8,2,2,concat,6,https://www.youtube.com/watch?v=w5-rw02SUD8
w9QCEaLYvP0,2,2,concat,6,https://www.youtube.com/watch?v=w9QCEaLYvP0
w9c9cB9P46Q,2,2,concat,6,https://www.youtube.com/watch?v=w9c9cB9P46Q
wJ9mlj7dkC0,2,2,concat,6,https://www.youtube.com/watch?v=wJ9mlj7dkC0
wNb7a3hPDa0,2,2,concat,6,https://www.youtube.com/watch?v=wNb7a3hPDa0
wRLjqNx_55c,2,2,concat,6,https://www.youtube.com/watch?v=wRLjqNx_55c
wUI7IusdXIw,2,2,concat,6,https://www.youtube.com/watch?v=wUI7IusdXIw
wUJ31uAfH-8,2,2,concat,6,https://www.youtube.com/watch?v=wUJ31uAfH-8
wepQPAHvo34,2,2,concat,6,https://www.youtube.com/watch?v=wepQPAHvo34
wfi9uV8zxUQ,2,2,concat,6,https://www.youtube.com/watch?v=wfi9uV8zxUQ
wsU9LiNeRUs,2,2,concat,6,https://www.youtube.com/watch?v=wsU9LiNeRUs
wxo9aAHTtHU,2,2,concat,6,https://www.youtube.com/watch?v=wxo9aAHTtHU
x-9ulgEuqag,2,2,concat,6,https://www.youtube.com/watch?v=x-9ulgEuqag
x8Q7nbDUOr0,2,2,concat,6,https://www.youtube.com/watch?v=x8Q7nbDUOr0
x9J1darZ3xE,2,2,concat,6,https://www.youtube.com/watch?v=x9J1darZ3xE
xHVdXqsvnnk,2,2,concat,6,https://www.youtube.com/watch?v=xHVdXqsvnnk
xKQNc_xhQ8U,2,2,concat,6,https://www.youtube.com/watch?v=xKQNc_xhQ8U
xOQEgd9efcE,2,2,concat,6,https://www.youtube.com/watch?v=xOQEgd9efcE
xSQAyOr0TnM,2,2,concat,6,https://www.youtube.com/watch?v=xSQAyOr0TnM
xWasCpXm8go,2,2,concat,6,https://www.youtube.com/watch?v=xWasCpXm8go
xcN-vRsI3no,2,2,concat,6,https://www.youtube.com/watch?v=xcN-vRsI3no
xtoM6ek83xA,2,2,concat,6,https://www.youtube.com/watch?v=xtoM6ek83xA
xupGfCJ-sHw,2,2,concat,6,https://www.youtube.com/watch?v=xupGfCJ-sHw
y7Aatm-iZzc,2,2,concat,6,https://www.youtube.com/watch?v=y7Aatm-iZzc
yF08jqaPu-A,2,2,concat,6,https://www.youtube.com/watch?v=yF08jqaPu-A
yL3V31OVAOU,2,2,concat,6,https://www.youtube.com/watch?v=yL3V31OVAOU
yLNBILtJUS4,2,2,concat,6,https://www.youtube.com/watch?v=yLNBILtJUS4
yOawM3XYROo,2,2,concat,6,https://www.youtube.com/watch?v=yOawM3XYROo
yPakAbR3T40,2,2,concat,6,https://www.youtube.com/watch?v=yPakAbR3T40
yRDbEBcNNdg,2,2,concat,6,https://www.youtube.com/watch?v=yRDbEBcNNdg
yTCCaC8QBoU,2,2,concat,6,https://www.youtube.com/watch?v=yTCCaC8QBoU
yU7BZo6Lmog,2,2,concat,6,https://www.youtube.com/watch?v=yU7BZo6Lmog
yX0sl34pGBU,2,2,concat,6,https://www.youtube.com/watch?v=yX0sl34pGBU
yYbo2wY5wik,2,2,concat,6,https://www.youtube.com/watch?v=yYbo2wY5wik
yZ_i8GAGizU,2,2,concat,6,https://www.youtube.com/watch?v=yZ_i8GAGizU
yboP7VVOuyY,2,2,concat,6,https://www.youtube.com/watch?v=yboP7VVOuyY
yc9-_xTGOoA,2,2,concat,6,https://www.youtube.com/watch?v=yc9-_xTGOoA
yi-Oh4rLvVU,2,2,concat,6,https://www.youtube.com/watch?v=yi-Oh4rLvVU
yk7YeCZFAio,2,2,concat,6,https://www.youtube.com/watch?v=yk7YeCZFAio
ytYqfUxbMk0,2,2,concat,6,https://www.youtube.com/watch?v=ytYqfUxbMk0
ywYBRejn1wk,2,2,concat,6,https://www.youtube.com/watch?v=ywYBRejn1wk
yzTMbdJhqhc,2,2,concat,6,https://www.youtube.com/watch?v=yzTMbdJhqhc
z-qB6dLR3-4,2,2,concat,6,https://www.youtube.com/watch?v=z-qB6dLR3-4
z40rYZpqwog,2,2,concat,6,https://www.youtube.com/watch?v=z40rYZpqwog
z43QrN1Mzl4,2,2,concat,6,https://www.youtube.com/watch?v=z43QrN1Mzl4
z8ypmq4czss,2,2,concat,6,https://www.youtube.com/watch?v=z8ypmq4czss
z9iKTEkLX_g,2,2,concat,6,https://www.youtube.com/watch?v=z9iKTEkLX_g
zAYg8tJW49c,2,2,concat,6,https://www.youtube.com/watch?v=zAYg8tJW49c
zDTHiDbLtio,2,2,concat,6,https://www.youtube.com/watch?v=zDTHiDbLtio
zGfi5xzvUOM,2,2,concat,6,https://www.youtube.com/watch?v=zGfi5xzvUOM
zJgX4MIMTpk,2,2,concat,6,https://www.youtube.com/watch?v=zJgX4MIMTpk
zPhzl-JLhdo,2,2,concat,6,https://www.youtube.com/watch?v=zPhzl-JLhdo
zQHP8ipvDi0,2,2,concat,6,https://www.youtube.com/watch?v=zQHP8ipvDi0
zSueO3gXIL4,2,2,concat,6,https://www.youtube.com/watch?v=zSueO3gXIL4
zTeveBsR4eA,2,2,concat,6,https://www.youtube.com/watch?v=zTeveBsR4eA
zV912CZUxjU,2,2,concat,6,https://www.youtube.com/watch?v=zV912CZUxjU
zWXnQpgBMuw,2,2,concat,6,https://www.youtube.com/watch?v=zWXnQpgBMuw
zc31clkkaSk,2,2,concat,6,https://www.youtube.com/watch?v=zc31clkkaSk
zjBER9Cu5OM,2,2,concat,6,https://www.youtube.com/watch?v=zjBER9Cu5OM
zmdSUZM69xg,2,2,concat,6,https://www.youtube.com/watch?v=zmdSUZM69xg
znYI0H68kQs,2,2,concat,6,https://www.youtube.com/watch?v=znYI0H68kQs
znsEqcs8erc,2,2,concat,6,https://www.youtube.com/watch?v=znsEqcs8erc
zrEWFIMGoG0,2,2,concat,6,https://www.youtube.com/watch?v=zrEWFIMGoG0
zxPiSucdwLY,2,2,concat,6,https://www.youtube.com/watch?v=zxPiSucdwLY
zy6yW4biJbg,2,2,concat,6,https://www.youtube.com/watch?v=zy6yW4biJbg
-67kb-NHjHY,3,3,concat,6,https://www.youtube.com/watch?v=-67kb-NHjHY
-RwIJZAu1yI,3,3,concat,6,https://www.youtube.com/watch?v=-RwIJZAu1yI
-gJQbERHWwY,3,3,concat,6,https://www.youtube.com/watch?v=-gJQbERHWwY
-ufppWBqGHQ,3,3,concat,6,https://www.youtube.com/watch?v=-ufppWBqGHQ
-ynKtyJivGU,3,3,concat,6,https://www.youtube.com/watch?v=-ynKtyJivGU
00Kqr8FpBr0,3,3,concat,6,https://www.youtube.com/watch?v=00Kqr8FpBr0
07EN0gP3dVA,3,3,concat,6,https://www.youtube.com/watch?v=07EN0gP3dVA
0DP_nxqhlww,3,3,concat,6,https://www.youtube.com/watch?v=0DP_nxqhlww
0EHTh887QK8,3,3,concat,6,https://www.youtube.com/watch?v=0EHTh887QK8
0Vl5xC33GI4,3,3,concat,6,https://www.youtube.com/watch?v=0Vl5xC33GI4
0ii1BZvin7Q,3,3,concat,6,https://www.youtube.com/watch?v=0ii1BZvin7Q
0lBLdOcZ7TI,3,3,concat,6,https://www.youtube.com/watch?v=0lBLdOcZ7TI
0o7lT5o7WNs,3,3,concat,6,https://www.youtube.com/watch?v=0o7lT5o7WNs
0uYPcnFAnqI,3,3,concat,6,https://www.youtube.com/watch?v=0uYPcnFAnqI
14kmpn1ZGG8,3,3,concat,6,https://www.youtube.com/watch?v=14kmpn1ZGG8
1957Xi3uqk8,3,3,concat,6,https://www.youtube.com/watch?v=1957Xi3uqk8
1FMQzrlNsJw,3,3,concat,6,https://www.youtube.com/watch?v=1FMQzrlNsJw
1JCLveJFIAE,3,3,concat,6,https://www.youtube.com/watch?v=1JCLveJFIAE
1JROpuJGP0s,3,3,concat,6,https://www.youtube.com/watch?v=1JROpuJGP0s
1QkXxtDMBAw,3,3,concat,6,https://www.youtube.com/watch?v=1QkXxtDMBAw
1Y5BKvsiMfo,3,3,concat,6,https://www.youtube.com/watch?v=1Y5BKvsiMfo
1ZLKvPJ0db0,3,3,concat,6,https://www.youtube.com/watch?v=1ZLKvPJ0db0
1_3MZQGFNT8,3,3,concat,6,https://www.youtube.com/watch?v=1_3MZQGFNT8
1lHe-cohO6Y,3,3,concat,6,https://www.youtube.com/watch?v=1lHe-cohO6Y
1oE0ox3HrSE,3,3,concat,6,https://www.youtube.com/watch?v=1oE0ox3HrSE
29n6XnA2mIQ,3,3,concat,6,https://www.youtube.com/watch?v=29n6XnA2mIQ
2FNdRNMNkzk,3,3,concat,6,https://www.youtube.com/watch?v=2FNdRNMNkzk
2LfZ1ROGz1g,3,3,concat,6,https://www.youtube.com/watch?v=2LfZ1ROGz1g
2QLebzH2qUA,3,3,concat,6,https://www.youtube.com/watch?v=2QLebzH2qUA
2R3wZ2IuGJc,3,3,concat,6,https://www.youtube.com/watch?v=2R3wZ2IuGJc
2RSlNraov0A,3,3,concat,6,https://www.youtube.com/watch?v=2RSlNraov0A
2_YTH8Rq3cI,3,3,concat,6,https://www.youtube.com/watch?v=2_YTH8Rq3cI
2a1K9eBXmWY,3,3,concat,6,https://www.youtube.com/watch?v=2a1K9eBXmWY
2c915lc29F4,3,3,concat,6,https://www.youtube.com/watch?v=2c915lc29F4
2herkOXFx80,3,3,concat,6,https://www.youtube.com/watch?v=2herkOXFx80
2mLdiB4ewwA,3,3,concat,6,https://www.youtube.com/watch?v=2mLdiB4ewwA
2s3XyNUiC_Q,3,3,concat,6,https://www.youtube.com/watch?v=2s3XyNUiC_Q
2xrnvZzr3QU,3,3,concat,6,https://www.youtube.com/watch?v=2xrnvZzr3QU
3378BwgBR0E,3,3,concat,6,https://www.youtube.com/watch?v=3378BwgBR0E
34AaYEUVzbc,3,3,concat,6,https://www.youtube.com/watch?v=34AaYEUVzbc
3acwtg1SpMg,3,3,concat,6,https://www.youtube.com/watch?v=3acwtg1SpMg
3fj8UhXZ57o,3,3,concat,6,https://www.youtube.com/watch?v=3fj8UhXZ57o
3pVNRKCNIVI,3,3,concat,6,https://www.youtube.com/watch?v=3pVNRKCNIVI
3yT2Mdv04p8,3,3,concat,6,https://www.youtube.com/watch?v=3yT2Mdv04p8
46ciIyGuyU4,3,3,concat,6,https://www.youtube.com/watch?v=46ciIyGuyU4
48wdwK12Rc0,3,3,concat,6,https://www.youtube.com/watch?v=48wdwK12Rc0
4GCAX3kG4C4,3,3,concat,6,https://www.youtube.com/watch?v=4GCAX3kG4C4
4GN0nco6O2A,3,3,concat,6,https://www.youtube.com/watch?v=4GN0nco6O2A
4Lf3kj-jt6c,3,3,concat,6,https://www.youtube.com/watch?v=4Lf3kj-jt6c
4NLCTLNMxPw,3,3,concat,6,https://www.youtube.com/watch?v=4NLCTLNMxPw
4SDHIUM8-Sk,3,3,concat,6,https://www.youtube.com/watch?v=4SDHIUM8-Sk
4owNI4JbF4I,3,3,concat,6,https://www.youtube.com/watch?v=4owNI4JbF4I
533dWOV7I8Q,3,3,concat,6,https://www.youtube.com/watch?v=533dWOV7I8Q
5KQPIOyG3Ro,3,3,concat,6,https://www.youtube.com/watch?v=5KQPIOyG3Ro
5MYalbP_9Fk,3,3,concat,6,https://www.youtube.com/watch?v=5MYalbP_9Fk
5YCPLi8G0-s,3,3,concat,6,https://www.youtube.com/watch?v=5YCPLi8G0-s
5arE6U3HVPs,3,3,concat,6,https://www.youtube.com/watch?v=5arE6U3HVPs
5m0csyAzsBU,3,3,concat,6,https://www.youtube.com/watch?v=5m0csyAzsBU
5og28f8t_gg,3,3,concat,6,https://www.youtube.com/watch?v=5og28f8t_gg
5pHLHxYzkJs,3,3,concat,6,https://www.youtube.com/watch?v=5pHLHxYzkJs
61WshXT90ik,3,3,concat,6,https://www.youtube.com/watch?v=61WshXT90ik
62kW9Oqp2XY,3,3,concat,6,https://www.youtube.com/watch?v=62kW9Oqp2XY
675a7sUdtUw,3,3,concat,6,https://www.youtube.com/watch?v=675a7sUdtUw
67_6KVabZ70,3,3,concat,6,https://www.youtube.com/watch?v=67_6KVabZ70
6LYbIioha2Y,3,3,concat,6,https://www.youtube.com/watch?v=6LYbIioha2Y
6LdWMFAxRsA,3,3,concat,6,https://www.youtube.com/watch?v=6LdWMFAxRsA
6S-edhWBc1s,3,3,concat,6,https://www.youtube.com/watch?v=6S-edhWBc1s
6TGRyNQyDxc,3,3,concat,6,https://www.youtube.com/watch?v=6TGRyNQyDxc
6amKvChQ1II,3,3,concat,6,https://www.youtube.com/watch?v=6amKvChQ1II
6gQc-A8dC5s,3,3,concat,6,https://www.youtube.com/watch?v=6gQc-A8dC5s
6obRTwjC8Q8,3,3,concat,6,https://www.youtube.com/watch?v=6obRTwjC8Q8
6z6L6w2Oz-I,3,3,concat,6,https://www.youtube.com/watch?v=6z6L6w2Oz-I
70Cp6VE4TdE,3,3,concat,6,https://www.youtube.com/watch?v=70Cp6VE4TdE
7FDJtIbbOCs,3,3,concat,6,https://www.youtube.com/watch?v=7FDJtIbbOCs
7RvW8JJO4iQ,3,3,concat,6,https://www.youtube.com/watch?v=7RvW8JJO4iQ
7Zj2xTYSd7s,3,3,concat,6,https://www.youtube.com/watch?v=7Zj2xTYSd7s
7fV9SSglr3Y,3,3,concat,6,https://www.youtube.com/watch?v=7fV9SSglr3Y
7hOzAQX21Ws,3,3,concat,6,https://www.youtube.com/watch?v=7hOzAQX21Ws
7zBlAFlimlE,3,3,concat,6,https://www.youtube.com/watch?v=7zBlAFlimlE
820i4P_35Go,3,3,concat,6,https://www.youtube.com/watch?v=820i4P_35Go
8Bz5HuDITCU,3,3,concat,6,https://www.youtube.com/watch?v=8Bz5HuDITCU
8FRzjpfV3A8,3,3,concat,6,https://www.youtube.com/watch?v=8FRzjpfV3A8
8HFy6BvuxTY,3,3,concat,6,https://www.youtube.com/watch?v=8HFy6BvuxTY
8JRd_54ju3U,3,3,concat,6,https://www.youtube.com/watch?v=8JRd_54ju3U
8Q9B7ruY6JU,3,3,concat,6,https://www.youtube.com/watch?v=8Q9B7ruY6JU
8YUtLZsHiWU,3,3,concat,6,https://www.youtube.com/watch?v=8YUtLZsHiWU
8_nxBAy_Amw,3,3,concat,6,https://www.youtube.com/watch?v=8_nxBAy_Amw
8fuP66yOn5w,3,3,concat,6,https://www.youtube.com/watch?v=8fuP66yOn5w
8mf77q77ryQ,3,3,concat,6,https://www.youtube.com/watch?v=8mf77q77ryQ
8qto-SHQZes,3,3,concat,6,https://www.youtube.com/watch?v=8qto-SHQZes
8x4Vsmb0kII,3,3,concat,6,https://www.youtube.com/watch?v=8x4Vsmb0kII
8yaagNHWvFA,3,3,concat,6,https://www.youtube.com/watch?v=8yaagNHWvFA
99jDHZRrD4U,3,3,concat,6,https://www.youtube.com/watch?v=99jDHZRrD4U
9DNY7Hnw04U,3,3,concat,6,https://www.youtube.com/watch?v=9DNY7Hnw04U
9HHaAgvc1LU,3,3,concat,6,https://www.youtube.com/watch?v=9HHaAgvc1LU
9LQ95pSKyXs,3,3,concat,6,https://www.youtube.com/watch?v=9LQ95pSKyXs
9LUR25y0BhU,3,3,concat,6,https://www.youtube.com/watch?v=9LUR25y0BhU
9QXGffKbiVE,3,3,concat,6,https://www.youtube.com/watch?v=9QXGffKbiVE
9Qc0Fhk1sXE,3,3,concat,6,https://www.youtube.com/watch?v=9Qc0Fhk1sXE
9XxOPsM8hb0,3,3,concat,6,https://www.youtube.com/watch?v=9XxOPsM8hb0
9e-HibzpZFU,3,3,concat,6,https://www.youtube.com/watch?v=9e-HibzpZFU
9h11lDwmAaE,3,3,concat,6,https://www.youtube.com/watch?v=9h11lDwmAaE
9jUZMAL9_uY,3,3,concat,6,https://www.youtube.com/watch?v=9jUZMAL9_uY
9k7eOsmcm1s,3,3,concat,6,https://www.youtube.com/watch?v=9k7eOsmcm1s
9knaKFVkmDc,3,3,concat,6,https://www.youtube.com/watch?v=9knaKFVkmDc
9l6Waj7n7kQ,3,3,concat,6,https://www.youtube.com/watch?v=9l6Waj7n7kQ
9l8Im9Fv8R0,3,3,concat,6,https://www.youtube.com/watch?v=9l8Im9Fv8R0
9rZcx1IUV7Q,3,3,concat,6,https://www.youtube.com/watch?v=9rZcx1IUV7Q
9uDOJ_P5NQc,3,3,concat,6,https://www.youtube.com/watch?v=9uDOJ_P5NQc
9uYmdgEsu7E,3,3,concat,6,https://www.youtube.com/watch?v=9uYmdgEsu7E
9wBhjdZlx-Q,3,3,concat,6,https://www.youtube.com/watch?v=9wBhjdZlx-Q
A6So4z4cbl8,3,3,concat,6,https://www.youtube.com/watch?v=A6So4z4cbl8
A7Dyd9hC4L0,3,3,concat,6,https://www.youtube.com/watch?v=A7Dyd9hC4L0
ATWKfoGYDkc,3,3,concat,6,https://www.youtube.com/watch?v=ATWKfoGYDkc
AXro5c2EIzw,3,3,concat,6,https://www.youtube.com/watch?v=AXro5c2EIzw
AhSOKoX0ozc,3,3,concat,6,https://www.youtube.com/watch?v=AhSOKoX0ozc
AnhsQCKIXzw,3,3,concat,6,https://www.youtube.com/watch?v=AnhsQCKIXzw
AqEhuzBRfaI,3,3,concat,6,https://www.youtube.com/watch?v=AqEhuzBRfaI
AraX_kMkLzw,3,3,concat,6,https://www.youtube.com/watch?v=AraX_kMkLzw
B-7bD_zZIrs,3,3,concat,6,https://www.youtube.com/watch?v=B-7bD_zZIrs
BDFIgGr4fGE,3,3,concat,6,https://www.youtube.com/watch?v=BDFIgGr4fGE
BDOl2rjVixg,3,3,concat,6,https://www.youtube.com/watch?v=BDOl2rjVixg
BJYubkkieWc,3,3,concat,6,https://www.youtube.com/watch?v=BJYubkkieWc
BMgbdb43F2k,3,3,concat,6,https://www.youtube.com/watch?v=BMgbdb43F2k
BRsmpRer8UI,3,3,concat,6,https://www.youtube.com/watch?v=BRsmpRer8UI
BayNndKt_V8,3,3,concat,6,https://www.youtube.com/watch?v=BayNndKt_V8
Bj8qOiwZNV0,3,3,concat,6,https://www.youtube.com/watch?v=Bj8qOiwZNV0
BjIgubUb1dE,3,3,concat,6,https://www.youtube.com/watch?v=BjIgubUb1dE
BkSldcoWiDg,3,3,concat,6,https://www.youtube.com/watch?v=BkSldcoWiDg
BsccGK_axsM,3,3,concat,6,https://www.youtube.com/watch?v=BsccGK_axsM
C2tmDwAUlRk,3,3,concat,6,https://www.youtube.com/watch?v=C2tmDwAUlRk
CCJ64sO3wP4,3,3,concat,6,https://www.youtube.com/watch?v=CCJ64sO3wP4
CCrMUYAWsis,3,3,concat,6,https://www.youtube.com/watch?v=CCrMUYAWsis
CH7oHNUzTNg,3,3,concat,6,https://www.youtube.com/watch?v=CH7oHNUzTNg
CIfBo-_MFbY,3,3,concat,6,https://www.youtube.com/watch?v=CIfBo-_MFbY
CJbBMqyqezg,3,3,concat,6,https://www.youtube.com/watch?v=CJbBMqyqezg
CTkxWexy6i4,3,3,concat,6,https://www.youtube.com/watch?v=CTkxWexy6i4
CUThCSqNxE0,3,3,concat,6,https://www.youtube.com/watch?v=CUThCSqNxE0
ChSy-1JkfR0,3,3,concat,6,https://www.youtube.com/watch?v=ChSy-1JkfR0
Cheo9rBPHUU,3,3,concat,6,https://www.youtube.com/watch?v=Cheo9rBPHUU
CwTTSHeAlRk,3,3,concat,6,https://www.youtube.com/watch?v=CwTTSHeAlRk
CxDYUUam_8Q,3,3,concat,6,https://www.youtube.com/watch?v=CxDYUUam_8Q
D60yD96kgsI,3,3,concat,6,https://www.youtube.com/watch?v=D60yD96kgsI
D724-u0H_1c,3,3,concat,6,https://www.youtube.com/watch?v=D724-u0H_1c
D8FtdBdV9qI,3,3,concat,6,https://www.youtube.com/watch?v=D8FtdBdV9qI
DGY5hDCkLTs,3,3,concat,6,https://www.youtube.com/watch?v=DGY5hDCkLTs
DIONYkCuMw8,3,3,concat,6,https://www.youtube.com/watch?v=DIONYkCuMw8
DT4Pb0Fcah0,3,3,concat,6,https://www.youtube.com/watch?v=DT4Pb0Fcah0
D_za4bzwBXY,3,3,concat,6,https://www.youtube.com/watch?v=D_za4bzwBXY
E0W9MkxKRZA,3,3,concat,6,https://www.youtube.com/watch?v=E0W9MkxKRZA
E9LsLq2-e54,3,3,concat,6,https://www.youtube.com/watch?v=E9LsLq2-e54
ECIMMCSmBxg,3,3,concat,6,https://www.youtube.com/watch?v=ECIMMCSmBxg
ECqzgENEpyk,3,3,concat,6,https://www.youtube.com/watch?v=ECqzgENEpyk
ED7M-n8w3n0,3,3,concat,6,https://www.youtube.com/watch?v=ED7M-n8w3n0
EHI2AoGbW1E,3,3,concat,6,https://www.youtube.com/watch?v=EHI2AoGbW1E
EInyrsiSQTw,3,3,concat,6,https://www.youtube.com/watch?v=EInyrsiSQTw
EXPAmmytCzs,3,3,concat,6,https://www.youtube.com/watch?v=EXPAmmytCzs
Eiq1uSQakmk,3,3,concat,6,https://www.youtube.com/watch?v=Eiq1uSQakmk
EmYv7WtJHfM,3,3,concat,6,https://www.youtube.com/watch?v=EmYv7WtJHfM
Er2xTYaLSqI,3,3,concat,6,https://www.youtube.com/watch?v=Er2xTYaLSqI
EsKIIbNoy2s,3,3,concat,6,https://www.youtube.com/watch?v=EsKIIbNoy2s
EuIvy5OR33g,3,3,concat,6,https://www.youtube.com/watch?v=EuIvy5OR33g
EvqIqLpp2f8,3,3,concat,6,https://www.youtube.com/watch?v=EvqIqLpp2f8
EzlQJt3ZpHE,3,3,concat,6,https://www.youtube.com/watch?v=EzlQJt3ZpHE
F0eEvaiRfEQ,3,3,concat,6,https://www.youtube.com/watch?v=F0eEvaiRfEQ
F3Vy6FJvuCQ,3,3,concat,6,https://www.youtube.com/watch?v=F3Vy6FJvuCQ
F9GbDMGTyeg,3,3,concat,6,https://www.youtube.com/watch?v=F9GbDMGTyeg
F9NzcGU0b3k,3,3,concat,6,https://www.youtube.com/watch?v=F9NzcGU0b3k
FKCkS5KOzmo,3,3,concat,6,https://www.youtube.com/watch?v=FKCkS5KOzmo
FMX4-koZWDI,3,3,concat,6,https://www.youtube.com/watch?v=FMX4-koZWDI
FMz29A5B4GM,3,3,concat,6,https://www.youtube.com/watch?v=FMz29A5B4GM
FTvFLjAFUwE,3,3,concat,6,https://www.youtube.com/watch?v=FTvFLjAFUwE
Fa_KFMZOSjE,3,3,concat,6,https://www.youtube.com/watch?v=Fa_KFMZOSjE
Fpo9WY2ngqM,3,3,concat,6,https://www.youtube.com/watch?v=Fpo9WY2ngqM
Fqc2O2zEPN4,3,3,concat,6,https://www.youtube.com/watch?v=Fqc2O2zEPN4
FsLuUMSUA1Q,3,3,concat,6,https://www.youtube.com/watch?v=FsLuUMSUA1Q
Fw_Z8xM6bjg,3,3,concat,6,https://www.youtube.com/watch?v=Fw_Z8xM6bjg
G-JFfAuMgIs,3,3,concat,6,https://www.youtube.com/watch?v=G-JFfAuMgIs
G0iyxHzHC0U,3,3,concat,6,https://www.youtube.com/watch?v=G0iyxHzHC0U
GAc_Lwnb7iw,3,3,concat,6,https://www.youtube.com/watch?v=GAc_Lwnb7iw
GCQt2vCjVnc,3,3,concat,6,https://www.youtube.com/watch?v=GCQt2vCjVnc
GGSJLpA6B5Y,3,3,concat,6,https://www.youtube.com/watch?v=GGSJLpA6B5Y
GO_0hy1J5tU,3,3,concat,6,https://www.youtube.com/watch?v=GO_0hy1J5tU
GPzwTKLPHV8,3,3,concat,6,https://www.youtube.com/watch?v=GPzwTKLPHV8
GSGicFsbk0o,3,3,concat,6,https://www.youtube.com/watch?v=GSGicFsbk0o
GWLhizNfb-Q,3,3,concat,6,https://www.youtube.com/watch?v=GWLhizNfb-Q
GhBMBkp7zvo,3,3,concat,6,https://www.youtube.com/watch?v=GhBMBkp7zvo
GiZFE2N9iA8,3,3,concat,6,https://www.youtube.com/watch?v=GiZFE2N9iA8
GihNOcMIENg,3,3,concat,6,https://www.youtube.com/watch?v=GihNOcMIENg
GjQbQqNiHy8,3,3,concat,6,https://www.youtube.com/watch?v=GjQbQqNiHy8
H7FHecNpd-0,3,3,concat,6,https://www.youtube.com/watch?v=H7FHecNpd-0
HFVJ0py7j0k,3,3,concat,6,https://www.youtube.com/watch?v=HFVJ0py7j0k
HGL-auiIyHg,3,3,concat,6,https://www.youtube.com/watch?v=HGL-auiIyHg
HIw-zG81hD8,3,3,concat,6,https://www.youtube.com/watch?v=HIw-zG81hD8
HKOwxct65BI,3,3,concat,6,https://www.youtube.com/watch?v=HKOwxct65BI
HQELWm6bpH0,3,3,concat,6,https://www.youtube.com/watch?v=HQELWm6bpH0
HRS3PQA5SpA,3,3,concat,6,https://www.youtube.com/watch?v=HRS3PQA5SpA
Hcj3bIBlGUA,3,3,concat,6,https://www.youtube.com/watch?v=Hcj3bIBlGUA
HiJUvmQaIrQ,3,3,concat,6,https://www.youtube.com/watch?v=HiJUvmQaIrQ
Hiu2-9k1kdk,3,3,concat,6,https://www.youtube.com/watch?v=Hiu2-9k1kdk
HnR5nEA86SY,3,3,concat,6,https://www.youtube.com/watch?v=HnR5nEA86SY
HqWPtsXkwXg,3,3,concat,6,https://www.youtube.com/watch?v=HqWPtsXkwXg
I-38wZwS8BI,3,3,concat,6,https://www.youtube.com/watch?v=I-38wZwS8BI
I-jRkud7txU,3,3,concat,6,https://www.youtube.com/watch?v=I-jRkud7txU
I-z1UEL_r3U,3,3,concat,6,https://www.youtube.com/watch?v=I-z1UEL_r3U
I568j4h6_go,3,3,concat,6,https://www.youtube.com/watch?v=I568j4h6_go
I5XwmicFNPs,3,3,concat,6,https://www.youtube.com/watch?v=I5XwmicFNPs
I8lyMTmt77w,3,3,concat,6,https://www.youtube.com/watch?v=I8lyMTmt77w
IDYt8JSGo4Y,3,3,concat,6,https://www.youtube.com/watch?v=IDYt8JSGo4Y
IKpwTxwhzOo,3,3,concat,6,https://www.youtube.com/watch?v=IKpwTxwhzOo
IO6CIB5-76A,3,3,concat,6,https://www.youtube.com/watch?v=IO6CIB5-76A
IRxujfYmPdg,3,3,concat,6,https://www.youtube.com/watch?v=IRxujfYmPdg
ITqbuf4EtJw,3,3,concat,6,https://www.youtube.com/watch?v=ITqbuf4EtJw
IWRTuUsLqDM,3,3,concat,6,https://www.youtube.com/watch?v=IWRTuUsLqDM
IXx4H6PLons,3,3,concat,6,https://www.youtube.com/watch?v=IXx4H6PLons
IZ2CUaPlWH4,3,3,concat,6,https://www.youtube.com/watch?v=IZ2CUaPlWH4
IZgZE_sgWZU,3,3,concat,6,https://www.youtube.com/watch?v=IZgZE_sgWZU
IarPPCbexSo,3,3,concat,6,https://www.youtube.com/watch?v=IarPPCbexSo
IlLAemB-bIQ,3,3,concat,6,https://www.youtube.com/watch?v=IlLAemB-bIQ
IrhBguwO1-M,3,3,concat,6,https://www.youtube.com/watch?v=IrhBguwO1-M
IvomVquDT_Y,3,3,concat,6,https://www.youtube.com/watch?v=IvomVquDT_Y
IzMKyyh--Ts,3,3,concat,6,https://www.youtube.com/watch?v=IzMKyyh--Ts
J-u-AxhF2wo,3,3,concat,6,https://www.youtube.com/watch?v=J-u-AxhF2wo
J2G1aHeHBO8,3,3,concat,6,https://www.youtube.com/watch?v=J2G1aHeHBO8
J8WeOIukjEk,3,3,concat,6,https://www.youtube.com/watch?v=J8WeOIukjEk
J9CWbTSimPU,3,3,concat,6,https://www.youtube.com/watch?v=J9CWbTSimPU
J9cdpG8lJQg,3,3,concat,6,https://www.youtube.com/watch?v=J9cdpG8lJQg
JCoOsldIOHw,3,3,concat,6,https://www.youtube.com/watch?v=JCoOsldIOHw
JCwUURB1_hI,3,3,concat,6,https://www.youtube.com/watch?v=JCwUURB1_hI
JZ-eT3hhXjU,3,3,concat,6,https://www.youtube.com/watch?v=JZ-eT3hhXjU
JdFLR3yIZYQ,3,3,concat,6,https://www.youtube.com/watch?v=JdFLR3yIZYQ
Jfong0q2Dak,3,3,concat,6,https://www.youtube.com/watch?v=Jfong0q2Dak
Jtphsim3sQc,3,3,concat,6,https://www.youtube.com/watch?v=Jtphsim3sQc
Jwcm6lo7jLI,3,3,concat,6,https://www.youtube.com/watch?v=Jwcm6lo7jLI
K-nPyCjBSu0,3,3,concat,6,https://www.youtube.com/watch?v=K-nPyCjBSu0
K1aAAlm-K3A,3,3,concat,6,https://www.youtube.com/watch?v=K1aAAlm-K3A
K3A2htlqgIk,3,3,concat,6,https://www.youtube.com/watch?v=K3A2htlqgIk
K7pcnh_oqNs,3,3,concat,6,https://www.youtube.com/watch?v=K7pcnh_oqNs
KBAa_kVRxO0,3,3,concat,6,https://www.youtube.com/watch?v=KBAa_kVRxO0
KG1dfpv0Kwk,3,3,concat,6,https://www.youtube.com/watch?v=KG1dfpv0Kwk
KIR3sfV_IoA,3,3,concat,6,https://www.youtube.com/watch?v=KIR3sfV_IoA
KSVz6TA2Vrg,3,3,concat,6,https://www.youtube.com/watch?v=KSVz6TA2Vrg
KTVGFILIe_k,3,3,concat,6,https://www.youtube.com/watch?v=KTVGFILIe_k
KZswPzGdiPc,3,3,concat,6,https://www.youtube.com/watch?v=KZswPzGdiPc
KbouG9g2HPM,3,3,concat,6,https://www.youtube.com/watch?v=KbouG9g2HPM
KjqSR68a3_c,3,3,concat,6,https://www.youtube.com/watch?v=KjqSR68a3_c
KmPB6CizUN8,3,3,concat,6,https://www.youtube.com/watch?v=KmPB6CizUN8
KpEPvRgD8cI,3,3,concat,6,https://www.youtube.com/watch?v=KpEPvRgD8cI
Ks1R8R3WNJE,3,3,concat,6,https://www.youtube.com/watch?v=Ks1R8R3WNJE
KyFgiUusNDU,3,3,concat,6,https://www.youtube.com/watch?v=KyFgiUusNDU
L-89oYzHUWw,3,3,concat,6,https://www.youtube.com/watch?v=L-89oYzHUWw
L2bXC7cvWgc,3,3,concat,6,https://www.youtube.com/watch?v=L2bXC7cvWgc
LSt6BAuXfXg,3,3,concat,6,https://www.youtube.com/watch?v=LSt6BAuXfXg
LgGD8rrMPTI,3,3,concat,6,https://www.youtube.com/watch?v=LgGD8rrMPTI
LjNqK8JSlkI,3,3,concat,6,https://www.youtube.com/watch?v=LjNqK8JSlkI
LpKmotGRi5A,3,3,concat,6,https://www.youtube.com/watch?v=LpKmotGRi5A
LvXUt7bRuI8,3,3,concat,6,https://www.youtube.com/watch?v=LvXUt7bRuI8
LvpPD4sCvy8,3,3,concat,6,https://www.youtube.com/watch?v=LvpPD4sCvy8
Ly7Mw5A7SZk,3,3,concat,6,https://www.youtube.com/watch?v=Ly7Mw5A7SZk
LzlhDrCmX_8,3,3,concat,6,https://www.youtube.com/watch?v=LzlhDrCmX_8
M1pT-8jod-c,3,3,concat,6,https://www.youtube.com/watch?v=M1pT-8jod-c
MD8ZMHYG4yY,3,3,concat,6,https://www.youtube.com/watch?v=MD8ZMHYG4yY
MH1ktLN01ck,3,3,concat,6,https://www.youtube.com/watch?v=MH1ktLN01ck
MNG04jNdRqA,3,3,concat,6,https://www.youtube.com/watch?v=MNG04jNdRqA
MQJO4qg--RY,3,3,concat,6,https://www.youtube.com/watch?v=MQJO4qg--RY
MREhVwmULC8,3,3,concat,6,https://www.youtube.com/watch?v=MREhVwmULC8
MZX8v1fAGjY,3,3,concat,6,https://www.youtube.com/watch?v=MZX8v1fAGjY
MbOk39AytPs,3,3,concat,6,https://www.youtube.com/watch?v=MbOk39AytPs
Me3qJ_iUasE,3,3,concat,6,https://www.youtube.com/watch?v=Me3qJ_iUasE
MegIVZ6HQOY,3,3,concat,6,https://www.youtube.com/watch?v=MegIVZ6HQOY
MgOn68G5di8,3,3,concat,6,https://www.youtube.com/watch?v=MgOn68G5di8
Mh8oCP-Jvcs,3,3,concat,6,https://www.youtube.com/watch?v=Mh8oCP-Jvcs
Mhd-GV8i-Uk,3,3,concat,6,https://www.youtube.com/watch?v=Mhd-GV8i-Uk
MhrcfGdFdOM,3,3,concat,6,https://www.youtube.com/watch?v=MhrcfGdFdOM
MiIN3ocnqOk,3,3,concat,6,https://www.youtube.com/watch?v=MiIN3ocnqOk
N3KTiSwPs6I,3,3,concat,6,https://www.youtube.com/watch?v=N3KTiSwPs6I
NAJVZseFaHk,3,3,concat,6,https://www.youtube.com/watch?v=NAJVZseFaHk
NPV-v6AakFs,3,3,concat,6,https://www.youtube.com/watch?v=NPV-v6AakFs
NWtZINm4HwE,3,3,concat,6,https://www.youtube.com/watch?v=NWtZINm4HwE
NZOp0CcbaMI,3,3,concat,6,https://www.youtube.com/watch?v=NZOp0CcbaMI
NdaAWMo2yxE,3,3,concat,6,https://www.youtube.com/watch?v=NdaAWMo2yxE
NiPNKYuFbps,3,3,concat,6,https://www.youtube.com/watch?v=NiPNKYuFbps
O-DmmiEmQcI,3,3,concat,6,https://www.youtube.com/watch?v=O-DmmiEmQcI
O1n3e_D126A,3,3,concat,6,https://www.youtube.com/watch?v=O1n3e_D126A
O2ivXLBiuew,3,3,concat,6,https://www.youtube.com/watch?v=O2ivXLBiuew
O2j8ADtY-jg,3,3,concat,6,https://www.youtube.com/watch?v=O2j8ADtY-jg
OAOmyG2P0Qo,3,3,concat,6,https://www.youtube.com/watch?v=OAOmyG2P0Qo
OHLH0l7P8cw,3,3,concat,6,https://www.youtube.com/watch?v=OHLH0l7P8cw
OIwcV9UY4to,3,3,concat,6,https://www.youtube.com/watch?v=OIwcV9UY4to
OYR8HLUxD3U,3,3,concat,6,https://www.youtube.com/watch?v=OYR8HLUxD3U
O_RVgkWSbn0,3,3,concat,6,https://www.youtube.com/watch?v=O_RVgkWSbn0
O_VQ-uA5khY,3,3,concat,6,https://www.youtube.com/watch?v=O_VQ-uA5khY
OfRYQWfoO_0,3,3,concat,6,https://www.youtube.com/watch?v=OfRYQWfoO_0
OtUDGgLi4rc,3,3,concat,6,https://www.youtube.com/watch?v=OtUDGgLi4rc
OuqZVU0G1A0,3,3,concat,6,https://www.youtube.com/watch?v=OuqZVU0G1A0
P3Tm9UIqHp4,3,3,concat,6,https://www.youtube.com/watch?v=P3Tm9UIqHp4
P8h72TYgeD8,3,3,concat,6,https://www.youtube.com/watch?v=P8h72TYgeD8
P9qIESR87Q4,3,3,concat,6,https://www.youtube.com/watch?v=P9qIESR87Q4
PEKnxDeiCws,3,3,concat,6,https://www.youtube.com/watch?v=PEKnxDeiCws
PJQbjthpsDQ,3,3,concat,6,https://www.youtube.com/watch?v=PJQbjthpsDQ
PXge_siNxxk,3,3,concat,6,https://www.youtube.com/watch?v=PXge_siNxxk
PeIE_hc4NCU,3,3,concat,6,https://www.youtube.com/watch?v=PeIE_hc4NCU
PiavDkf68Xo,3,3,concat,6,https://www.youtube.com/watch?v=PiavDkf68Xo
PjJx5P8IJ4Q,3,3,concat,6,https://www.youtube.com/watch?v=PjJx5P8IJ4Q
PsY1cbfeZXs,3,3,concat,6,https://www.youtube.com/watch?v=PsY1cbfeZXs
PvOsuWMmUYs,3,3,concat,6,https://www.youtube.com/watch?v=PvOsuWMmUYs
PxpNtB0vK9Q,3,3,concat,6,https://www.youtube.com/watch?v=PxpNtB0vK9Q
Q2VSnCq6ea0,3,3,concat,6,https://www.youtube.com/watch?v=Q2VSnCq6ea0
Q8Jbijf1T1A,3,3,concat,6,https://www.youtube.com/watch?v=Q8Jbijf1T1A
Q8gmxCwZObs,3,3,concat,6,https://www.youtube.com/watch?v=Q8gmxCwZObs
QDBB1V-ISwM,3,3,concat,6,https://www.youtube.com/watch?v=QDBB1V-ISwM
QDLIV8cneCk,3,3,concat,6,https://www.youtube.com/watch?v=QDLIV8cneCk
QFKhWo3Z4Qc,3,3,concat,6,https://www.youtube.com/watch?v=QFKhWo3Z4Qc
QHM9OO6Nk2c,3,3,concat,6,https://www.youtube.com/watch?v=QHM9OO6Nk2c
QITgzgKOXZo,3,3,concat,6,https://www.youtube.com/watch?v=QITgzgKOXZo
QL30L3pK7Fc,3,3,concat,6,https://www.youtube.com/watch?v=QL30L3pK7Fc
QV2a5mUXv7Q,3,3,concat,6,https://www.youtube.com/watch?v=QV2a5mUXv7Q
QdipAHGBN3Q,3,3,concat,6,https://www.youtube.com/watch?v=QdipAHGBN3Q
QrAyBBhzQ-s,3,3,concat,6,https://www.youtube.com/watch?v=QrAyBBhzQ-s
QvYgSfEDX98,3,3,concat,6,https://www.youtube.com/watch?v=QvYgSfEDX98
QwwGu1_ZUzM,3,3,concat,6,https://www.youtube.com/watch?v=QwwGu1_ZUzM
QxBC9A49kVk,3,3,concat,6,https://www.youtube.com/watch?v=QxBC9A49kVk
R1IEyq2U16w,3,3,concat,6,https://www.youtube.com/watch?v=R1IEyq2U16w
R1gCvxmWyoQ,3,3,concat,6,https://www.youtube.com/watch?v=R1gCvxmWyoQ
R8EHffFG8LE,3,3,concat,6,https://www.youtube.com/watch?v=R8EHffFG8LE
RKf9dFfUG4o,3,3,concat,6,https://www.youtube.com/watch?v=RKf9dFfUG4o
RLEvdN1z_Rg,3,3,concat,6,https://www.youtube.com/watch?v=RLEvdN1z_Rg
RN7f7mjVsrI,3,3,concat,6,https://www.youtube.com/watch?v=RN7f7mjVsrI
RNc7lzSt914,3,3,concat,6,https://www.youtube.com/watch?v=RNc7lzSt914
RmSvmXsDLW4,3,3,concat,6,https://www.youtube.com/watch?v=RmSvmXsDLW4
RpYCdiyxZZM,3,3,concat,6,https://www.youtube.com/watch?v=RpYCdiyxZZM
Rpd8QfTDng0,3,3,concat,6,https://www.youtube.com/watch?v=Rpd8QfTDng0
RxXObcCNXOY,3,3,concat,6,https://www.youtube.com/watch?v=RxXObcCNXOY
S05xFzEg5I4,3,3,concat,6,https://www.youtube.com/watch?v=S05xFzEg5I4
S8GaRgU6bp0,3,3,concat,6,https://www.youtube.com/watch?v=S8GaRgU6bp0
S8HzPofkWBA,3,3,concat,6,https://www.youtube.com/watch?v=S8HzPofkWBA
S8_uQWmjGBk,3,3,concat,6,https://www.youtube.com/watch?v=S8_uQWmjGBk
S9ZY92YXMh0,3,3,concat,6,https://www.youtube.com/watch?v=S9ZY92YXMh0
SR8tn1LMiaY,3,3,concat,6,https://www.youtube.com/watch?v=SR8tn1LMiaY
SZKve5VsO-4,3,3,concat,6,https://www.youtube.com/watch?v=SZKve5VsO-4
S_hRsJgBgmU,3,3,concat,6,https://www.youtube.com/watch?v=S_hRsJgBgmU
SbXVPa7qK40,3,3,concat,6,https://www.youtube.com/watch?v=SbXVPa7qK40
SkXEOg9-pwg,3,3,concat,6,https://www.youtube.com/watch?v=SkXEOg9-pwg
SnIv8PgF4zY,3,3,concat,6,https://www.youtube.com/watch?v=SnIv8PgF4zY
SqmPmV72FS4,3,3,concat,6,https://www.youtube.com/watch?v=SqmPmV72FS4
Su4s2D-SlWk,3,3,concat,6,https://www.youtube.com/watch?v=Su4s2D-SlWk
Sx0kcoFOJJI,3,3,concat,6,https://www.youtube.com/watch?v=Sx0kcoFOJJI
T4uBL5Dn0-A,3,3,concat,6,https://www.youtube.com/watch?v=T4uBL5Dn0-A
T5NTMr36GdU,3,3,concat,6,https://www.youtube.com/watch?v=T5NTMr36GdU
T6nmUkX1jAs,3,3,concat,6,https://www.youtube.com/watch?v=T6nmUkX1jAs
T8Zn-VfyfhE,3,3,concat,6,https://www.youtube.com/watch?v=T8Zn-VfyfhE
TNniHkwfeT8,3,3,concat,6,https://www.youtube.com/watch?v=TNniHkwfeT8
TS_wvNno8Iw,3,3,concat,6,https://www.youtube.com/watch?v=TS_wvNno8Iw
TZ5s4-KLqKI,3,3,concat,6,https://www.youtube.com/watch?v=TZ5s4-KLqKI
T_Cjn4qmNwU,3,3,concat,6,https://www.youtube.com/watch?v=T_Cjn4qmNwU
TkCmFQtvqZw,3,3,concat,6,https://www.youtube.com/watch?v=TkCmFQtvqZw
TyFJShuZ4zs,3,3,concat,6,https://www.youtube.com/watch?v=TyFJShuZ4zs
U9doE9742xA,3,3,concat,6,https://www.youtube.com/watch?v=U9doE9742xA
Uh2yB7v-0_U,3,3,concat,6,https://www.youtube.com/watch?v=Uh2yB7v-0_U
UwNwgxZg610,3,3,concat,6,https://www.youtube.com/watch?v=UwNwgxZg610
Uzt39qV1Y9s,3,3,concat,6,https://www.youtube.com/watch?v=Uzt39qV1Y9s
V3D6AYVzHv0,3,3,concat,6,https://www.youtube.com/watch?v=V3D6AYVzHv0
V3m3Bj_r09o,3,3,concat,6,https://www.youtube.com/watch?v=V3m3Bj_r09o
V4KJqBuSWpk,3,3,concat,6,https://www.youtube.com/watch?v=V4KJqBuSWpk
V5em1ppZRCw,3,3,concat,6,https://www.youtube.com/watch?v=V5em1ppZRCw
V6SyuPpVTY4,3,3,concat,6,https://www.youtube.com/watch?v=V6SyuPpVTY4
V8Aon7j7ULU,3,3,concat,6,https://www.youtube.com/watch?v=V8Aon7j7ULU
VDF4w5jN5JA,3,3,concat,6,https://www.youtube.com/watch?v=VDF4w5jN5JA
VFRU7a3SzUU,3,3,concat,6,https://www.youtube.com/watch?v=VFRU7a3SzUU
VIdXKr6MBd0,3,3,concat,6,https://www.youtube.com/watch?v=VIdXKr6MBd0
VYmdSgu_dyY,3,3,concat,6,https://www.youtube.com/watch?v=VYmdSgu_dyY
Vb-PbbtaHgU,3,3,concat,6,https://www.youtube.com/watch?v=Vb-PbbtaHgU
VhyplN9bPDE,3,3,concat,6,https://www.youtube.com/watch?v=VhyplN9bPDE
VkTeqH_Ieas,3,3,concat,6,https://www.youtube.com/watch?v=VkTeqH_Ieas
Vr6AxVGpTC0,3,3,concat,6,https://www.youtube.com/watch?v=Vr6AxVGpTC0
VzDhJEgddHw,3,3,concat,6,https://www.youtube.com/watch?v=VzDhJEgddHw
W0Dw4YCGjnY,3,3,concat,6,https://www.youtube.com/watch?v=W0Dw4YCGjnY
W38fLEmrmS0,3,3,concat,6,https://www.youtube.com/watch?v=W38fLEmrmS0
W3Ip_MZLWYQ,3,3,concat,6,https://www.youtube.com/watch?v=W3Ip_MZLWYQ
W6eUVf0nqXc,3,3,concat,6,https://www.youtube.com/watch?v=W6eUVf0nqXc
W97j23sBDSA,3,3,concat,6,https://www.youtube.com/watch?v=W97j23sBDSA
WEmlPgLXZvQ,3,3,concat,6,https://www.youtube.com/watch?v=WEmlPgLXZvQ
WIU6YjUCTNQ,3,3,concat,6,https://www.youtube.com/watch?v=WIU6YjUCTNQ
WIafTyQ3hA0,3,3,concat,6,https://www.youtube.com/watch?v=WIafTyQ3hA0
WIx7k2sIiXQ,3,3,concat,6,https://www.youtube.com/watch?v=WIx7k2sIiXQ
WRJ6xzrpHIo,3,3,concat,6,https://www.youtube.com/watch?v=WRJ6xzrpHIo
WRdqtdMtjjM,3,3,concat,6,https://www.youtube.com/watch?v=WRdqtdMtjjM
WTz6Tgq_DWU,3,3,concat,6,https://www.youtube.com/watch?v=WTz6Tgq_DWU
WVOfFSTk7lE,3,3,concat,6,https://www.youtube.com/watch?v=WVOfFSTk7lE
Wc00LJN6tZo,3,3,concat,6,https://www.youtube.com/watch?v=Wc00LJN6tZo
Wj5nC0wsrQE,3,3,concat,6,https://www.youtube.com/watch?v=Wj5nC0wsrQE
WjOQ8aRJPE8,3,3,concat,6,https://www.youtube.com/watch?v=WjOQ8aRJPE8
WjWhHsXHtJk,3,3,concat,6,https://www.youtube.com/watch?v=WjWhHsXHtJk
WkpH2BEmYAo,3,3,concat,6,https://www.youtube.com/watch?v=WkpH2BEmYAo
WlvCahnwQCA,3,3,concat,6,https://www.youtube.com/watch?v=WlvCahnwQCA
WstSZKU0BP0,3,3,concat,6,https://www.youtube.com/watch?v=WstSZKU0BP0
Wt87JUkZQZ8,3,3,concat,6,https://www.youtube.com/watch?v=Wt87JUkZQZ8
Wx1yc4B41L0,3,3,concat,6,https://www.youtube.com/watch?v=Wx1yc4B41L0
X29a14SLuDg,3,3,concat,6,https://www.youtube.com/watch?v=X29a14SLuDg
X3DOonWvbvM,3,3,concat,6,https://www.youtube.com/watch?v=X3DOonWvbvM
X8F8eaKAsg4,3,3,concat,6,https://www.youtube.com/watch?v=X8F8eaKAsg4
XK0UX5rK6kk,3,3,concat,6,https://www.youtube.com/watch?v=XK0UX5rK6kk
XMAZ-HNIJDk,3,3,concat,6,https://www.youtube.com/watch?v=XMAZ-HNIJDk
XUmn2KW2GiQ,3,3,concat,6,https://www.youtube.com/watch?v=XUmn2KW2GiQ
XkfOnNM97gw,3,3,concat,6,https://www.youtube.com/watch?v=XkfOnNM97gw
Xw0FeGU3jzI,3,3,concat,6,https://www.youtube.com/watch?v=Xw0FeGU3jzI
Y-KC_UCf61c,3,3,concat,6,https://www.youtube.com/watch?v=Y-KC_UCf61c
Y53CfGvPVN4,3,3,concat,6,https://www.youtube.com/watch?v=Y53CfGvPVN4
YBHEljmZw6E,3,3,concat,6,https://www.youtube.com/watch?v=YBHEljmZw6E
YE3bWyNIbIM,3,3,concat,6,https://www.youtube.com/watch?v=YE3bWyNIbIM
YOGrWavrIVc,3,3,concat,6,https://www.youtube.com/watch?v=YOGrWavrIVc
YP-Qfkt_DME,3,3,concat,6,https://www.youtube.com/watch?v=YP-Qfkt_DME
YW9ITCorD0c,3,3,concat,6,https://www.youtube.com/watch?v=YW9ITCorD0c
Y_fSLH7zbxY,3,3,concat,6,https://www.youtube.com/watch?v=Y_fSLH7zbxY
YbSQYyT7RN4,3,3,concat,6,https://www.youtube.com/watch?v=YbSQYyT7RN4
YcDKqmxBRN8,3,3,concat,6,https://www.youtube.com/watch?v=YcDKqmxBRN8
YeAFnPuTaA0,3,3,concat,6,https://www.youtube.com/watch?v=YeAFnPuTaA0
Yg9rSVc94CE,3,3,concat,6,https://www.youtube.com/watch?v=Yg9rSVc94CE
Yi2E3xS9k3o,3,3,concat,6,https://www.youtube.com/watch?v=Yi2E3xS9k3o
YkDpKx2cY-4,3,3,concat,6,https://www.youtube.com/watch?v=YkDpKx2cY-4
YwFWFIDTGgk,3,3,concat,6,https://www.youtube.com/watch?v=YwFWFIDTGgk
ZFNc6LXXJso,3,3,concat,6,https://www.youtube.com/watch?v=ZFNc6LXXJso
ZKc2rWg8Ecs,3,3,concat,6,https://www.youtube.com/watch?v=ZKc2rWg8Ecs
ZLQdafouO7I,3,3,concat,6,https://www.youtube.com/watch?v=ZLQdafouO7I
ZPvO7vZfWA0,3,3,concat,6,https://www.youtube.com/watch?v=ZPvO7vZfWA0
ZR7LKqiWLZQ,3,3,concat,6,https://www.youtube.com/watch?v=ZR7LKqiWLZQ
ZVTvvVUTvWE,3,3,concat,6,https://www.youtube.com/watch?v=ZVTvvVUTvWE
ZoMUWSC_Fg0,3,3,concat,6,https://www.youtube.com/watch?v=ZoMUWSC_Fg0
ZqKcVouuSso,3,3,concat,6,https://www.youtube.com/watch?v=ZqKcVouuSso
ZvJ4CpJBOSs,3,3,concat,6,https://www.youtube.com/watch?v=ZvJ4CpJBOSs
_0qpdYBws9U,3,3,concat,6,https://www.youtube.com/watch?v=_0qpdYBws9U
_8od6_WXXks,3,3,concat,6,https://www.youtube.com/watch?v=_8od6_WXXks
_DOF3V2zh4E,3,3,concat,6,https://www.youtube.com/watch?v=_DOF3V2zh4E
_K7RYOkYqyY,3,3,concat,6,https://www.youtube.com/watch?v=_K7RYOkYqyY
_XnPxv7lgzA,3,3,concat,6,https://www.youtube.com/watch?v=_XnPxv7lgzA
_gCvpOJg238,3,3,concat,6,https://www.youtube.com/watch?v=_gCvpOJg238
_mEcp3gP4-c,3,3,concat,6,https://www.youtube.com/watch?v=_mEcp3gP4-c
a1t8pfITqyw,3,3,concat,6,https://www.youtube.com/watch?v=a1t8pfITqyw
a2HLDH3HfzE,3,3,concat,6,https://www.youtube.com/watch?v=a2HLDH3HfzE
aCFHk2kf9OI,3,3,concat,6,https://www.youtube.com/watch?v=aCFHk2kf9OI
aKDgdpZMg3I,3,3,concat,6,https://www.youtube.com/watch?v=aKDgdpZMg3I
aSTIeUTBEuk,3,3,concat,6,https://www.youtube.com/watch?v=aSTIeUTBEuk
aXelfS5s6BQ,3,3,concat,6,https://www.youtube.com/watch?v=aXelfS5s6BQ
aaDrxWhDNAU,3,3,concat,6,https://www.youtube.com/watch?v=aaDrxWhDNAU
aaM6qFPIxdw,3,3,concat,6,https://www.youtube.com/watch?v=aaM6qFPIxdw
agsuEpkB-Y8,3,3,concat,6,https://www.youtube.com/watch?v=agsuEpkB-Y8
akVnJ-2ayNY,3,3,concat,6,https://www.youtube.com/watch?v=akVnJ-2ayNY
aksLkvtdtNE,3,3,concat,6,https://www.youtube.com/watch?v=aksLkvtdtNE
anYVesON6IY,3,3,concat,6,https://www.youtube.com/watch?v=anYVesON6IY
apX4ZbDkjNU,3,3,concat,6,https://www.youtube.com/watch?v=apX4ZbDkjNU
awHXeUuhYGs,3,3,concat,6,https://www.youtube.com/watch?v=awHXeUuhYGs
bK1nlvoR4mk,3,3,concat,6,https://www.youtube.com/watch?v=bK1nlvoR4mk
bLW8QTEWFeE,3,3,concat,6,https://www.youtube.com/watch?v=bLW8QTEWFeE
bQrcl2hdZMc,3,3,concat,6,https://www.youtube.com/watch?v=bQrcl2hdZMc
bRWlY7oG4Cs,3,3,concat,6,https://www.youtube.com/watch?v=bRWlY7oG4Cs
bWINKT7fnVs,3,3,concat,6,https://www.youtube.com/watch?v=bWINKT7fnVs
bfMf-wS_QZc,3,3,concat,6,https://www.youtube.com/watch?v=bfMf-wS_QZc
bi4ZO6JBusM,3,3,concat,6,https://www.youtube.com/watch?v=bi4ZO6JBusM
biza9SkMyJE,3,3,concat,6,https://www.youtube.com/watch?v=biza9SkMyJE
bkc2KGijZgo,3,3,concat,6,https://www.youtube.com/watch?v=bkc2KGijZgo
bkd0eyy3_N8,3,3,concat,6,https://www.youtube.com/watch?v=bkd0eyy3_N8
brNCDDvgnBU,3,3,concat,6,https://www.youtube.com/watch?v=brNCDDvgnBU
c04XfJc9aC0,3,3,concat,6,https://www.youtube.com/watch?v=c04XfJc9aC0
c7_hgi7Jcfo,3,3,concat,6,https://www.youtube.com/watch?v=c7_hgi7Jcfo
cK1wGptZgfA,3,3,concat,6,https://www.youtube.com/watch?v=cK1wGptZgfA
cL-wmR6v-ks,3,3,concat,6,https://www.youtube.com/watch?v=cL-wmR6v-ks
cTPMc-w-QAw,3,3,concat,6,https://www.youtube.com/watch?v=cTPMc-w-QAw
cV9Jvjq6h-o,3,3,concat,6,https://www.youtube.com/watch?v=cV9Jvjq6h-o
cwjzVogfNLw,3,3,concat,6,https://www.youtube.com/watch?v=cwjzVogfNLw
czwYxsGfiSM,3,3,concat,6,https://www.youtube.com/watch?v=czwYxsGfiSM
dDlIbo3vzp0,3,3,concat,6,https://www.youtube.com/watch?v=dDlIbo3vzp0
dJmrD59S1l0,3,3,concat,6,https://www.youtube.com/watch?v=dJmrD59S1l0
dLWyhI15lWI,3,3,concat,6,https://www.youtube.com/watch?v=dLWyhI15lWI
dNIY3-V5oTg,3,3,concat,6,https://www.youtube.com/watch?v=dNIY3-V5oTg
dR-VUldn7sk,3,3,concat,6,https://www.youtube.com/watch?v=dR-VUldn7sk
dRjnzYMzhO8,3,3,concat,6,https://www.youtube.com/watch?v=dRjnzYMzhO8
dYnYur5tdUQ,3,3,concat,6,https://www.youtube.com/watch?v=dYnYur5tdUQ
dZ0_TdXKQZE,3,3,concat,6,https://www.youtube.com/watch?v=dZ0_TdXKQZE
de10Z94_1b4,3,3,concat,6,https://www.youtube.com/watch?v=de10Z94_1b4
dkb7OZt2IVM,3,3,concat,6,https://www.youtube.com/watch?v=dkb7OZt2IVM
doQPqZtnZ_E,3,3,concat,6,https://www.youtube.com/watch?v=doQPqZtnZ_E
dx4ROYaFhaA,3,3,concat,6,https://www.youtube.com/watch?v=dx4ROYaFhaA
dzJyKhdND_k,3,3,concat,6,https://www.youtube.com/watch?v=dzJyKhdND_k
e41OQfI1ej0,3,3,concat,6,https://www.youtube.com/watch?v=e41OQfI1ej0
e4dWQ7NHSkw,3,3,concat,6,https://www.youtube.com/watch?v=e4dWQ7NHSkw
e6vO-GwjX0Y,3,3,concat,6,https://www.youtube.com/watch?v=e6vO-GwjX0Y
eOSVcTMjCyU,3,3,concat,6,https://www.youtube.com/watch?v=eOSVcTMjCyU
eOt1qP2XFAY,3,3,concat,6,https://www.youtube.com/watch?v=eOt1qP2XFAY
e_auJNLfOmE,3,3,concat,6,https://www.youtube.com/watch?v=e_auJNLfOmE
e_gBJF5chg8,3,3,concat,6,https://www.youtube.com/watch?v=e_gBJF5chg8
ea8yjU5sHN0,3,3,concat,6,https://www.youtube.com/watch?v=ea8yjU5sHN0
ebSKq5hUy2I,3,3,concat,6,https://www.youtube.com/watch?v=ebSKq5hUy2I
er3NM35xLU0,3,3,concat,6,https://www.youtube.com/watch?v=er3NM35xLU0
ewniMnZuvgw,3,3,concat,6,https://www.youtube.com/watch?v=ewniMnZuvgw
fDli6ReZVy4,3,3,concat,6,https://www.youtube.com/watch?v=fDli6ReZVy4
fE3uC7J_-Ss,3,3,concat,6,https://www.youtube.com/watch?v=fE3uC7J_-Ss
fLKBjo8yPmM,3,3,concat,6,https://www.youtube.com/watch?v=fLKBjo8yPmM
fOHNkQ4BXxc,3,3,concat,6,https://www.youtube.com/watch?v=fOHNkQ4BXxc
foEl4lbtYUw,3,3,concat,6,https://www.youtube.com/watch?v=foEl4lbtYUw
fq_Vs24dESQ,3,3,concat,6,https://www.youtube.com/watch?v=fq_Vs24dESQ
fqekWhHwocA,3,3,concat,6,https://www.youtube.com/watch?v=fqekWhHwocA
frgXidhmWV4,3,3,concat,6,https://www.youtube.com/watch?v=frgXidhmWV4
ftkga3N5ZTQ,3,3,concat,6,https://www.youtube.com/watch?v=ftkga3N5ZTQ
fy07RGmXGII,3,3,concat,6,https://www.youtube.com/watch?v=fy07RGmXGII
g1EGRXNqEDU,3,3,concat,6,https://www.youtube.com/watch?v=g1EGRXNqEDU
g1cV1k5wGLs,3,3,concat,6,https://www.youtube.com/watch?v=g1cV1k5wGLs
gCPbyJhWbFg,3,3,concat,6,https://www.youtube.com/watch?v=gCPbyJhWbFg
gJbiLIRkIR8,3,3,concat,6,https://www.youtube.com/watch?v=gJbiLIRkIR8
gKKSDN1iptg,3,3,concat,6,https://www.youtube.com/watch?v=gKKSDN1iptg
gQT67gusGms,3,3,concat,6,https://www.youtube.com/watch?v=gQT67gusGms
gVR9JAJ2Ce4,3,3,concat,6,https://www.youtube.com/watch?v=gVR9JAJ2Ce4
gWEofR9eWqE,3,3,concat,6,https://www.youtube.com/watch?v=gWEofR9eWqE
gWdPBqEO_j8,3,3,concat,6,https://www.youtube.com/watch?v=gWdPBqEO_j8
gfMN06emL38,3,3,concat,6,https://www.youtube.com/watch?v=gfMN06emL38
gi-7OYh946E,3,3,concat,6,https://www.youtube.com/watch?v=gi-7OYh946E
glqkQDXzhWs,3,3,concat,6,https://www.youtube.com/watch?v=glqkQDXzhWs
hA5A3HKFe_A,3,3,concat,6,https://www.youtube.com/watch?v=hA5A3HKFe_A
hFqUjLuFdic,3,3,concat,6,https://www.youtube.com/watch?v=hFqUjLuFdic
hFv6g0pnHhw,3,3,concat,6,https://www.youtube.com/watch?v=hFv6g0pnHhw
hGmfa4i0wYc,3,3,concat,6,https://www.youtube.com/watch?v=hGmfa4i0wYc
hJfR7By19nI,3,3,concat,6,https://www.youtube.com/watch?v=hJfR7By19nI
hVJK8ddgs0c,3,3,concat,6,https://www.youtube.com/watch?v=hVJK8ddgs0c
hXZueIoq1jI,3,3,concat,6,https://www.youtube.com/watch?v=hXZueIoq1jI
hYy_vks2XLA,3,3,concat,6,https://www.youtube.com/watch?v=hYy_vks2XLA
hZ1QEiDZq8s,3,3,concat,6,https://www.youtube.com/watch?v=hZ1QEiDZq8s
haZKQIvVShA,3,3,concat,6,https://www.youtube.com/watch?v=haZKQIvVShA
hgoAUK4vzAQ,3,3,concat,6,https://www.youtube.com/watch?v=hgoAUK4vzAQ
hyo4M7J66U4,3,3,concat,6,https://www.youtube.com/watch?v=hyo4M7J66U4
i-cUCTOxLCc,3,3,concat,6,https://www.youtube.com/watch?v=i-cUCTOxLCc
i3SZhQ8mE3U,3,3,concat,6,https://www.youtube.com/watch?v=i3SZhQ8mE3U
i500yfB-Xnc,3,3,concat,6,https://www.youtube.com/watch?v=i500yfB-Xnc
i60si2ceju4,3,3,concat,6,https://www.youtube.com/watch?v=i60si2ceju4
iAUo5ubg_Vk,3,3,concat,6,https://www.youtube.com/watch?v=iAUo5ubg_Vk
iHPs1zxc0M8,3,3,concat,6,https://www.youtube.com/watch?v=iHPs1zxc0M8
iL4trQDGBbc,3,3,concat,6,https://www.youtube.com/watch?v=iL4trQDGBbc
iSjhzf3z6sM,3,3,concat,6,https://www.youtube.com/watch?v=iSjhzf3z6sM
iWzgl4N23R4,3,3,concat,6,https://www.youtube.com/watch?v=iWzgl4N23R4
id5JwKQ8yfM,3,3,concat,6,https://www.youtube.com/watch?v=id5JwKQ8yfM
ifnQnbbe5Po,3,3,concat,6,https://www.youtube.com/watch?v=ifnQnbbe5Po
iiiwROGAW8k,3,3,concat,6,https://www.youtube.com/watch?v=iiiwROGAW8k
iowxymu3sok,3,3,concat,6,https://www.youtube.com/watch?v=iowxymu3sok
ir3ozI6fqIM,3,3,concat,6,https://www.youtube.com/watch?v=ir3ozI6fqIM
iu-oI__aC4g,3,3,concat,6,https://www.youtube.com/watch?v=iu-oI__aC4g
j0HI4Z0y8R4,3,3,concat,6,https://www.youtube.com/watch?v=j0HI4Z0y8R4
j7eom77gGGI,3,3,concat,6,https://www.youtube.com/watch?v=j7eom77gGGI
j9M6YshwnDg,3,3,concat,6,https://www.youtube.com/watch?v=j9M6YshwnDg
jOgRhKIv_24,3,3,concat,6,https://www.youtube.com/watch?v=jOgRhKIv_24
jPX2gfSjDn4,3,3,concat,6,https://www.youtube.com/watch?v=jPX2gfSjDn4
jUkLjAUXUlU,3,3,concat,6,https://www.youtube.com/watch?v=jUkLjAUXUlU
jVAO6RddUaQ,3,3,concat,6,https://www.youtube.com/watch?v=jVAO6RddUaQ
je4ylCLwpa8,3,3,concat,6,https://www.youtube.com/watch?v=je4ylCLwpa8
jv5aqKXZEtw,3,3,concat,6,https://www.youtube.com/watch?v=jv5aqKXZEtw
jybmjgxxCOY,3,3,concat,6,https://www.youtube.com/watch?v=jybmjgxxCOY
k0_TgzaK5c0,3,3,concat,6,https://www.youtube.com/watch?v=k0_TgzaK5c0
k8NC9gKz--I,3,3,concat,6,https://www.youtube.com/watch?v=k8NC9gKz--I
kEliqEFZ0uA,3,3,concat,6,https://www.youtube.com/watch?v=kEliqEFZ0uA
kHp9WAB6RLU,3,3,concat,6,https://www.youtube.com/watch?v=kHp9WAB6RLU
kQbAUXQIH4c,3,3,concat,6,https://www.youtube.com/watch?v=kQbAUXQIH4c
kaSHsIl9FSo,3,3,concat,6,https://www.youtube.com/watch?v=kaSHsIl9FSo
kbJ5LCmsPiI,3,3,concat,6,https://www.youtube.com/watch?v=kbJ5LCmsPiI
kfBUKrPkhZw,3,3,concat,6,https://www.youtube.com/watch?v=kfBUKrPkhZw
khJyBoN0fUI,3,3,concat,6,https://www.youtube.com/watch?v=khJyBoN0fUI
kqJsS6RD7Sw,3,3,concat,6,https://www.youtube.com/watch?v=kqJsS6RD7Sw
kqQw2xeMmEQ,3,3,concat,6,https://www.youtube.com/watch?v=kqQw2xeMmEQ
ktEzZ6_CKMs,3,3,concat,6,https://www.youtube.com/watch?v=ktEzZ6_CKMs
lBQgLyXEmJk,3,3,concat,6,https://www.youtube.com/watch?v=lBQgLyXEmJk
lIEY6akV-JA,3,3,concat,6,https://www.youtube.com/watch?v=lIEY6akV-JA
lbJVZy2gYZ8,3,3,concat,6,https://www.youtube.com/watch?v=lbJVZy2gYZ8
le_Sz76trhk,3,3,concat,6,https://www.youtube.com/watch?v=le_Sz76trhk
lfTb9cwpwXo,3,3,concat,6,https://www.youtube.com/watch?v=lfTb9cwpwXo
lrR7s3_nylg,3,3,concat,6,https://www.youtube.com/watch?v=lrR7s3_nylg
lvDGecZFWFM,3,3,concat,6,https://www.youtube.com/watch?v=lvDGecZFWFM
lvKAoA4KX2Q,3,3,concat,6,https://www.youtube.com/watch?v=lvKAoA4KX2Q
lzxmupJJX9s,3,3,concat,6,https://www.youtube.com/watch?v=lzxmupJJX9s
m0JHX10FGWU,3,3,concat,6,https://www.youtube.com/watch?v=m0JHX10FGWU
m4F8abfP5Hw,3,3,concat,6,https://www.youtube.com/watch?v=m4F8abfP5Hw
mLGSUktaEmw,3,3,concat,6,https://www.youtube.com/watch?v=mLGSUktaEmw
mUxQDT3Csts,3,3,concat,6,https://www.youtube.com/watch?v=mUxQDT3Csts
n6WyBsPtvG4,3,3,concat,6,https://www.youtube.com/watch?v=n6WyBsPtvG4
n6_Q2G6bj68,3,3,concat,6,https://www.youtube.com/watch?v=n6_Q2G6bj68
n7EuxelhUhE,3,3,concat,6,https://www.youtube.com/watch?v=n7EuxelhUhE
n8ZBWGRjdlg,3,3,concat,6,https://www.youtube.com/watch?v=n8ZBWGRjdlg
n8jTAfmbFZ0,3,3,concat,6,https://www.youtube.com/watch?v=n8jTAfmbFZ0
nEXPHEi-9s4,3,3,concat,6,https://www.youtube.com/watch?v=nEXPHEi-9s4
nKOJ1yEzYXY,3,3,concat,6,https://www.youtube.com/watch?v=nKOJ1yEzYXY
nMpQLWi311w,3,3,concat,6,https://www.youtube.com/watch?v=nMpQLWi311w
nY2i4HH7mUc,3,3,concat,6,https://www.youtube.com/watch?v=nY2i4HH7mUc
nceygps61Y0,3,3,concat,6,https://www.youtube.com/watch?v=nceygps61Y0
ncxYLoKEUWg,3,3,concat,6,https://www.youtube.com/watch?v=ncxYLoKEUWg
nfwOykz1NNQ,3,3,concat,6,https://www.youtube.com/watch?v=nfwOykz1NNQ
nhqCaib7xFs,3,3,concat,6,https://www.youtube.com/watch?v=nhqCaib7xFs
nmwvvlPS-Pg,3,3,concat,6,https://www.youtube.com/watch?v=nmwvvlPS-Pg
nt7FRKo4LSU,3,3,concat,6,https://www.youtube.com/watch?v=nt7FRKo4LSU
ntAHihvO4vo,3,3,concat,6,https://www.youtube.com/watch?v=ntAHihvO4vo
nxxG3NTITfs,3,3,concat,6,https://www.youtube.com/watch?v=nxxG3NTITfs
o5dYIw_1HRM,3,3,concat,6,https://www.youtube.com/watch?v=o5dYIw_1HRM
o7vMT6NErNg,3,3,concat,6,https://www.youtube.com/watch?v=o7vMT6NErNg
o9EydBHYJkg,3,3,concat,6,https://www.youtube.com/watch?v=o9EydBHYJkg
oJoX5Y_Loc8,3,3,concat,6,https://www.youtube.com/watch?v=oJoX5Y_Loc8
oLncuneDerU,3,3,concat,6,https://www.youtube.com/watch?v=oLncuneDerU
oWisWfxfKs8,3,3,concat,6,https://www.youtube.com/watch?v=oWisWfxfKs8
o_uc2XK-45I,3,3,concat,6,https://www.youtube.com/watch?v=o_uc2XK-45I
oaBRK2Q6V-A,3,3,concat,6,https://www.youtube.com/watch?v=oaBRK2Q6V-A
olKP83CFh_c,3,3,concat,6,https://www.youtube.com/watch?v=olKP83CFh_c
oneYwcXan4Y,3,3,concat,6,https://www.youtube.com/watch?v=oneYwcXan4Y
ovBBpw0ZTRg,3,3,concat,6,https://www.youtube.com/watch?v=ovBBpw0ZTRg
p32wI7XHGU0,3,3,concat,6,https://www.youtube.com/watch?v=p32wI7XHGU0
pBHW8twRHhA,3,3,concat,6,https://www.youtube.com/watch?v=pBHW8twRHhA
pD-iUj598SM,3,3,concat,6,https://www.youtube.com/watch?v=pD-iUj598SM
pJP1KtjHWYg,3,3,concat,6,https://www.youtube.com/watch?v=pJP1KtjHWYg
pLqXcIlp4z8,3,3,concat,6,https://www.youtube.com/watch?v=pLqXcIlp4z8
pR5NEacCd_E,3,3,concat,6,https://www.youtube.com/watch?v=pR5NEacCd_E
pX9ut2hIPXg,3,3,concat,6,https://www.youtube.com/watch?v=pX9ut2hIPXg
pepegLtK3dk,3,3,concat,6,https://www.youtube.com/watch?v=pepegLtK3dk
pi1NL5Fv4s8,3,3,concat,6,https://www.youtube.com/watch?v=pi1NL5Fv4s8
q-3SkzdMFxw,3,3,concat,6,https://www.youtube.com/watch?v=q-3SkzdMFxw
q2ZIVyxxbtw,3,3,concat,6,https://www.youtube.com/watch?v=q2ZIVyxxbtw
q3KuDoB01wU,3,3,concat,6,https://www.youtube.com/watch?v=q3KuDoB01wU
q5OiiwfnnMY,3,3,concat,6,https://www.youtube.com/watch?v=q5OiiwfnnMY
q5fSSUwzx8Y,3,3,concat,6,https://www.youtube.com/watch?v=q5fSSUwzx8Y
q6RceC1ochg,3,3,concat,6,https://www.youtube.com/watch?v=q6RceC1ochg
qAQsmlsb3SI,3,3,concat,6,https://www.youtube.com/watch?v=qAQsmlsb3SI
qARDeJUKQBQ,3,3,concat,6,https://www.youtube.com/watch?v=qARDeJUKQBQ
qGBBguZa49A,3,3,concat,6,https://www.youtube.com/watch?v=qGBBguZa49A
qJNLl_peMbQ,3,3,concat,6,https://www.youtube.com/watch?v=qJNLl_peMbQ
qMPzZF-KS00,3,3,concat,6,https://www.youtube.com/watch?v=qMPzZF-KS00
qOBpWCIM1Fo,3,3,concat,6,https://www.youtube.com/watch?v=qOBpWCIM1Fo
qYHV2HvAwlA,3,3,concat,6,https://www.youtube.com/watch?v=qYHV2HvAwlA
qazcZZCaw0c,3,3,concat,6,https://www.youtube.com/watch?v=qazcZZCaw0c
qg4Z9H0qY0w,3,3,concat,6,https://www.youtube.com/watch?v=qg4Z9H0qY0w
ql_NO0FL2cU,3,3,concat,6,https://www.youtube.com/watch?v=ql_NO0FL2cU
qlnbJyH2QHI,3,3,concat,6,https://www.youtube.com/watch?v=qlnbJyH2QHI
qsQFI5khdv8,3,3,concat,6,https://www.youtube.com/watch?v=qsQFI5khdv8
qvYMWyGBjt8,3,3,concat,6,https://www.youtube.com/watch?v=qvYMWyGBjt8
qviVjRwgwU0,3,3,concat,6,https://www.youtube.com/watch?v=qviVjRwgwU0
qvxNHI_YVMM,3,3,concat,6,https://www.youtube.com/watch?v=qvxNHI_YVMM
r32L377YZBM,3,3,concat,6,https://www.youtube.com/watch?v=r32L377YZBM
r5c9JW1oWwM,3,3,concat,6,https://www.youtube.com/watch?v=r5c9JW1oWwM
r8mUTrsqsKY,3,3,concat,6,https://www.youtube.com/watch?v=r8mUTrsqsKY
r9FGipLBtOo,3,3,concat,6,https://www.youtube.com/watch?v=r9FGipLBtOo
rIeVoQcjmr0,3,3,concat,6,https://www.youtube.com/watch?v=rIeVoQcjmr0
rKyad7ETppc,3,3,concat,6,https://www.youtube.com/watch?v=rKyad7ETppc
rNXVdm5Fgfs,3,3,concat,6,https://www.youtube.com/watch?v=rNXVdm5Fgfs
rRv_ao1IQsk,3,3,concat,6,https://www.youtube.com/watch?v=rRv_ao1IQsk
rT-XERh4R68,3,3,concat,6,https://www.youtube.com/watch?v=rT-XERh4R68
ri9-dcyap_4,3,3,concat,6,https://www.youtube.com/watch?v=ri9-dcyap_4
rtLIIxnfROo,3,3,concat,6,https://www.youtube.com/watch?v=rtLIIxnfROo
s2DlkLqVuT4,3,3,concat,6,https://www.youtube.com/watch?v=s2DlkLqVuT4
s3iqByHaaf8,3,3,concat,6,https://www.youtube.com/watch?v=s3iqByHaaf8
s5gPl7StvT8,3,3,concat,6,https://www.youtube.com/watch?v=s5gPl7StvT8
sHEN9Wac7mQ,3,3,concat,6,https://www.youtube.com/watch?v=sHEN9Wac7mQ
sI0DGcA1eaI,3,3,concat,6,https://www.youtube.com/watch?v=sI0DGcA1eaI
sVUmJ7wwlX4,3,3,concat,6,https://www.youtube.com/watch?v=sVUmJ7wwlX4
sgrAJ4Y8xaU,3,3,concat,6,https://www.youtube.com/watch?v=sgrAJ4Y8xaU
shQZm-C5szw,3,3,concat,6,https://www.youtube.com/watch?v=shQZm-C5szw
si4BZW5T6wo,3,3,concat,6,https://www.youtube.com/watch?v=si4BZW5T6wo
sjD-ByTXW1k,3,3,concat,6,https://www.youtube.com/watch?v=sjD-ByTXW1k
sl8fuiKa49A,3,3,concat,6,https://www.youtube.com/watch?v=sl8fuiKa49A
spLWTxpA238,3,3,concat,6,https://www.youtube.com/watch?v=spLWTxpA238
sx9kXHY9NLY,3,3,concat,6,https://www.youtube.com/watch?v=sx9kXHY9NLY
sxisn95TJ6k,3,3,concat,6,https://www.youtube.com/watch?v=sxisn95TJ6k
t0I37-MVjJ0,3,3,concat,6,https://www.youtube.com/watch?v=t0I37-MVjJ0
t0jI6vSewEo,3,3,concat,6,https://www.youtube.com/watch?v=t0jI6vSewEo
t1zAUtA5hZ0,3,3,concat,6,https://www.youtube.com/watch?v=t1zAUtA5hZ0
tDZnAyVEdi8,3,3,concat,6,https://www.youtube.com/watch?v=tDZnAyVEdi8
tF4XDcUQrnY,3,3,concat,6,https://www.youtube.com/watch?v=tF4XDcUQrnY
tHED6G1y28M,3,3,concat,6,https://www.youtube.com/watch?v=tHED6G1y28M
tIoJ9jCWgBs,3,3,concat,6,https://www.youtube.com/watch?v=tIoJ9jCWgBs
tNYjIIyDqW4,3,3,concat,6,https://www.youtube.com/watch?v=tNYjIIyDqW4
tRRkksx0S0I,3,3,concat,6,https://www.youtube.com/watch?v=tRRkksx0S0I
ttfifh_e0i0,3,3,concat,6,https://www.youtube.com/watch?v=ttfifh_e0i0
twz0hkvvjXQ,3,3,concat,6,https://www.youtube.com/watch?v=twz0hkvvjXQ
txNweTdj5VI,3,3,concat,6,https://www.youtube.com/watch?v=txNweTdj5VI
uL7d4y2aDfw,3,3,concat,6,https://www.youtube.com/watch?v=uL7d4y2aDfw
uY6ZSZOAy7U,3,3,concat,6,https://www.youtube.com/watch?v=uY6ZSZOAy7U
upnyj3jTsNw,3,3,concat,6,https://www.youtube.com/watch?v=upnyj3jTsNw
upymff3G6FY,3,3,concat,6,https://www.youtube.com/watch?v=upymff3G6FY
uuLmRF_0jjY,3,3,concat,6,https://www.youtube.com/watch?v=uuLmRF_0jjY
v4IwlsCsDcs,3,3,concat,6,https://www.youtube.com/watch?v=v4IwlsCsDcs
vMOfFkplDF0,3,3,concat,6,https://www.youtube.com/watch?v=vMOfFkplDF0
vMrK-SxeLCI,3,3,concat,6,https://www.youtube.com/watch?v=vMrK-SxeLCI
vNsp-Ax6YJI,3,3,concat,6,https://www.youtube.com/watch?v=vNsp-Ax6YJI
vOLklhfvtHg,3,3,concat,6,https://www.youtube.com/watch?v=vOLklhfvtHg
vPjOBRcJW6Y,3,3,concat,6,https://www.youtube.com/watch?v=vPjOBRcJW6Y
vZ6a0NNM4e4,3,3,concat,6,https://www.youtube.com/watch?v=vZ6a0NNM4e4
vdch4hggP0c,3,3,concat,6,https://www.youtube.com/watch?v=vdch4hggP0c
vfRx4Cm2fNA,3,3,concat,6,https://www.youtube.com/watch?v=vfRx4Cm2fNA
visY0wdI9Ws,3,3,concat,6,https://www.youtube.com/watch?v=visY0wdI9Ws
vmybc-F-GGU,3,3,concat,6,https://www.youtube.com/watch?v=vmybc-F-GGU
vqIvoDc9YEg,3,3,concat,6,https://www.youtube.com/watch?v=vqIvoDc9YEg
vvEaUTD0h90,3,3,concat,6,https://www.youtube.com/watch?v=vvEaUTD0h90
vzU5ZY4zy9s,3,3,concat,6,https://www.youtube.com/watch?v=vzU5ZY4zy9s
vzUHXpcbHO0,3,3,concat,6,https://www.youtube.com/watch?v=vzUHXpcbHO0
wIGQw8X9zew,3,3,concat,6,https://www.youtube.com/watch?v=wIGQw8X9zew
wMiVzX8SkQ4,3,3,concat,6,https://www.youtube.com/watch?v=wMiVzX8SkQ4
wXgp8ixK08Q,3,3,concat,6,https://www.youtube.com/watch?v=wXgp8ixK08Q
wYeS_DoXb3w,3,3,concat,6,https://www.youtube.com/watch?v=wYeS_DoXb3w
wa7rlqhLJxU,3,3,concat,6,https://www.youtube.com/watch?v=wa7rlqhLJxU
wku1vM_euQw,3,3,concat,6,https://www.youtube.com/watch?v=wku1vM_euQw
wnUmTgUBa0o,3,3,concat,6,https://www.youtube.com/watch?v=wnUmTgUBa0o
wqfvNX8Uc2w,3,3,concat,6,https://www.youtube.com/watch?v=wqfvNX8Uc2w
wvI4XQVhqcY,3,3,concat,6,https://www.youtube.com/watch?v=wvI4XQVhqcY
x0DVfFydKtY,3,3,concat,6,https://www.youtube.com/watch?v=x0DVfFydKtY
x3h-9n05gUc,3,3,concat,6,https://www.youtube.com/watch?v=x3h-9n05gUc
xG7MIPfCrmM,3,3,concat,6,https://www.youtube.com/watch?v=xG7MIPfCrmM
xGt9EP1k2E8,3,3,concat,6,https://www.youtube.com/watch?v=xGt9EP1k2E8
xQvo2WhavF4,3,3,concat,6,https://www.youtube.com/watch?v=xQvo2WhavF4
xTjmNmW7GjE,3,3,concat,6,https://www.youtube.com/watch?v=xTjmNmW7GjE
xXm3HCJ7PJo,3,3,concat,6,https://www.youtube.com/watch?v=xXm3HCJ7PJo
xcnWYIth4jw,3,3,concat,6,https://www.youtube.com/watch?v=xcnWYIth4jw
xe7zouZg0c4,3,3,concat,6,https://www.youtube.com/watch?v=xe7zouZg0c4
xepqm-RhoGE,3,3,concat,6,https://www.youtube.com/watch?v=xepqm-RhoGE
xmaFp5TicRw,3,3,concat,6,https://www.youtube.com/watch?v=xmaFp5TicRw
xuEaGPrREMk,3,3,concat,6,https://www.youtube.com/watch?v=xuEaGPrREMk
xxgXRN-_cW8,3,3,concat,6,https://www.youtube.com/watch?v=xxgXRN-_cW8
xxxtIxMSfHg,3,3,concat,6,https://www.youtube.com/watch?v=xxxtIxMSfHg
xyw37Hc5Blg,3,3,concat,6,https://www.youtube.com/watch?v=xyw37Hc5Blg
y-zuwhhDWK8,3,3,concat,6,https://www.youtube.com/watch?v=y-zuwhhDWK8
y1-LhmoDerM,3,3,concat,6,https://www.youtube.com/watch?v=y1-LhmoDerM
y5y_5oyHMuE,3,3,concat,6,https://www.youtube.com/watch?v=y5y_5oyHMuE
y6q0O4U7k3E,3,3,concat,6,https://www.youtube.com/watch?v=y6q0O4U7k3E
y7g4699SLQc,3,3,concat,6,https://www.youtube.com/watch?v=y7g4699SLQc
y7o7Kxj-TZ0,3,3,concat,6,https://www.youtube.com/watch?v=y7o7Kxj-TZ0
yAz-sFs9nbg,3,3,concat,6,https://www.youtube.com/watch?v=yAz-sFs9nbg
yBwpn2XnuEo,3,3,concat,6,https://www.youtube.com/watch?v=yBwpn2XnuEo
yE0-zNH8lY8,3,3,concat,6,https://www.youtube.com/watch?v=yE0-zNH8lY8
yHyEAYx3l_M,3,3,concat,6,https://www.youtube.com/watch?v=yHyEAYx3l_M
yQrRrh0MXio,3,3,concat,6,https://www.youtube.com/watch?v=yQrRrh0MXio
yUxGSoEJAlA,3,3,concat,6,https://www.youtube.com/watch?v=yUxGSoEJAlA
yWGKP68gTI0,3,3,concat,6,https://www.youtube.com/watch?v=yWGKP68gTI0
yh7tBORHtA4,3,3,concat,6,https://www.youtube.com/watch?v=yh7tBORHtA4
ynENLZhcgsw,3,3,concat,6,https://www.youtube.com/watch?v=ynENLZhcgsw
yrtVDa1cXYw,3,3,concat,6,https://www.youtube.com/watch?v=yrtVDa1cXYw
zC56YaisrRs,3,3,concat,6,https://www.youtube.com/watch?v=zC56YaisrRs
zHIIpPz3WVs,3,3,concat,6,https://www.youtube.com/watch?v=zHIIpPz3WVs
zMksPUNfx-Y,3,3,concat,6,https://www.youtube.com/watch?v=zMksPUNfx-Y
zVRhNxht56E,3,3,concat,6,https://www.youtube.com/watch?v=zVRhNxht56E
zo7UBrb077Q,3,3,concat,6,https://www.youtube.com/watch?v=zo7UBrb077Q
zu9XjGQ-wyg,3,3,concat,6,https://www.youtube.com/watch?v=zu9XjGQ-wyg
zuvmOyvOd2c,3,3,concat,6,https://www.youtube.com/watch?v=zuvmOyvOd2c
-0Wiw9SqseU,4,4,concat,6,https://www.youtube.com/watch?v=-0Wiw9SqseU
-0wW9xW3QvE,4,4,concat,6,https://www.youtube.com/watch?v=-0wW9xW3QvE
-3e9GiMADzM,4,4,concat,6,https://www.youtube.com/watch?v=-3e9GiMADzM
-4LHv90jfNU,4,4,concat,6,https://www.youtube.com/watch?v=-4LHv90jfNU
-6bye_nqBSE,4,4,concat,6,https://www.youtube.com/watch?v=-6bye_nqBSE
-7BeiYmtFWA,4,4,concat,6,https://www.youtube.com/watch?v=-7BeiYmtFWA
-7_i7ctoTR4,4,4,concat,6,https://www.youtube.com/watch?v=-7_i7ctoTR4
-7uEB-wcrP4,4,4,concat,6,https://www.youtube.com/watch?v=-7uEB-wcrP4
-88Ed2047Gg,4,4,concat,6,https://www.youtube.com/watch?v=-88Ed2047Gg
-C_K6Gq7U1c,4,4,concat,6,https://www.youtube.com/watch?v=-C_K6Gq7U1c
-GakK-_ARy0,4,4,concat,6,https://www.youtube.com/watch?v=-GakK-_ARy0
-Ke9TPaCou0,4,4,concat,6,https://www.youtube.com/watch?v=-Ke9TPaCou0
-LjWQnDzlP8,4,4,concat,6,https://www.youtube.com/watch?v=-LjWQnDzlP8
-M9zU7wf4Bs,4,4,concat,6,https://www.youtube.com/watch?v=-M9zU7wf4Bs
-NIc4YS2E58,4,4,concat,6,https://www.youtube.com/watch?v=-NIc4YS2E58
-RcEdzjb0vI,4,4,concat,6,https://www.youtube.com/watch?v=-RcEdzjb0vI
-U9HfyrSAy0,4,4,concat,6,https://www.youtube.com/watch?v=-U9HfyrSAy0
-Vl4yB00heQ,4,4,concat,6,https://www.youtube.com/watch?v=-Vl4yB00heQ
-WIocjAhLzo,4,4,concat,6,https://www.youtube.com/watch?v=-WIocjAhLzo
-aflc_bvSgg,4,4,concat,6,https://www.youtube.com/watch?v=-aflc_bvSgg
-d5A6y9ZOoY,4,4,concat,6,https://www.youtube.com/watch?v=-d5A6y9ZOoY
-dVh3P3NELM,4,4,concat,6,https://www.youtube.com/watch?v=-dVh3P3NELM
-fjOldJ5_MM,4,4,concat,6,https://www.youtube.com/watch?v=-fjOldJ5_MM
-gHWFnTM0Ik,4,4,concat,6,https://www.youtube.com/watch?v=-gHWFnTM0Ik
-hLxZTQ5aCs,4,4,concat,6,https://www.youtube.com/watch?v=-hLxZTQ5aCs
-jbPQFEpmP4,4,4,concat,6,https://www.youtube.com/watch?v=-jbPQFEpmP4
-l6Cup4lYDQ,4,4,concat,6,https://www.youtube.com/watch?v=-l6Cup4lYDQ
-oX-F3W0M88,4,4,concat,6,https://www.youtube.com/watch?v=-oX-F3W0M88
-rSRVyabywM,4,4,concat,6,https://www.youtube.com/watch?v=-rSRVyabywM
-t8OZ4VMEzc,4,4,concat,6,https://www.youtube.com/watch?v=-t8OZ4VMEzc
-tZJQBTvReM,4,4,concat,6,https://www.youtube.com/watch?v=-tZJQBTvReM
-v4--4P8OKQ,4,4,concat,6,https://www.youtube.com/watch?v=-v4--4P8OKQ
-vxkDguYF9M,4,4,concat,6,https://www.youtube.com/watch?v=-vxkDguYF9M
-w8UmfJPcB4,4,4,concat,6,https://www.youtube.com/watch?v=-w8UmfJPcB4
-wZswJk3WMY,4,4,concat,6,https://www.youtube.com/watch?v=-wZswJk3WMY
-wcqKGnr19M,4,4,concat,6,https://www.youtube.com/watch?v=-wcqKGnr19M
-wjLY1ZAj_s,4,4,concat,6,https://www.youtube.com/watch?v=-wjLY1ZAj_s
0-6bGNYprqI,4,4,concat,6,https://www.youtube.com/watch?v=0-6bGNYprqI
0-FRsDdlnvs,4,4,concat,6,https://www.youtube.com/watch?v=0-FRsDdlnvs
01Bq7uwQgtM,4,4,concat,6,https://www.youtube.com/watch?v=01Bq7uwQgtM
01bxJKe5GJE,4,4,concat,6,https://www.youtube.com/watch?v=01bxJKe5GJE
01tA7KF4geU,4,4,concat,6,https://www.youtube.com/watch?v=01tA7KF4geU
03wqjR7fFc0,4,4,concat,6,https://www.youtube.com/watch?v=03wqjR7fFc0
04fK_PLmyQk,4,4,concat,6,https://www.youtube.com/watch?v=04fK_PLmyQk
05hp9ZPLhQI,4,4,concat,6,https://www.youtube.com/watch?v=05hp9ZPLhQI
06PfI8c9C6s,4,4,concat,6,https://www.youtube.com/watch?v=06PfI8c9C6s
06gMX8yTzKo,4,4,concat,6,https://www.youtube.com/watch?v=06gMX8yTzKo
07JkUceV36s,4,4,concat,6,https://www.youtube.com/watch?v=07JkUceV36s
09_jca9V5j4,4,4,concat,6,https://www.youtube.com/watch?v=09_jca9V5j4
0Cc-rFfnlDI,4,4,concat,6,https://www.youtube.com/watch?v=0Cc-rFfnlDI
0Der9_ZaFFE,4,4,concat,6,https://www.youtube.com/watch?v=0Der9_ZaFFE
0E3vh1uc_b0,4,4,concat,6,https://www.youtube.com/watch?v=0E3vh1uc_b0
0FjS51Jy3as,4,4,concat,6,https://www.youtube.com/watch?v=0FjS51Jy3as
0G1HPdrZj5I,4,4,concat,6,https://www.youtube.com/watch?v=0G1HPdrZj5I
0GI25e_dtg0,4,4,concat,6,https://www.youtube.com/watch?v=0GI25e_dtg0
0GyGJnQPFb0,4,4,concat,6,https://www.youtube.com/watch?v=0GyGJnQPFb0
0HHTruQYVkw,4,4,concat,6,https://www.youtube.com/watch?v=0HHTruQYVkw
0I4ZnP3Lxac,4,4,concat,6,https://www.youtube.com/watch?v=0I4ZnP3Lxac
0IW63x8Oys4,4,4,concat,6,https://www.youtube.com/watch?v=0IW63x8Oys4
0KmQ4ZbmoN8,4,4,concat,6,https://www.youtube.com/watch?v=0KmQ4ZbmoN8
0LtgYK8qW5E,4,4,concat,6,https://www.youtube.com/watch?v=0LtgYK8qW5E
0M95nRdH2mI,4,4,concat,6,https://www.youtube.com/watch?v=0M95nRdH2mI
0MEnTzeEXW8,4,4,concat,6,https://www.youtube.com/watch?v=0MEnTzeEXW8
0MWp9kk8fag,4,4,concat,6,https://www.youtube.com/watch?v=0MWp9kk8fag
0MiZkUk2d2A,4,4,concat,6,https://www.youtube.com/watch?v=0MiZkUk2d2A
0NOXkPZJ78U,4,4,concat,6,https://www.youtube.com/watch?v=0NOXkPZJ78U
0O7hAX2mgio,4,4,concat,6,https://www.youtube.com/watch?v=0O7hAX2mgio
0S1uo6Hpkfk,4,4,concat,6,https://www.youtube.com/watch?v=0S1uo6Hpkfk
0SCFSW4M3tU,4,4,concat,6,https://www.youtube.com/watch?v=0SCFSW4M3tU
0T_oE-njkHM,4,4,concat,6,https://www.youtube.com/watch?v=0T_oE-njkHM
0UzZutSYdv8,4,4,concat,6,https://www.youtube.com/watch?v=0UzZutSYdv8
0Wj8aQ7hO5U,4,4,concat,6,https://www.youtube.com/watch?v=0Wj8aQ7hO5U
0XEszzPe35E,4,4,concat,6,https://www.youtube.com/watch?v=0XEszzPe35E
0_CZKVGg6dg,4,4,concat,6,https://www.youtube.com/watch?v=0_CZKVGg6dg
0_urb8V9dfI,4,4,concat,6,https://www.youtube.com/watch?v=0_urb8V9dfI
0abjUKYI7Mo,4,4,concat,6,https://www.youtube.com/watch?v=0abjUKYI7Mo
0afbtS1BVCI,4,4,concat,6,https://www.youtube.com/watch?v=0afbtS1BVCI
0b4K9J6U7PA,4,4,concat,6,https://www.youtube.com/watch?v=0b4K9J6U7PA
0bA40ejUtt0,4,4,concat,6,https://www.youtube.com/watch?v=0bA40ejUtt0
0bIocaKcJJE,4,4,concat,6,https://www.youtube.com/watch?v=0bIocaKcJJE
0bx-03Baqmo,4,4,concat,6,https://www.youtube.com/watch?v=0bx-03Baqmo
0c6X2TtzHkM,4,4,concat,6,https://www.youtube.com/watch?v=0c6X2TtzHkM
0dNQW3kznOA,4,4,concat,6,https://www.youtube.com/watch?v=0dNQW3kznOA
0iVlNzUzUAk,4,4,concat,6,https://www.youtube.com/watch?v=0iVlNzUzUAk
0iqd6JN02SM,4,4,concat,6,https://www.youtube.com/watch?v=0iqd6JN02SM
0j1RNCA5vLo,4,4,concat,6,https://www.youtube.com/watch?v=0j1RNCA5vLo
0jAyUgE7IgE,4,4,concat,6,https://www.youtube.com/watch?v=0jAyUgE7IgE
0kX7wMgz3tA,4,4,concat,6,https://www.youtube.com/watch?v=0kX7wMgz3tA
0lgTTB8jPOQ,4,4,concat,6,https://www.youtube.com/watch?v=0lgTTB8jPOQ
0nEXLy8x7wU,4,4,concat,6,https://www.youtube.com/watch?v=0nEXLy8x7wU
0nhFZs2aYZw,4,4,concat,6,https://www.youtube.com/watch?v=0nhFZs2aYZw
0noxFX2PlXI,4,4,concat,6,https://www.youtube.com/watch?v=0noxFX2PlXI
0p-dh0kbNPs,4,4,concat,6,https://www.youtube.com/watch?v=0p-dh0kbNPs
0pq2JSFFSFk,4,4,concat,6,https://www.youtube.com/watch?v=0pq2JSFFSFk
0rJIjyRHYSg,4,4,concat,6,https://www.youtube.com/watch?v=0rJIjyRHYSg
0roqxEBr4XQ,4,4,concat,6,https://www.youtube.com/watch?v=0roqxEBr4XQ
0skRaUUm3UY,4,4,concat,6,https://www.youtube.com/watch?v=0skRaUUm3UY
0ugKIk1go80,4,4,concat,6,https://www.youtube.com/watch?v=0ugKIk1go80
0v62YNRUV9Q,4,4,concat,6,https://www.youtube.com/watch?v=0v62YNRUV9Q
0wO-Yn8xrVY,4,4,concat,6,https://www.youtube.com/watch?v=0wO-Yn8xrVY
0wVpaAuEEKM,4,4,concat,6,https://www.youtube.com/watch?v=0wVpaAuEEKM
0yhi0oIoeks,4,4,concat,6,https://www.youtube.com/watch?v=0yhi0oIoeks
11ptaCkUhmM,4,4,concat,6,https://www.youtube.com/watch?v=11ptaCkUhmM
1281VEhY0oM,4,4,concat,6,https://www.youtube.com/watch?v=1281VEhY0oM
1AX_3PpkbwA,4,4,concat,6,https://www.youtube.com/watch?v=1AX_3PpkbwA
1BzisGwT6iM,4,4,concat,6,https://www.youtube.com/watch?v=1BzisGwT6iM
1CtPINkgpRM,4,4,concat,6,https://www.youtube.com/watch?v=1CtPINkgpRM
1Dg4QEVRZT0,4,4,concat,6,https://www.youtube.com/watch?v=1Dg4QEVRZT0
1EPyER2VIuY,4,4,concat,6,https://www.youtube.com/watch?v=1EPyER2VIuY
1Er8Qv4ERDQ,4,4,concat,6,https://www.youtube.com/watch?v=1Er8Qv4ERDQ
1IxG8nq6UJc,4,4,concat,6,https://www.youtube.com/watch?v=1IxG8nq6UJc
1J8cEVeXDF8,4,4,concat,6,https://www.youtube.com/watch?v=1J8cEVeXDF8
1JoFr0QRvcY,4,4,concat,6,https://www.youtube.com/watch?v=1JoFr0QRvcY
1Kd0AbNd6G0,4,4,concat,6,https://www.youtube.com/watch?v=1Kd0AbNd6G0
1Ki467EHTE0,4,4,concat,6,https://www.youtube.com/watch?v=1Ki467EHTE0
1Lu4WfdJ0-I,4,4,concat,6,https://www.youtube.com/watch?v=1Lu4WfdJ0-I
1M4ezSIfll8,4,4,concat,6,https://www.youtube.com/watch?v=1M4ezSIfll8
1McWVHXTTTI,4,4,concat,6,https://www.youtube.com/watch?v=1McWVHXTTTI
1O6XovaZqyg,4,4,concat,6,https://www.youtube.com/watch?v=1O6XovaZqyg
1OUMdAUXWbU,4,4,concat,6,https://www.youtube.com/watch?v=1OUMdAUXWbU
1OigouKVr7s,4,4,concat,6,https://www.youtube.com/watch?v=1OigouKVr7s
1PV9G45KRmc,4,4,concat,6,https://www.youtube.com/watch?v=1PV9G45KRmc
1PrWTTeaMes,4,4,concat,6,https://www.youtube.com/watch?v=1PrWTTeaMes
1PxpAVxe-7Q,4,4,concat,6,https://www.youtube.com/watch?v=1PxpAVxe-7Q
1QZ_sPzI8Xk,4,4,concat,6,https://www.youtube.com/watch?v=1QZ_sPzI8Xk
1UEKUOt11l0,4,4,concat,6,https://www.youtube.com/watch?v=1UEKUOt11l0
1UszPeSHCgE,4,4,concat,6,https://www.youtube.com/watch?v=1UszPeSHCgE
1W5MIqCMZ0o,4,4,concat,6,https://www.youtube.com/watch?v=1W5MIqCMZ0o
1WRQ01U0gBY,4,4,concat,6,https://www.youtube.com/watch?v=1WRQ01U0gBY
1YrgqNwjiwI,4,4,concat,6,https://www.youtube.com/watch?v=1YrgqNwjiwI
1ck3EhlBtPM,4,4,concat,6,https://www.youtube.com/watch?v=1ck3EhlBtPM
1drRfVMMNPc,4,4,concat,6,https://www.youtube.com/watch?v=1drRfVMMNPc
1ehfqG36y3I,4,4,concat,6,https://www.youtube.com/watch?v=1ehfqG36y3I
1fo8ovBT8g0,4,4,concat,6,https://www.youtube.com/watch?v=1fo8ovBT8g0
1fvFE23XLxk,4,4,concat,6,https://www.youtube.com/watch?v=1fvFE23XLxk
1gnKmlJKcQs,4,4,concat,6,https://www.youtube.com/watch?v=1gnKmlJKcQs
1hJSu8WIyS0,4,4,concat,6,https://www.youtube.com/watch?v=1hJSu8WIyS0
1n4kBjhixeE,4,4,concat,6,https://www.youtube.com/watch?v=1n4kBjhixeE
1otRVz-mels,4,4,concat,6,https://www.youtube.com/watch?v=1otRVz-mels
1pLMTBcAyPM,4,4,concat,6,https://www.youtube.com/watch?v=1pLMTBcAyPM
1pyMjvw23-I,4,4,concat,6,https://www.youtube.com/watch?v=1pyMjvw23-I
1qz0EJteOEI,4,4,concat,6,https://www.youtube.com/watch?v=1qz0EJteOEI
1umQB__DnhY,4,4,concat,6,https://www.youtube.com/watch?v=1umQB__DnhY
1vOm9mGLQOY,4,4,concat,6,https://www.youtube.com/watch?v=1vOm9mGLQOY
1wTq2S12yPQ,4,4,concat,6,https://www.youtube.com/watch?v=1wTq2S12yPQ
1wmA_SIreHM,4,4,concat,6,https://www.youtube.com/watch?v=1wmA_SIreHM
1x-RWGIKbmk,4,4,concat,6,https://www.youtube.com/watch?v=1x-RWGIKbmk
1xD20nH1Vxo,4,4,concat,6,https://www.youtube.com/watch?v=1xD20nH1Vxo
1ywshQZ9sMk,4,4,concat,6,https://www.youtube.com/watch?v=1ywshQZ9sMk
1z5sOr2TqKc,4,4,concat,6,https://www.youtube.com/watch?v=1z5sOr2TqKc
1zIj7bn8vxY,4,4,concat,6,https://www.youtube.com/watch?v=1zIj7bn8vxY
1zxKu33aWys,4,4,concat,6,https://www.youtube.com/watch?v=1zxKu33aWys
2-eeacOC4qE,4,4,concat,6,https://www.youtube.com/watch?v=2-eeacOC4qE
20-N_T_cYwE,4,4,concat,6,https://www.youtube.com/watch?v=20-N_T_cYwE
205NX1NSuk0,4,4,concat,6,https://www.youtube.com/watch?v=205NX1NSuk0
21VMYRpqfz8,4,4,concat,6,https://www.youtube.com/watch?v=21VMYRpqfz8
21rSJKHcxmw,4,4,concat,6,https://www.youtube.com/watch?v=21rSJKHcxmw
22wzwRnE8dQ,4,4,concat,6,https://www.youtube.com/watch?v=22wzwRnE8dQ
23xAUlutLKo,4,4,concat,6,https://www.youtube.com/watch?v=23xAUlutLKo
2409btxWaA4,4,4,concat,6,https://www.youtube.com/watch?v=2409btxWaA4
2881cSwLZ0k,4,4,concat,6,https://www.youtube.com/watch?v=2881cSwLZ0k
29dTU02N2Jw,4,4,concat,6,https://www.youtube.com/watch?v=29dTU02N2Jw
2AX_irT106s,4,4,concat,6,https://www.youtube.com/watch?v=2AX_irT106s
2BVxhjtPvYs,4,4,concat,6,https://www.youtube.com/watch?v=2BVxhjtPvYs
2C0OTPS4V-o,4,4,concat,6,https://www.youtube.com/watch?v=2C0OTPS4V-o
2CfJfhFEGSw,4,4,concat,6,https://www.youtube.com/watch?v=2CfJfhFEGSw
2DnkBQUX3lM,4,4,concat,6,https://www.youtube.com/watch?v=2DnkBQUX3lM
2EFiMXnGTVI,4,4,concat,6,https://www.youtube.com/watch?v=2EFiMXnGTVI
2EScsUbvJuI,4,4,concat,6,https://www.youtube.com/watch?v=2EScsUbvJuI
2GNO-8Z5kMk,4,4,concat,6,https://www.youtube.com/watch?v=2GNO-8Z5kMk
2GzwVS1ICgg,4,4,concat,6,https://www.youtube.com/watch?v=2GzwVS1ICgg
2I50EZc1rhw,4,4,concat,6,https://www.youtube.com/watch?v=2I50EZc1rhw
2LsnwicTaqE,4,4,concat,6,https://www.youtube.com/watch?v=2LsnwicTaqE
2NzJaKHJPi8,4,4,concat,6,https://www.youtube.com/watch?v=2NzJaKHJPi8
2OgGmzBlX3w,4,4,concat,6,https://www.youtube.com/watch?v=2OgGmzBlX3w
2OkEOW50ZT8,4,4,concat,6,https://www.youtube.com/watch?v=2OkEOW50ZT8
2QORpy-iH3g,4,4,concat,6,https://www.youtube.com/watch?v=2QORpy-iH3g
2R-ZLx9_cac,4,4,concat,6,https://www.youtube.com/watch?v=2R-ZLx9_cac
2Ut_NR2ZRZ0,4,4,concat,6,https://www.youtube.com/watch?v=2Ut_NR2ZRZ0
2W4ObcDQxcw,4,4,concat,6,https://www.youtube.com/watch?v=2W4ObcDQxcw
2XATiLeARiU,4,4,concat,6,https://www.youtube.com/watch?v=2XATiLeARiU
2ZYiGJWixJ0,4,4,concat,6,https://www.youtube.com/watch?v=2ZYiGJWixJ0
2aa3gEQf-q4,4,4,concat,6,https://www.youtube.com/watch?v=2aa3gEQf-q4
2bokGeUCtFA,4,4,concat,6,https://www.youtube.com/watch?v=2bokGeUCtFA
2dCbKCn99LA,4,4,concat,6,https://www.youtube.com/watch?v=2dCbKCn99LA
2djMASY3vn0,4,4,concat,6,https://www.youtube.com/watch?v=2djMASY3vn0
2eCSFeEGPiE,4,4,concat,6,https://www.youtube.com/watch?v=2eCSFeEGPiE
2ex3ggOnwNg,4,4,concat,6,https://www.youtube.com/watch?v=2ex3ggOnwNg
2gLJqX-rqfY,4,4,concat,6,https://www.youtube.com/watch?v=2gLJqX-rqfY
2gjcAhkZbUg,4,4,concat,6,https://www.youtube.com/watch?v=2gjcAhkZbUg
2gp7urG8kGA,4,4,concat,6,https://www.youtube.com/watch?v=2gp7urG8kGA
2ic6igVABRA,4,4,concat,6,https://www.youtube.com/watch?v=2ic6igVABRA
2jlbDRie0RU,4,4,concat,6,https://www.youtube.com/watch?v=2jlbDRie0RU
2k0fQbHsZjw,4,4,concat,6,https://www.youtube.com/watch?v=2k0fQbHsZjw
2mPM-1TF8Z4,4,4,concat,6,https://www.youtube.com/watch?v=2mPM-1TF8Z4
2pZ3WW7KhGo,4,4,concat,6,https://www.youtube.com/watch?v=2pZ3WW7KhGo
2qC65QrXZnU,4,4,concat,6,https://www.youtube.com/watch?v=2qC65QrXZnU
2tlDdPJfkq8,4,4,concat,6,https://www.youtube.com/watch?v=2tlDdPJfkq8
2tuvu0LGZv8,4,4,concat,6,https://www.youtube.com/watch?v=2tuvu0LGZv8
2v-RhDbdLRk,4,4,concat,6,https://www.youtube.com/watch?v=2v-RhDbdLRk
2v8qeSjlPqM,4,4,concat,6,https://www.youtube.com/watch?v=2v8qeSjlPqM
2y7BWXLpfOI,4,4,concat,6,https://www.youtube.com/watch?v=2y7BWXLpfOI
2yL8jWIaWb4,4,4,concat,6,https://www.youtube.com/watch?v=2yL8jWIaWb4
2z8lKA93SuU,4,4,concat,6,https://www.youtube.com/watch?v=2z8lKA93SuU
2zT0IrTo1fI,4,4,concat,6,https://www.youtube.com/watch?v=2zT0IrTo1fI
2z_Yt779Yys,4,4,concat,6,https://www.youtube.com/watch?v=2z_Yt779Yys
2zsihu6Irig,4,4,concat,6,https://www.youtube.com/watch?v=2zsihu6Irig
31M_T7KB_EM,4,4,concat,6,https://www.youtube.com/watch?v=31M_T7KB_EM
31diTXU0s3A,4,4,concat,6,https://www.youtube.com/watch?v=31diTXU0s3A
31fM-bsvz_s,4,4,concat,6,https://www.youtube.com/watch?v=31fM-bsvz_s
37EADglBtk4,4,4,concat,6,https://www.youtube.com/watch?v=37EADglBtk4
38Gl4f-6aVo,4,4,concat,6,https://www.youtube.com/watch?v=38Gl4f-6aVo
398iA4xr4do,4,4,concat,6,https://www.youtube.com/watch?v=398iA4xr4do
3BGOVfSBnX8,4,4,concat,6,https://www.youtube.com/watch?v=3BGOVfSBnX8
3CLazrtolBc,4,4,concat,6,https://www.youtube.com/watch?v=3CLazrtolBc
3CMoINV2ULs,4,4,concat,6,https://www.youtube.com/watch?v=3CMoINV2ULs
3ClXrzEPdGg,4,4,concat,6,https://www.youtube.com/watch?v=3ClXrzEPdGg
3Dx1Ma4qa2c,4,4,concat,6,https://www.youtube.com/watch?v=3Dx1Ma4qa2c
3E9zzhTdUGo,4,4,concat,6,https://www.youtube.com/watch?v=3E9zzhTdUGo
3EBXyTzJF8U,4,4,concat,6,https://www.youtube.com/watch?v=3EBXyTzJF8U
3Eejzeu8uHw,4,4,concat,6,https://www.youtube.com/watch?v=3Eejzeu8uHw
3Et9q-nW7q0,4,4,concat,6,https://www.youtube.com/watch?v=3Et9q-nW7q0
3G2Y0qbjGd4,4,4,concat,6,https://www.youtube.com/watch?v=3G2Y0qbjGd4
3IbvSvj_40s,4,4,concat,6,https://www.youtube.com/watch?v=3IbvSvj_40s
3M9FugPpR4s,4,4,concat,6,https://www.youtube.com/watch?v=3M9FugPpR4s
3MN_wMGFQbQ,4,4,concat,6,https://www.youtube.com/watch?v=3MN_wMGFQbQ
3OYke4pF-0Q,4,4,concat,6,https://www.youtube.com/watch?v=3OYke4pF-0Q
3Pn3tLjKnk4,4,4,concat,6,https://www.youtube.com/watch?v=3Pn3tLjKnk4
3RttfstHjqU,4,4,concat,6,https://www.youtube.com/watch?v=3RttfstHjqU
3S8O44xrwAQ,4,4,concat,6,https://www.youtube.com/watch?v=3S8O44xrwAQ
3UJSW53p5GI,4,4,concat,6,https://www.youtube.com/watch?v=3UJSW53p5GI
3UTQevPhMcA,4,4,concat,6,https://www.youtube.com/watch?v=3UTQevPhMcA
3WvwLCWUzp4,4,4,concat,6,https://www.youtube.com/watch?v=3WvwLCWUzp4
3Yf5VKYYPaM,4,4,concat,6,https://www.youtube.com/watch?v=3Yf5VKYYPaM
3arT9FhM7V4,4,4,concat,6,https://www.youtube.com/watch?v=3arT9FhM7V4
3azb4o9MxLE,4,4,concat,6,https://www.youtube.com/watch?v=3azb4o9MxLE
3c4SY8FK4uk,4,4,concat,6,https://www.youtube.com/watch?v=3c4SY8FK4uk
3cxdJZciH1s,4,4,concat,6,https://www.youtube.com/watch?v=3cxdJZciH1s
3dNNdac-wQk,4,4,concat,6,https://www.youtube.com/watch?v=3dNNdac-wQk
3daJ5RWx734,4,4,concat,6,https://www.youtube.com/watch?v=3daJ5RWx734
3elWKKK89oY,4,4,concat,6,https://www.youtube.com/watch?v=3elWKKK89oY
3g6Nr7dbChw,4,4,concat,6,https://www.youtube.com/watch?v=3g6Nr7dbChw
3gDRfNp6yak,4,4,concat,6,https://www.youtube.com/watch?v=3gDRfNp6yak
3gr5h9ECHXk,4,4,concat,6,https://www.youtube.com/watch?v=3gr5h9ECHXk
3gsbdgZ8PeY,4,4,concat,6,https://www.youtube.com/watch?v=3gsbdgZ8PeY
3i1k8cOOpkY,4,4,concat,6,https://www.youtube.com/watch?v=3i1k8cOOpkY
3j5VLoV4V8M,4,4,concat,6,https://www.youtube.com/watch?v=3j5VLoV4V8M
3jmstSWGAm0,4,4,concat,6,https://www.youtube.com/watch?v=3jmstSWGAm0
3kMNhLEY0IA,4,4,concat,6,https://www.youtube.com/watch?v=3kMNhLEY0IA
3mGywHmybfw,4,4,concat,6,https://www.youtube.com/watch?v=3mGywHmybfw
3mc9lq2cyqg,4,4,concat,6,https://www.youtube.com/watch?v=3mc9lq2cyqg
3nK3--hXY8g,4,4,concat,6,https://www.youtube.com/watch?v=3nK3--hXY8g
3nPkh9doogg,4,4,concat,6,https://www.youtube.com/watch?v=3nPkh9doogg
3o2HDfSnOP4,4,4,concat,6,https://www.youtube.com/watch?v=3o2HDfSnOP4
3p6fNWpGlfc,4,4,concat,6,https://www.youtube.com/watch?v=3p6fNWpGlfc
3vbnP6XElpc,4,4,concat,6,https://www.youtube.com/watch?v=3vbnP6XElpc
3vzQFzAuTX8,4,4,concat,6,https://www.youtube.com/watch?v=3vzQFzAuTX8
3yCfFEKpVAo,4,4,concat,6,https://www.youtube.com/watch?v=3yCfFEKpVAo
3zz8kHPimuU,4,4,concat,6,https://www.youtube.com/watch?v=3zz8kHPimuU
4-YqO9j7Is0,4,4,concat,6,https://www.youtube.com/watch?v=4-YqO9j7Is0
40IihjkDRB0,4,4,concat,6,https://www.youtube.com/watch?v=40IihjkDRB0
40WcpPdzWY0,4,4,concat,6,https://www.youtube.com/watch?v=40WcpPdzWY0
40qPa8PXdJI,4,4,concat,6,https://www.youtube.com/watch?v=40qPa8PXdJI
415gFjLSKEo,4,4,concat,6,https://www.youtube.com/watch?v=415gFjLSKEo
41W8c1-z-ns,4,4,concat,6,https://www.youtube.com/watch?v=41W8c1-z-ns
42Kc1qhgwQM,4,4,concat,6,https://www.youtube.com/watch?v=42Kc1qhgwQM
42S2SX1z5iY,4,4,concat,6,https://www.youtube.com/watch?v=42S2SX1z5iY
44Mmt7T62Tk,4,4,concat,6,https://www.youtube.com/watch?v=44Mmt7T62Tk
44tsaMNoqUc,4,4,concat,6,https://www.youtube.com/watch?v=44tsaMNoqUc
46sBfGkWEmk,4,4,concat,6,https://www.youtube.com/watch?v=46sBfGkWEmk
47isS1blUiA,4,4,concat,6,https://www.youtube.com/watch?v=47isS1blUiA
47yh4JhcAdo,4,4,concat,6,https://www.youtube.com/watch?v=47yh4JhcAdo
48R7_TplbWE,4,4,concat,6,https://www.youtube.com/watch?v=48R7_TplbWE
48Vmow151EA,4,4,concat,6,https://www.youtube.com/watch?v=48Vmow151EA
48YaoPnSiJE,4,4,concat,6,https://www.youtube.com/watch?v=48YaoPnSiJE
4Ac3g_7F8jE,4,4,concat,6,https://www.youtube.com/watch?v=4Ac3g_7F8jE
4CK1DrmOAKM,4,4,concat,6,https://www.youtube.com/watch?v=4CK1DrmOAKM
4E27c7AyBG4,4,4,concat,6,https://www.youtube.com/watch?v=4E27c7AyBG4
4EqLc55E7LM,4,4,concat,6,https://www.youtube.com/watch?v=4EqLc55E7LM
4EqWrc8zB_E,4,4,concat,6,https://www.youtube.com/watch?v=4EqWrc8zB_E
4H-ai43L_4w,4,4,concat,6,https://www.youtube.com/watch?v=4H-ai43L_4w
4I2IRMnU5zY,4,4,concat,6,https://www.youtube.com/watch?v=4I2IRMnU5zY
4I97xob4Aio,4,4,concat,6,https://www.youtube.com/watch?v=4I97xob4Aio
4JJcTyk4-F8,4,4,concat,6,https://www.youtube.com/watch?v=4JJcTyk4-F8
4Jb-9CK320Q,4,4,concat,6,https://www.youtube.com/watch?v=4Jb-9CK320Q
4NXZEpd0WVU,4,4,concat,6,https://www.youtube.com/watch?v=4NXZEpd0WVU
4OCkseIUa0c,4,4,concat,6,https://www.youtube.com/watch?v=4OCkseIUa0c
4PxRq5qZ158,4,4,concat,6,https://www.youtube.com/watch?v=4PxRq5qZ158
4Rcr9H7qr7k,4,4,concat,6,https://www.youtube.com/watch?v=4Rcr9H7qr7k
4TdAPjAPsFY,4,4,concat,6,https://www.youtube.com/watch?v=4TdAPjAPsFY
4Vi4QDIAX7s,4,4,concat,6,https://www.youtube.com/watch?v=4Vi4QDIAX7s
4VkQNoc8V5A,4,4,concat,6,https://www.youtube.com/watch?v=4VkQNoc8V5A
4WrbjbzmVZ4,4,4,concat,6,https://www.youtube.com/watch?v=4WrbjbzmVZ4
4Xriwqi31v0,4,4,concat,6,https://www.youtube.com/watch?v=4Xriwqi31v0
4YqbZxYeMX8,4,4,concat,6,https://www.youtube.com/watch?v=4YqbZxYeMX8
4_OMi1ojpvQ,4,4,concat,6,https://www.youtube.com/watch?v=4_OMi1ojpvQ
4_bT992zCpE,4,4,concat,6,https://www.youtube.com/watch?v=4_bT992zCpE
4bq9hAPWJsE,4,4,concat,6,https://www.youtube.com/watch?v=4bq9hAPWJsE
4dwavF8EUGQ,4,4,concat,6,https://www.youtube.com/watch?v=4dwavF8EUGQ
4e2wXhVLnJM,4,4,concat,6,https://www.youtube.com/watch?v=4e2wXhVLnJM
4eoP3VwGBlU,4,4,concat,6,https://www.youtube.com/watch?v=4eoP3VwGBlU
4fRDeEBW-64,4,4,concat,6,https://www.youtube.com/watch?v=4fRDeEBW-64
4fjYkf-4o1Q,4,4,concat,6,https://www.youtube.com/watch?v=4fjYkf-4o1Q
4gUnr7qmnhg,4,4,concat,6,https://www.youtube.com/watch?v=4gUnr7qmnhg
4icwwuhRxXw,4,4,concat,6,https://www.youtube.com/watch?v=4icwwuhRxXw
4jEq-FXiXeI,4,4,concat,6,https://www.youtube.com/watch?v=4jEq-FXiXeI
4nBmaRIaqZM,4,4,concat,6,https://www.youtube.com/watch?v=4nBmaRIaqZM
4pt_EfqOVVk,4,4,concat,6,https://www.youtube.com/watch?v=4pt_EfqOVVk
4qWjEblQrWg,4,4,concat,6,https://www.youtube.com/watch?v=4qWjEblQrWg
4qnrdL-0S7I,4,4,concat,6,https://www.youtube.com/watch?v=4qnrdL-0S7I
4r86PGTXsLQ,4,4,concat,6,https://www.youtube.com/watch?v=4r86PGTXsLQ
4sP3NP7mzJ4,4,4,concat,6,https://www.youtube.com/watch?v=4sP3NP7mzJ4
4sZJgPoLnKo,4,4,concat,6,https://www.youtube.com/watch?v=4sZJgPoLnKo
4vdcmSCdwnk,4,4,concat,6,https://www.youtube.com/watch?v=4vdcmSCdwnk
4vjQJKxkUv8,4,4,concat,6,https://www.youtube.com/watch?v=4vjQJKxkUv8
4wgSJgVHdSY,4,4,concat,6,https://www.youtube.com/watch?v=4wgSJgVHdSY
4y7PCm_kqYE,4,4,concat,6,https://www.youtube.com/watch?v=4y7PCm_kqYE
5-y_qpSJjoc,4,4,concat,6,https://www.youtube.com/watch?v=5-y_qpSJjoc
52VYgnwTEHo,4,4,concat,6,https://www.youtube.com/watch?v=52VYgnwTEHo
53o1r4yfBwY,4,4,concat,6,https://www.youtube.com/watch?v=53o1r4yfBwY
55msz3M1eOA,4,4,concat,6,https://www.youtube.com/watch?v=55msz3M1eOA
55uXkyBBp0c,4,4,concat,6,https://www.youtube.com/watch?v=55uXkyBBp0c
5A2dYU7k8pY,4,4,concat,6,https://www.youtube.com/watch?v=5A2dYU7k8pY
5BRLGQc6F8k,4,4,concat,6,https://www.youtube.com/watch?v=5BRLGQc6F8k
5BW0xh2ih-k,4,4,concat,6,https://www.youtube.com/watch?v=5BW0xh2ih-k
5EHicPgdFFk,4,4,concat,6,https://www.youtube.com/watch?v=5EHicPgdFFk
5ErevzmnPB8,4,4,concat,6,https://www.youtube.com/watch?v=5ErevzmnPB8
5F1rJVzj2AI,4,4,concat,6,https://www.youtube.com/watch?v=5F1rJVzj2AI
5FDFRvqOdWs,4,4,concat,6,https://www.youtube.com/watch?v=5FDFRvqOdWs
5HIl-3riNSI,4,4,concat,6,https://www.youtube.com/watch?v=5HIl-3riNSI
5HkWSbb_BZ8,4,4,concat,6,https://www.youtube.com/watch?v=5HkWSbb_BZ8
5HxjwgqJep8,4,4,concat,6,https://www.youtube.com/watch?v=5HxjwgqJep8
5KQA7YbIDPQ,4,4,concat,6,https://www.youtube.com/watch?v=5KQA7YbIDPQ
5M6E6c4MfNA,4,4,concat,6,https://www.youtube.com/watch?v=5M6E6c4MfNA
5NLrVuyX8LA,4,4,concat,6,https://www.youtube.com/watch?v=5NLrVuyX8LA
5NycVOecY-Y,4,4,concat,6,https://www.youtube.com/watch?v=5NycVOecY-Y
5O-8Jo7K7hY,4,4,concat,6,https://www.youtube.com/watch?v=5O-8Jo7K7hY
5O3EiJxBmKg,4,4,concat,6,https://www.youtube.com/watch?v=5O3EiJxBmKg
5PK0U8zTkJM,4,4,concat,6,https://www.youtube.com/watch?v=5PK0U8zTkJM
5T1-AOU5_AY,4,4,concat,6,https://www.youtube.com/watch?v=5T1-AOU5_AY
5V5bu5ja11A,4,4,concat,6,https://www.youtube.com/watch?v=5V5bu5ja11A
5Vn7VRahuqw,4,4,concat,6,https://www.youtube.com/watch?v=5Vn7VRahuqw
5WqCJd0WPlA,4,4,concat,6,https://www.youtube.com/watch?v=5WqCJd0WPlA
5WuMw4cEESQ,4,4,concat,6,https://www.youtube.com/watch?v=5WuMw4cEESQ
5Yc69MPJvUg,4,4,concat,6,https://www.youtube.com/watch?v=5Yc69MPJvUg
5cHYVjIZxjc,4,4,concat,6,https://www.youtube.com/watch?v=5cHYVjIZxjc
5ddj3H0K0AU,4,4,concat,6,https://www.youtube.com/watch?v=5ddj3H0K0AU
5iNBvuJxIUA,4,4,concat,6,https://www.youtube.com/watch?v=5iNBvuJxIUA
5kwJtbk9zIM,4,4,concat,6,https://www.youtube.com/watch?v=5kwJtbk9zIM
5lhAn4IFrXo,4,4,concat,6,https://www.youtube.com/watch?v=5lhAn4IFrXo
5nZYvBzDkRE,4,4,concat,6,https://www.youtube.com/watch?v=5nZYvBzDkRE
5oNFdUpbGHM,4,4,concat,6,https://www.youtube.com/watch?v=5oNFdUpbGHM
5p4jCuGbEfA,4,4,concat,6,https://www.youtube.com/watch?v=5p4jCuGbEfA
5sPUfa3x8zM,4,4,concat,6,https://www.youtube.com/watch?v=5sPUfa3x8zM
5t2VtrDUb-w,4,4,concat,6,https://www.youtube.com/watch?v=5t2VtrDUb-w
5xUMMhX82F4,4,4,concat,6,https://www.youtube.com/watch?v=5xUMMhX82F4
61NegYALsis,4,4,concat,6,https://www.youtube.com/watch?v=61NegYALsis
65Tuj0PGrxg,4,4,concat,6,https://www.youtube.com/watch?v=65Tuj0PGrxg
66kfDq3SejI,4,4,concat,6,https://www.youtube.com/watch?v=66kfDq3SejI
6G5yYhBBfiE,4,4,concat,6,https://www.youtube.com/watch?v=6G5yYhBBfiE
6G_iw1fxl9k,4,4,concat,6,https://www.youtube.com/watch?v=6G_iw1fxl9k
6IDYWwxpBM4,4,4,concat,6,https://www.youtube.com/watch?v=6IDYWwxpBM4
6JqsMqVqz_0,4,4,concat,6,https://www.youtube.com/watch?v=6JqsMqVqz_0
6LvASuLPs9E,4,4,concat,6,https://www.youtube.com/watch?v=6LvASuLPs9E
6MdqQBTgqF8,4,4,concat,6,https://www.youtube.com/watch?v=6MdqQBTgqF8
6NuQltMcaUc,4,4,concat,6,https://www.youtube.com/watch?v=6NuQltMcaUc
6Quz1p_h2GI,4,4,concat,6,https://www.youtube.com/watch?v=6Quz1p_h2GI
6RXEXOhsQIQ,4,4,concat,6,https://www.youtube.com/watch?v=6RXEXOhsQIQ
6SQaFF5cSXU,4,4,concat,6,https://www.youtube.com/watch?v=6SQaFF5cSXU
6SuK_-R795g,4,4,concat,6,https://www.youtube.com/watch?v=6SuK_-R795g
6TkuHsNY2Ck,4,4,concat,6,https://www.youtube.com/watch?v=6TkuHsNY2Ck
6W3dvwKRvFs,4,4,concat,6,https://www.youtube.com/watch?v=6W3dvwKRvFs
6Y17cyaEbow,4,4,concat,6,https://www.youtube.com/watch?v=6Y17cyaEbow
6YamJS9jL4Y,4,4,concat,6,https://www.youtube.com/watch?v=6YamJS9jL4Y
6ZFMTZnGLsQ,4,4,concat,6,https://www.youtube.com/watch?v=6ZFMTZnGLsQ
6_QtLGnlhv0,4,4,concat,6,https://www.youtube.com/watch?v=6_QtLGnlhv0
6_Wu5VytAf0,4,4,concat,6,https://www.youtube.com/watch?v=6_Wu5VytAf0
6aRK2J6vxas,4,4,concat,6,https://www.youtube.com/watch?v=6aRK2J6vxas
6b3NEAyp-Ig,4,4,concat,6,https://www.youtube.com/watch?v=6b3NEAyp-Ig
6bcxv1c4fh0,4,4,concat,6,https://www.youtube.com/watch?v=6bcxv1c4fh0
6dA2wXCOGgk,4,4,concat,6,https://www.youtube.com/watch?v=6dA2wXCOGgk
6e-HpRTbj0E,4,4,concat,6,https://www.youtube.com/watch?v=6e-HpRTbj0E
6eaVfDPCGWs,4,4,concat,6,https://www.youtube.com/watch?v=6eaVfDPCGWs
6i_i9WIUqhI,4,4,concat,6,https://www.youtube.com/watch?v=6i_i9WIUqhI
6l0y8ljVg_Y,4,4,concat,6,https://www.youtube.com/watch?v=6l0y8ljVg_Y
6lg9Bx-U8Ig,4,4,concat,6,https://www.youtube.com/watch?v=6lg9Bx-U8Ig
6lwvo6JpPnM,4,4,concat,6,https://www.youtube.com/watch?v=6lwvo6JpPnM
6mM7QGjG-sA,4,4,concat,6,https://www.youtube.com/watch?v=6mM7QGjG-sA
6pF2rUC6Rxc,4,4,concat,6,https://www.youtube.com/watch?v=6pF2rUC6Rxc
6pYX_0k_h90,4,4,concat,6,https://www.youtube.com/watch?v=6pYX_0k_h90
6psAjgVWNoE,4,4,concat,6,https://www.youtube.com/watch?v=6psAjgVWNoE
6qSxXIHEw7I,4,4,concat,6,https://www.youtube.com/watch?v=6qSxXIHEw7I
6sGNpLpBCgs,4,4,concat,6,https://www.youtube.com/watch?v=6sGNpLpBCgs
6uqhC_7MnjY,4,4,concat,6,https://www.youtube.com/watch?v=6uqhC_7MnjY
6vEVzKEQetQ,4,4,concat,6,https://www.youtube.com/watch?v=6vEVzKEQetQ
6x1y9yAFkJQ,4,4,concat,6,https://www.youtube.com/watch?v=6x1y9yAFkJQ
6x56MCrZ7x4,4,4,concat,6,https://www.youtube.com/watch?v=6x56MCrZ7x4
6zJHiwdU228,4,4,concat,6,https://www.youtube.com/watch?v=6zJHiwdU228
6zoZwh-Vc8o,4,4,concat,6,https://www.youtube.com/watch?v=6zoZwh-Vc8o
7-PzRCfLdgM,4,4,concat,6,https://www.youtube.com/watch?v=7-PzRCfLdgM
70AWIFL7LMQ,4,4,concat,6,https://www.youtube.com/watch?v=70AWIFL7LMQ
71wF5L_VaBk,4,4,concat,6,https://www.youtube.com/watch?v=71wF5L_VaBk
73K6WjRxEkc,4,4,concat,6,https://www.youtube.com/watch?v=73K6WjRxEkc
74u0Jiw5QZM,4,4,concat,6,https://www.youtube.com/watch?v=74u0Jiw5QZM
75FdtbYY7xE,4,4,concat,6,https://www.youtube.com/watch?v=75FdtbYY7xE
794jtEiKkZY,4,4,concat,6,https://www.youtube.com/watch?v=794jtEiKkZY
79xFPmCU6C0,4,4,concat,6,https://www.youtube.com/watch?v=79xFPmCU6C0
7CSgDKx0qBc,4,4,concat,6,https://www.youtube.com/watch?v=7CSgDKx0qBc
7CWGbc68TN4,4,4,concat,6,https://www.youtube.com/watch?v=7CWGbc68TN4
7DzQ2oGvpGQ,4,4,concat,6,https://www.youtube.com/watch?v=7DzQ2oGvpGQ
7E6YQGoBb_g,4,4,concat,6,https://www.youtube.com/watch?v=7E6YQGoBb_g
7EtyMpsvrl8,4,4,concat,6,https://www.youtube.com/watch?v=7EtyMpsvrl8
7FZaMYwrQAk,4,4,concat,6,https://www.youtube.com/watch?v=7FZaMYwrQAk
7FrcbMFnczk,4,4,concat,6,https://www.youtube.com/watch?v=7FrcbMFnczk
7Gn1VDkrqFI,4,4,concat,6,https://www.youtube.com/watch?v=7Gn1VDkrqFI
7HOwq8GKSjc,4,4,concat,6,https://www.youtube.com/watch?v=7HOwq8GKSjc
7Hn0HDjwuo0,4,4,concat,6,https://www.youtube.com/watch?v=7Hn0HDjwuo0
7ILCBfduCes,4,4,concat,6,https://www.youtube.com/watch?v=7ILCBfduCes
7IWooPR1pMI,4,4,concat,6,https://www.youtube.com/watch?v=7IWooPR1pMI
7IpEpv2-64U,4,4,concat,6,https://www.youtube.com/watch?v=7IpEpv2-64U
7JCjj03OMmw,4,4,concat,6,https://www.youtube.com/watch?v=7JCjj03OMmw
7JaTHhOXYxU,4,4,concat,6,https://www.youtube.com/watch?v=7JaTHhOXYxU
7Lim8Wid08o,4,4,concat,6,https://www.youtube.com/watch?v=7Lim8Wid08o
7NcwhlDRtdE,4,4,concat,6,https://www.youtube.com/watch?v=7NcwhlDRtdE
7QjyHsa24WM,4,4,concat,6,https://www.youtube.com/watch?v=7QjyHsa24WM
7UAjz8o2mFw,4,4,concat,6,https://www.youtube.com/watch?v=7UAjz8o2mFw
7UyMeLZyDpA,4,4,concat,6,https://www.youtube.com/watch?v=7UyMeLZyDpA
7YXb3ivUQKY,4,4,concat,6,https://www.youtube.com/watch?v=7YXb3ivUQKY
7Y_12Ee_yfA,4,4,concat,6,https://www.youtube.com/watch?v=7Y_12Ee_yfA
7Z7V-FMzndU,4,4,concat,6,https://www.youtube.com/watch?v=7Z7V-FMzndU
7bZ-AjFsOAw,4,4,concat,6,https://www.youtube.com/watch?v=7bZ-AjFsOAw
7gbWFkKrXMQ,4,4,concat,6,https://www.youtube.com/watch?v=7gbWFkKrXMQ
7h7REDcipTk,4,4,concat,6,https://www.youtube.com/watch?v=7h7REDcipTk
7hcFH75Wk6U,4,4,concat,6,https://www.youtube.com/watch?v=7hcFH75Wk6U
7jEdsFltzYg,4,4,concat,6,https://www.youtube.com/watch?v=7jEdsFltzYg
7jpysEeeIFA,4,4,concat,6,https://www.youtube.com/watch?v=7jpysEeeIFA
7lQcNuAYsyU,4,4,concat,6,https://www.youtube.com/watch?v=7lQcNuAYsyU
7mSXMkaurK0,4,4,concat,6,https://www.youtube.com/watch?v=7mSXMkaurK0
7nIb_hI455k,4,4,concat,6,https://www.youtube.com/watch?v=7nIb_hI455k
7n_ffWLImg0,4,4,concat,6,https://www.youtube.com/watch?v=7n_ffWLImg0
7pIv6avKLG4,4,4,concat,6,https://www.youtube.com/watch?v=7pIv6avKLG4
7rIDMn9bHLg,4,4,concat,6,https://www.youtube.com/watch?v=7rIDMn9bHLg
7thD2qf8J7E,4,4,concat,6,https://www.youtube.com/watch?v=7thD2qf8J7E
7ucYonYmhJs,4,4,concat,6,https://www.youtube.com/watch?v=7ucYonYmhJs
7w4ztCT8KeU,4,4,concat,6,https://www.youtube.com/watch?v=7w4ztCT8KeU
7yMwd4mduB8,4,4,concat,6,https://www.youtube.com/watch?v=7yMwd4mduB8
7z7T5iH-LYU,4,4,concat,6,https://www.youtube.com/watch?v=7z7T5iH-LYU
82A8zZhBvLo,4,4,concat,6,https://www.youtube.com/watch?v=82A8zZhBvLo
82JzN5uVQOA,4,4,concat,6,https://www.youtube.com/watch?v=82JzN5uVQOA
82zqd1Ucf78,4,4,concat,6,https://www.youtube.com/watch?v=82zqd1Ucf78
84v7nMfDo4E,4,4,concat,6,https://www.youtube.com/watch?v=84v7nMfDo4E
87IVraqB9-k,4,4,concat,6,https://www.youtube.com/watch?v=87IVraqB9-k
88vUGlAgmvA,4,4,concat,6,https://www.youtube.com/watch?v=88vUGlAgmvA
8AYl08tuVUY,4,4,concat,6,https://www.youtube.com/watch?v=8AYl08tuVUY
8AgYbOCHuRQ,4,4,concat,6,https://www.youtube.com/watch?v=8AgYbOCHuRQ
8CwRBW7VJxM,4,4,concat,6,https://www.youtube.com/watch?v=8CwRBW7VJxM
8DV3ephb-Ns,4,4,concat,6,https://www.youtube.com/watch?v=8DV3ephb-Ns
8ElqBJuW9H0,4,4,concat,6,https://www.youtube.com/watch?v=8ElqBJuW9H0
8G5HO6naP-M,4,4,concat,6,https://www.youtube.com/watch?v=8G5HO6naP-M
8JdEq-_3qBA,4,4,concat,6,https://www.youtube.com/watch?v=8JdEq-_3qBA
8K3hBnAOlBo,4,4,concat,6,https://www.youtube.com/watch?v=8K3hBnAOlBo
8MS2IWBIjtY,4,4,concat,6,https://www.youtube.com/watch?v=8MS2IWBIjtY
8OXK2M1LLC0,4,4,concat,6,https://www.youtube.com/watch?v=8OXK2M1LLC0
8PLgBS9kzvg,4,4,concat,6,https://www.youtube.com/watch?v=8PLgBS9kzvg
8PSCmLyd6Ws,4,4,concat,6,https://www.youtube.com/watch?v=8PSCmLyd6Ws
8Pb0tl1F8y4,4,4,concat,6,https://www.youtube.com/watch?v=8Pb0tl1F8y4
8SBhvCMUaog,4,4,concat,6,https://www.youtube.com/watch?v=8SBhvCMUaog
8SkkRfuUTqQ,4,4,concat,6,https://www.youtube.com/watch?v=8SkkRfuUTqQ
8UHMAIfJiRU,4,4,concat,6,https://www.youtube.com/watch?v=8UHMAIfJiRU
8WkjMbS-K_M,4,4,concat,6,https://www.youtube.com/watch?v=8WkjMbS-K_M
8Xzuzpe9--w,4,4,concat,6,https://www.youtube.com/watch?v=8Xzuzpe9--w
8YyDjG7QQcs,4,4,concat,6,https://www.youtube.com/watch?v=8YyDjG7QQcs
8ZyeYqmDp5I,4,4,concat,6,https://www.youtube.com/watch?v=8ZyeYqmDp5I
8a_hC-IIamk,4,4,concat,6,https://www.youtube.com/watch?v=8a_hC-IIamk
8aaeHkWxX5Y,4,4,concat,6,https://www.youtube.com/watch?v=8aaeHkWxX5Y
8bJMEt06Uuc,4,4,concat,6,https://www.youtube.com/watch?v=8bJMEt06Uuc
8caaFdCcxWU,4,4,concat,6,https://www.youtube.com/watch?v=8caaFdCcxWU
8dmT-lq__3I,4,4,concat,6,https://www.youtube.com/watch?v=8dmT-lq__3I
8eGPnq1Cims,4,4,concat,6,https://www.youtube.com/watch?v=8eGPnq1Cims
8eo79CCtYQU,4,4,concat,6,https://www.youtube.com/watch?v=8eo79CCtYQU
8evK8NWCj4Q,4,4,concat,6,https://www.youtube.com/watch?v=8evK8NWCj4Q
8gEKHf4RoTU,4,4,concat,6,https://www.youtube.com/watch?v=8gEKHf4RoTU
8hNS2Xl5ODo,4,4,concat,6,https://www.youtube.com/watch?v=8hNS2Xl5ODo
8kHpZtWa9cc,4,4,concat,6,https://www.youtube.com/watch?v=8kHpZtWa9cc
8lQJt_hye2k,4,4,concat,6,https://www.youtube.com/watch?v=8lQJt_hye2k
8lUCNU9Q--c,4,4,concat,6,https://www.youtube.com/watch?v=8lUCNU9Q--c
8mSF-eX3wLQ,4,4,concat,6,https://www.youtube.com/watch?v=8mSF-eX3wLQ
8o9N6f2NfJo,4,4,concat,6,https://www.youtube.com/watch?v=8o9N6f2NfJo
8p58XZscbcw,4,4,concat,6,https://www.youtube.com/watch?v=8p58XZscbcw
8qCVvOOLnw8,4,4,concat,6,https://www.youtube.com/watch?v=8qCVvOOLnw8
8qd7kXOuf5M,4,4,concat,6,https://www.youtube.com/watch?v=8qd7kXOuf5M
8xPxytY4G3s,4,4,concat,6,https://www.youtube.com/watch?v=8xPxytY4G3s
8zxYDDnI82c,4,4,concat,6,https://www.youtube.com/watch?v=8zxYDDnI82c
9-tciBdb5Jk,4,4,concat,6,https://www.youtube.com/watch?v=9-tciBdb5Jk
90VGELHYp2U,4,4,concat,6,https://www.youtube.com/watch?v=90VGELHYp2U
919LB2jL7jA,4,4,concat,6,https://www.youtube.com/watch?v=919LB2jL7jA
97ZWzSUTxPw,4,4,concat,6,https://www.youtube.com/watch?v=97ZWzSUTxPw
98oQ3jUWtAk,4,4,concat,6,https://www.youtube.com/watch?v=98oQ3jUWtAk
99ek3HsZ6GI,4,4,concat,6,https://www.youtube.com/watch?v=99ek3HsZ6GI
9BTcL9C7cns,4,4,concat,6,https://www.youtube.com/watch?v=9BTcL9C7cns
9BXiM8D0CC8,4,4,concat,6,https://www.youtube.com/watch?v=9BXiM8D0CC8
9Dlz9yAtcpg,4,4,concat,6,https://www.youtube.com/watch?v=9Dlz9yAtcpg
9E2S7PAvrTY,4,4,concat,6,https://www.youtube.com/watch?v=9E2S7PAvrTY
9GhkrtB-YwM,4,4,concat,6,https://www.youtube.com/watch?v=9GhkrtB-YwM
9HZPiO5_QQg,4,4,concat,6,https://www.youtube.com/watch?v=9HZPiO5_QQg
9Ht2hacEURU,4,4,concat,6,https://www.youtube.com/watch?v=9Ht2hacEURU
9LHxkYi9BFo,4,4,concat,6,https://www.youtube.com/watch?v=9LHxkYi9BFo
9M6jQC4aBdU,4,4,concat,6,https://www.youtube.com/watch?v=9M6jQC4aBdU
9MFjMR4j43g,4,4,concat,6,https://www.youtube.com/watch?v=9MFjMR4j43g
9O0k3R1q820,4,4,concat,6,https://www.youtube.com/watch?v=9O0k3R1q820
9PqxdSGIq0M,4,4,concat,6,https://www.youtube.com/watch?v=9PqxdSGIq0M
9QAGXtyu8iE,4,4,concat,6,https://www.youtube.com/watch?v=9QAGXtyu8iE
9QSxC9ofuf8,4,4,concat,6,https://www.youtube.com/watch?v=9QSxC9ofuf8
9QVpiLPsAXU,4,4,concat,6,https://www.youtube.com/watch?v=9QVpiLPsAXU
9RWPD2K4mek,4,4,concat,6,https://www.youtube.com/watch?v=9RWPD2K4mek
9Suy3zNTRq8,4,4,concat,6,https://www.youtube.com/watch?v=9Suy3zNTRq8
9TV-MYL7Exg,4,4,concat,6,https://www.youtube.com/watch?v=9TV-MYL7Exg
9Wl8nQ4BznA,4,4,concat,6,https://www.youtube.com/watch?v=9Wl8nQ4BznA
9YlVyuRBY1Y,4,4,concat,6,https://www.youtube.com/watch?v=9YlVyuRBY1Y
9bmqleDqtXE,4,4,concat,6,https://www.youtube.com/watch?v=9bmqleDqtXE
9eAxM3w21EU,4,4,concat,6,https://www.youtube.com/watch?v=9eAxM3w21EU
9fpgTZPOlRI,4,4,concat,6,https://www.youtube.com/watch?v=9fpgTZPOlRI
9gEuMyDg5Ko,4,4,concat,6,https://www.youtube.com/watch?v=9gEuMyDg5Ko
9huc38TDyIE,4,4,concat,6,https://www.youtube.com/watch?v=9huc38TDyIE
9kGxG7jTD1g,4,4,concat,6,https://www.youtube.com/watch?v=9kGxG7jTD1g
9ogfqgJiEPk,4,4,concat,6,https://www.youtube.com/watch?v=9ogfqgJiEPk
9rDYeNGCRAI,4,4,concat,6,https://www.youtube.com/watch?v=9rDYeNGCRAI
9sRpgABqDEk,4,4,concat,6,https://www.youtube.com/watch?v=9sRpgABqDEk
9samzCqXhpE,4,4,concat,6,https://www.youtube.com/watch?v=9samzCqXhpE
9vWtGm8ppDg,4,4,concat,6,https://www.youtube.com/watch?v=9vWtGm8ppDg
9w7lA_-qSqA,4,4,concat,6,https://www.youtube.com/watch?v=9w7lA_-qSqA
9x0vPIE8-24,4,4,concat,6,https://www.youtube.com/watch?v=9x0vPIE8-24
9x3MN1_Tu1Y,4,4,concat,6,https://www.youtube.com/watch?v=9x3MN1_Tu1Y
9x5hWr41gUg,4,4,concat,6,https://www.youtube.com/watch?v=9x5hWr41gUg
9xx89Mwhdqs,4,4,concat,6,https://www.youtube.com/watch?v=9xx89Mwhdqs
9zX-c9LrCzc,4,4,concat,6,https://www.youtube.com/watch?v=9zX-c9LrCzc
A-yqw3HeIWQ,4,4,concat,6,https://www.youtube.com/watch?v=A-yqw3HeIWQ
A2LB-26Mo9I,4,4,concat,6,https://www.youtube.com/watch?v=A2LB-26Mo9I
A6bCrlsybHA,4,4,concat,6,https://www.youtube.com/watch?v=A6bCrlsybHA
A8pC93o7Dts,4,4,concat,6,https://www.youtube.com/watch?v=A8pC93o7Dts
A94UQg1al3k,4,4,concat,6,https://www.youtube.com/watch?v=A94UQg1al3k
A9OyzadVX1c,4,4,concat,6,https://www.youtube.com/watch?v=A9OyzadVX1c
AASjYVuerWI,4,4,concat,6,https://www.youtube.com/watch?v=AASjYVuerWI
ACQc28Akh9U,4,4,concat,6,https://www.youtube.com/watch?v=ACQc28Akh9U
AC_wIswE6Nc,4,4,concat,6,https://www.youtube.com/watch?v=AC_wIswE6Nc
AD-879FO88U,4,4,concat,6,https://www.youtube.com/watch?v=AD-879FO88U
ADRMEQbgUYM,4,4,concat,6,https://www.youtube.com/watch?v=ADRMEQbgUYM
AGrCOCiAagY,4,4,concat,6,https://www.youtube.com/watch?v=AGrCOCiAagY
AL3gsPOl7CI,4,4,concat,6,https://www.youtube.com/watch?v=AL3gsPOl7CI
AQBOYMzaiTw,4,4,concat,6,https://www.youtube.com/watch?v=AQBOYMzaiTw
AQmPFdSkRqU,4,4,concat,6,https://www.youtube.com/watch?v=AQmPFdSkRqU
ARNf7-135AU,4,4,concat,6,https://www.youtube.com/watch?v=ARNf7-135AU
ARpZyzzdgJw,4,4,concat,6,https://www.youtube.com/watch?v=ARpZyzzdgJw
AT4AbeCMGb4,4,4,concat,6,https://www.youtube.com/watch?v=AT4AbeCMGb4
ATI1HgIbd1I,4,4,concat,6,https://www.youtube.com/watch?v=ATI1HgIbd1I
AUAychO3q1A,4,4,concat,6,https://www.youtube.com/watch?v=AUAychO3q1A
AV1N1y4QkFg,4,4,concat,6,https://www.youtube.com/watch?v=AV1N1y4QkFg
AXklpRaBIhg,4,4,concat,6,https://www.youtube.com/watch?v=AXklpRaBIhg
AY3aQq-AHgI,4,4,concat,6,https://www.youtube.com/watch?v=AY3aQq-AHgI
AYem875Xye8,4,4,concat,6,https://www.youtube.com/watch?v=AYem875Xye8
AYqrWskyb8k,4,4,concat,6,https://www.youtube.com/watch?v=AYqrWskyb8k
AZQwIX-9fw8,4,4,concat,6,https://www.youtube.com/watch?v=AZQwIX-9fw8
A_lqUHdN1u0,4,4,concat,6,https://www.youtube.com/watch?v=A_lqUHdN1u0
AaHbxgt8o9o,4,4,concat,6,https://www.youtube.com/watch?v=AaHbxgt8o9o
AaIRL08AAko,4,4,concat,6,https://www.youtube.com/watch?v=AaIRL08AAko
AbSTN4qsYkk,4,4,concat,6,https://www.youtube.com/watch?v=AbSTN4qsYkk
AcymxAHfcSQ,4,4,concat,6,https://www.youtube.com/watch?v=AcymxAHfcSQ
AdpT6c633Qw,4,4,concat,6,https://www.youtube.com/watch?v=AdpT6c633Qw
AfsOxld0zJg,4,4,concat,6,https://www.youtube.com/watch?v=AfsOxld0zJg
AgidTwxvCrY,4,4,concat,6,https://www.youtube.com/watch?v=AgidTwxvCrY
AhmRSCBMINY,4,4,concat,6,https://www.youtube.com/watch?v=AhmRSCBMINY
AjALKgzR87c,4,4,concat,6,https://www.youtube.com/watch?v=AjALKgzR87c
AjDnzWWkAuI,4,4,concat,6,https://www.youtube.com/watch?v=AjDnzWWkAuI
AjnNP8MAGBY,4,4,concat,6,https://www.youtube.com/watch?v=AjnNP8MAGBY
ArM3bfocah8,4,4,concat,6,https://www.youtube.com/watch?v=ArM3bfocah8
ArPZva4YFAU,4,4,concat,6,https://www.youtube.com/watch?v=ArPZva4YFAU
Arsap80UEeI,4,4,concat,6,https://www.youtube.com/watch?v=Arsap80UEeI
AtRe0s-StZs,4,4,concat,6,https://www.youtube.com/watch?v=AtRe0s-StZs
AubQWwA6-EE,4,4,concat,6,https://www.youtube.com/watch?v=AubQWwA6-EE
AucYEIq9kiI,4,4,concat,6,https://www.youtube.com/watch?v=AucYEIq9kiI
AuqIfbcXxGI,4,4,concat,6,https://www.youtube.com/watch?v=AuqIfbcXxGI
AvdvdykdSaI,4,4,concat,6,https://www.youtube.com/watch?v=AvdvdykdSaI
Ave6c-1-jH8,4,4,concat,6,https://www.youtube.com/watch?v=Ave6c-1-jH8
Avq3wz7nO7c,4,4,concat,6,https://www.youtube.com/watch?v=Avq3wz7nO7c
AwAZmdY1-zc,4,4,concat,6,https://www.youtube.com/watch?v=AwAZmdY1-zc
AxMlvwNjWeM,4,4,concat,6,https://www.youtube.com/watch?v=AxMlvwNjWeM
Axiazm42R5Y,4,4,concat,6,https://www.youtube.com/watch?v=Axiazm42R5Y
AzZ2qhMuqzo,4,4,concat,6,https://www.youtube.com/watch?v=AzZ2qhMuqzo
AzZNVO0dCuw,4,4,concat,6,https://www.youtube.com/watch?v=AzZNVO0dCuw
B3HKTZ7flZY,4,4,concat,6,https://www.youtube.com/watch?v=B3HKTZ7flZY
B4XanvSGVB8,4,4,concat,6,https://www.youtube.com/watch?v=B4XanvSGVB8
B6PbuOp7E3I,4,4,concat,6,https://www.youtube.com/watch?v=B6PbuOp7E3I
B6WM0jwApUY,4,4,concat,6,https://www.youtube.com/watch?v=B6WM0jwApUY
B6YcyBAiAhs,4,4,concat,6,https://www.youtube.com/watch?v=B6YcyBAiAhs
B9M2WCp7kgQ,4,4,concat,6,https://www.youtube.com/watch?v=B9M2WCp7kgQ
BA0KIw46XKg,4,4,concat,6,https://www.youtube.com/watch?v=BA0KIw46XKg
BAG3QCbEILY,4,4,concat,6,https://www.youtube.com/watch?v=BAG3QCbEILY
BAJWwwWymdo,4,4,concat,6,https://www.youtube.com/watch?v=BAJWwwWymdo
BBAbGbSnIH0,4,4,concat,6,https://www.youtube.com/watch?v=BBAbGbSnIH0
BCMssCVyK7Q,4,4,concat,6,https://www.youtube.com/watch?v=BCMssCVyK7Q
BCdx1ZejNmQ,4,4,concat,6,https://www.youtube.com/watch?v=BCdx1ZejNmQ
BDYsA7eoTNY,4,4,concat,6,https://www.youtube.com/watch?v=BDYsA7eoTNY
BEP_SCNQHRg,4,4,concat,6,https://www.youtube.com/watch?v=BEP_SCNQHRg
BFe84Gkq9Y0,4,4,concat,6,https://www.youtube.com/watch?v=BFe84Gkq9Y0
BG3BAZzj5Gg,4,4,concat,6,https://www.youtube.com/watch?v=BG3BAZzj5Gg
BH_2nQYRP9o,4,4,concat,6,https://www.youtube.com/watch?v=BH_2nQYRP9o
BIFvNriRW1s,4,4,concat,6,https://www.youtube.com/watch?v=BIFvNriRW1s
BIVQ8A-BF_I,4,4,concat,6,https://www.youtube.com/watch?v=BIVQ8A-BF_I
BJwancWN5ZA,4,4,concat,6,https://www.youtube.com/watch?v=BJwancWN5ZA
BJzgJV2XhsM,4,4,concat,6,https://www.youtube.com/watch?v=BJzgJV2XhsM
BOdxPZZW9qg,4,4,concat,6,https://www.youtube.com/watch?v=BOdxPZZW9qg
BSuTqP0efOw,4,4,concat,6,https://www.youtube.com/watch?v=BSuTqP0efOw
BTpAOGL3AcQ,4,4,concat,6,https://www.youtube.com/watch?v=BTpAOGL3AcQ
BWAIHgI8Nsw,4,4,concat,6,https://www.youtube.com/watch?v=BWAIHgI8Nsw
BWCdFoLybVU,4,4,concat,6,https://www.youtube.com/watch?v=BWCdFoLybVU
BXkMa6G39Qk,4,4,concat,6,https://www.youtube.com/watch?v=BXkMa6G39Qk
B_O25Hcx1aQ,4,4,concat,6,https://www.youtube.com/watch?v=B_O25Hcx1aQ
BapolosU_aE,4,4,concat,6,https://www.youtube.com/watch?v=BapolosU_aE
BbFNaP0LeWc,4,4,concat,6,https://www.youtube.com/watch?v=BbFNaP0LeWc
Bdj3uOvVYeQ,4,4,concat,6,https://www.youtube.com/watch?v=Bdj3uOvVYeQ
BfyUWDEq0YY,4,4,concat,6,https://www.youtube.com/watch?v=BfyUWDEq0YY
BhLRsajZ9wU,4,4,concat,6,https://www.youtube.com/watch?v=BhLRsajZ9wU
Bh_VK7qGp2E,4,4,concat,6,https://www.youtube.com/watch?v=Bh_VK7qGp2E
BhibLSsZ3cY,4,4,concat,6,https://www.youtube.com/watch?v=BhibLSsZ3cY
BiUZf2fA5kw,4,4,concat,6,https://www.youtube.com/watch?v=BiUZf2fA5kw
Biggk_OeTt8,4,4,concat,6,https://www.youtube.com/watch?v=Biggk_OeTt8
BijdEVyOp5Y,4,4,concat,6,https://www.youtube.com/watch?v=BijdEVyOp5Y
BjHjm57HjZ8,4,4,concat,6,https://www.youtube.com/watch?v=BjHjm57HjZ8
BjKPxNPUlcs,4,4,concat,6,https://www.youtube.com/watch?v=BjKPxNPUlcs
Bjpr2fmsER0,4,4,concat,6,https://www.youtube.com/watch?v=Bjpr2fmsER0
Bk-OkENVuew,4,4,concat,6,https://www.youtube.com/watch?v=Bk-OkENVuew
BmFRNLzE4qM,4,4,concat,6,https://www.youtube.com/watch?v=BmFRNLzE4qM
BpBpB86dDVI,4,4,concat,6,https://www.youtube.com/watch?v=BpBpB86dDVI
BpRol2JM40A,4,4,concat,6,https://www.youtube.com/watch?v=BpRol2JM40A
BpsHHdW958w,4,4,concat,6,https://www.youtube.com/watch?v=BpsHHdW958w
BquLbLcwrZU,4,4,concat,6,https://www.youtube.com/watch?v=BquLbLcwrZU
Bt59dBFFRYA,4,4,concat,6,https://www.youtube.com/watch?v=Bt59dBFFRYA
Bt_sjmBjxxU,4,4,concat,6,https://www.youtube.com/watch?v=Bt_sjmBjxxU
Bu7N22GWkc4,4,4,concat,6,https://www.youtube.com/watch?v=Bu7N22GWkc4
BuY20sl5FLo,4,4,concat,6,https://www.youtube.com/watch?v=BuY20sl5FLo
BwwOmb33bKw,4,4,concat,6,https://www.youtube.com/watch?v=BwwOmb33bKw
ByXReoUaMNk,4,4,concat,6,https://www.youtube.com/watch?v=ByXReoUaMNk
Bzq4WzL7_rM,4,4,concat,6,https://www.youtube.com/watch?v=Bzq4WzL7_rM
C-GPcRgn3Tw,4,4,concat,6,https://www.youtube.com/watch?v=C-GPcRgn3Tw
C1xxPpH1gv0,4,4,concat,6,https://www.youtube.com/watch?v=C1xxPpH1gv0
C2q1dkndugY,4,4,concat,6,https://www.youtube.com/watch?v=C2q1dkndugY
C3RYSUuTysg,4,4,concat,6,https://www.youtube.com/watch?v=C3RYSUuTysg
C4I8OHKw0-I,4,4,concat,6,https://www.youtube.com/watch?v=C4I8OHKw0-I
C4R4iJVzXVM,4,4,concat,6,https://www.youtube.com/watch?v=C4R4iJVzXVM
C5ogVI0Eajc,4,4,concat,6,https://www.youtube.com/watch?v=C5ogVI0Eajc
C6CbtiubRTU,4,4,concat,6,https://www.youtube.com/watch?v=C6CbtiubRTU
C6FM901RFgQ,4,4,concat,6,https://www.youtube.com/watch?v=C6FM901RFgQ
C84ZStKwhjY,4,4,concat,6,https://www.youtube.com/watch?v=C84ZStKwhjY
C8d2mMxAFyk,4,4,concat,6,https://www.youtube.com/watch?v=C8d2mMxAFyk
CAMg12-QH00,4,4,concat,6,https://www.youtube.com/watch?v=CAMg12-QH00
CCEMwnVYqqM,4,4,concat,6,https://www.youtube.com/watch?v=CCEMwnVYqqM
CDWawZ0Haiw,4,4,concat,6,https://www.youtube.com/watch?v=CDWawZ0Haiw
CF_JI1eIaAA,4,4,concat,6,https://www.youtube.com/watch?v=CF_JI1eIaAA
CFgQoNhdgrc,4,4,concat,6,https://www.youtube.com/watch?v=CFgQoNhdgrc
CIr3CnM3sVE,4,4,concat,6,https://www.youtube.com/watch?v=CIr3CnM3sVE
CJdsVQ2z6bY,4,4,concat,6,https://www.youtube.com/watch?v=CJdsVQ2z6bY
CLBQB1Zs5wM,4,4,concat,6,https://www.youtube.com/watch?v=CLBQB1Zs5wM
CMBBxXYxtrc,4,4,concat,6,https://www.youtube.com/watch?v=CMBBxXYxtrc
CMnMwwVbrJM,4,4,concat,6,https://www.youtube.com/watch?v=CMnMwwVbrJM
CQ3lcZ4vux0,4,4,concat,6,https://www.youtube.com/watch?v=CQ3lcZ4vux0
CQURbLKNPWY,4,4,concat,6,https://www.youtube.com/watch?v=CQURbLKNPWY
CRJbraIcqJE,4,4,concat,6,https://www.youtube.com/watch?v=CRJbraIcqJE
CRSWVC2AhO0,4,4,concat,6,https://www.youtube.com/watch?v=CRSWVC2AhO0
CSduj-7zsRI,4,4,concat,6,https://www.youtube.com/watch?v=CSduj-7zsRI
CUXarLrJ4ok,4,4,concat,6,https://www.youtube.com/watch?v=CUXarLrJ4ok
CUyToG0rrck,4,4,concat,6,https://www.youtube.com/watch?v=CUyToG0rrck
CVLW1iM7Ks0,4,4,concat,6,https://www.youtube.com/watch?v=CVLW1iM7Ks0
CW8Vs_tdYaA,4,4,concat,6,https://www.youtube.com/watch?v=CW8Vs_tdYaA
CXtZwuexEtU,4,4,concat,6,https://www.youtube.com/watch?v=CXtZwuexEtU
CYH5ELg-x3I,4,4,concat,6,https://www.youtube.com/watch?v=CYH5ELg-x3I
CZqlHqdMBYo,4,4,concat,6,https://www.youtube.com/watch?v=CZqlHqdMBYo
C_zWNHcMoBs,4,4,concat,6,https://www.youtube.com/watch?v=C_zWNHcMoBs
Cd9hDQfRb30,4,4,concat,6,https://www.youtube.com/watch?v=Cd9hDQfRb30
CfNxnbWQAEQ,4,4,concat,6,https://www.youtube.com/watch?v=CfNxnbWQAEQ
CfXNr27yDM4,4,4,concat,6,https://www.youtube.com/watch?v=CfXNr27yDM4
CgqMzCVVc2E,4,4,concat,6,https://www.youtube.com/watch?v=CgqMzCVVc2E
ClEizSzYm1w,4,4,concat,6,https://www.youtube.com/watch?v=ClEizSzYm1w
Clu7kx9vhvQ,4,4,concat,6,https://www.youtube.com/watch?v=Clu7kx9vhvQ
Cmy8CsYIUL0,4,4,concat,6,https://www.youtube.com/watch?v=Cmy8CsYIUL0
CpjryjBMYt0,4,4,concat,6,https://www.youtube.com/watch?v=CpjryjBMYt0
CqTgIL7lzbQ,4,4,concat,6,https://www.youtube.com/watch?v=CqTgIL7lzbQ
Cr3Xf3BUvgU,4,4,concat,6,https://www.youtube.com/watch?v=Cr3Xf3BUvgU
Cu8H504qsQg,4,4,concat,6,https://www.youtube.com/watch?v=Cu8H504qsQg
CufIMJpYMTY,4,4,concat,6,https://www.youtube.com/watch?v=CufIMJpYMTY
CwPmoTEeP3M,4,4,concat,6,https://www.youtube.com/watch?v=CwPmoTEeP3M
CwfCTYDHIMA,4,4,concat,6,https://www.youtube.com/watch?v=CwfCTYDHIMA
CwtGjl-3yR8,4,4,concat,6,https://www.youtube.com/watch?v=CwtGjl-3yR8
D-73iAilqqU,4,4,concat,6,https://www.youtube.com/watch?v=D-73iAilqqU
D3wrb6Qo1ks,4,4,concat,6,https://www.youtube.com/watch?v=D3wrb6Qo1ks
D5RcV46ssYA,4,4,concat,6,https://www.youtube.com/watch?v=D5RcV46ssYA
D9yWtzhogpc,4,4,concat,6,https://www.youtube.com/watch?v=D9yWtzhogpc
DAje3toxX0o,4,4,concat,6,https://www.youtube.com/watch?v=DAje3toxX0o
DBbYR3Jo3q0,4,4,concat,6,https://www.youtube.com/watch?v=DBbYR3Jo3q0
DCXjycwqip0,4,4,concat,6,https://www.youtube.com/watch?v=DCXjycwqip0
DDomIHtX3mA,4,4,concat,6,https://www.youtube.com/watch?v=DDomIHtX3mA
DFJ4vyGphAo,4,4,concat,6,https://www.youtube.com/watch?v=DFJ4vyGphAo
DG63R14sXLY,4,4,concat,6,https://www.youtube.com/watch?v=DG63R14sXLY
DGsulZFVPss,4,4,concat,6,https://www.youtube.com/watch?v=DGsulZFVPss
DH3IRQzWJQ4,4,4,concat,6,https://www.youtube.com/watch?v=DH3IRQzWJQ4
DHmlB3eHzwo,4,4,concat,6,https://www.youtube.com/watch?v=DHmlB3eHzwo
DI44AAs8lSo,4,4,concat,6,https://www.youtube.com/watch?v=DI44AAs8lSo
DIXXFxfFK6Y,4,4,concat,6,https://www.youtube.com/watch?v=DIXXFxfFK6Y
DIYkNohNVEY,4,4,concat,6,https://www.youtube.com/watch?v=DIYkNohNVEY
DMBED2h4070,4,4,concat,6,https://www.youtube.com/watch?v=DMBED2h4070
DMaPJH3Zuiw,4,4,concat,6,https://www.youtube.com/watch?v=DMaPJH3Zuiw
DNJijKh7G2s,4,4,concat,6,https://www.youtube.com/watch?v=DNJijKh7G2s
DNUtdGo5V0Y,4,4,concat,6,https://www.youtube.com/watch?v=DNUtdGo5V0Y
DNtzUDddclY,4,4,concat,6,https://www.youtube.com/watch?v=DNtzUDddclY
DOB0kb3hjgA,4,4,concat,6,https://www.youtube.com/watch?v=DOB0kb3hjgA
DOuM9Vkq_Jc,4,4,concat,6,https://www.youtube.com/watch?v=DOuM9Vkq_Jc
DPzsBmUGnko,4,4,concat,6,https://www.youtube.com/watch?v=DPzsBmUGnko
DQXAnuYGQnA,4,4,concat,6,https://www.youtube.com/watch?v=DQXAnuYGQnA
DQhvA8zbAZo,4,4,concat,6,https://www.youtube.com/watch?v=DQhvA8zbAZo
DQjXM-DgfP0,4,4,concat,6,https://www.youtube.com/watch?v=DQjXM-DgfP0
DSF0Va2mEBI,4,4,concat,6,https://www.youtube.com/watch?v=DSF0Va2mEBI
DSlQTLjinnI,4,4,concat,6,https://www.youtube.com/watch?v=DSlQTLjinnI
DULz4uCLHSE,4,4,concat,6,https://www.youtube.com/watch?v=DULz4uCLHSE
DXPN6BdT2TQ,4,4,concat,6,https://www.youtube.com/watch?v=DXPN6BdT2TQ
DXhH9JZXKVE,4,4,concat,6,https://www.youtube.com/watch?v=DXhH9JZXKVE
DYcY-58x0yg,4,4,concat,6,https://www.youtube.com/watch?v=DYcY-58x0yg
DZ4KdDULaao,4,4,concat,6,https://www.youtube.com/watch?v=DZ4KdDULaao
DZdZ2dAlOrw,4,4,concat,6,https://www.youtube.com/watch?v=DZdZ2dAlOrw
DZnOl1zqDU0,4,4,concat,6,https://www.youtube.com/watch?v=DZnOl1zqDU0
D__qgS8GKAI,4,4,concat,6,https://www.youtube.com/watch?v=D__qgS8GKAI
D_pxtVOoaqw,4,4,concat,6,https://www.youtube.com/watch?v=D_pxtVOoaqw
Daya_jhCXuU,4,4,concat,6,https://www.youtube.com/watch?v=Daya_jhCXuU
DcxmVlzA2Kk,4,4,concat,6,https://www.youtube.com/watch?v=DcxmVlzA2Kk
Dd2qddDB7L4,4,4,concat,6,https://www.youtube.com/watch?v=Dd2qddDB7L4
Dd4t_FYNiwE,4,4,concat,6,https://www.youtube.com/watch?v=Dd4t_FYNiwE
Ddhx83xpQWg,4,4,concat,6,https://www.youtube.com/watch?v=Ddhx83xpQWg
DdmeupSbnjU,4,4,concat,6,https://www.youtube.com/watch?v=DdmeupSbnjU
DeAx_sFm3Io,4,4,concat,6,https://www.youtube.com/watch?v=DeAx_sFm3Io
DeJlUk2pCtQ,4,4,concat,6,https://www.youtube.com/watch?v=DeJlUk2pCtQ
Df_KY3Oo5AU,4,4,concat,6,https://www.youtube.com/watch?v=Df_KY3Oo5AU
DhpNJwZMLIU,4,4,concat,6,https://www.youtube.com/watch?v=DhpNJwZMLIU
DiV5A4MiPng,4,4,concat,6,https://www.youtube.com/watch?v=DiV5A4MiPng
DmlbZZoP25c,4,4,concat,6,https://www.youtube.com/watch?v=DmlbZZoP25c
DmzJ4k4wnfY,4,4,concat,6,https://www.youtube.com/watch?v=DmzJ4k4wnfY
DnL2z8CL-wU,4,4,concat,6,https://www.youtube.com/watch?v=DnL2z8CL-wU
DqSR20Q_Z7E,4,4,concat,6,https://www.youtube.com/watch?v=DqSR20Q_Z7E
Dv3mwqSnFkE,4,4,concat,6,https://www.youtube.com/watch?v=Dv3mwqSnFkE
Dv902o7h5bs,4,4,concat,6,https://www.youtube.com/watch?v=Dv902o7h5bs
DvGR7Nlt0r8,4,4,concat,6,https://www.youtube.com/watch?v=DvGR7Nlt0r8
Dw-Pe50bInI,4,4,concat,6,https://www.youtube.com/watch?v=Dw-Pe50bInI
DwqTKaw8PDw,4,4,concat,6,https://www.youtube.com/watch?v=DwqTKaw8PDw
DxKpOtmK_5s,4,4,concat,6,https://www.youtube.com/watch?v=DxKpOtmK_5s
DxtaWZUH3So,4,4,concat,6,https://www.youtube.com/watch?v=DxtaWZUH3So
E1Y6ayTpVw8,4,4,concat,6,https://www.youtube.com/watch?v=E1Y6ayTpVw8
E2M_bgeaHdc,4,4,concat,6,https://www.youtube.com/watch?v=E2M_bgeaHdc
E4n0haf2ago,4,4,concat,6,https://www.youtube.com/watch?v=E4n0haf2ago
E6F5yU9pgFo,4,4,concat,6,https://www.youtube.com/watch?v=E6F5yU9pgFo
E7IGal2scdU,4,4,concat,6,https://www.youtube.com/watch?v=E7IGal2scdU
E9qCl1gBhNA,4,4,concat,6,https://www.youtube.com/watch?v=E9qCl1gBhNA
EAXKd3pUAcA,4,4,concat,6,https://www.youtube.com/watch?v=EAXKd3pUAcA
EAjVoooNS7w,4,4,concat,6,https://www.youtube.com/watch?v=EAjVoooNS7w
EAuzbfUk7yQ,4,4,concat,6,https://www.youtube.com/watch?v=EAuzbfUk7yQ
EBHzUYYn0aU,4,4,concat,6,https://www.youtube.com/watch?v=EBHzUYYn0aU
EClLhfTV2cI,4,4,concat,6,https://www.youtube.com/watch?v=EClLhfTV2cI
EDNBePUtPOw,4,4,concat,6,https://www.youtube.com/watch?v=EDNBePUtPOw
EEzF7CWG-3s,4,4,concat,6,https://www.youtube.com/watch?v=EEzF7CWG-3s
EFK892NXlSE,4,4,concat,6,https://www.youtube.com/watch?v=EFK892NXlSE
EIxbArykQ_4,4,4,concat,6,https://www.youtube.com/watch?v=EIxbArykQ_4
EPww6APBhZs,4,4,concat,6,https://www.youtube.com/watch?v=EPww6APBhZs
EQJA1jLsN50,4,4,concat,6,https://www.youtube.com/watch?v=EQJA1jLsN50
ERL_2S7YlIs,4,4,concat,6,https://www.youtube.com/watch?v=ERL_2S7YlIs
ERTQYe0k1Iw,4,4,concat,6,https://www.youtube.com/watch?v=ERTQYe0k1Iw
ERo9g9zcWeE,4,4,concat,6,https://www.youtube.com/watch?v=ERo9g9zcWeE
EUKqibHDW2g,4,4,concat,6,https://www.youtube.com/watch?v=EUKqibHDW2g
EWCzW9WOK5U,4,4,concat,6,https://www.youtube.com/watch?v=EWCzW9WOK5U
EWKTrbouLxg,4,4,concat,6,https://www.youtube.com/watch?v=EWKTrbouLxg
EWqw-bwQGjU,4,4,concat,6,https://www.youtube.com/watch?v=EWqw-bwQGjU
EX78dSg6KD0,4,4,concat,6,https://www.youtube.com/watch?v=EX78dSg6KD0
EXKts6xFcYo,4,4,concat,6,https://www.youtube.com/watch?v=EXKts6xFcYo
EY6R0p3RGmw,4,4,concat,6,https://www.youtube.com/watch?v=EY6R0p3RGmw
EYUFiR9_j4A,4,4,concat,6,https://www.youtube.com/watch?v=EYUFiR9_j4A
EYvjLx7EXyE,4,4,concat,6,https://www.youtube.com/watch?v=EYvjLx7EXyE
E_Ozh20TOx4,4,4,concat,6,https://www.youtube.com/watch?v=E_Ozh20TOx4
EdVt175gYr8,4,4,concat,6,https://www.youtube.com/watch?v=EdVt175gYr8
EeCSba4lHto,4,4,concat,6,https://www.youtube.com/watch?v=EeCSba4lHto
Efuy8Bmu54k,4,4,concat,6,https://www.youtube.com/watch?v=Efuy8Bmu54k
Egq2ijgeOmw,4,4,concat,6,https://www.youtube.com/watch?v=Egq2ijgeOmw
EkUpoZwt_W8,4,4,concat,6,https://www.youtube.com/watch?v=EkUpoZwt_W8
Emac-IyAxYc,4,4,concat,6,https://www.youtube.com/watch?v=Emac-IyAxYc
EmnZAeW8ZaE,4,4,concat,6,https://www.youtube.com/watch?v=EmnZAeW8ZaE
EnNpu6O9NzI,4,4,concat,6,https://www.youtube.com/watch?v=EnNpu6O9NzI
EnvQu-93jsE,4,4,concat,6,https://www.youtube.com/watch?v=EnvQu-93jsE
EopISb_4GX4,4,4,concat,6,https://www.youtube.com/watch?v=EopISb_4GX4
EpDFKg2Pz-k,4,4,concat,6,https://www.youtube.com/watch?v=EpDFKg2Pz-k
ErLks02ryh0,4,4,concat,6,https://www.youtube.com/watch?v=ErLks02ryh0
EsPYuzMcsgk,4,4,concat,6,https://www.youtube.com/watch?v=EsPYuzMcsgk
EtuiqLlcxKk,4,4,concat,6,https://www.youtube.com/watch?v=EtuiqLlcxKk
Eu6PCZIYyMY,4,4,concat,6,https://www.youtube.com/watch?v=Eu6PCZIYyMY
EwKRny-SbaY,4,4,concat,6,https://www.youtube.com/watch?v=EwKRny-SbaY
EzI_AlSnPcc,4,4,concat,6,https://www.youtube.com/watch?v=EzI_AlSnPcc
F-WjXjMsc3M,4,4,concat,6,https://www.youtube.com/watch?v=F-WjXjMsc3M
F0NhAJ9_FWM,4,4,concat,6,https://www.youtube.com/watch?v=F0NhAJ9_FWM
F1LqMjBsWp4,4,4,concat,6,https://www.youtube.com/watch?v=F1LqMjBsWp4
F2X5OKfqOzk,4,4,concat,6,https://www.youtube.com/watch?v=F2X5OKfqOzk
F2rcXddhrGM,4,4,concat,6,https://www.youtube.com/watch?v=F2rcXddhrGM
F33aY8bq1lQ,4,4,concat,6,https://www.youtube.com/watch?v=F33aY8bq1lQ
F4evw8zvr3s,4,4,concat,6,https://www.youtube.com/watch?v=F4evw8zvr3s
F7eR92nCN5E,4,4,concat,6,https://www.youtube.com/watch?v=F7eR92nCN5E
F9H7hXb87fg,4,4,concat,6,https://www.youtube.com/watch?v=F9H7hXb87fg
FBLyKSAao4M,4,4,concat,6,https://www.youtube.com/watch?v=FBLyKSAao4M
FDLH7n_Unn4,4,4,concat,6,https://www.youtube.com/watch?v=FDLH7n_Unn4
FHqvaDOnCeA,4,4,concat,6,https://www.youtube.com/watch?v=FHqvaDOnCeA
FIk0jR8X6oc,4,4,concat,6,https://www.youtube.com/watch?v=FIk0jR8X6oc
FJccG0ZYbD8,4,4,concat,6,https://www.youtube.com/watch?v=FJccG0ZYbD8
FJksFuI_Bqo,4,4,concat,6,https://www.youtube.com/watch?v=FJksFuI_Bqo
FL30_22UwyU,4,4,concat,6,https://www.youtube.com/watch?v=FL30_22UwyU
FLDKauBApsc,4,4,concat,6,https://www.youtube.com/watch?v=FLDKauBApsc
FMg2c8A0HgU,4,4,concat,6,https://www.youtube.com/watch?v=FMg2c8A0HgU
FMp3ShRU6pI,4,4,concat,6,https://www.youtube.com/watch?v=FMp3ShRU6pI
FNGQCxwdoe8,4,4,concat,6,https://www.youtube.com/watch?v=FNGQCxwdoe8
FPwP6WoYoro,4,4,concat,6,https://www.youtube.com/watch?v=FPwP6WoYoro
FQ4UfCaS118,4,4,concat,6,https://www.youtube.com/watch?v=FQ4UfCaS118
FQbOpAO0dJY,4,4,concat,6,https://www.youtube.com/watch?v=FQbOpAO0dJY
FSMADREqAg8,4,4,concat,6,https://www.youtube.com/watch?v=FSMADREqAg8
FTCz2g6cs1E,4,4,concat,6,https://www.youtube.com/watch?v=FTCz2g6cs1E
FV6-UJedvSc,4,4,concat,6,https://www.youtube.com/watch?v=FV6-UJedvSc
FWfK0-a5SDs,4,4,concat,6,https://www.youtube.com/watch?v=FWfK0-a5SDs
FXZGgXIr-x4,4,4,concat,6,https://www.youtube.com/watch?v=FXZGgXIr-x4
FXZnX3ZxOC8,4,4,concat,6,https://www.youtube.com/watch?v=FXZnX3ZxOC8
FZKl3onP0Hc,4,4,concat,6,https://www.youtube.com/watch?v=FZKl3onP0Hc
FZtUKOYX99I,4,4,concat,6,https://www.youtube.com/watch?v=FZtUKOYX99I
Fbj_XIV29bw,4,4,concat,6,https://www.youtube.com/watch?v=Fbj_XIV29bw
FbxNkwBcq4I,4,4,concat,6,https://www.youtube.com/watch?v=FbxNkwBcq4I
FcZC52hWw5o,4,4,concat,6,https://www.youtube.com/watch?v=FcZC52hWw5o
FdJN2cozuK8,4,4,concat,6,https://www.youtube.com/watch?v=FdJN2cozuK8
FeVml0aS4po,4,4,concat,6,https://www.youtube.com/watch?v=FeVml0aS4po
FhZNiUktBmA,4,4,concat,6,https://www.youtube.com/watch?v=FhZNiUktBmA
FlynLofJBWs,4,4,concat,6,https://www.youtube.com/watch?v=FlynLofJBWs
Fng6fXEfKWY,4,4,concat,6,https://www.youtube.com/watch?v=Fng6fXEfKWY
Fq_vm9hsvaM,4,4,concat,6,https://www.youtube.com/watch?v=Fq_vm9hsvaM
FsVLjyzdT9I,4,4,concat,6,https://www.youtube.com/watch?v=FsVLjyzdT9I
FumkcNUs5V4,4,4,concat,6,https://www.youtube.com/watch?v=FumkcNUs5V4
FwXq6_lAxMQ,4,4,concat,6,https://www.youtube.com/watch?v=FwXq6_lAxMQ
FxwqeVaXkOQ,4,4,concat,6,https://www.youtube.com/watch?v=FxwqeVaXkOQ
FyB_pZ7IUFw,4,4,concat,6,https://www.youtube.com/watch?v=FyB_pZ7IUFw
G23VqT7A1Vs,4,4,concat,6,https://www.youtube.com/watch?v=G23VqT7A1Vs
G2JowFguRP0,4,4,concat,6,https://www.youtube.com/watch?v=G2JowFguRP0
G2yGPfoYti4,4,4,concat,6,https://www.youtube.com/watch?v=G2yGPfoYti4
G4JKDj7uync,4,4,concat,6,https://www.youtube.com/watch?v=G4JKDj7uync
G52-hbIiwyM,4,4,concat,6,https://www.youtube.com/watch?v=G52-hbIiwyM
G5Da6achIgI,4,4,concat,6,https://www.youtube.com/watch?v=G5Da6achIgI
G8noasj58hI,4,4,concat,6,https://www.youtube.com/watch?v=G8noasj58hI
GA81vUJmQJQ,4,4,concat,6,https://www.youtube.com/watch?v=GA81vUJmQJQ
GBdtN3DAqhk,4,4,concat,6,https://www.youtube.com/watch?v=GBdtN3DAqhk
GD8PDdJV8-A,4,4,concat,6,https://www.youtube.com/watch?v=GD8PDdJV8-A
GDNd-mjcScU,4,4,concat,6,https://www.youtube.com/watch?v=GDNd-mjcScU
GDjDgYX3UGE,4,4,concat,6,https://www.youtube.com/watch?v=GDjDgYX3UGE
GEPDgp5EcAY,4,4,concat,6,https://www.youtube.com/watch?v=GEPDgp5EcAY
GF4nPfqTbzA,4,4,concat,6,https://www.youtube.com/watch?v=GF4nPfqTbzA
GFJch7fvHnU,4,4,concat,6,https://www.youtube.com/watch?v=GFJch7fvHnU
GGrGcLztru4,4,4,concat,6,https://www.youtube.com/watch?v=GGrGcLztru4
GHtMiQqftos,4,4,concat,6,https://www.youtube.com/watch?v=GHtMiQqftos
GHzecPfyl8E,4,4,concat,6,https://www.youtube.com/watch?v=GHzecPfyl8E
GISznubxdOs,4,4,concat,6,https://www.youtube.com/watch?v=GISznubxdOs
GKnkZc5CfR8,4,4,concat,6,https://www.youtube.com/watch?v=GKnkZc5CfR8
GKr9g1C6WyM,4,4,concat,6,https://www.youtube.com/watch?v=GKr9g1C6WyM
GPmBrhu2aP4,4,4,concat,6,https://www.youtube.com/watch?v=GPmBrhu2aP4
GQXO_LxVIjQ,4,4,concat,6,https://www.youtube.com/watch?v=GQXO_LxVIjQ
GSQlgaPShcw,4,4,concat,6,https://www.youtube.com/watch?v=GSQlgaPShcw
GUE5CK_dVko,4,4,concat,6,https://www.youtube.com/watch?v=GUE5CK_dVko
GVDmn90Aixs,4,4,concat,6,https://www.youtube.com/watch?v=GVDmn90Aixs
GXk2cIbv9jg,4,4,concat,6,https://www.youtube.com/watch?v=GXk2cIbv9jg
GYD7Y4HnxQM,4,4,concat,6,https://www.youtube.com/watch?v=GYD7Y4HnxQM
GZVKO0bst0I,4,4,concat,6,https://www.youtube.com/watch?v=GZVKO0bst0I
GZjHkriFDtA,4,4,concat,6,https://www.youtube.com/watch?v=GZjHkriFDtA
G_20tUl3Xbc,4,4,concat,6,https://www.youtube.com/watch?v=G_20tUl3Xbc
GaDJiDvAPI0,4,4,concat,6,https://www.youtube.com/watch?v=GaDJiDvAPI0
GbyuaquiMWs,4,4,concat,6,https://www.youtube.com/watch?v=GbyuaquiMWs
GcgPzruFE78,4,4,concat,6,https://www.youtube.com/watch?v=GcgPzruFE78
Gg1jukjg5rQ,4,4,concat,6,https://www.youtube.com/watch?v=Gg1jukjg5rQ
Gg2JgQzDn5E,4,4,concat,6,https://www.youtube.com/watch?v=Gg2JgQzDn5E
GjBZFVPs3sg,4,4,concat,6,https://www.youtube.com/watch?v=GjBZFVPs3sg
GluvbAmRRYc,4,4,concat,6,https://www.youtube.com/watch?v=GluvbAmRRYc
GlxDGJbVm2Q,4,4,concat,6,https://www.youtube.com/watch?v=GlxDGJbVm2Q
Gng7pOnm1Jw,4,4,concat,6,https://www.youtube.com/watch?v=Gng7pOnm1Jw
GnkObro7gao,4,4,concat,6,https://www.youtube.com/watch?v=GnkObro7gao
GofFwHRkRBM,4,4,concat,6,https://www.youtube.com/watch?v=GofFwHRkRBM
GqOr8IdMNM8,4,4,concat,6,https://www.youtube.com/watch?v=GqOr8IdMNM8
GrlqeRHWrNM,4,4,concat,6,https://www.youtube.com/watch?v=GrlqeRHWrNM
Gs8dkYozXkk,4,4,concat,6,https://www.youtube.com/watch?v=Gs8dkYozXkk
Gv6JEPRB0MM,4,4,concat,6,https://www.youtube.com/watch?v=Gv6JEPRB0MM
GvG1JLNST6E,4,4,concat,6,https://www.youtube.com/watch?v=GvG1JLNST6E
GxNY4_fyWJA,4,4,concat,6,https://www.youtube.com/watch?v=GxNY4_fyWJA
GxzRPdGC-rM,4,4,concat,6,https://www.youtube.com/watch?v=GxzRPdGC-rM
H0wYUSs6XQA,4,4,concat,6,https://www.youtube.com/watch?v=H0wYUSs6XQA
H1WkQDJ9a4I,4,4,concat,6,https://www.youtube.com/watch?v=H1WkQDJ9a4I
H1yu9hLMdzQ,4,4,concat,6,https://www.youtube.com/watch?v=H1yu9hLMdzQ
H2lwmDaYTjI,4,4,concat,6,https://www.youtube.com/watch?v=H2lwmDaYTjI
H2mL646Sf0U,4,4,concat,6,https://www.youtube.com/watch?v=H2mL646Sf0U
H4PnJS2fjZo,4,4,concat,6,https://www.youtube.com/watch?v=H4PnJS2fjZo
H585_a1kxcQ,4,4,concat,6,https://www.youtube.com/watch?v=H585_a1kxcQ
H5NmB_F67fk,4,4,concat,6,https://www.youtube.com/watch?v=H5NmB_F67fk
H6UwTdmQQVk,4,4,concat,6,https://www.youtube.com/watch?v=H6UwTdmQQVk
H8yyi6ckaow,4,4,concat,6,https://www.youtube.com/watch?v=H8yyi6ckaow
H9T0e_SVW2s,4,4,concat,6,https://www.youtube.com/watch?v=H9T0e_SVW2s
HANLQs1a-K0,4,4,concat,6,https://www.youtube.com/watch?v=HANLQs1a-K0
HATgiMcECy0,4,4,concat,6,https://www.youtube.com/watch?v=HATgiMcECy0
HCqz0_r7ai0,4,4,concat,6,https://www.youtube.com/watch?v=HCqz0_r7ai0
HDB-cHkdV_4,4,4,concat,6,https://www.youtube.com/watch?v=HDB-cHkdV_4
HERU-P56QtM,4,4,concat,6,https://www.youtube.com/watch?v=HERU-P56QtM
HErGV8_sCdE,4,4,concat,6,https://www.youtube.com/watch?v=HErGV8_sCdE
HFjLEaTLYXA,4,4,concat,6,https://www.youtube.com/watch?v=HFjLEaTLYXA
HJHPxLKXTNg,4,4,concat,6,https://www.youtube.com/watch?v=HJHPxLKXTNg
HL6YOx7Dm2g,4,4,concat,6,https://www.youtube.com/watch?v=HL6YOx7Dm2g
HN0NnryzKQQ,4,4,concat,6,https://www.youtube.com/watch?v=HN0NnryzKQQ
HOf7FofMubU,4,4,concat,6,https://www.youtube.com/watch?v=HOf7FofMubU
HOnZuWGvb2M,4,4,concat,6,https://www.youtube.com/watch?v=HOnZuWGvb2M
HOtkXCNBGiQ,4,4,concat,6,https://www.youtube.com/watch?v=HOtkXCNBGiQ
HPARS9-iasE,4,4,concat,6,https://www.youtube.com/watch?v=HPARS9-iasE
HQpkdYGIXKo,4,4,concat,6,https://www.youtube.com/watch?v=HQpkdYGIXKo
HQveXSVjBv4,4,4,concat,6,https://www.youtube.com/watch?v=HQveXSVjBv4
HTBMp0OeqpQ,4,4,concat,6,https://www.youtube.com/watch?v=HTBMp0OeqpQ
HTFdBouzQaw,4,4,concat,6,https://www.youtube.com/watch?v=HTFdBouzQaw
HUIjTrX127k,4,4,concat,6,https://www.youtube.com/watch?v=HUIjTrX127k
HVIv0IuGAZw,4,4,concat,6,https://www.youtube.com/watch?v=HVIv0IuGAZw
HVi2bvb6r3Y,4,4,concat,6,https://www.youtube.com/watch?v=HVi2bvb6r3Y
H_37AaCsYkQ,4,4,concat,6,https://www.youtube.com/watch?v=H_37AaCsYkQ
Hayjk1glU9E,4,4,concat,6,https://www.youtube.com/watch?v=Hayjk1glU9E
Hbdyg8BgkD4,4,4,concat,6,https://www.youtube.com/watch?v=Hbdyg8BgkD4
HdFxibVJ7UY,4,4,concat,6,https://www.youtube.com/watch?v=HdFxibVJ7UY
He8xkGDMIE4,4,4,concat,6,https://www.youtube.com/watch?v=He8xkGDMIE4
Hf0ycFJd6Ow,4,4,concat,6,https://www.youtube.com/watch?v=Hf0ycFJd6Ow
HgDYtqSRsPU,4,4,concat,6,https://www.youtube.com/watch?v=HgDYtqSRsPU
HgQoypOaULo,4,4,concat,6,https://www.youtube.com/watch?v=HgQoypOaULo
HjEYFcr35cg,4,4,concat,6,https://www.youtube.com/watch?v=HjEYFcr35cg
HlZjVmp_Xyw,4,4,concat,6,https://www.youtube.com/watch?v=HlZjVmp_Xyw
HmObS84l-lY,4,4,concat,6,https://www.youtube.com/watch?v=HmObS84l-lY
Hn0d8LwSJJw,4,4,concat,6,https://www.youtube.com/watch?v=Hn0d8LwSJJw
HrVmXaTWwPs,4,4,concat,6,https://www.youtube.com/watch?v=HrVmXaTWwPs
HriOwijC4fs,4,4,concat,6,https://www.youtube.com/watch?v=HriOwijC4fs
HsMisAh-k04,4,4,concat,6,https://www.youtube.com/watch?v=HsMisAh-k04
HuhLBDQQ9zA,4,4,concat,6,https://www.youtube.com/watch?v=HuhLBDQQ9zA
HxuR6qUfkzw,4,4,concat,6,https://www.youtube.com/watch?v=HxuR6qUfkzw
I1hp9Pi4e4Y,4,4,concat,6,https://www.youtube.com/watch?v=I1hp9Pi4e4Y
I23a-XcnDrM,4,4,concat,6,https://www.youtube.com/watch?v=I23a-XcnDrM
I7NzRle2T5s,4,4,concat,6,https://www.youtube.com/watch?v=I7NzRle2T5s
I7wBrnWoddc,4,4,concat,6,https://www.youtube.com/watch?v=I7wBrnWoddc
I7xbTmNA4ng,4,4,concat,6,https://www.youtube.com/watch?v=I7xbTmNA4ng
I8BysDGyH-s,4,4,concat,6,https://www.youtube.com/watch?v=I8BysDGyH-s
IA0MgTWmYG4,4,4,concat,6,https://www.youtube.com/watch?v=IA0MgTWmYG4
IANzkLIshB4,4,4,concat,6,https://www.youtube.com/watch?v=IANzkLIshB4
IAcQeOreQQI,4,4,concat,6,https://www.youtube.com/watch?v=IAcQeOreQQI
IDY9GBR3Hc4,4,4,concat,6,https://www.youtube.com/watch?v=IDY9GBR3Hc4
IEJl0roSwvA,4,4,concat,6,https://www.youtube.com/watch?v=IEJl0roSwvA
IGE-qpr5lbc,4,4,concat,6,https://www.youtube.com/watch?v=IGE-qpr5lbc
IGWzt8boqN8,4,4,concat,6,https://www.youtube.com/watch?v=IGWzt8boqN8
IHotQbHTEqw,4,4,concat,6,https://www.youtube.com/watch?v=IHotQbHTEqw
ILoIl3SKZCM,4,4,concat,6,https://www.youtube.com/watch?v=ILoIl3SKZCM
IMpzf6TEsSA,4,4,concat,6,https://www.youtube.com/watch?v=IMpzf6TEsSA
IOxr25fDDdc,4,4,concat,6,https://www.youtube.com/watch?v=IOxr25fDDdc
IP1OjSMiYnI,4,4,concat,6,https://www.youtube.com/watch?v=IP1OjSMiYnI
IPidwtG37Sg,4,4,concat,6,https://www.youtube.com/watch?v=IPidwtG37Sg
ISIf0Xd-WpE,4,4,concat,6,https://www.youtube.com/watch?v=ISIf0Xd-WpE
IU3uc63VFz0,4,4,concat,6,https://www.youtube.com/watch?v=IU3uc63VFz0
IUs5nYfYRTE,4,4,concat,6,https://www.youtube.com/watch?v=IUs5nYfYRTE
IZCFXUsj3mY,4,4,concat,6,https://www.youtube.com/watch?v=IZCFXUsj3mY
Ib2XxyGI4lw,4,4,concat,6,https://www.youtube.com/watch?v=Ib2XxyGI4lw
IbEv7b2KOOo,4,4,concat,6,https://www.youtube.com/watch?v=IbEv7b2KOOo
IbbPgK_BSmw,4,4,concat,6,https://www.youtube.com/watch?v=IbbPgK_BSmw
IcGi1EUduCM,4,4,concat,6,https://www.youtube.com/watch?v=IcGi1EUduCM
IcuMLnA4aGk,4,4,concat,6,https://www.youtube.com/watch?v=IcuMLnA4aGk
IdCUNHB8AEc,4,4,concat,6,https://www.youtube.com/watch?v=IdCUNHB8AEc
IdCl6XMcV6g,4,4,concat,6,https://www.youtube.com/watch?v=IdCl6XMcV6g
Ie-oY6d4Lao,4,4,concat,6,https://www.youtube.com/watch?v=Ie-oY6d4Lao
IgNaShg8uB8,4,4,concat,6,https://www.youtube.com/watch?v=IgNaShg8uB8
IgYTcVxCu5I,4,4,concat,6,https://www.youtube.com/watch?v=IgYTcVxCu5I
Ii17UgKDnmA,4,4,concat,6,https://www.youtube.com/watch?v=Ii17UgKDnmA
IjUw0vcJ3SE,4,4,concat,6,https://www.youtube.com/watch?v=IjUw0vcJ3SE
IjYMFOB8XhM,4,4,concat,6,https://www.youtube.com/watch?v=IjYMFOB8XhM
Ilnk3YFqXtw,4,4,concat,6,https://www.youtube.com/watch?v=Ilnk3YFqXtw
Io62IjUN-6k,4,4,concat,6,https://www.youtube.com/watch?v=Io62IjUN-6k
Ir31TeOQevM,4,4,concat,6,https://www.youtube.com/watch?v=Ir31TeOQevM
IrMlyVElc14,4,4,concat,6,https://www.youtube.com/watch?v=IrMlyVElc14
IsDKHA6KvhU,4,4,concat,6,https://www.youtube.com/watch?v=IsDKHA6KvhU
IuJabilpndU,4,4,concat,6,https://www.youtube.com/watch?v=IuJabilpndU
IugFnIsA5Vo,4,4,concat,6,https://www.youtube.com/watch?v=IugFnIsA5Vo
IvJQj1YRoY4,4,4,concat,6,https://www.youtube.com/watch?v=IvJQj1YRoY4
Ivar-cTSZhI,4,4,concat,6,https://www.youtube.com/watch?v=Ivar-cTSZhI
IwYnujah4Ns,4,4,concat,6,https://www.youtube.com/watch?v=IwYnujah4Ns
IxbC-YpEZPc,4,4,concat,6,https://www.youtube.com/watch?v=IxbC-YpEZPc
IzR5yWOFseM,4,4,concat,6,https://www.youtube.com/watch?v=IzR5yWOFseM
J0W3Hw94ShA,4,4,concat,6,https://www.youtube.com/watch?v=J0W3Hw94ShA
J0mYXTXSgwY,4,4,concat,6,https://www.youtube.com/watch?v=J0mYXTXSgwY
J1xAEEXT04E,4,4,concat,6,https://www.youtube.com/watch?v=J1xAEEXT04E
J2EL6EiS8rU,4,4,concat,6,https://www.youtube.com/watch?v=J2EL6EiS8rU
J2J--Z7HAAI,4,4,concat,6,https://www.youtube.com/watch?v=J2J--Z7HAAI
J2Z6PYPG3_g,4,4,concat,6,https://www.youtube.com/watch?v=J2Z6PYPG3_g
J2wNymKaXQI,4,4,concat,6,https://www.youtube.com/watch?v=J2wNymKaXQI
J3xEOVCmKQ0,4,4,concat,6,https://www.youtube.com/watch?v=J3xEOVCmKQ0
J5HfECiAo5g,4,4,concat,6,https://www.youtube.com/watch?v=J5HfECiAo5g
J664_BefumU,4,4,concat,6,https://www.youtube.com/watch?v=J664_BefumU
J7N-7ck-WhY,4,4,concat,6,https://www.youtube.com/watch?v=J7N-7ck-WhY
J7SFK8-c5Qc,4,4,concat,6,https://www.youtube.com/watch?v=J7SFK8-c5Qc
J9zUBOTYG_Y,4,4,concat,6,https://www.youtube.com/watch?v=J9zUBOTYG_Y
JCt8UaVJy-0,4,4,concat,6,https://www.youtube.com/watch?v=JCt8UaVJy-0
JCyOWTQxRDY,4,4,concat,6,https://www.youtube.com/watch?v=JCyOWTQxRDY
JE8Ibs7GAXg,4,4,concat,6,https://www.youtube.com/watch?v=JE8Ibs7GAXg
JF14TeESUZI,4,4,concat,6,https://www.youtube.com/watch?v=JF14TeESUZI
JF56hfN_Xis,4,4,concat,6,https://www.youtube.com/watch?v=JF56hfN_Xis
JFvnJpw4JBk,4,4,concat,6,https://www.youtube.com/watch?v=JFvnJpw4JBk
JGXpe8Dfc-k,4,4,concat,6,https://www.youtube.com/watch?v=JGXpe8Dfc-k
JHaMfYZ4Rl4,4,4,concat,6,https://www.youtube.com/watch?v=JHaMfYZ4Rl4
JJ7f3VBCgjM,4,4,concat,6,https://www.youtube.com/watch?v=JJ7f3VBCgjM
JM7ulAvPMDY,4,4,concat,6,https://www.youtube.com/watch?v=JM7ulAvPMDY
JMB0fowXnBk,4,4,concat,6,https://www.youtube.com/watch?v=JMB0fowXnBk
JMd9e6dJqG0,4,4,concat,6,https://www.youtube.com/watch?v=JMd9e6dJqG0
JTvi3ZRnWpU,4,4,concat,6,https://www.youtube.com/watch?v=JTvi3ZRnWpU
JWmUjeS6CFw,4,4,concat,6,https://www.youtube.com/watch?v=JWmUjeS6CFw
JYix6t19DG4,4,4,concat,6,https://www.youtube.com/watch?v=JYix6t19DG4
JZEW1yMH2GI,4,4,concat,6,https://www.youtube.com/watch?v=JZEW1yMH2GI
J_i2x1jMuhc,4,4,concat,6,https://www.youtube.com/watch?v=J_i2x1jMuhc
JaRStzZ_eEs,4,4,concat,6,https://www.youtube.com/watch?v=JaRStzZ_eEs
Jbrroydg8wc,4,4,concat,6,https://www.youtube.com/watch?v=Jbrroydg8wc
JfBgHhFpVMs,4,4,concat,6,https://www.youtube.com/watch?v=JfBgHhFpVMs
JhDHhAiociM,4,4,concat,6,https://www.youtube.com/watch?v=JhDHhAiociM
JhhAxRxqWO0,4,4,concat,6,https://www.youtube.com/watch?v=JhhAxRxqWO0
JlE8dElzamE,4,4,concat,6,https://www.youtube.com/watch?v=JlE8dElzamE
JqC2lF8LzGQ,4,4,concat,6,https://www.youtube.com/watch?v=JqC2lF8LzGQ
JrKB_4OgDS8,4,4,concat,6,https://www.youtube.com/watch?v=JrKB_4OgDS8
JrwLgkwzn8Q,4,4,concat,6,https://www.youtube.com/watch?v=JrwLgkwzn8Q
JtijaoX3vjQ,4,4,concat,6,https://www.youtube.com/watch?v=JtijaoX3vjQ
Ju6lj9PnTnw,4,4,concat,6,https://www.youtube.com/watch?v=Ju6lj9PnTnw
JuR81quGJr0,4,4,concat,6,https://www.youtube.com/watch?v=JuR81quGJr0
Jz07W6HsGjw,4,4,concat,6,https://www.youtube.com/watch?v=Jz07W6HsGjw
JzjhleWrbfQ,4,4,concat,6,https://www.youtube.com/watch?v=JzjhleWrbfQ
K-cFkcAsJyU,4,4,concat,6,https://www.youtube.com/watch?v=K-cFkcAsJyU
K-sVN6ZeDKY,4,4,concat,6,https://www.youtube.com/watch?v=K-sVN6ZeDKY
K0P4G2duerQ,4,4,concat,6,https://www.youtube.com/watch?v=K0P4G2duerQ
K0hBcGU9Y18,4,4,concat,6,https://www.youtube.com/watch?v=K0hBcGU9Y18
K3wcW5DqfD4,4,4,concat,6,https://www.youtube.com/watch?v=K3wcW5DqfD4
K51_Ul3IJB4,4,4,concat,6,https://www.youtube.com/watch?v=K51_Ul3IJB4
K54LHQcTfwo,4,4,concat,6,https://www.youtube.com/watch?v=K54LHQcTfwo
K66HkImlzUg,4,4,concat,6,https://www.youtube.com/watch?v=K66HkImlzUg
K6A81O_qC78,4,4,concat,6,https://www.youtube.com/watch?v=K6A81O_qC78
K8jIiUENrhg,4,4,concat,6,https://www.youtube.com/watch?v=K8jIiUENrhg
KASjMq8zrN8,4,4,concat,6,https://www.youtube.com/watch?v=KASjMq8zrN8
KAh6sKSSBPg,4,4,concat,6,https://www.youtube.com/watch?v=KAh6sKSSBPg
KCLAv3otAMM,4,4,concat,6,https://www.youtube.com/watch?v=KCLAv3otAMM
KDYV5wB3Xag,4,4,concat,6,https://www.youtube.com/watch?v=KDYV5wB3Xag
KEG53VODWkE,4,4,concat,6,https://www.youtube.com/watch?v=KEG53VODWkE
KElE2elXQ1s,4,4,concat,6,https://www.youtube.com/watch?v=KElE2elXQ1s
KG8ZZrhC-Fk,4,4,concat,6,https://www.youtube.com/watch?v=KG8ZZrhC-Fk
KIzE2P_XSH4,4,4,concat,6,https://www.youtube.com/watch?v=KIzE2P_XSH4
KJU7_QIR1RE,4,4,concat,6,https://www.youtube.com/watch?v=KJU7_QIR1RE
KKdXqXbZ1kc,4,4,concat,6,https://www.youtube.com/watch?v=KKdXqXbZ1kc
KNE8z4GPY1I,4,4,concat,6,https://www.youtube.com/watch?v=KNE8z4GPY1I
KOT8akwpbUM,4,4,concat,6,https://www.youtube.com/watch?v=KOT8akwpbUM
KP61x4sT69Q,4,4,concat,6,https://www.youtube.com/watch?v=KP61x4sT69Q
KSDY_F8Rs7g,4,4,concat,6,https://www.youtube.com/watch?v=KSDY_F8Rs7g
KT7jmMpMG-E,4,4,concat,6,https://www.youtube.com/watch?v=KT7jmMpMG-E
KV-Vo1kyN0M,4,4,concat,6,https://www.youtube.com/watch?v=KV-Vo1kyN0M
KVGK8i6bKwQ,4,4,concat,6,https://www.youtube.com/watch?v=KVGK8i6bKwQ
KWJIR2UHggY,4,4,concat,6,https://www.youtube.com/watch?v=KWJIR2UHggY
KXNFvowt6Sw,4,4,concat,6,https://www.youtube.com/watch?v=KXNFvowt6Sw
K_CklnhJczA,4,4,concat,6,https://www.youtube.com/watch?v=K_CklnhJczA
KcVyp_KmIt0,4,4,concat,6,https://www.youtube.com/watch?v=KcVyp_KmIt0
KdMbvAyVDF8,4,4,concat,6,https://www.youtube.com/watch?v=KdMbvAyVDF8
KgWJBefbm9U,4,4,concat,6,https://www.youtube.com/watch?v=KgWJBefbm9U
Kl3FaobQ3r0,4,4,concat,6,https://www.youtube.com/watch?v=Kl3FaobQ3r0
KlhZN35fZkA,4,4,concat,6,https://www.youtube.com/watch?v=KlhZN35fZkA
Km6w28Q2Evw,4,4,concat,6,https://www.youtube.com/watch?v=Km6w28Q2Evw
KnVnHXG3ZHo,4,4,concat,6,https://www.youtube.com/watch?v=KnVnHXG3ZHo
Ko3KM9u2ZKk,4,4,concat,6,https://www.youtube.com/watch?v=Ko3KM9u2ZKk
KpzdxXC7aJU,4,4,concat,6,https://www.youtube.com/watch?v=KpzdxXC7aJU
Kq40revmCDw,4,4,concat,6,https://www.youtube.com/watch?v=Kq40revmCDw
KsK99zYSEqU,4,4,concat,6,https://www.youtube.com/watch?v=KsK99zYSEqU
Kt9Lv11k20A,4,4,concat,6,https://www.youtube.com/watch?v=Kt9Lv11k20A
KwG37hCelm4,4,4,concat,6,https://www.youtube.com/watch?v=KwG37hCelm4
KwYDasj1U1A,4,4,concat,6,https://www.youtube.com/watch?v=KwYDasj1U1A
KxNKbD4qgFY,4,4,concat,6,https://www.youtube.com/watch?v=KxNKbD4qgFY
L-icLTCMuaA,4,4,concat,6,https://www.youtube.com/watch?v=L-icLTCMuaA
L0LD12CN6J8,4,4,concat,6,https://www.youtube.com/watch?v=L0LD12CN6J8
L0T6COOJPDU,4,4,concat,6,https://www.youtube.com/watch?v=L0T6COOJPDU
L0TR_EksoVY,4,4,concat,6,https://www.youtube.com/watch?v=L0TR_EksoVY
L8FGD2vutQs,4,4,concat,6,https://www.youtube.com/watch?v=L8FGD2vutQs
L8esjIf3Wh4,4,4,concat,6,https://www.youtube.com/watch?v=L8esjIf3Wh4
LBY4TPmnlB0,4,4,concat,6,https://www.youtube.com/watch?v=LBY4TPmnlB0
LIVW0_RSfsU,4,4,concat,6,https://www.youtube.com/watch?v=LIVW0_RSfsU
LKAud68yp0A,4,4,concat,6,https://www.youtube.com/watch?v=LKAud68yp0A
LKdPVDTaPAw,4,4,concat,6,https://www.youtube.com/watch?v=LKdPVDTaPAw
LKoqdIM-8MU,4,4,concat,6,https://www.youtube.com/watch?v=LKoqdIM-8MU
LKtWQB-6ki4,4,4,concat,6,https://www.youtube.com/watch?v=LKtWQB-6ki4
LLXfMVuvtj8,4,4,concat,6,https://www.youtube.com/watch?v=LLXfMVuvtj8
LMcn_QpEwpI,4,4,concat,6,https://www.youtube.com/watch?v=LMcn_QpEwpI
LNQ_uP3YRM8,4,4,concat,6,https://www.youtube.com/watch?v=LNQ_uP3YRM8
LP-RAMWG_tQ,4,4,concat,6,https://www.youtube.com/watch?v=LP-RAMWG_tQ
LPIFenh3vGo,4,4,concat,6,https://www.youtube.com/watch?v=LPIFenh3vGo
LQ0G57PTOq4,4,4,concat,6,https://www.youtube.com/watch?v=LQ0G57PTOq4
LQILI6VrQIg,4,4,concat,6,https://www.youtube.com/watch?v=LQILI6VrQIg
LU56vO6ctUs,4,4,concat,6,https://www.youtube.com/watch?v=LU56vO6ctUs
LUjvi-5wFNI,4,4,concat,6,https://www.youtube.com/watch?v=LUjvi-5wFNI
LUyiK_vqveg,4,4,concat,6,https://www.youtube.com/watch?v=LUyiK_vqveg
LXfZGjPuqk8,4,4,concat,6,https://www.youtube.com/watch?v=LXfZGjPuqk8
LY1QI42se40,4,4,concat,6,https://www.youtube.com/watch?v=LY1QI42se40
LZMYmSoJG0A,4,4,concat,6,https://www.youtube.com/watch?v=LZMYmSoJG0A
LZb7UTaCfug,4,4,concat,6,https://www.youtube.com/watch?v=LZb7UTaCfug
L_1ZhoOryQQ,4,4,concat,6,https://www.youtube.com/watch?v=L_1ZhoOryQQ
LbdJh81dr-8,4,4,concat,6,https://www.youtube.com/watch?v=LbdJh81dr-8
Lc3A4AkLnUk,4,4,concat,6,https://www.youtube.com/watch?v=Lc3A4AkLnUk
LeDpQdRBJw0,4,4,concat,6,https://www.youtube.com/watch?v=LeDpQdRBJw0
LfBhIeN2wrE,4,4,concat,6,https://www.youtube.com/watch?v=LfBhIeN2wrE
LfcL0LZKdMs,4,4,concat,6,https://www.youtube.com/watch?v=LfcL0LZKdMs
Lh2YXA2ogNI,4,4,concat,6,https://www.youtube.com/watch?v=Lh2YXA2ogNI
LiOC9nfhew8,4,4,concat,6,https://www.youtube.com/watch?v=LiOC9nfhew8
LiRoQMZYvQs,4,4,concat,6,https://www.youtube.com/watch?v=LiRoQMZYvQs
LiSDnkHnmBM,4,4,concat,6,https://www.youtube.com/watch?v=LiSDnkHnmBM
LiyB0zdXbAs,4,4,concat,6,https://www.youtube.com/watch?v=LiyB0zdXbAs
LjCRqGbDLgY,4,4,concat,6,https://www.youtube.com/watch?v=LjCRqGbDLgY
Ljzqx99xdqU,4,4,concat,6,https://www.youtube.com/watch?v=Ljzqx99xdqU
LnDCz06mkao,4,4,concat,6,https://www.youtube.com/watch?v=LnDCz06mkao
LnqH02mE9Dw,4,4,concat,6,https://www.youtube.com/watch?v=LnqH02mE9Dw
LpP6pt3loPo,4,4,concat,6,https://www.youtube.com/watch?v=LpP6pt3loPo
LqMhUSWirAs,4,4,concat,6,https://www.youtube.com/watch?v=LqMhUSWirAs
LrDFgVORR9c,4,4,concat,6,https://www.youtube.com/watch?v=LrDFgVORR9c
Lsg5T7n90bg,4,4,concat,6,https://www.youtube.com/watch?v=Lsg5T7n90bg
Lt4gvd0b-ro,4,4,concat,6,https://www.youtube.com/watch?v=Lt4gvd0b-ro
LwPgsXKLOQY,4,4,concat,6,https://www.youtube.com/watch?v=LwPgsXKLOQY
LzW9Pl_wkrk,4,4,concat,6,https://www.youtube.com/watch?v=LzW9Pl_wkrk
M0ONo882JFs,4,4,concat,6,https://www.youtube.com/watch?v=M0ONo882JFs
M1Q3YO7dGmk,4,4,concat,6,https://www.youtube.com/watch?v=M1Q3YO7dGmk
M2ykI4eH8kA,4,4,concat,6,https://www.youtube.com/watch?v=M2ykI4eH8kA
M3bfNywaqhc,4,4,concat,6,https://www.youtube.com/watch?v=M3bfNywaqhc
M5WumucQ9mg,4,4,concat,6,https://www.youtube.com/watch?v=M5WumucQ9mg
M5rjX4vhlgQ,4,4,concat,6,https://www.youtube.com/watch?v=M5rjX4vhlgQ
M6HkS3Ge9PE,4,4,concat,6,https://www.youtube.com/watch?v=M6HkS3Ge9PE
M7bGFRbQsVk,4,4,concat,6,https://www.youtube.com/watch?v=M7bGFRbQsVk
M9D3AthYu84,4,4,concat,6,https://www.youtube.com/watch?v=M9D3AthYu84
MA-GMl1-7-U,4,4,concat,6,https://www.youtube.com/watch?v=MA-GMl1-7-U
MEAzw7td6wM,4,4,concat,6,https://www.youtube.com/watch?v=MEAzw7td6wM
MH3_YoF_b3M,4,4,concat,6,https://www.youtube.com/watch?v=MH3_YoF_b3M
MJSsS--X-x0,4,4,concat,6,https://www.youtube.com/watch?v=MJSsS--X-x0
MK3LyytvgHc,4,4,concat,6,https://www.youtube.com/watch?v=MK3LyytvgHc
MKmtE1mUm4w,4,4,concat,6,https://www.youtube.com/watch?v=MKmtE1mUm4w
MM1mfqjN-VA,4,4,concat,6,https://www.youtube.com/watch?v=MM1mfqjN-VA
MNZeduzCkrw,4,4,concat,6,https://www.youtube.com/watch?v=MNZeduzCkrw
MOxP4Jlju-w,4,4,concat,6,https://www.youtube.com/watch?v=MOxP4Jlju-w
MPgl80Ibjx4,4,4,concat,6,https://www.youtube.com/watch?v=MPgl80Ibjx4
MV3r7mdFCPY,4,4,concat,6,https://www.youtube.com/watch?v=MV3r7mdFCPY
MVSe_yfAJHE,4,4,concat,6,https://www.youtube.com/watch?v=MVSe_yfAJHE
MVedECnCeJ4,4,4,concat,6,https://www.youtube.com/watch?v=MVedECnCeJ4
MW0RkmD406E,4,4,concat,6,https://www.youtube.com/watch?v=MW0RkmD406E
MWrSEIuBpn4,4,4,concat,6,https://www.youtube.com/watch?v=MWrSEIuBpn4
MYV7RrN-xuc,4,4,concat,6,https://www.youtube.com/watch?v=MYV7RrN-xuc
Mb8mzliJg6Q,4,4,concat,6,https://www.youtube.com/watch?v=Mb8mzliJg6Q
MbwsD7Okr8k,4,4,concat,6,https://www.youtube.com/watch?v=MbwsD7Okr8k
Md1kEKcyRuo,4,4,concat,6,https://www.youtube.com/watch?v=Md1kEKcyRuo
MfOHCSn6G28,4,4,concat,6,https://www.youtube.com/watch?v=MfOHCSn6G28
MhKR8HwmDcI,4,4,concat,6,https://www.youtube.com/watch?v=MhKR8HwmDcI
MitVWsE8-F4,4,4,concat,6,https://www.youtube.com/watch?v=MitVWsE8-F4
MjXy1zA2v9M,4,4,concat,6,https://www.youtube.com/watch?v=MjXy1zA2v9M
MjsxSpwHSBU,4,4,concat,6,https://www.youtube.com/watch?v=MjsxSpwHSBU
MjtOvbK3gLg,4,4,concat,6,https://www.youtube.com/watch?v=MjtOvbK3gLg
MmctJIq3Uls,4,4,concat,6,https://www.youtube.com/watch?v=MmctJIq3Uls
MoBu0N_8VJQ,4,4,concat,6,https://www.youtube.com/watch?v=MoBu0N_8VJQ
MorlU3YJee0,4,4,concat,6,https://www.youtube.com/watch?v=MorlU3YJee0
MpeFQ_0Vl98,4,4,concat,6,https://www.youtube.com/watch?v=MpeFQ_0Vl98
MqKES9kktho,4,4,concat,6,https://www.youtube.com/watch?v=MqKES9kktho
MrInTGVofrA,4,4,concat,6,https://www.youtube.com/watch?v=MrInTGVofrA
Mri2JtywjgM,4,4,concat,6,https://www.youtube.com/watch?v=Mri2JtywjgM
MvVOfz28Ii4,4,4,concat,6,https://www.youtube.com/watch?v=MvVOfz28Ii4
Mxt1UkzqPP8,4,4,concat,6,https://www.youtube.com/watch?v=Mxt1UkzqPP8
MySpgVd0mqc,4,4,concat,6,https://www.youtube.com/watch?v=MySpgVd0mqc
MyTj7eUgSf8,4,4,concat,6,https://www.youtube.com/watch?v=MyTj7eUgSf8
MzP_F8tbNhQ,4,4,concat,6,https://www.youtube.com/watch?v=MzP_F8tbNhQ
N2T3qfoD5qI,4,4,concat,6,https://www.youtube.com/watch?v=N2T3qfoD5qI
N2Uue9UhDGg,4,4,concat,6,https://www.youtube.com/watch?v=N2Uue9UhDGg
N2UwJwJE3kA,4,4,concat,6,https://www.youtube.com/watch?v=N2UwJwJE3kA
N3cWhoXmAE0,4,4,concat,6,https://www.youtube.com/watch?v=N3cWhoXmAE0
N70KdmM37x0,4,4,concat,6,https://www.youtube.com/watch?v=N70KdmM37x0
N76FXXqt7Dk,4,4,concat,6,https://www.youtube.com/watch?v=N76FXXqt7Dk
N8EBKDGMokk,4,4,concat,6,https://www.youtube.com/watch?v=N8EBKDGMokk
N8XvGCBgcQ8,4,4,concat,6,https://www.youtube.com/watch?v=N8XvGCBgcQ8
NAMGq8X2a4s,4,4,concat,6,https://www.youtube.com/watch?v=NAMGq8X2a4s
NAeovNfIk2M,4,4,concat,6,https://www.youtube.com/watch?v=NAeovNfIk2M
NB7ys3L28f4,4,4,concat,6,https://www.youtube.com/watch?v=NB7ys3L28f4
NBxTLhwXedg,4,4,concat,6,https://www.youtube.com/watch?v=NBxTLhwXedg
NCQ0qKA9-bk,4,4,concat,6,https://www.youtube.com/watch?v=NCQ0qKA9-bk
NCliwzWMKrM,4,4,concat,6,https://www.youtube.com/watch?v=NCliwzWMKrM
NDkdLm-ebTw,4,4,concat,6,https://www.youtube.com/watch?v=NDkdLm-ebTw
NF8JN1FG20g,4,4,concat,6,https://www.youtube.com/watch?v=NF8JN1FG20g
NG9rSDorJ4E,4,4,concat,6,https://www.youtube.com/watch?v=NG9rSDorJ4E
NGPaSUFhOFg,4,4,concat,6,https://www.youtube.com/watch?v=NGPaSUFhOFg
NIdLTunXtY4,4,4,concat,6,https://www.youtube.com/watch?v=NIdLTunXtY4
NLUXVbaVUkw,4,4,concat,6,https://www.youtube.com/watch?v=NLUXVbaVUkw
NM3yyTefawg,4,4,concat,6,https://www.youtube.com/watch?v=NM3yyTefawg
NN2-R1J6eTQ,4,4,concat,6,https://www.youtube.com/watch?v=NN2-R1J6eTQ
NPjXweNgPBo,4,4,concat,6,https://www.youtube.com/watch?v=NPjXweNgPBo
NQlkeEzFCdc,4,4,concat,6,https://www.youtube.com/watch?v=NQlkeEzFCdc
NS9_vwH5jjw,4,4,concat,6,https://www.youtube.com/watch?v=NS9_vwH5jjw
NUK8qFwNQoM,4,4,concat,6,https://www.youtube.com/watch?v=NUK8qFwNQoM
NUod_Y5tgfY,4,4,concat,6,https://www.youtube.com/watch?v=NUod_Y5tgfY
NVSOt_S41cY,4,4,concat,6,https://www.youtube.com/watch?v=NVSOt_S41cY
Nb5NNmlDslk,4,4,concat,6,https://www.youtube.com/watch?v=Nb5NNmlDslk
NcIHsB28WaE,4,4,concat,6,https://www.youtube.com/watch?v=NcIHsB28WaE
NdJTeaR6SxU,4,4,concat,6,https://www.youtube.com/watch?v=NdJTeaR6SxU
NdtOfhQF_oE,4,4,concat,6,https://www.youtube.com/watch?v=NdtOfhQF_oE
Ne2P8Sgf7tU,4,4,concat,6,https://www.youtube.com/watch?v=Ne2P8Sgf7tU
NfGyzcA5B_Y,4,4,concat,6,https://www.youtube.com/watch?v=NfGyzcA5B_Y
NfLkobmun20,4,4,concat,6,https://www.youtube.com/watch?v=NfLkobmun20
Ni_hrQnN9TA,4,4,concat,6,https://www.youtube.com/watch?v=Ni_hrQnN9TA
Nip1ixBkLTs,4,4,concat,6,https://www.youtube.com/watch?v=Nip1ixBkLTs
NpY1z4cr8C8,4,4,concat,6,https://www.youtube.com/watch?v=NpY1z4cr8C8
NprXzJbZ1_Y,4,4,concat,6,https://www.youtube.com/watch?v=NprXzJbZ1_Y
NrRJrNKGv7c,4,4,concat,6,https://www.youtube.com/watch?v=NrRJrNKGv7c
NsIww5h5YT8,4,4,concat,6,https://www.youtube.com/watch?v=NsIww5h5YT8
NxlFY6oZ1nM,4,4,concat,6,https://www.youtube.com/watch?v=NxlFY6oZ1nM
Ny2wfgfouQs,4,4,concat,6,https://www.youtube.com/watch?v=Ny2wfgfouQs
NyJvE6oFeRQ,4,4,concat,6,https://www.youtube.com/watch?v=NyJvE6oFeRQ
O05018tIrUA,4,4,concat,6,https://www.youtube.com/watch?v=O05018tIrUA
O0UHG_lY4Q4,4,4,concat,6,https://www.youtube.com/watch?v=O0UHG_lY4Q4
O146-DNwxLw,4,4,concat,6,https://www.youtube.com/watch?v=O146-DNwxLw
O19ExSs1ghE,4,4,concat,6,https://www.youtube.com/watch?v=O19ExSs1ghE
O1X48yxZgeU,4,4,concat,6,https://www.youtube.com/watch?v=O1X48yxZgeU
O1f41uZLBOY,4,4,concat,6,https://www.youtube.com/watch?v=O1f41uZLBOY
O29z0VIvMgQ,4,4,concat,6,https://www.youtube.com/watch?v=O29z0VIvMgQ
OBOEfvPLwkM,4,4,concat,6,https://www.youtube.com/watch?v=OBOEfvPLwkM
OCYvbH0EXq8,4,4,concat,6,https://www.youtube.com/watch?v=OCYvbH0EXq8
OD6mgL2_d_g,4,4,concat,6,https://www.youtube.com/watch?v=OD6mgL2_d_g
OEh5mtVbjp0,4,4,concat,6,https://www.youtube.com/watch?v=OEh5mtVbjp0
OG1lrCkKqkw,4,4,concat,6,https://www.youtube.com/watch?v=OG1lrCkKqkw
OGJvJpLPSI0,4,4,concat,6,https://www.youtube.com/watch?v=OGJvJpLPSI0
OJ4OcSXKUto,4,4,concat,6,https://www.youtube.com/watch?v=OJ4OcSXKUto
OL0Yrr-DC1Q,4,4,concat,6,https://www.youtube.com/watch?v=OL0Yrr-DC1Q
OMnoUJS0FOU,4,4,concat,6,https://www.youtube.com/watch?v=OMnoUJS0FOU
OMz9TOnLTEk,4,4,concat,6,https://www.youtube.com/watch?v=OMz9TOnLTEk
OO0c-6pIBgY,4,4,concat,6,https://www.youtube.com/watch?v=OO0c-6pIBgY
OOzDNCcqjb0,4,4,concat,6,https://www.youtube.com/watch?v=OOzDNCcqjb0
OPUb8LLoSLg,4,4,concat,6,https://www.youtube.com/watch?v=OPUb8LLoSLg
OPZ0vaFb0z8,4,4,concat,6,https://www.youtube.com/watch?v=OPZ0vaFb0z8
OPlwwKQn854,4,4,concat,6,https://www.youtube.com/watch?v=OPlwwKQn854
OQ5Lm0fowBk,4,4,concat,6,https://www.youtube.com/watch?v=OQ5Lm0fowBk
OSrJIVimkBI,4,4,concat,6,https://www.youtube.com/watch?v=OSrJIVimkBI
OTQge9FcO6g,4,4,concat,6,https://www.youtube.com/watch?v=OTQge9FcO6g
OTfGMYOxLsI,4,4,concat,6,https://www.youtube.com/watch?v=OTfGMYOxLsI
OWIyR2XQgqo,4,4,concat,6,https://www.youtube.com/watch?v=OWIyR2XQgqo
OWwr-9EdaUQ,4,4,concat,6,https://www.youtube.com/watch?v=OWwr-9EdaUQ
O_5WqW4xHjY,4,4,concat,6,https://www.youtube.com/watch?v=O_5WqW4xHjY
ObSZ2kSNT60,4,4,concat,6,https://www.youtube.com/watch?v=ObSZ2kSNT60
OfOD8Msi3To,4,4,concat,6,https://www.youtube.com/watch?v=OfOD8Msi3To
OfvajgUEF-c,4,4,concat,6,https://www.youtube.com/watch?v=OfvajgUEF-c
OiJdvU1hTI4,4,4,concat,6,https://www.youtube.com/watch?v=OiJdvU1hTI4
OmzbVK6sixs,4,4,concat,6,https://www.youtube.com/watch?v=OmzbVK6sixs
OqbVN7Q0g14,4,4,concat,6,https://www.youtube.com/watch?v=OqbVN7Q0g14
Ot0eViQJn9c,4,4,concat,6,https://www.youtube.com/watch?v=Ot0eViQJn9c
OtMOeH-uKhE,4,4,concat,6,https://www.youtube.com/watch?v=OtMOeH-uKhE
OuAhyZ56VH8,4,4,concat,6,https://www.youtube.com/watch?v=OuAhyZ56VH8
OwWqI8LPv6s,4,4,concat,6,https://www.youtube.com/watch?v=OwWqI8LPv6s
OwsQ6lYsSgM,4,4,concat,6,https://www.youtube.com/watch?v=OwsQ6lYsSgM
OwuXvKS8ySs,4,4,concat,6,https://www.youtube.com/watch?v=OwuXvKS8ySs
OxjzOybgb6w,4,4,concat,6,https://www.youtube.com/watch?v=OxjzOybgb6w
Oy3gldNC1mE,4,4,concat,6,https://www.youtube.com/watch?v=Oy3gldNC1mE
OznzRnfWBLQ,4,4,concat,6,https://www.youtube.com/watch?v=OznzRnfWBLQ
P2gOA4XpfV8,4,4,concat,6,https://www.youtube.com/watch?v=P2gOA4XpfV8
P3JrLbkVJ1Q,4,4,concat,6,https://www.youtube.com/watch?v=P3JrLbkVJ1Q
P66EZDZHosw,4,4,concat,6,https://www.youtube.com/watch?v=P66EZDZHosw
P7qYITsTe-0,4,4,concat,6,https://www.youtube.com/watch?v=P7qYITsTe-0
P8do_duPROM,4,4,concat,6,https://www.youtube.com/watch?v=P8do_duPROM
PACZRHyyM6M,4,4,concat,6,https://www.youtube.com/watch?v=PACZRHyyM6M
PE5rXUq8A74,4,4,concat,6,https://www.youtube.com/watch?v=PE5rXUq8A74
PGs6Oe7yPpQ,4,4,concat,6,https://www.youtube.com/watch?v=PGs6Oe7yPpQ
PII3SsPrT9s,4,4,concat,6,https://www.youtube.com/watch?v=PII3SsPrT9s
PJ4TO52o16Q,4,4,concat,6,https://www.youtube.com/watch?v=PJ4TO52o16Q
PJf7ORZmtDc,4,4,concat,6,https://www.youtube.com/watch?v=PJf7ORZmtDc
PP0HefQ4AOM,4,4,concat,6,https://www.youtube.com/watch?v=PP0HefQ4AOM
PT_gIbDkteY,4,4,concat,6,https://www.youtube.com/watch?v=PT_gIbDkteY
PU_zFsvy0Go,4,4,concat,6,https://www.youtube.com/watch?v=PU_zFsvy0Go
PXoYwL8shxI,4,4,concat,6,https://www.youtube.com/watch?v=PXoYwL8shxI
PY-CJaWsLMA,4,4,concat,6,https://www.youtube.com/watch?v=PY-CJaWsLMA
P_HrpMrBQWE,4,4,concat,6,https://www.youtube.com/watch?v=P_HrpMrBQWE
P_nWjj6-DVc,4,4,concat,6,https://www.youtube.com/watch?v=P_nWjj6-DVc
P_tWsai6lOw,4,4,concat,6,https://www.youtube.com/watch?v=P_tWsai6lOw
PdEMmsZurjE,4,4,concat,6,https://www.youtube.com/watch?v=PdEMmsZurjE
Pdb7-iSfOG8,4,4,concat,6,https://www.youtube.com/watch?v=Pdb7-iSfOG8
PdqG4UdSb30,4,4,concat,6,https://www.youtube.com/watch?v=PdqG4UdSb30
Pe51V9BbrIU,4,4,concat,6,https://www.youtube.com/watch?v=Pe51V9BbrIU
PgXceQbGV5Y,4,4,concat,6,https://www.youtube.com/watch?v=PgXceQbGV5Y
PhzZV6cQIp0,4,4,concat,6,https://www.youtube.com/watch?v=PhzZV6cQIp0
PjMs4I230jk,4,4,concat,6,https://www.youtube.com/watch?v=PjMs4I230jk
PjW2tL7kKsA,4,4,concat,6,https://www.youtube.com/watch?v=PjW2tL7kKsA
Pm0QMSdpLow,4,4,concat,6,https://www.youtube.com/watch?v=Pm0QMSdpLow
PnF8PWgOdgg,4,4,concat,6,https://www.youtube.com/watch?v=PnF8PWgOdgg
Pnob86_M-gQ,4,4,concat,6,https://www.youtube.com/watch?v=Pnob86_M-gQ
PoV3TbWiQJ8,4,4,concat,6,https://www.youtube.com/watch?v=PoV3TbWiQJ8
PpNznF-8xCQ,4,4,concat,6,https://www.youtube.com/watch?v=PpNznF-8xCQ
PpSSjZzq1M4,4,4,concat,6,https://www.youtube.com/watch?v=PpSSjZzq1M4
PpcQ5lxXHWI,4,4,concat,6,https://www.youtube.com/watch?v=PpcQ5lxXHWI
PqMTQ_IiSwg,4,4,concat,6,https://www.youtube.com/watch?v=PqMTQ_IiSwg
Prp8yiP4tSM,4,4,concat,6,https://www.youtube.com/watch?v=Prp8yiP4tSM
Prsz1OTP6s0,4,4,concat,6,https://www.youtube.com/watch?v=Prsz1OTP6s0
PsTlLXeZJts,4,4,concat,6,https://www.youtube.com/watch?v=PsTlLXeZJts
Pt8V4lc9_YA,4,4,concat,6,https://www.youtube.com/watch?v=Pt8V4lc9_YA
PvAdVzj-olI,4,4,concat,6,https://www.youtube.com/watch?v=PvAdVzj-olI
Pw0FYRcISLU,4,4,concat,6,https://www.youtube.com/watch?v=Pw0FYRcISLU
PwcfvQAl_UU,4,4,concat,6,https://www.youtube.com/watch?v=PwcfvQAl_UU
PyJE51N--_4,4,4,concat,6,https://www.youtube.com/watch?v=PyJE51N--_4
Q-7tHcIGuQ8,4,4,concat,6,https://www.youtube.com/watch?v=Q-7tHcIGuQ8
Q0ErnPrV9PY,4,4,concat,6,https://www.youtube.com/watch?v=Q0ErnPrV9PY
Q5o3wcfX5Oo,4,4,concat,6,https://www.youtube.com/watch?v=Q5o3wcfX5Oo
Q6qRMRsN9rU,4,4,concat,6,https://www.youtube.com/watch?v=Q6qRMRsN9rU
Q7Q6IBScCU0,4,4,concat,6,https://www.youtube.com/watch?v=Q7Q6IBScCU0
Q7sNsHM_0i8,4,4,concat,6,https://www.youtube.com/watch?v=Q7sNsHM_0i8
Q8-95oZSeCM,4,4,concat,6,https://www.youtube.com/watch?v=Q8-95oZSeCM
Q8OVDawKSyU,4,4,concat,6,https://www.youtube.com/watch?v=Q8OVDawKSyU
QAsFmse8vKo,4,4,concat,6,https://www.youtube.com/watch?v=QAsFmse8vKo
QAsH_8yGdGc,4,4,concat,6,https://www.youtube.com/watch?v=QAsH_8yGdGc
QAyDxPCSnWY,4,4,concat,6,https://www.youtube.com/watch?v=QAyDxPCSnWY
QCKkCpjyU1E,4,4,concat,6,https://www.youtube.com/watch?v=QCKkCpjyU1E
QCRRA9HJp10,4,4,concat,6,https://www.youtube.com/watch?v=QCRRA9HJp10
QCyoAWQij-k,4,4,concat,6,https://www.youtube.com/watch?v=QCyoAWQij-k
QDXoR6x3CQ4,4,4,concat,6,https://www.youtube.com/watch?v=QDXoR6x3CQ4
QFi2WVGfXMQ,4,4,concat,6,https://www.youtube.com/watch?v=QFi2WVGfXMQ
QGOlIZpmDHQ,4,4,concat,6,https://www.youtube.com/watch?v=QGOlIZpmDHQ
QGVemsDLO5I,4,4,concat,6,https://www.youtube.com/watch?v=QGVemsDLO5I
QH2mSzJ9D6E,4,4,concat,6,https://www.youtube.com/watch?v=QH2mSzJ9D6E
QJHAWmveY1A,4,4,concat,6,https://www.youtube.com/watch?v=QJHAWmveY1A
QK5auRJkDds,4,4,concat,6,https://www.youtube.com/watch?v=QK5auRJkDds
QKMknuwkqMA,4,4,concat,6,https://www.youtube.com/watch?v=QKMknuwkqMA
QLFA8CE71k8,4,4,concat,6,https://www.youtube.com/watch?v=QLFA8CE71k8
QMDZw_tSVTs,4,4,concat,6,https://www.youtube.com/watch?v=QMDZw_tSVTs
QN8B99W9EAk,4,4,concat,6,https://www.youtube.com/watch?v=QN8B99W9EAk
QTlFfF7aBmg,4,4,concat,6,https://www.youtube.com/watch?v=QTlFfF7aBmg
QUA4jwgEAkg,4,4,concat,6,https://www.youtube.com/watch?v=QUA4jwgEAkg
QUV4iIUvhg0,4,4,concat,6,https://www.youtube.com/watch?v=QUV4iIUvhg0
QWmpnog5QCs,4,4,concat,6,https://www.youtube.com/watch?v=QWmpnog5QCs
QWnoO8KATn0,4,4,concat,6,https://www.youtube.com/watch?v=QWnoO8KATn0
QXWTxsL-GUc,4,4,concat,6,https://www.youtube.com/watch?v=QXWTxsL-GUc
QXg2A6qEyqU,4,4,concat,6,https://www.youtube.com/watch?v=QXg2A6qEyqU
QYw3fRtoKZ8,4,4,concat,6,https://www.youtube.com/watch?v=QYw3fRtoKZ8
QZ9l6di3ccg,4,4,concat,6,https://www.youtube.com/watch?v=QZ9l6di3ccg
QZeweenJi_s,4,4,concat,6,https://www.youtube.com/watch?v=QZeweenJi_s
Q_J2cTVv9V0,4,4,concat,6,https://www.youtube.com/watch?v=Q_J2cTVv9V0
Qhu0buR0tL0,4,4,concat,6,https://www.youtube.com/watch?v=Qhu0buR0tL0
QlNAx3t4xcU,4,4,concat,6,https://www.youtube.com/watch?v=QlNAx3t4xcU
Qn9Hh8NjZ_8,4,4,concat,6,https://www.youtube.com/watch?v=Qn9Hh8NjZ_8
QnnNtDMf2z0,4,4,concat,6,https://www.youtube.com/watch?v=QnnNtDMf2z0
QoLUxOtUcrM,4,4,concat,6,https://www.youtube.com/watch?v=QoLUxOtUcrM
Qpp-U_YBFtQ,4,4,concat,6,https://www.youtube.com/watch?v=Qpp-U_YBFtQ
QqDQw4-THuM,4,4,concat,6,https://www.youtube.com/watch?v=QqDQw4-THuM
QrpnDVoLHEk,4,4,concat,6,https://www.youtube.com/watch?v=QrpnDVoLHEk
Qx4LQ5iB4D0,4,4,concat,6,https://www.youtube.com/watch?v=Qx4LQ5iB4D0
R-Fns4tbUX0,4,4,concat,6,https://www.youtube.com/watch?v=R-Fns4tbUX0
R1u7EJ_3now,4,4,concat,6,https://www.youtube.com/watch?v=R1u7EJ_3now
R1viiaH83Iw,4,4,concat,6,https://www.youtube.com/watch?v=R1viiaH83Iw
R4ku981Uc7o,4,4,concat,6,https://www.youtube.com/watch?v=R4ku981Uc7o
R7bXsiMxFbY,4,4,concat,6,https://www.youtube.com/watch?v=R7bXsiMxFbY
R91WHWcne5Q,4,4,concat,6,https://www.youtube.com/watch?v=R91WHWcne5Q
RE_USZjDU5A,4,4,concat,6,https://www.youtube.com/watch?v=RE_USZjDU5A
RF6RX9iw_gc,4,4,concat,6,https://www.youtube.com/watch?v=RF6RX9iw_gc
RG7h5dnJUE8,4,4,concat,6,https://www.youtube.com/watch?v=RG7h5dnJUE8
RGTq4TXyieo,4,4,concat,6,https://www.youtube.com/watch?v=RGTq4TXyieo
RGX6WQjRYH0,4,4,concat,6,https://www.youtube.com/watch?v=RGX6WQjRYH0
RGcfxCgzSic,4,4,concat,6,https://www.youtube.com/watch?v=RGcfxCgzSic
RIaPQf7TLQQ,4,4,concat,6,https://www.youtube.com/watch?v=RIaPQf7TLQQ
RIz2m8xtPu8,4,4,concat,6,https://www.youtube.com/watch?v=RIz2m8xtPu8
RKvw7p12iLQ,4,4,concat,6,https://www.youtube.com/watch?v=RKvw7p12iLQ
RKw3AbdTkM4,4,4,concat,6,https://www.youtube.com/watch?v=RKw3AbdTkM4
RMUJXr5ldtc,4,4,concat,6,https://www.youtube.com/watch?v=RMUJXr5ldtc
RNg7dHF2_l0,4,4,concat,6,https://www.youtube.com/watch?v=RNg7dHF2_l0
ROvFFYx-cb4,4,4,concat,6,https://www.youtube.com/watch?v=ROvFFYx-cb4
RP6jFu0hS3s,4,4,concat,6,https://www.youtube.com/watch?v=RP6jFu0hS3s
RQbix2zZxwQ,4,4,concat,6,https://www.youtube.com/watch?v=RQbix2zZxwQ
RRKaTQEwHsA,4,4,concat,6,https://www.youtube.com/watch?v=RRKaTQEwHsA
RRqldwGC5l0,4,4,concat,6,https://www.youtube.com/watch?v=RRqldwGC5l0
RUcKRTyFcoQ,4,4,concat,6,https://www.youtube.com/watch?v=RUcKRTyFcoQ
RVIdbhCbQnk,4,4,concat,6,https://www.youtube.com/watch?v=RVIdbhCbQnk
RXR9roUtVnw,4,4,concat,6,https://www.youtube.com/watch?v=RXR9roUtVnw
RYs9WUCxhcU,4,4,concat,6,https://www.youtube.com/watch?v=RYs9WUCxhcU
R_WyfkaxsLU,4,4,concat,6,https://www.youtube.com/watch?v=R_WyfkaxsLU
RcZ1gjQFkV0,4,4,concat,6,https://www.youtube.com/watch?v=RcZ1gjQFkV0
RdhDkTw0YYU,4,4,concat,6,https://www.youtube.com/watch?v=RdhDkTw0YYU
Re3amEdgKbY,4,4,concat,6,https://www.youtube.com/watch?v=Re3amEdgKbY
RfBHxjK1zEQ,4,4,concat,6,https://www.youtube.com/watch?v=RfBHxjK1zEQ
RfOzHEmA4Eo,4,4,concat,6,https://www.youtube.com/watch?v=RfOzHEmA4Eo
RfuFAPFuwwU,4,4,concat,6,https://www.youtube.com/watch?v=RfuFAPFuwwU
Rg9lVeFKGfk,4,4,concat,6,https://www.youtube.com/watch?v=Rg9lVeFKGfk
RgDX09hAxf4,4,4,concat,6,https://www.youtube.com/watch?v=RgDX09hAxf4
RhhVlLBrr5A,4,4,concat,6,https://www.youtube.com/watch?v=RhhVlLBrr5A
RiLpOgHh7gA,4,4,concat,6,https://www.youtube.com/watch?v=RiLpOgHh7gA
Rk0tSSPBoM8,4,4,concat,6,https://www.youtube.com/watch?v=Rk0tSSPBoM8
RkRv9upoCYE,4,4,concat,6,https://www.youtube.com/watch?v=RkRv9upoCYE
RoKit9ATpMw,4,4,concat,6,https://www.youtube.com/watch?v=RoKit9ATpMw
Rtrq3AZ12jE,4,4,concat,6,https://www.youtube.com/watch?v=Rtrq3AZ12jE
RtwyKAfgGWg,4,4,concat,6,https://www.youtube.com/watch?v=RtwyKAfgGWg
RwcTFNeotG8,4,4,concat,6,https://www.youtube.com/watch?v=RwcTFNeotG8
Rx0mf3N-Q3U,4,4,concat,6,https://www.youtube.com/watch?v=Rx0mf3N-Q3U
S-9A_B_zmEY,4,4,concat,6,https://www.youtube.com/watch?v=S-9A_B_zmEY
S-US6we5_BQ,4,4,concat,6,https://www.youtube.com/watch?v=S-US6we5_BQ
S-auHWRiKDI,4,4,concat,6,https://www.youtube.com/watch?v=S-auHWRiKDI
S-rgdC0PN40,4,4,concat,6,https://www.youtube.com/watch?v=S-rgdC0PN40
S1Z0cay0_jY,4,4,concat,6,https://www.youtube.com/watch?v=S1Z0cay0_jY
S2cx1tKgYaU,4,4,concat,6,https://www.youtube.com/watch?v=S2cx1tKgYaU
S5ZgXhT2s-o,4,4,concat,6,https://www.youtube.com/watch?v=S5ZgXhT2s-o
S9-tTcmTldk,4,4,concat,6,https://www.youtube.com/watch?v=S9-tTcmTldk
S9kgk2ojVQM,4,4,concat,6,https://www.youtube.com/watch?v=S9kgk2ojVQM
SBF-bgqp7F4,4,4,concat,6,https://www.youtube.com/watch?v=SBF-bgqp7F4
SCAX0cxC9Gc,4,4,concat,6,https://www.youtube.com/watch?v=SCAX0cxC9Gc
SE4GjwWyB2s,4,4,concat,6,https://www.youtube.com/watch?v=SE4GjwWyB2s
SErX9umt_zY,4,4,concat,6,https://www.youtube.com/watch?v=SErX9umt_zY
SHBMpUSjphM,4,4,concat,6,https://www.youtube.com/watch?v=SHBMpUSjphM
SHlem4Dp4MQ,4,4,concat,6,https://www.youtube.com/watch?v=SHlem4Dp4MQ
SHrhh-pMZ4U,4,4,concat,6,https://www.youtube.com/watch?v=SHrhh-pMZ4U
SJ8V0bU0PIk,4,4,concat,6,https://www.youtube.com/watch?v=SJ8V0bU0PIk
SJvCAxclqgU,4,4,concat,6,https://www.youtube.com/watch?v=SJvCAxclqgU
SM8MDTdr6Ew,4,4,concat,6,https://www.youtube.com/watch?v=SM8MDTdr6Ew
SOVrEV6AqSQ,4,4,concat,6,https://www.youtube.com/watch?v=SOVrEV6AqSQ
SPYfCY0sBI0,4,4,concat,6,https://www.youtube.com/watch?v=SPYfCY0sBI0
SRMM_77czlw,4,4,concat,6,https://www.youtube.com/watch?v=SRMM_77czlw
SUKB061p0xw,4,4,concat,6,https://www.youtube.com/watch?v=SUKB061p0xw
SV4yy_K46zU,4,4,concat,6,https://www.youtube.com/watch?v=SV4yy_K46zU
SV5vTgwvnIs,4,4,concat,6,https://www.youtube.com/watch?v=SV5vTgwvnIs
SWVe5ZuRVXE,4,4,concat,6,https://www.youtube.com/watch?v=SWVe5ZuRVXE
SXP9auLlN1w,4,4,concat,6,https://www.youtube.com/watch?v=SXP9auLlN1w
SXyLLYbQA38,4,4,concat,6,https://www.youtube.com/watch?v=SXyLLYbQA38
SY_vkerKFPA,4,4,concat,6,https://www.youtube.com/watch?v=SY_vkerKFPA
S_SS40BfX94,4,4,concat,6,https://www.youtube.com/watch?v=S_SS40BfX94
SdDdY6EsquM,4,4,concat,6,https://www.youtube.com/watch?v=SdDdY6EsquM
SdZ2AYo8RWk,4,4,concat,6,https://www.youtube.com/watch?v=SdZ2AYo8RWk
Se7wURVWU5Q,4,4,concat,6,https://www.youtube.com/watch?v=Se7wURVWU5Q
SeUHtYY8as8,4,4,concat,6,https://www.youtube.com/watch?v=SeUHtYY8as8
Sh6oI4Pfwq0,4,4,concat,6,https://www.youtube.com/watch?v=Sh6oI4Pfwq0
SjGJdm88kDM,4,4,concat,6,https://www.youtube.com/watch?v=SjGJdm88kDM
Sjd-V-DjAnE,4,4,concat,6,https://www.youtube.com/watch?v=Sjd-V-DjAnE
SkRF23pbYic,4,4,concat,6,https://www.youtube.com/watch?v=SkRF23pbYic
SnhW3NhWT44,4,4,concat,6,https://www.youtube.com/watch?v=SnhW3NhWT44
SorbISDmELw,4,4,concat,6,https://www.youtube.com/watch?v=SorbISDmELw
SpcRD3DtDag,4,4,concat,6,https://www.youtube.com/watch?v=SpcRD3DtDag
SqALbWDhcGQ,4,4,concat,6,https://www.youtube.com/watch?v=SqALbWDhcGQ
Ss5JSJxj8S4,4,4,concat,6,https://www.youtube.com/watch?v=Ss5JSJxj8S4
Ssmg0z2-V_k,4,4,concat,6,https://www.youtube.com/watch?v=Ssmg0z2-V_k
SvaQ17kbGMI,4,4,concat,6,https://www.youtube.com/watch?v=SvaQ17kbGMI
Sws8I7C0bLk,4,4,concat,6,https://www.youtube.com/watch?v=Sws8I7C0bLk
Sy9BZ3JlAtc,4,4,concat,6,https://www.youtube.com/watch?v=Sy9BZ3JlAtc
SyLY6dvVxqQ,4,4,concat,6,https://www.youtube.com/watch?v=SyLY6dvVxqQ
SzUBdVwgQwM,4,4,concat,6,https://www.youtube.com/watch?v=SzUBdVwgQwM
Szzxpci5mWc,4,4,concat,6,https://www.youtube.com/watch?v=Szzxpci5mWc
T10sltKaqt8,4,4,concat,6,https://www.youtube.com/watch?v=T10sltKaqt8
T1AHDGd3yPM,4,4,concat,6,https://www.youtube.com/watch?v=T1AHDGd3yPM
T1rXuHKMqss,4,4,concat,6,https://www.youtube.com/watch?v=T1rXuHKMqss
T2T2zQA4QBw,4,4,concat,6,https://www.youtube.com/watch?v=T2T2zQA4QBw
T3uH8_pkiLc,4,4,concat,6,https://www.youtube.com/watch?v=T3uH8_pkiLc
T4iho18YNKI,4,4,concat,6,https://www.youtube.com/watch?v=T4iho18YNKI
T5ckXx__miI,4,4,concat,6,https://www.youtube.com/watch?v=T5ckXx__miI
T5u6qbpJilE,4,4,concat,6,https://www.youtube.com/watch?v=T5u6qbpJilE
T7Dj-AFNi2M,4,4,concat,6,https://www.youtube.com/watch?v=T7Dj-AFNi2M
T7Q4EH8wGxg,4,4,concat,6,https://www.youtube.com/watch?v=T7Q4EH8wGxg
T82g9Pa4xA8,4,4,concat,6,https://www.youtube.com/watch?v=T82g9Pa4xA8
T8DLCWW6EpY,4,4,concat,6,https://www.youtube.com/watch?v=T8DLCWW6EpY
T8QqWOq9mJ4,4,4,concat,6,https://www.youtube.com/watch?v=T8QqWOq9mJ4
T8oa1nekZuQ,4,4,concat,6,https://www.youtube.com/watch?v=T8oa1nekZuQ
T9bgkJkTAnc,4,4,concat,6,https://www.youtube.com/watch?v=T9bgkJkTAnc
T9xYk008ya4,4,4,concat,6,https://www.youtube.com/watch?v=T9xYk008ya4
TA8eVYWjqvY,4,4,concat,6,https://www.youtube.com/watch?v=TA8eVYWjqvY
TEsd_ghgr3M,4,4,concat,6,https://www.youtube.com/watch?v=TEsd_ghgr3M
TFDShO_VUS0,4,4,concat,6,https://www.youtube.com/watch?v=TFDShO_VUS0
TGjSeXM8zCU,4,4,concat,6,https://www.youtube.com/watch?v=TGjSeXM8zCU
TGmgNQReLpA,4,4,concat,6,https://www.youtube.com/watch?v=TGmgNQReLpA
TKNCE6UptDo,4,4,concat,6,https://www.youtube.com/watch?v=TKNCE6UptDo
TKjZm_7_9X8,4,4,concat,6,https://www.youtube.com/watch?v=TKjZm_7_9X8
TL18-UIN4nY,4,4,concat,6,https://www.youtube.com/watch?v=TL18-UIN4nY
TLXkbH2OTR4,4,4,concat,6,https://www.youtube.com/watch?v=TLXkbH2OTR4
TLpkvAD6-5E,4,4,concat,6,https://www.youtube.com/watch?v=TLpkvAD6-5E
TMLcANeKICw,4,4,concat,6,https://www.youtube.com/watch?v=TMLcANeKICw
TMZ5AudSwkc,4,4,concat,6,https://www.youtube.com/watch?v=TMZ5AudSwkc
TN-2RDmi_1w,4,4,concat,6,https://www.youtube.com/watch?v=TN-2RDmi_1w
TOULYvckMUw,4,4,concat,6,https://www.youtube.com/watch?v=TOULYvckMUw
TQBY4g9UriY,4,4,concat,6,https://www.youtube.com/watch?v=TQBY4g9UriY
TQHiRrhcDPA,4,4,concat,6,https://www.youtube.com/watch?v=TQHiRrhcDPA
TQPoxY2ubm8,4,4,concat,6,https://www.youtube.com/watch?v=TQPoxY2ubm8
TQl1N8DTq28,4,4,concat,6,https://www.youtube.com/watch?v=TQl1N8DTq28
TSNFQHzck3E,4,4,concat,6,https://www.youtube.com/watch?v=TSNFQHzck3E
TSdqu1d5Q4k,4,4,concat,6,https://www.youtube.com/watch?v=TSdqu1d5Q4k
TX3z6Z2sryI,4,4,concat,6,https://www.youtube.com/watch?v=TX3z6Z2sryI
TXCv_1VzQnU,4,4,concat,6,https://www.youtube.com/watch?v=TXCv_1VzQnU
TXfIm1LVnXA,4,4,concat,6,https://www.youtube.com/watch?v=TXfIm1LVnXA
TYise3IhFno,4,4,concat,6,https://www.youtube.com/watch?v=TYise3IhFno
TYyf1XoFuLE,4,4,concat,6,https://www.youtube.com/watch?v=TYyf1XoFuLE
TZLlIdJZIC4,4,4,concat,6,https://www.youtube.com/watch?v=TZLlIdJZIC4
TZUKCQvYqq0,4,4,concat,6,https://www.youtube.com/watch?v=TZUKCQvYqq0
TabkVrq-DAU,4,4,concat,6,https://www.youtube.com/watch?v=TabkVrq-DAU
TcS02RXUf0Y,4,4,concat,6,https://www.youtube.com/watch?v=TcS02RXUf0Y
Tf2BQBpzxvQ,4,4,concat,6,https://www.youtube.com/watch?v=Tf2BQBpzxvQ
Tg-KTn8bNQQ,4,4,concat,6,https://www.youtube.com/watch?v=Tg-KTn8bNQQ
TiSGy-0ibfQ,4,4,concat,6,https://www.youtube.com/watch?v=TiSGy-0ibfQ
TkyQvLayZag,4,4,concat,6,https://www.youtube.com/watch?v=TkyQvLayZag
TmAmDtLonOw,4,4,concat,6,https://www.youtube.com/watch?v=TmAmDtLonOw
TmWkcbrv8wo,4,4,concat,6,https://www.youtube.com/watch?v=TmWkcbrv8wo
Tmn9tv3vUzg,4,4,concat,6,https://www.youtube.com/watch?v=Tmn9tv3vUzg
TpZaqtpkuoc,4,4,concat,6,https://www.youtube.com/watch?v=TpZaqtpkuoc
TqEO-5WcDOY,4,4,concat,6,https://www.youtube.com/watch?v=TqEO-5WcDOY
Tqg2CNSYCOE,4,4,concat,6,https://www.youtube.com/watch?v=Tqg2CNSYCOE
TrMJ2StIc0I,4,4,concat,6,https://www.youtube.com/watch?v=TrMJ2StIc0I
TrXSyTgRW40,4,4,concat,6,https://www.youtube.com/watch?v=TrXSyTgRW40
TriCjouj7Ns,4,4,concat,6,https://www.youtube.com/watch?v=TriCjouj7Ns
TsIG37Voxn8,4,4,concat,6,https://www.youtube.com/watch?v=TsIG37Voxn8
Tum1Y4r2yK0,4,4,concat,6,https://www.youtube.com/watch?v=Tum1Y4r2yK0
Tur3CBJ-RSg,4,4,concat,6,https://www.youtube.com/watch?v=Tur3CBJ-RSg
Tw69L6P9vg4,4,4,concat,6,https://www.youtube.com/watch?v=Tw69L6P9vg4
TzH0PVYjOb8,4,4,concat,6,https://www.youtube.com/watch?v=TzH0PVYjOb8
U0g-V7FOrlI,4,4,concat,6,https://www.youtube.com/watch?v=U0g-V7FOrlI
U148N-axH_U,4,4,concat,6,https://www.youtube.com/watch?v=U148N-axH_U
U2Ji_YYlc7A,4,4,concat,6,https://www.youtube.com/watch?v=U2Ji_YYlc7A
U3gEjErr2MQ,4,4,concat,6,https://www.youtube.com/watch?v=U3gEjErr2MQ
U3poplyo9C0,4,4,concat,6,https://www.youtube.com/watch?v=U3poplyo9C0
U4Nn7n6q4Go,4,4,concat,6,https://www.youtube.com/watch?v=U4Nn7n6q4Go
U4R6IAQCDoU,4,4,concat,6,https://www.youtube.com/watch?v=U4R6IAQCDoU
U5G4hZr7QEc,4,4,concat,6,https://www.youtube.com/watch?v=U5G4hZr7QEc
U5ZevoxxvnM,4,4,concat,6,https://www.youtube.com/watch?v=U5ZevoxxvnM
U5g6XD4Zj4Y,4,4,concat,6,https://www.youtube.com/watch?v=U5g6XD4Zj4Y
U6no0drrVw0,4,4,concat,6,https://www.youtube.com/watch?v=U6no0drrVw0
U7C4l7VsvAI,4,4,concat,6,https://www.youtube.com/watch?v=U7C4l7VsvAI
U96HawSBRA8,4,4,concat,6,https://www.youtube.com/watch?v=U96HawSBRA8
UAua7H51eqY,4,4,concat,6,https://www.youtube.com/watch?v=UAua7H51eqY
UBctlgFbtVA,4,4,concat,6,https://www.youtube.com/watch?v=UBctlgFbtVA
UJhNrLKUZ60,4,4,concat,6,https://www.youtube.com/watch?v=UJhNrLKUZ60
ULNkNh32ig0,4,4,concat,6,https://www.youtube.com/watch?v=ULNkNh32ig0
UONPu0bVt3g,4,4,concat,6,https://www.youtube.com/watch?v=UONPu0bVt3g
UOTI8lK2gho,4,4,concat,6,https://www.youtube.com/watch?v=UOTI8lK2gho
UQNu1eKUqa8,4,4,concat,6,https://www.youtube.com/watch?v=UQNu1eKUqa8
UQS2lfdDFY8,4,4,concat,6,https://www.youtube.com/watch?v=UQS2lfdDFY8
UQhEF_LVH3E,4,4,concat,6,https://www.youtube.com/watch?v=UQhEF_LVH3E
UTHpYfWJ6zU,4,4,concat,6,https://www.youtube.com/watch?v=UTHpYfWJ6zU
UTh5f-E4gas,4,4,concat,6,https://www.youtube.com/watch?v=UTh5f-E4gas
UWOwrJTvvtk,4,4,concat,6,https://www.youtube.com/watch?v=UWOwrJTvvtk
UWQwHsynSbs,4,4,concat,6,https://www.youtube.com/watch?v=UWQwHsynSbs
UXjjJoaz560,4,4,concat,6,https://www.youtube.com/watch?v=UXjjJoaz560
UZN5C8Z7Le8,4,4,concat,6,https://www.youtube.com/watch?v=UZN5C8Z7Le8
UZRXczhhie0,4,4,concat,6,https://www.youtube.com/watch?v=UZRXczhhie0
Uast25du_HQ,4,4,concat,6,https://www.youtube.com/watch?v=Uast25du_HQ
UeLhnL_bDGI,4,4,concat,6,https://www.youtube.com/watch?v=UeLhnL_bDGI
UfIMPvVa1lM,4,4,concat,6,https://www.youtube.com/watch?v=UfIMPvVa1lM
UfnaiWJ5IgA,4,4,concat,6,https://www.youtube.com/watch?v=UfnaiWJ5IgA
UgXrB_2j4SA,4,4,concat,6,https://www.youtube.com/watch?v=UgXrB_2j4SA
UgnKGaWRcaU,4,4,concat,6,https://www.youtube.com/watch?v=UgnKGaWRcaU
UhW7bMsUx88,4,4,concat,6,https://www.youtube.com/watch?v=UhW7bMsUx88
UkKM-hQCKfc,4,4,concat,6,https://www.youtube.com/watch?v=UkKM-hQCKfc
Ul_DQy3kRIY,4,4,concat,6,https://www.youtube.com/watch?v=Ul_DQy3kRIY
Um5Jojapij4,4,4,concat,6,https://www.youtube.com/watch?v=Um5Jojapij4
Umc98cd5IxI,4,4,concat,6,https://www.youtube.com/watch?v=Umc98cd5IxI
UnsqSjE3Aq0,4,4,concat,6,https://www.youtube.com/watch?v=UnsqSjE3Aq0
Uo6kkMU03ZA,4,4,concat,6,https://www.youtube.com/watch?v=Uo6kkMU03ZA
UoLD8AF2kwc,4,4,concat,6,https://www.youtube.com/watch?v=UoLD8AF2kwc
UoqtE_QfqX8,4,4,concat,6,https://www.youtube.com/watch?v=UoqtE_QfqX8
Upr6NJIRFeM,4,4,concat,6,https://www.youtube.com/watch?v=Upr6NJIRFeM
UqUPVSbeBzQ,4,4,concat,6,https://www.youtube.com/watch?v=UqUPVSbeBzQ
UqqGKNo6rlE,4,4,concat,6,https://www.youtube.com/watch?v=UqqGKNo6rlE
Uriu2ai0BYg,4,4,concat,6,https://www.youtube.com/watch?v=Uriu2ai0BYg
Ut9xrMdAGjs,4,4,concat,6,https://www.youtube.com/watch?v=Ut9xrMdAGjs
UvQZv_aSAAE,4,4,concat,6,https://www.youtube.com/watch?v=UvQZv_aSAAE
Uw9D7-tl5bE,4,4,concat,6,https://www.youtube.com/watch?v=Uw9D7-tl5bE
UwcyCeDLB5A,4,4,concat,6,https://www.youtube.com/watch?v=UwcyCeDLB5A
Uy8fGQoA_eI,4,4,concat,6,https://www.youtube.com/watch?v=Uy8fGQoA_eI
UyVCHE0Hn6E,4,4,concat,6,https://www.youtube.com/watch?v=UyVCHE0Hn6E
V1lXQrb66M0,4,4,concat,6,https://www.youtube.com/watch?v=V1lXQrb66M0
V36WDAc_AbY,4,4,concat,6,https://www.youtube.com/watch?v=V36WDAc_AbY
V7GQV-tyOws,4,4,concat,6,https://www.youtube.com/watch?v=V7GQV-tyOws
V9xrm0vft1c,4,4,concat,6,https://www.youtube.com/watch?v=V9xrm0vft1c
VBHA5E2ADLQ,4,4,concat,6,https://www.youtube.com/watch?v=VBHA5E2ADLQ
VBYrRHrfO88,4,4,concat,6,https://www.youtube.com/watch?v=VBYrRHrfO88
VCWUcdw5DKQ,4,4,concat,6,https://www.youtube.com/watch?v=VCWUcdw5DKQ
VC_RO1TqmnY,4,4,concat,6,https://www.youtube.com/watch?v=VC_RO1TqmnY
VCmy0yFo7rc,4,4,concat,6,https://www.youtube.com/watch?v=VCmy0yFo7rc
VDjJ1GyumR4,4,4,concat,6,https://www.youtube.com/watch?v=VDjJ1GyumR4
VE8tW4uZegw,4,4,concat,6,https://www.youtube.com/watch?v=VE8tW4uZegw
VG3ufgYF8zM,4,4,concat,6,https://www.youtube.com/watch?v=VG3ufgYF8zM
VHiszwBuMHI,4,4,concat,6,https://www.youtube.com/watch?v=VHiszwBuMHI
VJh5n9dHcoA,4,4,concat,6,https://www.youtube.com/watch?v=VJh5n9dHcoA
VKr9ZjSyoiQ,4,4,concat,6,https://www.youtube.com/watch?v=VKr9ZjSyoiQ
VNGC0XQaH7w,4,4,concat,6,https://www.youtube.com/watch?v=VNGC0XQaH7w
VOHkah8eQxU,4,4,concat,6,https://www.youtube.com/watch?v=VOHkah8eQxU
VOoG4TTtZK8,4,4,concat,6,https://www.youtube.com/watch?v=VOoG4TTtZK8
VPjKKp31Y90,4,4,concat,6,https://www.youtube.com/watch?v=VPjKKp31Y90
VRDLB-fAWlE,4,4,concat,6,https://www.youtube.com/watch?v=VRDLB-fAWlE
VS0cjfrVwYs,4,4,concat,6,https://www.youtube.com/watch?v=VS0cjfrVwYs
VSExZhr4BQo,4,4,concat,6,https://www.youtube.com/watch?v=VSExZhr4BQo
VT2KENzK7DM,4,4,concat,6,https://www.youtube.com/watch?v=VT2KENzK7DM
VU3o1xyQXic,4,4,concat,6,https://www.youtube.com/watch?v=VU3o1xyQXic
VXK4rltMr4U,4,4,concat,6,https://www.youtube.com/watch?v=VXK4rltMr4U
VXaZiCokkz0,4,4,concat,6,https://www.youtube.com/watch?v=VXaZiCokkz0
VYmnhpDzlRc,4,4,concat,6,https://www.youtube.com/watch?v=VYmnhpDzlRc
VYwSfg0jXvw,4,4,concat,6,https://www.youtube.com/watch?v=VYwSfg0jXvw
VZ3QOhhMI_s,4,4,concat,6,https://www.youtube.com/watch?v=VZ3QOhhMI_s
VZryWQf5xxk,4,4,concat,6,https://www.youtube.com/watch?v=VZryWQf5xxk
VarbBwM8fU4,4,4,concat,6,https://www.youtube.com/watch?v=VarbBwM8fU4
VhbzM26gF3s,4,4,concat,6,https://www.youtube.com/watch?v=VhbzM26gF3s
VjLF7tJqCnQ,4,4,concat,6,https://www.youtube.com/watch?v=VjLF7tJqCnQ
Vm3gdS4cn6g,4,4,concat,6,https://www.youtube.com/watch?v=Vm3gdS4cn6g
VneaoXWkNFc,4,4,concat,6,https://www.youtube.com/watch?v=VneaoXWkNFc
Vo7ZKl1oaLI,4,4,concat,6,https://www.youtube.com/watch?v=Vo7ZKl1oaLI
VrzYboFsbGs,4,4,concat,6,https://www.youtube.com/watch?v=VrzYboFsbGs
VsDjCiFCQP0,4,4,concat,6,https://www.youtube.com/watch?v=VsDjCiFCQP0
Vt-2NFxW8UA,4,4,concat,6,https://www.youtube.com/watch?v=Vt-2NFxW8UA
Vu2IxhtLOMU,4,4,concat,6,https://www.youtube.com/watch?v=Vu2IxhtLOMU
VuCDBEsVOOY,4,4,concat,6,https://www.youtube.com/watch?v=VuCDBEsVOOY
Vv8puPZQ-iY,4,4,concat,6,https://www.youtube.com/watch?v=Vv8puPZQ-iY
VvFpf4lLYjo,4,4,concat,6,https://www.youtube.com/watch?v=VvFpf4lLYjo
VvnlAS4N1co,4,4,concat,6,https://www.youtube.com/watch?v=VvnlAS4N1co
VwR9SvjKBhE,4,4,concat,6,https://www.youtube.com/watch?v=VwR9SvjKBhE
VyRTIQkBppM,4,4,concat,6,https://www.youtube.com/watch?v=VyRTIQkBppM
VylGKY26Gus,4,4,concat,6,https://www.youtube.com/watch?v=VylGKY26Gus
VzbzjnB4-E0,4,4,concat,6,https://www.youtube.com/watch?v=VzbzjnB4-E0
W-Z9SgtBNJc,4,4,concat,6,https://www.youtube.com/watch?v=W-Z9SgtBNJc
W-ksYmMdUFk,4,4,concat,6,https://www.youtube.com/watch?v=W-ksYmMdUFk
W544lBo4mRg,4,4,concat,6,https://www.youtube.com/watch?v=W544lBo4mRg
W70KaUYm6yI,4,4,concat,6,https://www.youtube.com/watch?v=W70KaUYm6yI
W7Ffks7Nq8U,4,4,concat,6,https://www.youtube.com/watch?v=W7Ffks7Nq8U
W7GBZi-U9j0,4,4,concat,6,https://www.youtube.com/watch?v=W7GBZi-U9j0
WAAgrSE9mLQ,4,4,concat,6,https://www.youtube.com/watch?v=WAAgrSE9mLQ
WBpCTOHKTcI,4,4,concat,6,https://www.youtube.com/watch?v=WBpCTOHKTcI
WDOvSpowffQ,4,4,concat,6,https://www.youtube.com/watch?v=WDOvSpowffQ
WEVMJsQybxs,4,4,concat,6,https://www.youtube.com/watch?v=WEVMJsQybxs
WGPzCwEokHA,4,4,concat,6,https://www.youtube.com/watch?v=WGPzCwEokHA
WH9CY0F1NIs,4,4,concat,6,https://www.youtube.com/watch?v=WH9CY0F1NIs
WJYLLbmcsTg,4,4,concat,6,https://www.youtube.com/watch?v=WJYLLbmcsTg
WK7cXIeEgHQ,4,4,concat,6,https://www.youtube.com/watch?v=WK7cXIeEgHQ
WNKFSxDlU04,4,4,concat,6,https://www.youtube.com/watch?v=WNKFSxDlU04
WNVQ82PbuYg,4,4,concat,6,https://www.youtube.com/watch?v=WNVQ82PbuYg
WRW5tpE1wiY,4,4,concat,6,https://www.youtube.com/watch?v=WRW5tpE1wiY
WRWZyeqwj6o,4,4,concat,6,https://www.youtube.com/watch?v=WRWZyeqwj6o
WSteuBoUceY,4,4,concat,6,https://www.youtube.com/watch?v=WSteuBoUceY
WTELWCQcZVI,4,4,concat,6,https://www.youtube.com/watch?v=WTELWCQcZVI
WVev8fLu27o,4,4,concat,6,https://www.youtube.com/watch?v=WVev8fLu27o
WVmFN3wLWFU,4,4,concat,6,https://www.youtube.com/watch?v=WVmFN3wLWFU
WVu7e7uX4Ac,4,4,concat,6,https://www.youtube.com/watch?v=WVu7e7uX4Ac
WW3kukL-oP4,4,4,concat,6,https://www.youtube.com/watch?v=WW3kukL-oP4
WXbT5o62mZk,4,4,concat,6,https://www.youtube.com/watch?v=WXbT5o62mZk
WYD14LEWEWI,4,4,concat,6,https://www.youtube.com/watch?v=WYD14LEWEWI
WZN_8D1kofU,4,4,concat,6,https://www.youtube.com/watch?v=WZN_8D1kofU
W_EpTiGI4j8,4,4,concat,6,https://www.youtube.com/watch?v=W_EpTiGI4j8
WaTbcqHKAJg,4,4,concat,6,https://www.youtube.com/watch?v=WaTbcqHKAJg
WbUkOYAZBZk,4,4,concat,6,https://www.youtube.com/watch?v=WbUkOYAZBZk
Wc6eDZtkqfs,4,4,concat,6,https://www.youtube.com/watch?v=Wc6eDZtkqfs
Wcm8DFGl7NM,4,4,concat,6,https://www.youtube.com/watch?v=Wcm8DFGl7NM
WhGeszNDPEQ,4,4,concat,6,https://www.youtube.com/watch?v=WhGeszNDPEQ
Wj9-5XDYSGw,4,4,concat,6,https://www.youtube.com/watch?v=Wj9-5XDYSGw
Wk3ZIrvdA60,4,4,concat,6,https://www.youtube.com/watch?v=Wk3ZIrvdA60
Wm2ZMqYaGio,4,4,concat,6,https://www.youtube.com/watch?v=Wm2ZMqYaGio
WmZkvS3w5FQ,4,4,concat,6,https://www.youtube.com/watch?v=WmZkvS3w5FQ
WmpbcqIYmqQ,4,4,concat,6,https://www.youtube.com/watch?v=WmpbcqIYmqQ
WnQnpcLNYfQ,4,4,concat,6,https://www.youtube.com/watch?v=WnQnpcLNYfQ
Wr-vXArXfxQ,4,4,concat,6,https://www.youtube.com/watch?v=Wr-vXArXfxQ
WsA2oG9eDRQ,4,4,concat,6,https://www.youtube.com/watch?v=WsA2oG9eDRQ
WsuDyefq_qQ,4,4,concat,6,https://www.youtube.com/watch?v=WsuDyefq_qQ
WsxJsgYKrSE,4,4,concat,6,https://www.youtube.com/watch?v=WsxJsgYKrSE
WvvZRe8JQOU,4,4,concat,6,https://www.youtube.com/watch?v=WvvZRe8JQOU
WwWUL5KISuI,4,4,concat,6,https://www.youtube.com/watch?v=WwWUL5KISuI
WyLqRJrZ_Z0,4,4,concat,6,https://www.youtube.com/watch?v=WyLqRJrZ_Z0
WyemT4A2fgs,4,4,concat,6,https://www.youtube.com/watch?v=WyemT4A2fgs
WzMwR7GKIVE,4,4,concat,6,https://www.youtube.com/watch?v=WzMwR7GKIVE
Wzd6TDkspf0,4,4,concat,6,https://www.youtube.com/watch?v=Wzd6TDkspf0
X0louFSI_X4,4,4,concat,6,https://www.youtube.com/watch?v=X0louFSI_X4
X0yPw-ni42c,4,4,concat,6,https://www.youtube.com/watch?v=X0yPw-ni42c
X1KHJy5lcZA,4,4,concat,6,https://www.youtube.com/watch?v=X1KHJy5lcZA
X2xH-RCI3TE,4,4,concat,6,https://www.youtube.com/watch?v=X2xH-RCI3TE
X30pyQbg-0A,4,4,concat,6,https://www.youtube.com/watch?v=X30pyQbg-0A
X3Q1SBYuf1g,4,4,concat,6,https://www.youtube.com/watch?v=X3Q1SBYuf1g
X9p_dVpjvxs,4,4,concat,6,https://www.youtube.com/watch?v=X9p_dVpjvxs
XE20g4vD3bc,4,4,concat,6,https://www.youtube.com/watch?v=XE20g4vD3bc
XEmBCBiTrkw,4,4,concat,6,https://www.youtube.com/watch?v=XEmBCBiTrkw
XGQQMm5akBc,4,4,concat,6,https://www.youtube.com/watch?v=XGQQMm5akBc
XI4j01xgf-E,4,4,concat,6,https://www.youtube.com/watch?v=XI4j01xgf-E
XJuHFpHR3Vo,4,4,concat,6,https://www.youtube.com/watch?v=XJuHFpHR3Vo
XLIGITnE2jw,4,4,concat,6,https://www.youtube.com/watch?v=XLIGITnE2jw
XMKj7HiU95c,4,4,concat,6,https://www.youtube.com/watch?v=XMKj7HiU95c
XMsRyN8lHus,4,4,concat,6,https://www.youtube.com/watch?v=XMsRyN8lHus
XOYUm_ftkP0,4,4,concat,6,https://www.youtube.com/watch?v=XOYUm_ftkP0
XP-6EmiqBrs,4,4,concat,6,https://www.youtube.com/watch?v=XP-6EmiqBrs
XPq_0BOXVqo,4,4,concat,6,https://www.youtube.com/watch?v=XPq_0BOXVqo
XR62eFOuyF0,4,4,concat,6,https://www.youtube.com/watch?v=XR62eFOuyF0
XS24M2akXgw,4,4,concat,6,https://www.youtube.com/watch?v=XS24M2akXgw
XVtlF-CwN2Q,4,4,concat,6,https://www.youtube.com/watch?v=XVtlF-CwN2Q
XWnaQkvCgJg,4,4,concat,6,https://www.youtube.com/watch?v=XWnaQkvCgJg
XXL2K2pbmDU,4,4,concat,6,https://www.youtube.com/watch?v=XXL2K2pbmDU
XXeo3UgUkoQ,4,4,concat,6,https://www.youtube.com/watch?v=XXeo3UgUkoQ
XXtUusPxeNk,4,4,concat,6,https://www.youtube.com/watch?v=XXtUusPxeNk
XaU5KyfY9IQ,4,4,concat,6,https://www.youtube.com/watch?v=XaU5KyfY9IQ
XcVBcY3ha78,4,4,concat,6,https://www.youtube.com/watch?v=XcVBcY3ha78
XddtumzwMi8,4,4,concat,6,https://www.youtube.com/watch?v=XddtumzwMi8
Xg8ssssu2sM,4,4,concat,6,https://www.youtube.com/watch?v=Xg8ssssu2sM
Xh1I17YoVDk,4,4,concat,6,https://www.youtube.com/watch?v=Xh1I17YoVDk
Xh31WZdAjME,4,4,concat,6,https://www.youtube.com/watch?v=Xh31WZdAjME
Xh3ByV8Lh9E,4,4,concat,6,https://www.youtube.com/watch?v=Xh3ByV8Lh9E
XhIvjmqBb3s,4,4,concat,6,https://www.youtube.com/watch?v=XhIvjmqBb3s
XiVAaFQ1bDY,4,4,concat,6,https://www.youtube.com/watch?v=XiVAaFQ1bDY
XjOuy0fLMfw,4,4,concat,6,https://www.youtube.com/watch?v=XjOuy0fLMfw
XlVqrb4gdbk,4,4,concat,6,https://www.youtube.com/watch?v=XlVqrb4gdbk
Xm56oX6_Yyg,4,4,concat,6,https://www.youtube.com/watch?v=Xm56oX6_Yyg
Xo8waPlZUYw,4,4,concat,6,https://www.youtube.com/watch?v=Xo8waPlZUYw
Xp-b8jWfAAI,4,4,concat,6,https://www.youtube.com/watch?v=Xp-b8jWfAAI
Xpj0vS9JNNU,4,4,concat,6,https://www.youtube.com/watch?v=Xpj0vS9JNNU
Xr_1v2qlcdQ,4,4,concat,6,https://www.youtube.com/watch?v=Xr_1v2qlcdQ
XrkWcMUlY28,4,4,concat,6,https://www.youtube.com/watch?v=XrkWcMUlY28
Xrwt9iJ-69w,4,4,concat,6,https://www.youtube.com/watch?v=Xrwt9iJ-69w
XsUdTux9wYc,4,4,concat,6,https://www.youtube.com/watch?v=XsUdTux9wYc
XtSFhdFneM8,4,4,concat,6,https://www.youtube.com/watch?v=XtSFhdFneM8
XtYbLe-VB7U,4,4,concat,6,https://www.youtube.com/watch?v=XtYbLe-VB7U
XuNKepZPReQ,4,4,concat,6,https://www.youtube.com/watch?v=XuNKepZPReQ
XxmoZjblE0k,4,4,concat,6,https://www.youtube.com/watch?v=XxmoZjblE0k
XxsUDxUfOP4,4,4,concat,6,https://www.youtube.com/watch?v=XxsUDxUfOP4
XxvE99ARazw,4,4,concat,6,https://www.youtube.com/watch?v=XxvE99ARazw
Y-4xIw6C0EQ,4,4,concat,6,https://www.youtube.com/watch?v=Y-4xIw6C0EQ
Y0IiQMS6aGY,4,4,concat,6,https://www.youtube.com/watch?v=Y0IiQMS6aGY
Y1h1PmI6KmI,4,4,concat,6,https://www.youtube.com/watch?v=Y1h1PmI6KmI
Y2A768lAPSk,4,4,concat,6,https://www.youtube.com/watch?v=Y2A768lAPSk
Y2MoEzJm0Mw,4,4,concat,6,https://www.youtube.com/watch?v=Y2MoEzJm0Mw
Y2USMIayflo,4,4,concat,6,https://www.youtube.com/watch?v=Y2USMIayflo
Y2ojqGeDeGY,4,4,concat,6,https://www.youtube.com/watch?v=Y2ojqGeDeGY
Y2tEJWuvZ-Y,4,4,concat,6,https://www.youtube.com/watch?v=Y2tEJWuvZ-Y
Y3kJ0uYaf78,4,4,concat,6,https://www.youtube.com/watch?v=Y3kJ0uYaf78
Y4ZzKGJ8PD8,4,4,concat,6,https://www.youtube.com/watch?v=Y4ZzKGJ8PD8
Y6cGQ8956E4,4,4,concat,6,https://www.youtube.com/watch?v=Y6cGQ8956E4
YBoA0WvwGBk,4,4,concat,6,https://www.youtube.com/watch?v=YBoA0WvwGBk
YCdkUwZF3jM,4,4,concat,6,https://www.youtube.com/watch?v=YCdkUwZF3jM
YGC1IwFPN2k,4,4,concat,6,https://www.youtube.com/watch?v=YGC1IwFPN2k
YHyYl77-Yl4,4,4,concat,6,https://www.youtube.com/watch?v=YHyYl77-Yl4
YI-K2tFCEh4,4,4,concat,6,https://www.youtube.com/watch?v=YI-K2tFCEh4
YIh30Jk7LDk,4,4,concat,6,https://www.youtube.com/watch?v=YIh30Jk7LDk
YLlfPvE5mUk,4,4,concat,6,https://www.youtube.com/watch?v=YLlfPvE5mUk
YLp6cr1OcO4,4,4,concat,6,https://www.youtube.com/watch?v=YLp6cr1OcO4
YMb5CQLwS34,4,4,concat,6,https://www.youtube.com/watch?v=YMb5CQLwS34
YNJ9bAjOV1A,4,4,concat,6,https://www.youtube.com/watch?v=YNJ9bAjOV1A
YQOhFPw7ddU,4,4,concat,6,https://www.youtube.com/watch?v=YQOhFPw7ddU
YQaYlsFAzSc,4,4,concat,6,https://www.youtube.com/watch?v=YQaYlsFAzSc
YQwc11llIW8,4,4,concat,6,https://www.youtube.com/watch?v=YQwc11llIW8
YR3Wl6o1Qwo,4,4,concat,6,https://www.youtube.com/watch?v=YR3Wl6o1Qwo
YSsKP3k96GY,4,4,concat,6,https://www.youtube.com/watch?v=YSsKP3k96GY
YUldxCEHg-0,4,4,concat,6,https://www.youtube.com/watch?v=YUldxCEHg-0
YVmyTiU9PNo,4,4,concat,6,https://www.youtube.com/watch?v=YVmyTiU9PNo
YWA6yn_IaTI,4,4,concat,6,https://www.youtube.com/watch?v=YWA6yn_IaTI
YXQiXhiiv9w,4,4,concat,6,https://www.youtube.com/watch?v=YXQiXhiiv9w
YYxPxBOtUoE,4,4,concat,6,https://www.youtube.com/watch?v=YYxPxBOtUoE
YZrXsquNhh0,4,4,concat,6,https://www.youtube.com/watch?v=YZrXsquNhh0
YZyrDSLhwMY,4,4,concat,6,https://www.youtube.com/watch?v=YZyrDSLhwMY
Y_CZ9L-jvoI,4,4,concat,6,https://www.youtube.com/watch?v=Y_CZ9L-jvoI
Y_TqTwE_mi4,4,4,concat,6,https://www.youtube.com/watch?v=Y_TqTwE_mi4
YbojeC_qm-4,4,4,concat,6,https://www.youtube.com/watch?v=YbojeC_qm-4
Ybz6pAOD7Dw,4,4,concat,6,https://www.youtube.com/watch?v=Ybz6pAOD7Dw
YdxTHcwskcc,4,4,concat,6,https://www.youtube.com/watch?v=YdxTHcwskcc
Ye7Ad3Mz3Fw,4,4,concat,6,https://www.youtube.com/watch?v=Ye7Ad3Mz3Fw
YecogE944t4,4,4,concat,6,https://www.youtube.com/watch?v=YecogE944t4
YedrIBVhp9E,4,4,concat,6,https://www.youtube.com/watch?v=YedrIBVhp9E
YgoXI7FCE0Q,4,4,concat,6,https://www.youtube.com/watch?v=YgoXI7FCE0Q
Yj8UUYt3STA,4,4,concat,6,https://www.youtube.com/watch?v=Yj8UUYt3STA
YjRoIj5RZWI,4,4,concat,6,https://www.youtube.com/watch?v=YjRoIj5RZWI
YjecG9o9w4Y,4,4,concat,6,https://www.youtube.com/watch?v=YjecG9o9w4Y
Yl1fd1rL0zk,4,4,concat,6,https://www.youtube.com/watch?v=Yl1fd1rL0zk
YloI3jemPMs,4,4,concat,6,https://www.youtube.com/watch?v=YloI3jemPMs
YnuD_zZHKRs,4,4,concat,6,https://www.youtube.com/watch?v=YnuD_zZHKRs
Yo6cCrOp4mo,4,4,concat,6,https://www.youtube.com/watch?v=Yo6cCrOp4mo
YoIcru4ESb0,4,4,concat,6,https://www.youtube.com/watch?v=YoIcru4ESb0
YofNXS0d8Rg,4,4,concat,6,https://www.youtube.com/watch?v=YofNXS0d8Rg
Yoj4ccsqf08,4,4,concat,6,https://www.youtube.com/watch?v=Yoj4ccsqf08
Yoss5w5IqJw,4,4,concat,6,https://www.youtube.com/watch?v=Yoss5w5IqJw
YpSuAUEgh54,4,4,concat,6,https://www.youtube.com/watch?v=YpSuAUEgh54
YpodlVFQff8,4,4,concat,6,https://www.youtube.com/watch?v=YpodlVFQff8
YuY-uEj_tHk,4,4,concat,6,https://www.youtube.com/watch?v=YuY-uEj_tHk
YutpiyI6Svc,4,4,concat,6,https://www.youtube.com/watch?v=YutpiyI6Svc
Yv3CYGxTagw,4,4,concat,6,https://www.youtube.com/watch?v=Yv3CYGxTagw
YvW90uCXfu0,4,4,concat,6,https://www.youtube.com/watch?v=YvW90uCXfu0
YyaudBJNNcE,4,4,concat,6,https://www.youtube.com/watch?v=YyaudBJNNcE
Yz3fF85Tiqg,4,4,concat,6,https://www.youtube.com/watch?v=Yz3fF85Tiqg
Z-LRU3RrUMk,4,4,concat,6,https://www.youtube.com/watch?v=Z-LRU3RrUMk
Z-lMcYXVuU0,4,4,concat,6,https://www.youtube.com/watch?v=Z-lMcYXVuU0
Z2LS3JO_5bU,4,4,concat,6,https://www.youtube.com/watch?v=Z2LS3JO_5bU
Z8hB-NSJ744,4,4,concat,6,https://www.youtube.com/watch?v=Z8hB-NSJ744
ZAZIqfI--y4,4,4,concat,6,https://www.youtube.com/watch?v=ZAZIqfI--y4
ZAoPKhl07Rs,4,4,concat,6,https://www.youtube.com/watch?v=ZAoPKhl07Rs
ZBXt1a4wzqA,4,4,concat,6,https://www.youtube.com/watch?v=ZBXt1a4wzqA
ZEmEWWBsQBY,4,4,concat,6,https://www.youtube.com/watch?v=ZEmEWWBsQBY
ZEmLwCiEbIc,4,4,concat,6,https://www.youtube.com/watch?v=ZEmLwCiEbIc
ZH1FXkh__kc,4,4,concat,6,https://www.youtube.com/watch?v=ZH1FXkh__kc
ZHHJpWRVeG8,4,4,concat,6,https://www.youtube.com/watch?v=ZHHJpWRVeG8
ZHWyK79mibs,4,4,concat,6,https://www.youtube.com/watch?v=ZHWyK79mibs
ZHrh5BXDz0I,4,4,concat,6,https://www.youtube.com/watch?v=ZHrh5BXDz0I
ZKk-B1IPpKE,4,4,concat,6,https://www.youtube.com/watch?v=ZKk-B1IPpKE
ZLK1hUcrxcw,4,4,concat,6,https://www.youtube.com/watch?v=ZLK1hUcrxcw
ZMUMWqa1q-c,4,4,concat,6,https://www.youtube.com/watch?v=ZMUMWqa1q-c
ZMj8-9QjD6Q,4,4,concat,6,https://www.youtube.com/watch?v=ZMj8-9QjD6Q
ZN_6Lg0IK6s,4,4,concat,6,https://www.youtube.com/watch?v=ZN_6Lg0IK6s
ZQILxlhHdXk,4,4,concat,6,https://www.youtube.com/watch?v=ZQILxlhHdXk
ZU-xhHVUWZE,4,4,concat,6,https://www.youtube.com/watch?v=ZU-xhHVUWZE
ZV32wa4LLHA,4,4,concat,6,https://www.youtube.com/watch?v=ZV32wa4LLHA
ZWDpedfMlhY,4,4,concat,6,https://www.youtube.com/watch?v=ZWDpedfMlhY
ZYYFYkVEHI8,4,4,concat,6,https://www.youtube.com/watch?v=ZYYFYkVEHI8
ZZwhH3UxJ_M,4,4,concat,6,https://www.youtube.com/watch?v=ZZwhH3UxJ_M
Z_pove-fijc,4,4,concat,6,https://www.youtube.com/watch?v=Z_pove-fijc
ZeJSUgkBId0,4,4,concat,6,https://www.youtube.com/watch?v=ZeJSUgkBId0
ZkFoVKkazp0,4,4,concat,6,https://www.youtube.com/watch?v=ZkFoVKkazp0
Zkg997QoDOA,4,4,concat,6,https://www.youtube.com/watch?v=Zkg997QoDOA
ZlzXINkAiSs,4,4,concat,6,https://www.youtube.com/watch?v=ZlzXINkAiSs
ZnIRBTA1ASo,4,4,concat,6,https://www.youtube.com/watch?v=ZnIRBTA1ASo
Zo_D-FRBoDU,4,4,concat,6,https://www.youtube.com/watch?v=Zo_D-FRBoDU
Zpdk3zo15GQ,4,4,concat,6,https://www.youtube.com/watch?v=Zpdk3zo15GQ
Zrjd-OW3fnE,4,4,concat,6,https://www.youtube.com/watch?v=Zrjd-OW3fnE
Zs3jFKJxn-0,4,4,concat,6,https://www.youtube.com/watch?v=Zs3jFKJxn-0
ZugA8uO9r3I,4,4,concat,6,https://www.youtube.com/watch?v=ZugA8uO9r3I
ZvqoVlldJio,4,4,concat,6,https://www.youtube.com/watch?v=ZvqoVlldJio
ZwVwQV7QBo4,4,4,concat,6,https://www.youtube.com/watch?v=ZwVwQV7QBo4
Zx3wL6Arpog,4,4,concat,6,https://www.youtube.com/watch?v=Zx3wL6Arpog
_-3Z8yePTxc,4,4,concat,6,https://www.youtube.com/watch?v=_-3Z8yePTxc
_-tAsOmsAYQ,4,4,concat,6,https://www.youtube.com/watch?v=_-tAsOmsAYQ
_4Z_ThaWPxs,4,4,concat,6,https://www.youtube.com/watch?v=_4Z_ThaWPxs
_4aauyKUE6w,4,4,concat,6,https://www.youtube.com/watch?v=_4aauyKUE6w
_4hysuVgF6A,4,4,concat,6,https://www.youtube.com/watch?v=_4hysuVgF6A
_4o_k_7KxuY,4,4,concat,6,https://www.youtube.com/watch?v=_4o_k_7KxuY
_6pcRIUyGOY,4,4,concat,6,https://www.youtube.com/watch?v=_6pcRIUyGOY
_7UCsWx0TeU,4,4,concat,6,https://www.youtube.com/watch?v=_7UCsWx0TeU
_7iiJtjGRfA,4,4,concat,6,https://www.youtube.com/watch?v=_7iiJtjGRfA
_8QVXpkMYGQ,4,4,concat,6,https://www.youtube.com/watch?v=_8QVXpkMYGQ
_CUMrJYeVzk,4,4,concat,6,https://www.youtube.com/watch?v=_CUMrJYeVzk
_D1SrXiUAJA,4,4,concat,6,https://www.youtube.com/watch?v=_D1SrXiUAJA
_G8JwAMY0P8,4,4,concat,6,https://www.youtube.com/watch?v=_G8JwAMY0P8
_GI00Z_gjbg,4,4,concat,6,https://www.youtube.com/watch?v=_GI00Z_gjbg
_H6dmOyU9uM,4,4,concat,6,https://www.youtube.com/watch?v=_H6dmOyU9uM
_HiNaxcOXss,4,4,concat,6,https://www.youtube.com/watch?v=_HiNaxcOXss
_Igodsup-cg,4,4,concat,6,https://www.youtube.com/watch?v=_Igodsup-cg
_JlMmyaR5KY,4,4,concat,6,https://www.youtube.com/watch?v=_JlMmyaR5KY
_JnlroKWkUk,4,4,concat,6,https://www.youtube.com/watch?v=_JnlroKWkUk
_K33hSZ5m3A,4,4,concat,6,https://www.youtube.com/watch?v=_K33hSZ5m3A
_L2fHGo3IhQ,4,4,concat,6,https://www.youtube.com/watch?v=_L2fHGo3IhQ
_Nqmduiv5Gk,4,4,concat,6,https://www.youtube.com/watch?v=_Nqmduiv5Gk
_PfS8VTCoBg,4,4,concat,6,https://www.youtube.com/watch?v=_PfS8VTCoBg
_QYd2cNMEgA,4,4,concat,6,https://www.youtube.com/watch?v=_QYd2cNMEgA
_SJnTrk6EzE,4,4,concat,6,https://www.youtube.com/watch?v=_SJnTrk6EzE
_SrosL0WdOQ,4,4,concat,6,https://www.youtube.com/watch?v=_SrosL0WdOQ
_SzBO5h4_h4,4,4,concat,6,https://www.youtube.com/watch?v=_SzBO5h4_h4
_VbdqKuKAyU,4,4,concat,6,https://www.youtube.com/watch?v=_VbdqKuKAyU
_WPPahljoMI,4,4,concat,6,https://www.youtube.com/watch?v=_WPPahljoMI
_Wg5awTDFws,4,4,concat,6,https://www.youtube.com/watch?v=_Wg5awTDFws
_XuFYyMWq_c,4,4,concat,6,https://www.youtube.com/watch?v=_XuFYyMWq_c
_YUKRXwohKE,4,4,concat,6,https://www.youtube.com/watch?v=_YUKRXwohKE
_YiixQCT3s0,4,4,concat,6,https://www.youtube.com/watch?v=_YiixQCT3s0
__HhT6dI1Wg,4,4,concat,6,https://www.youtube.com/watch?v=__HhT6dI1Wg
_bjWG-8s_zk,4,4,concat,6,https://www.youtube.com/watch?v=_bjWG-8s_zk
_gEMwxaKPQ8,4,4,concat,6,https://www.youtube.com/watch?v=_gEMwxaKPQ8
_h3ZDohZcRI,4,4,concat,6,https://www.youtube.com/watch?v=_h3ZDohZcRI
_hk0SykrMmA,4,4,concat,6,https://www.youtube.com/watch?v=_hk0SykrMmA
_iTcjhr-lRA,4,4,concat,6,https://www.youtube.com/watch?v=_iTcjhr-lRA
_mD5R7Fk5LA,4,4,concat,6,https://www.youtube.com/watch?v=_mD5R7Fk5LA
_oMx9l-zBew,4,4,concat,6,https://www.youtube.com/watch?v=_oMx9l-zBew
_ovqtVbHUxE,4,4,concat,6,https://www.youtube.com/watch?v=_ovqtVbHUxE
_pUm-ghV5U4,4,4,concat,6,https://www.youtube.com/watch?v=_pUm-ghV5U4
_rvgELcfsU0,4,4,concat,6,https://www.youtube.com/watch?v=_rvgELcfsU0
_uVnZP6S6zo,4,4,concat,6,https://www.youtube.com/watch?v=_uVnZP6S6zo
_uyMm7b3XSI,4,4,concat,6,https://www.youtube.com/watch?v=_uyMm7b3XSI
_wGraia1Jb4,4,4,concat,6,https://www.youtube.com/watch?v=_wGraia1Jb4
_wgNU27LfYU,4,4,concat,6,https://www.youtube.com/watch?v=_wgNU27LfYU
_x500aqHxps,4,4,concat,6,https://www.youtube.com/watch?v=_x500aqHxps
_x6_zNIlVbw,4,4,concat,6,https://www.youtube.com/watch?v=_x6_zNIlVbw
_xw5tjoH61o,4,4,concat,6,https://www.youtube.com/watch?v=_xw5tjoH61o
_yGZySvrItY,4,4,concat,6,https://www.youtube.com/watch?v=_yGZySvrItY
_zGn7rPiVxA,4,4,concat,6,https://www.youtube.com/watch?v=_zGn7rPiVxA
_zf0LbUxVhI,4,4,concat,6,https://www.youtube.com/watch?v=_zf0LbUxVhI
a-KHVv6QSX0,4,4,concat,6,https://www.youtube.com/watch?v=a-KHVv6QSX0
a-Qjcf12p3M,4,4,concat,6,https://www.youtube.com/watch?v=a-Qjcf12p3M
a2gB0cfHLew,4,4,concat,6,https://www.youtube.com/watch?v=a2gB0cfHLew
a3EJLZlQmA8,4,4,concat,6,https://www.youtube.com/watch?v=a3EJLZlQmA8
a4qF-OadheE,4,4,concat,6,https://www.youtube.com/watch?v=a4qF-OadheE
a5ofv4SllqQ,4,4,concat,6,https://www.youtube.com/watch?v=a5ofv4SllqQ
a6ejBsCQnrU,4,4,concat,6,https://www.youtube.com/watch?v=a6ejBsCQnrU
a8ehHQKIUoc,4,4,concat,6,https://www.youtube.com/watch?v=a8ehHQKIUoc
a90uM5F8Auc,4,4,concat,6,https://www.youtube.com/watch?v=a90uM5F8Auc
aBurf35L7gE,4,4,concat,6,https://www.youtube.com/watch?v=aBurf35L7gE
aDG7n7jK9Fs,4,4,concat,6,https://www.youtube.com/watch?v=aDG7n7jK9Fs
aE-QfR8UkrU,4,4,concat,6,https://www.youtube.com/watch?v=aE-QfR8UkrU
aFPFvnJY5rk,4,4,concat,6,https://www.youtube.com/watch?v=aFPFvnJY5rk
aG8rkklkmPQ,4,4,concat,6,https://www.youtube.com/watch?v=aG8rkklkmPQ
aHQWPPRx61g,4,4,concat,6,https://www.youtube.com/watch?v=aHQWPPRx61g
aHrRFFz2aaw,4,4,concat,6,https://www.youtube.com/watch?v=aHrRFFz2aaw
aI6Z8u9n174,4,4,concat,6,https://www.youtube.com/watch?v=aI6Z8u9n174
aKpFvC1ZavE,4,4,concat,6,https://www.youtube.com/watch?v=aKpFvC1ZavE
aMA_88z64NU,4,4,concat,6,https://www.youtube.com/watch?v=aMA_88z64NU
aMBv-e6ZUcQ,4,4,concat,6,https://www.youtube.com/watch?v=aMBv-e6ZUcQ
aMR9NtxI4DE,4,4,concat,6,https://www.youtube.com/watch?v=aMR9NtxI4DE
aNhBDYOR6QU,4,4,concat,6,https://www.youtube.com/watch?v=aNhBDYOR6QU
aOzONZcnaSo,4,4,concat,6,https://www.youtube.com/watch?v=aOzONZcnaSo
aRmpHIuVaXI,4,4,concat,6,https://www.youtube.com/watch?v=aRmpHIuVaXI
aS5CVZczMj0,4,4,concat,6,https://www.youtube.com/watch?v=aS5CVZczMj0
aSWGFs5oRLE,4,4,concat,6,https://www.youtube.com/watch?v=aSWGFs5oRLE
aT9inz3Lo2o,4,4,concat,6,https://www.youtube.com/watch?v=aT9inz3Lo2o
aThOTELi6GE,4,4,concat,6,https://www.youtube.com/watch?v=aThOTELi6GE
aUZBcH6aNhs,4,4,concat,6,https://www.youtube.com/watch?v=aUZBcH6aNhs
aVpHXYvo-cw,4,4,concat,6,https://www.youtube.com/watch?v=aVpHXYvo-cw
aWIdbia9w_E,4,4,concat,6,https://www.youtube.com/watch?v=aWIdbia9w_E
aXAvHwkXkp4,4,4,concat,6,https://www.youtube.com/watch?v=aXAvHwkXkp4
aXG2ek274yY,4,4,concat,6,https://www.youtube.com/watch?v=aXG2ek274yY
aXcvyCCYmlw,4,4,concat,6,https://www.youtube.com/watch?v=aXcvyCCYmlw
aYmQXGOhCqA,4,4,concat,6,https://www.youtube.com/watch?v=aYmQXGOhCqA
aZhHxqaJfRE,4,4,concat,6,https://www.youtube.com/watch?v=aZhHxqaJfRE
a_BLKgJTKtQ,4,4,concat,6,https://www.youtube.com/watch?v=a_BLKgJTKtQ
acCwR0TU8x8,4,4,concat,6,https://www.youtube.com/watch?v=acCwR0TU8x8
acijmxBzuTg,4,4,concat,6,https://www.youtube.com/watch?v=acijmxBzuTg
adwE9H224fQ,4,4,concat,6,https://www.youtube.com/watch?v=adwE9H224fQ
afugtSMCax0,4,4,concat,6,https://www.youtube.com/watch?v=afugtSMCax0
agXkgtPyc8g,4,4,concat,6,https://www.youtube.com/watch?v=agXkgtPyc8g
ai0WeGNOPGs,4,4,concat,6,https://www.youtube.com/watch?v=ai0WeGNOPGs
akLMF_TrR_E,4,4,concat,6,https://www.youtube.com/watch?v=akLMF_TrR_E
am-Ot97rkJU,4,4,concat,6,https://www.youtube.com/watch?v=am-Ot97rkJU
am2hygdobDA,4,4,concat,6,https://www.youtube.com/watch?v=am2hygdobDA
anHqmK5sAI8,4,4,concat,6,https://www.youtube.com/watch?v=anHqmK5sAI8
anMOSIQBDgM,4,4,concat,6,https://www.youtube.com/watch?v=anMOSIQBDgM
anxefAEUH1M,4,4,concat,6,https://www.youtube.com/watch?v=anxefAEUH1M
aoCwSz3YKgw,4,4,concat,6,https://www.youtube.com/watch?v=aoCwSz3YKgw
apgso5vFid0,4,4,concat,6,https://www.youtube.com/watch?v=apgso5vFid0
as8yQLhYpAg,4,4,concat,6,https://www.youtube.com/watch?v=as8yQLhYpAg
asC-XzWd6S4,4,4,concat,6,https://www.youtube.com/watch?v=asC-XzWd6S4
asGb5ZcAYRw,4,4,concat,6,https://www.youtube.com/watch?v=asGb5ZcAYRw
av0oClaFzZg,4,4,concat,6,https://www.youtube.com/watch?v=av0oClaFzZg
awTveqdNrBA,4,4,concat,6,https://www.youtube.com/watch?v=awTveqdNrBA
axBZJsYXo3M,4,4,concat,6,https://www.youtube.com/watch?v=axBZJsYXo3M
ayYWcmd4KP4,4,4,concat,6,https://www.youtube.com/watch?v=ayYWcmd4KP4
azdAunX2YPQ,4,4,concat,6,https://www.youtube.com/watch?v=azdAunX2YPQ
b-Ea6w8HFgQ,4,4,concat,6,https://www.youtube.com/watch?v=b-Ea6w8HFgQ
b0ExMrgqZHg,4,4,concat,6,https://www.youtube.com/watch?v=b0ExMrgqZHg
b1lh7By9Rjc,4,4,concat,6,https://www.youtube.com/watch?v=b1lh7By9Rjc
b4A3nbERB20,4,4,concat,6,https://www.youtube.com/watch?v=b4A3nbERB20
b6T6_xDs0DU,4,4,concat,6,https://www.youtube.com/watch?v=b6T6_xDs0DU
b8AqqH0HvkA,4,4,concat,6,https://www.youtube.com/watch?v=b8AqqH0HvkA
b8X15m7U5u4,4,4,concat,6,https://www.youtube.com/watch?v=b8X15m7U5u4
b9FsRdUTRCg,4,4,concat,6,https://www.youtube.com/watch?v=b9FsRdUTRCg
bAvuwVvOnJA,4,4,concat,6,https://www.youtube.com/watch?v=bAvuwVvOnJA
bE92xMAnSbI,4,4,concat,6,https://www.youtube.com/watch?v=bE92xMAnSbI
bJj8XKmCQnE,4,4,concat,6,https://www.youtube.com/watch?v=bJj8XKmCQnE
bN96tSASrlo,4,4,concat,6,https://www.youtube.com/watch?v=bN96tSASrlo
bO6huPzJTGw,4,4,concat,6,https://www.youtube.com/watch?v=bO6huPzJTGw
bQ6Fw_LdYu0,4,4,concat,6,https://www.youtube.com/watch?v=bQ6Fw_LdYu0
bUHdppBVUZQ,4,4,concat,6,https://www.youtube.com/watch?v=bUHdppBVUZQ
bV438PjQGWA,4,4,concat,6,https://www.youtube.com/watch?v=bV438PjQGWA
bVS4WHP7Do4,4,4,concat,6,https://www.youtube.com/watch?v=bVS4WHP7Do4
bWtNdre0aYY,4,4,concat,6,https://www.youtube.com/watch?v=bWtNdre0aYY
b_iTIkUHU6U,4,4,concat,6,https://www.youtube.com/watch?v=b_iTIkUHU6U
bbvRHBz3SmU,4,4,concat,6,https://www.youtube.com/watch?v=bbvRHBz3SmU
bcDV8Ph14NM,4,4,concat,6,https://www.youtube.com/watch?v=bcDV8Ph14NM
bcFLPyumtQs,4,4,concat,6,https://www.youtube.com/watch?v=bcFLPyumtQs
bci7RZjQeG8,4,4,concat,6,https://www.youtube.com/watch?v=bci7RZjQeG8
bcv4a2b4Y9E,4,4,concat,6,https://www.youtube.com/watch?v=bcv4a2b4Y9E
bdIWNztyc7s,4,4,concat,6,https://www.youtube.com/watch?v=bdIWNztyc7s
beLXse8PVuo,4,4,concat,6,https://www.youtube.com/watch?v=beLXse8PVuo
bfj-fy8FhIQ,4,4,concat,6,https://www.youtube.com/watch?v=bfj-fy8FhIQ
bg5aQRgaKd0,4,4,concat,6,https://www.youtube.com/watch?v=bg5aQRgaKd0
bgUb436TZeE,4,4,concat,6,https://www.youtube.com/watch?v=bgUb436TZeE
bjmmSMS55dE,4,4,concat,6,https://www.youtube.com/watch?v=bjmmSMS55dE
bjtE9dvOy90,4,4,concat,6,https://www.youtube.com/watch?v=bjtE9dvOy90
bkOmgjdmlns,4,4,concat,6,https://www.youtube.com/watch?v=bkOmgjdmlns
blVj9pK8al4,4,4,concat,6,https://www.youtube.com/watch?v=blVj9pK8al4
blY4atWwMpI,4,4,concat,6,https://www.youtube.com/watch?v=blY4atWwMpI
bmdJ4J-7Es4,4,4,concat,6,https://www.youtube.com/watch?v=bmdJ4J-7Es4
bnvlUhFr4mM,4,4,concat,6,https://www.youtube.com/watch?v=bnvlUhFr4mM
brAAQWKUj1M,4,4,concat,6,https://www.youtube.com/watch?v=brAAQWKUj1M
brxUEQCoWr8,4,4,concat,6,https://www.youtube.com/watch?v=brxUEQCoWr8
bsxOM4aTpn4,4,4,concat,6,https://www.youtube.com/watch?v=bsxOM4aTpn4
bt1KiuHlGco,4,4,concat,6,https://www.youtube.com/watch?v=bt1KiuHlGco
bt2w0GRyDis,4,4,concat,6,https://www.youtube.com/watch?v=bt2w0GRyDis
bw2mE3oXISY,4,4,concat,6,https://www.youtube.com/watch?v=bw2mE3oXISY
bwjqc8tciTc,4,4,concat,6,https://www.youtube.com/watch?v=bwjqc8tciTc
c23h-mJtglg,4,4,concat,6,https://www.youtube.com/watch?v=c23h-mJtglg
c4QL-hhszXQ,4,4,concat,6,https://www.youtube.com/watch?v=c4QL-hhszXQ
c5S9C1GjGXA,4,4,concat,6,https://www.youtube.com/watch?v=c5S9C1GjGXA
c5fkxdnDz0U,4,4,concat,6,https://www.youtube.com/watch?v=c5fkxdnDz0U
c6M9XLPzaQM,4,4,concat,6,https://www.youtube.com/watch?v=c6M9XLPzaQM
c9VJs99F9JQ,4,4,concat,6,https://www.youtube.com/watch?v=c9VJs99F9JQ
cAyGQVbpUjA,4,4,concat,6,https://www.youtube.com/watch?v=cAyGQVbpUjA
cCZbG-PPL3A,4,4,concat,6,https://www.youtube.com/watch?v=cCZbG-PPL3A
cD9V0RHmX30,4,4,concat,6,https://www.youtube.com/watch?v=cD9V0RHmX30
cDycvm2xAzo,4,4,concat,6,https://www.youtube.com/watch?v=cDycvm2xAzo
cEyQ1z6G5yY,4,4,concat,6,https://www.youtube.com/watch?v=cEyQ1z6G5yY
cFi75nTR6Ss,4,4,concat,6,https://www.youtube.com/watch?v=cFi75nTR6Ss
cIjAs2CPX0E,4,4,concat,6,https://www.youtube.com/watch?v=cIjAs2CPX0E
cJ-JRV4lDgU,4,4,concat,6,https://www.youtube.com/watch?v=cJ-JRV4lDgU
cJHZIzkR4cU,4,4,concat,6,https://www.youtube.com/watch?v=cJHZIzkR4cU
cL0dHqRO3JA,4,4,concat,6,https://www.youtube.com/watch?v=cL0dHqRO3JA
cLsPWm0BPrU,4,4,concat,6,https://www.youtube.com/watch?v=cLsPWm0BPrU
cNXOIFeQKHw,4,4,concat,6,https://www.youtube.com/watch?v=cNXOIFeQKHw
cOnb0aeIQag,4,4,concat,6,https://www.youtube.com/watch?v=cOnb0aeIQag
cQvwxbORUaY,4,4,concat,6,https://www.youtube.com/watch?v=cQvwxbORUaY
cRiOa1WwDPo,4,4,concat,6,https://www.youtube.com/watch?v=cRiOa1WwDPo
cTYIITlnCHk,4,4,concat,6,https://www.youtube.com/watch?v=cTYIITlnCHk
cUzmvegwTK0,4,4,concat,6,https://www.youtube.com/watch?v=cUzmvegwTK0
cY7-Ev0AByA,4,4,concat,6,https://www.youtube.com/watch?v=cY7-Ev0AByA
cYhw98K8k24,4,4,concat,6,https://www.youtube.com/watch?v=cYhw98K8k24
cZ-Lb7VvTzk,4,4,concat,6,https://www.youtube.com/watch?v=cZ-Lb7VvTzk
cZeWkP0e2Zs,4,4,concat,6,https://www.youtube.com/watch?v=cZeWkP0e2Zs
ccCMS8A_BZ4,4,4,concat,6,https://www.youtube.com/watch?v=ccCMS8A_BZ4
cdVxk7Z9eiM,4,4,concat,6,https://www.youtube.com/watch?v=cdVxk7Z9eiM
ce9eBq7qYpQ,4,4,concat,6,https://www.youtube.com/watch?v=ce9eBq7qYpQ
ceroWU0ROiY,4,4,concat,6,https://www.youtube.com/watch?v=ceroWU0ROiY
ck9uOK7OALA,4,4,concat,6,https://www.youtube.com/watch?v=ck9uOK7OALA
ckQDzLuENs0,4,4,concat,6,https://www.youtube.com/watch?v=ckQDzLuENs0
cnDG2DeZQtM,4,4,concat,6,https://www.youtube.com/watch?v=cnDG2DeZQtM
cnKZVTa21LY,4,4,concat,6,https://www.youtube.com/watch?v=cnKZVTa21LY
cnWNzdiucdg,4,4,concat,6,https://www.youtube.com/watch?v=cnWNzdiucdg
coParS6BO3Q,4,4,concat,6,https://www.youtube.com/watch?v=coParS6BO3Q
comxNrNWEug,4,4,concat,6,https://www.youtube.com/watch?v=comxNrNWEug
cq3iv83Sv5k,4,4,concat,6,https://www.youtube.com/watch?v=cq3iv83Sv5k
cqBjS-j1BIQ,4,4,concat,6,https://www.youtube.com/watch?v=cqBjS-j1BIQ
cqsE2lnO5Os,4,4,concat,6,https://www.youtube.com/watch?v=cqsE2lnO5Os
crKuE6d5xJk,4,4,concat,6,https://www.youtube.com/watch?v=crKuE6d5xJk
cs27_LXp_b4,4,4,concat,6,https://www.youtube.com/watch?v=cs27_LXp_b4
cvH5vvZwGCY,4,4,concat,6,https://www.youtube.com/watch?v=cvH5vvZwGCY
cvjjD-ziWog,4,4,concat,6,https://www.youtube.com/watch?v=cvjjD-ziWog
cweRcmppsTA,4,4,concat,6,https://www.youtube.com/watch?v=cweRcmppsTA
cwvMp-rKqKo,4,4,concat,6,https://www.youtube.com/watch?v=cwvMp-rKqKo
cyci4mG9oIM,4,4,concat,6,https://www.youtube.com/watch?v=cyci4mG9oIM
czVruNAmY0c,4,4,concat,6,https://www.youtube.com/watch?v=czVruNAmY0c
d0j26OxB4Ns,4,4,concat,6,https://www.youtube.com/watch?v=d0j26OxB4Ns
d1A69YFTV1Y,4,4,concat,6,https://www.youtube.com/watch?v=d1A69YFTV1Y
d1qlogc2mC0,4,4,concat,6,https://www.youtube.com/watch?v=d1qlogc2mC0
d3QtfG3SLYM,4,4,concat,6,https://www.youtube.com/watch?v=d3QtfG3SLYM
d5lGxs7eGEQ,4,4,concat,6,https://www.youtube.com/watch?v=d5lGxs7eGEQ
d6lzsHKN9-E,4,4,concat,6,https://www.youtube.com/watch?v=d6lzsHKN9-E
dA_wbFaeprw,4,4,concat,6,https://www.youtube.com/watch?v=dA_wbFaeprw
dAj-P80OTl0,4,4,concat,6,https://www.youtube.com/watch?v=dAj-P80OTl0
dCJbhGlGBKw,4,4,concat,6,https://www.youtube.com/watch?v=dCJbhGlGBKw
dCYb8le9QkQ,4,4,concat,6,https://www.youtube.com/watch?v=dCYb8le9QkQ
dGHBDgDncNc,4,4,concat,6,https://www.youtube.com/watch?v=dGHBDgDncNc
dHVxwv5MYEQ,4,4,concat,6,https://www.youtube.com/watch?v=dHVxwv5MYEQ
dJ2_5jG8JFY,4,4,concat,6,https://www.youtube.com/watch?v=dJ2_5jG8JFY
dLzz3XbPeKg,4,4,concat,6,https://www.youtube.com/watch?v=dLzz3XbPeKg
dMOEEV-CY5M,4,4,concat,6,https://www.youtube.com/watch?v=dMOEEV-CY5M
dMPkM8EDcoo,4,4,concat,6,https://www.youtube.com/watch?v=dMPkM8EDcoo
dQ6V4sbqwS0,4,4,concat,6,https://www.youtube.com/watch?v=dQ6V4sbqwS0
dRu9Ntg9BXc,4,4,concat,6,https://www.youtube.com/watch?v=dRu9Ntg9BXc
dSrcCqwGWEU,4,4,concat,6,https://www.youtube.com/watch?v=dSrcCqwGWEU
dUKU_9yzS78,4,4,concat,6,https://www.youtube.com/watch?v=dUKU_9yzS78
dYqCVFCZuf0,4,4,concat,6,https://www.youtube.com/watch?v=dYqCVFCZuf0
dcijU4EklaQ,4,4,concat,6,https://www.youtube.com/watch?v=dcijU4EklaQ
dfkKgaO8dco,4,4,concat,6,https://www.youtube.com/watch?v=dfkKgaO8dco
di-GSwjaZhU,4,4,concat,6,https://www.youtube.com/watch?v=di-GSwjaZhU
dihGW1T8_dw,4,4,concat,6,https://www.youtube.com/watch?v=dihGW1T8_dw
dlKJjodyUt4,4,4,concat,6,https://www.youtube.com/watch?v=dlKJjodyUt4
dlOPrewYos8,4,4,concat,6,https://www.youtube.com/watch?v=dlOPrewYos8
dlt-Grn6uEc,4,4,concat,6,https://www.youtube.com/watch?v=dlt-Grn6uEc
dm2QqbaoiVk,4,4,concat,6,https://www.youtube.com/watch?v=dm2QqbaoiVk
dmrcOG-ZDvE,4,4,concat,6,https://www.youtube.com/watch?v=dmrcOG-ZDvE
dnpuUzdmm7c,4,4,concat,6,https://www.youtube.com/watch?v=dnpuUzdmm7c
dod1uEq8Too,4,4,concat,6,https://www.youtube.com/watch?v=dod1uEq8Too
dqhDoDQjPU0,4,4,concat,6,https://www.youtube.com/watch?v=dqhDoDQjPU0
drXtmQVh26Q,4,4,concat,6,https://www.youtube.com/watch?v=drXtmQVh26Q
dsdYkIOrhWw,4,4,concat,6,https://www.youtube.com/watch?v=dsdYkIOrhWw
dtrCQaQ5gLc,4,4,concat,6,https://www.youtube.com/watch?v=dtrCQaQ5gLc
dugcpLrrprI,4,4,concat,6,https://www.youtube.com/watch?v=dugcpLrrprI
dxPhA9C_MRY,4,4,concat,6,https://www.youtube.com/watch?v=dxPhA9C_MRY
dzBlK9n0XXI,4,4,concat,6,https://www.youtube.com/watch?v=dzBlK9n0XXI
e-8Gparwk9c,4,4,concat,6,https://www.youtube.com/watch?v=e-8Gparwk9c
e0pPNeyQVzI,4,4,concat,6,https://www.youtube.com/watch?v=e0pPNeyQVzI
e21K0e7dR2g,4,4,concat,6,https://www.youtube.com/watch?v=e21K0e7dR2g
e3GiayQoiIg,4,4,concat,6,https://www.youtube.com/watch?v=e3GiayQoiIg
e5HfnY0iwgE,4,4,concat,6,https://www.youtube.com/watch?v=e5HfnY0iwgE
e5vJg8vy8PQ,4,4,concat,6,https://www.youtube.com/watch?v=e5vJg8vy8PQ
e7a0L1HPDOI,4,4,concat,6,https://www.youtube.com/watch?v=e7a0L1HPDOI
e7uY9I3b9NA,4,4,concat,6,https://www.youtube.com/watch?v=e7uY9I3b9NA
e87xicj3iaM,4,4,concat,6,https://www.youtube.com/watch?v=e87xicj3iaM
e89mW6yU2Kk,4,4,concat,6,https://www.youtube.com/watch?v=e89mW6yU2Kk
e8WIOlG6w3M,4,4,concat,6,https://www.youtube.com/watch?v=e8WIOlG6w3M
e994qKxK6Ic,4,4,concat,6,https://www.youtube.com/watch?v=e994qKxK6Ic
eB_X2hjTS8k,4,4,concat,6,https://www.youtube.com/watch?v=eB_X2hjTS8k
eBholTZ_y6g,4,4,concat,6,https://www.youtube.com/watch?v=eBholTZ_y6g
eD8txD2XAeo,4,4,concat,6,https://www.youtube.com/watch?v=eD8txD2XAeo
eDa26UkwjW8,4,4,concat,6,https://www.youtube.com/watch?v=eDa26UkwjW8
eFz-dIClRRQ,4,4,concat,6,https://www.youtube.com/watch?v=eFz-dIClRRQ
eJ7sYdUEN9g,4,4,concat,6,https://www.youtube.com/watch?v=eJ7sYdUEN9g
eKIUO_C_NCI,4,4,concat,6,https://www.youtube.com/watch?v=eKIUO_C_NCI
eKRv7kNGoLg,4,4,concat,6,https://www.youtube.com/watch?v=eKRv7kNGoLg
eL8m2DMChsE,4,4,concat,6,https://www.youtube.com/watch?v=eL8m2DMChsE
eNIAIEw9c30,4,4,concat,6,https://www.youtube.com/watch?v=eNIAIEw9c30
eQRkos6H_fM,4,4,concat,6,https://www.youtube.com/watch?v=eQRkos6H_fM
eQvwQiBGz4c,4,4,concat,6,https://www.youtube.com/watch?v=eQvwQiBGz4c
eQwmP1Upv38,4,4,concat,6,https://www.youtube.com/watch?v=eQwmP1Upv38
eUMUwkPRxQw,4,4,concat,6,https://www.youtube.com/watch?v=eUMUwkPRxQw
eVzVza_d2wM,4,4,concat,6,https://www.youtube.com/watch?v=eVzVza_d2wM
eZystEOiA_A,4,4,concat,6,https://www.youtube.com/watch?v=eZystEOiA_A
eaVpRVnFtlA,4,4,concat,6,https://www.youtube.com/watch?v=eaVpRVnFtlA
ebOtSU6Ipgk,4,4,concat,6,https://www.youtube.com/watch?v=ebOtSU6Ipgk
edsJXiGJzAk,4,4,concat,6,https://www.youtube.com/watch?v=edsJXiGJzAk
ee_C59PbWnU,4,4,concat,6,https://www.youtube.com/watch?v=ee_C59PbWnU
ef2TjtAZyko,4,4,concat,6,https://www.youtube.com/watch?v=ef2TjtAZyko
efcMhu9g7j4,4,4,concat,6,https://www.youtube.com/watch?v=efcMhu9g7j4
efkRZUUqy_k,4,4,concat,6,https://www.youtube.com/watch?v=efkRZUUqy_k
egzv1-1IvmE,4,4,concat,6,https://www.youtube.com/watch?v=egzv1-1IvmE
eh9QZCF56sE,4,4,concat,6,https://www.youtube.com/watch?v=eh9QZCF56sE
ehlo_JuLXf4,4,4,concat,6,https://www.youtube.com/watch?v=ehlo_JuLXf4
emQoyXgtCaA,4,4,concat,6,https://www.youtube.com/watch?v=emQoyXgtCaA
enrymmL62gI,4,4,concat,6,https://www.youtube.com/watch?v=enrymmL62gI
eqTga9uYFtg,4,4,concat,6,https://www.youtube.com/watch?v=eqTga9uYFtg
eqprKq6W3jc,4,4,concat,6,https://www.youtube.com/watch?v=eqprKq6W3jc
eqzqGcQ-1k0,4,4,concat,6,https://www.youtube.com/watch?v=eqzqGcQ-1k0
esD9eR_0lx4,4,4,concat,6,https://www.youtube.com/watch?v=esD9eR_0lx4
etZ2o-Qohxs,4,4,concat,6,https://www.youtube.com/watch?v=etZ2o-Qohxs
evaGgnLCZ-Y,4,4,concat,6,https://www.youtube.com/watch?v=evaGgnLCZ-Y
ewVhDm6Tdi8,4,4,concat,6,https://www.youtube.com/watch?v=ewVhDm6Tdi8
eyP4OsGmIIw,4,4,concat,6,https://www.youtube.com/watch?v=eyP4OsGmIIw
eyXlejNUAqU,4,4,concat,6,https://www.youtube.com/watch?v=eyXlejNUAqU
ez-ipy1s970,4,4,concat,6,https://www.youtube.com/watch?v=ez-ipy1s970
f1qI6S-wFaQ,4,4,concat,6,https://www.youtube.com/watch?v=f1qI6S-wFaQ
f2hWAzmeZqM,4,4,concat,6,https://www.youtube.com/watch?v=f2hWAzmeZqM
f3VOGFQk1I4,4,4,concat,6,https://www.youtube.com/watch?v=f3VOGFQk1I4
f6mE9NZLfYM,4,4,concat,6,https://www.youtube.com/watch?v=f6mE9NZLfYM
fEFkTbfkvkU,4,4,concat,6,https://www.youtube.com/watch?v=fEFkTbfkvkU
fHw-gayEQ2I,4,4,concat,6,https://www.youtube.com/watch?v=fHw-gayEQ2I
fIKcybyMgVU,4,4,concat,6,https://www.youtube.com/watch?v=fIKcybyMgVU
fM2WfTh_CD4,4,4,concat,6,https://www.youtube.com/watch?v=fM2WfTh_CD4
fNgclsjS_5o,4,4,concat,6,https://www.youtube.com/watch?v=fNgclsjS_5o
fRDfGxqBQVU,4,4,concat,6,https://www.youtube.com/watch?v=fRDfGxqBQVU
fTjoNUk7D3I,4,4,concat,6,https://www.youtube.com/watch?v=fTjoNUk7D3I
fTsuujH8rX0,4,4,concat,6,https://www.youtube.com/watch?v=fTsuujH8rX0
fVRzHqongHE,4,4,concat,6,https://www.youtube.com/watch?v=fVRzHqongHE
fXiBcF9iVuI,4,4,concat,6,https://www.youtube.com/watch?v=fXiBcF9iVuI
fYZ1BSMG70E,4,4,concat,6,https://www.youtube.com/watch?v=fYZ1BSMG70E
fZW0P-yCr7c,4,4,concat,6,https://www.youtube.com/watch?v=fZW0P-yCr7c
f_7sQNeBbfM,4,4,concat,6,https://www.youtube.com/watch?v=f_7sQNeBbfM
f_Wvd5LU1eM,4,4,concat,6,https://www.youtube.com/watch?v=f_Wvd5LU1eM
f_nY1eXVDgI,4,4,concat,6,https://www.youtube.com/watch?v=f_nY1eXVDgI
fbR2B_sS2hg,4,4,concat,6,https://www.youtube.com/watch?v=fbR2B_sS2hg
fdP0HKphpyY,4,4,concat,6,https://www.youtube.com/watch?v=fdP0HKphpyY
fe0LcbpuH-M,4,4,concat,6,https://www.youtube.com/watch?v=fe0LcbpuH-M
feIhLFCoBXg,4,4,concat,6,https://www.youtube.com/watch?v=feIhLFCoBXg
feMIgulZoDg,4,4,concat,6,https://www.youtube.com/watch?v=feMIgulZoDg
fgWr73pD6iI,4,4,concat,6,https://www.youtube.com/watch?v=fgWr73pD6iI
fgmNvrvonig,4,4,concat,6,https://www.youtube.com/watch?v=fgmNvrvonig
fh8F9GDMiXk,4,4,concat,6,https://www.youtube.com/watch?v=fh8F9GDMiXk
fhleESP_oJs,4,4,concat,6,https://www.youtube.com/watch?v=fhleESP_oJs
fhzVE-bMRH4,4,4,concat,6,https://www.youtube.com/watch?v=fhzVE-bMRH4
fl638h8WlIc,4,4,concat,6,https://www.youtube.com/watch?v=fl638h8WlIc
fl8GEVUNfAA,4,4,concat,6,https://www.youtube.com/watch?v=fl8GEVUNfAA
flKs3sp5vbM,4,4,concat,6,https://www.youtube.com/watch?v=flKs3sp5vbM
flWV4_JE5bU,4,4,concat,6,https://www.youtube.com/watch?v=flWV4_JE5bU
fm-RELoub8o,4,4,concat,6,https://www.youtube.com/watch?v=fm-RELoub8o
fnXMqz6F3W0,4,4,concat,6,https://www.youtube.com/watch?v=fnXMqz6F3W0
fqWkGwY-g5g,4,4,concat,6,https://www.youtube.com/watch?v=fqWkGwY-g5g
ft4Hg_f7-vk,4,4,concat,6,https://www.youtube.com/watch?v=ft4Hg_f7-vk
fxmZRgJEUO8,4,4,concat,6,https://www.youtube.com/watch?v=fxmZRgJEUO8
fyaVtApyF1s,4,4,concat,6,https://www.youtube.com/watch?v=fyaVtApyF1s
fzFoBXpViMQ,4,4,concat,6,https://www.youtube.com/watch?v=fzFoBXpViMQ
g-hXMP2xya4,4,4,concat,6,https://www.youtube.com/watch?v=g-hXMP2xya4
g1PmCRsHOCY,4,4,concat,6,https://www.youtube.com/watch?v=g1PmCRsHOCY
g20KVxi5Mf4,4,4,concat,6,https://www.youtube.com/watch?v=g20KVxi5Mf4
g5ANW2EJlO0,4,4,concat,6,https://www.youtube.com/watch?v=g5ANW2EJlO0
g5BM3rKdM-I,4,4,concat,6,https://www.youtube.com/watch?v=g5BM3rKdM-I
g7MV4yiK0Rg,4,4,concat,6,https://www.youtube.com/watch?v=g7MV4yiK0Rg
gD93uZSJK3g,4,4,concat,6,https://www.youtube.com/watch?v=gD93uZSJK3g
gDq4G-z-JWc,4,4,concat,6,https://www.youtube.com/watch?v=gDq4G-z-JWc
gF2RMOhzRn4,4,4,concat,6,https://www.youtube.com/watch?v=gF2RMOhzRn4
gFd5c0ct8eY,4,4,concat,6,https://www.youtube.com/watch?v=gFd5c0ct8eY
gGO0hzk2Wvc,4,4,concat,6,https://www.youtube.com/watch?v=gGO0hzk2Wvc
gGPfJNNn-ss,4,4,concat,6,https://www.youtube.com/watch?v=gGPfJNNn-ss
gH4TTzpNbHY,4,4,concat,6,https://www.youtube.com/watch?v=gH4TTzpNbHY
gIsCzW_x4DQ,4,4,concat,6,https://www.youtube.com/watch?v=gIsCzW_x4DQ
gIzycjnccfs,4,4,concat,6,https://www.youtube.com/watch?v=gIzycjnccfs
gJNe3BEwFrM,4,4,concat,6,https://www.youtube.com/watch?v=gJNe3BEwFrM
gK7QejYNzLc,4,4,concat,6,https://www.youtube.com/watch?v=gK7QejYNzLc
gKH11a2h0l8,4,4,concat,6,https://www.youtube.com/watch?v=gKH11a2h0l8
gKl7TRSAF3U,4,4,concat,6,https://www.youtube.com/watch?v=gKl7TRSAF3U
gL9YvlqyhWE,4,4,concat,6,https://www.youtube.com/watch?v=gL9YvlqyhWE
gMNpy726O78,4,4,concat,6,https://www.youtube.com/watch?v=gMNpy726O78
gNXuwc8fEHM,4,4,concat,6,https://www.youtube.com/watch?v=gNXuwc8fEHM
gNjNb_lSG2s,4,4,concat,6,https://www.youtube.com/watch?v=gNjNb_lSG2s
gOH__xemVcQ,4,4,concat,6,https://www.youtube.com/watch?v=gOH__xemVcQ
gQijUy4tqms,4,4,concat,6,https://www.youtube.com/watch?v=gQijUy4tqms
gRiiDYut0vk,4,4,concat,6,https://www.youtube.com/watch?v=gRiiDYut0vk
gVOlRneTbqA,4,4,concat,6,https://www.youtube.com/watch?v=gVOlRneTbqA
gVxlo6gqGTQ,4,4,concat,6,https://www.youtube.com/watch?v=gVxlo6gqGTQ
gVxz65CD_IQ,4,4,concat,6,https://www.youtube.com/watch?v=gVxz65CD_IQ
gWANqZcFIvk,4,4,concat,6,https://www.youtube.com/watch?v=gWANqZcFIvk
gWGt9MTeNQU,4,4,concat,6,https://www.youtube.com/watch?v=gWGt9MTeNQU
gXCH2tCgw-g,4,4,concat,6,https://www.youtube.com/watch?v=gXCH2tCgw-g
gYmnyAWKozk,4,4,concat,6,https://www.youtube.com/watch?v=gYmnyAWKozk
gZVZ1w9F2Hc,4,4,concat,6,https://www.youtube.com/watch?v=gZVZ1w9F2Hc
gZzzaXYR5s8,4,4,concat,6,https://www.youtube.com/watch?v=gZzzaXYR5s8
g_Q-SWvpzrM,4,4,concat,6,https://www.youtube.com/watch?v=g_Q-SWvpzrM
g_Uy9osU-Is,4,4,concat,6,https://www.youtube.com/watch?v=g_Uy9osU-Is
gbQ8Tq2GAfc,4,4,concat,6,https://www.youtube.com/watch?v=gbQ8Tq2GAfc
geBai5p4yfA,4,4,concat,6,https://www.youtube.com/watch?v=geBai5p4yfA
gfEQXagx0_Q,4,4,concat,6,https://www.youtube.com/watch?v=gfEQXagx0_Q
ggU0osEp4RE,4,4,concat,6,https://www.youtube.com/watch?v=ggU0osEp4RE
ghFu5rzQHa8,4,4,concat,6,https://www.youtube.com/watch?v=ghFu5rzQHa8
gkmR8HL8RRw,4,4,concat,6,https://www.youtube.com/watch?v=gkmR8HL8RRw
glKVoSx7w30,4,4,concat,6,https://www.youtube.com/watch?v=glKVoSx7w30
gqybHl7H4J0,4,4,concat,6,https://www.youtube.com/watch?v=gqybHl7H4J0
grRNRnamqWA,4,4,concat,6,https://www.youtube.com/watch?v=grRNRnamqWA
gsIpjZoF2Pw,4,4,concat,6,https://www.youtube.com/watch?v=gsIpjZoF2Pw
gsfdchVrBLo,4,4,concat,6,https://www.youtube.com/watch?v=gsfdchVrBLo
gwmTyquyn68,4,4,concat,6,https://www.youtube.com/watch?v=gwmTyquyn68
gwnoq7LzM_8,4,4,concat,6,https://www.youtube.com/watch?v=gwnoq7LzM_8
gxT1uqx1hLM,4,4,concat,6,https://www.youtube.com/watch?v=gxT1uqx1hLM
gzFKOGlBmoY,4,4,concat,6,https://www.youtube.com/watch?v=gzFKOGlBmoY
gzpL81hjQAE,4,4,concat,6,https://www.youtube.com/watch?v=gzpL81hjQAE
h-eGswHLhs0,4,4,concat,6,https://www.youtube.com/watch?v=h-eGswHLhs0
h00VhGFlqXE,4,4,concat,6,https://www.youtube.com/watch?v=h00VhGFlqXE
h05B0WNpgHE,4,4,concat,6,https://www.youtube.com/watch?v=h05B0WNpgHE
h0WT-FLL7xE,4,4,concat,6,https://www.youtube.com/watch?v=h0WT-FLL7xE
h2ruHjF7HR4,4,4,concat,6,https://www.youtube.com/watch?v=h2ruHjF7HR4
h3UoJKLjQq8,4,4,concat,6,https://www.youtube.com/watch?v=h3UoJKLjQq8
h3lKJuQ5-I8,4,4,concat,6,https://www.youtube.com/watch?v=h3lKJuQ5-I8
h4h-AfEcw-o,4,4,concat,6,https://www.youtube.com/watch?v=h4h-AfEcw-o
h7Hx5IvFIZw,4,4,concat,6,https://www.youtube.com/watch?v=h7Hx5IvFIZw
h7PRNMSjp3I,4,4,concat,6,https://www.youtube.com/watch?v=h7PRNMSjp3I
h82-1URovzc,4,4,concat,6,https://www.youtube.com/watch?v=h82-1URovzc
h8AagKpFSHE,4,4,concat,6,https://www.youtube.com/watch?v=h8AagKpFSHE
h8LBz9W1lPU,4,4,concat,6,https://www.youtube.com/watch?v=h8LBz9W1lPU
h8tHIKBQcCA,4,4,concat,6,https://www.youtube.com/watch?v=h8tHIKBQcCA
hBqObfrDKqc,4,4,concat,6,https://www.youtube.com/watch?v=hBqObfrDKqc
hFpYXgYpfeY,4,4,concat,6,https://www.youtube.com/watch?v=hFpYXgYpfeY
hGuHRkh5oto,4,4,concat,6,https://www.youtube.com/watch?v=hGuHRkh5oto
hIh9K3xCHlE,4,4,concat,6,https://www.youtube.com/watch?v=hIh9K3xCHlE
hIzXGILF-hA,4,4,concat,6,https://www.youtube.com/watch?v=hIzXGILF-hA
hJbQVtJ_7bE,4,4,concat,6,https://www.youtube.com/watch?v=hJbQVtJ_7bE
hL7UVIERV2s,4,4,concat,6,https://www.youtube.com/watch?v=hL7UVIERV2s
hOSrG6U0YK0,4,4,concat,6,https://www.youtube.com/watch?v=hOSrG6U0YK0
hQ-zXyvsegA,4,4,concat,6,https://www.youtube.com/watch?v=hQ-zXyvsegA
hSdnQYvS4qQ,4,4,concat,6,https://www.youtube.com/watch?v=hSdnQYvS4qQ
hSgSzXkFQvs,4,4,concat,6,https://www.youtube.com/watch?v=hSgSzXkFQvs
hTZO5rHDYKQ,4,4,concat,6,https://www.youtube.com/watch?v=hTZO5rHDYKQ
hTdgV5npx6M,4,4,concat,6,https://www.youtube.com/watch?v=hTdgV5npx6M
hUbb3-FrQTs,4,4,concat,6,https://www.youtube.com/watch?v=hUbb3-FrQTs
hX9kouTF5J0,4,4,concat,6,https://www.youtube.com/watch?v=hX9kouTF5J0
hYbSOdhFrMQ,4,4,concat,6,https://www.youtube.com/watch?v=hYbSOdhFrMQ
h_YuyCK-SYw,4,4,concat,6,https://www.youtube.com/watch?v=h_YuyCK-SYw
h_zdVhsSJDM,4,4,concat,6,https://www.youtube.com/watch?v=h_zdVhsSJDM
hap5zzcMBMs,4,4,concat,6,https://www.youtube.com/watch?v=hap5zzcMBMs
hbdgula0yNk,4,4,concat,6,https://www.youtube.com/watch?v=hbdgula0yNk
hcEG5DbfI3Q,4,4,concat,6,https://www.youtube.com/watch?v=hcEG5DbfI3Q
he2druGCQx0,4,4,concat,6,https://www.youtube.com/watch?v=he2druGCQx0
hfh-TeoPeD8,4,4,concat,6,https://www.youtube.com/watch?v=hfh-TeoPeD8
hksUqOQp-tM,4,4,concat,6,https://www.youtube.com/watch?v=hksUqOQp-tM
hpig_kc5VUE,4,4,concat,6,https://www.youtube.com/watch?v=hpig_kc5VUE
hpojOuwHM4E,4,4,concat,6,https://www.youtube.com/watch?v=hpojOuwHM4E
hq70EmhY_qg,4,4,concat,6,https://www.youtube.com/watch?v=hq70EmhY_qg
hqHmUkgqBcg,4,4,concat,6,https://www.youtube.com/watch?v=hqHmUkgqBcg
hs85-ZRfCxw,4,4,concat,6,https://www.youtube.com/watch?v=hs85-ZRfCxw
hvlWHkd50Ik,4,4,concat,6,https://www.youtube.com/watch?v=hvlWHkd50Ik
hxBJxCJW_Ik,4,4,concat,6,https://www.youtube.com/watch?v=hxBJxCJW_Ik
hxMYJ1Ak7pc,4,4,concat,6,https://www.youtube.com/watch?v=hxMYJ1Ak7pc
hyeaOXbK1XU,4,4,concat,6,https://www.youtube.com/watch?v=hyeaOXbK1XU
hylsN8j9QN8,4,4,concat,6,https://www.youtube.com/watch?v=hylsN8j9QN8
hzUhxguAA3I,4,4,concat,6,https://www.youtube.com/watch?v=hzUhxguAA3I
i-aJKQ5Ecp4,4,4,concat,6,https://www.youtube.com/watch?v=i-aJKQ5Ecp4
i-p_QVBc9CU,4,4,concat,6,https://www.youtube.com/watch?v=i-p_QVBc9CU
i0H3Knv636w,4,4,concat,6,https://www.youtube.com/watch?v=i0H3Knv636w
i21oWLZDCEQ,4,4,concat,6,https://www.youtube.com/watch?v=i21oWLZDCEQ
i2MOt3dpNVc,4,4,concat,6,https://www.youtube.com/watch?v=i2MOt3dpNVc
i2ncxU-lYYU,4,4,concat,6,https://www.youtube.com/watch?v=i2ncxU-lYYU
i3lbQOSjpT4,4,4,concat,6,https://www.youtube.com/watch?v=i3lbQOSjpT4
i41w1GIBxOg,4,4,concat,6,https://www.youtube.com/watch?v=i41w1GIBxOg
i4DP1u_AaIw,4,4,concat,6,https://www.youtube.com/watch?v=i4DP1u_AaIw
i4SGPTYwrzQ,4,4,concat,6,https://www.youtube.com/watch?v=i4SGPTYwrzQ
i7G5j4eGGAQ,4,4,concat,6,https://www.youtube.com/watch?v=i7G5j4eGGAQ
i81BdapM6zI,4,4,concat,6,https://www.youtube.com/watch?v=i81BdapM6zI
i8m3zJZgUlQ,4,4,concat,6,https://www.youtube.com/watch?v=i8m3zJZgUlQ
i9OQ_nlVbiA,4,4,concat,6,https://www.youtube.com/watch?v=i9OQ_nlVbiA
iH1xgw-k8RQ,4,4,concat,6,https://www.youtube.com/watch?v=iH1xgw-k8RQ
iHuBM0TRQQk,4,4,concat,6,https://www.youtube.com/watch?v=iHuBM0TRQQk
iJxJDXRA0g4,4,4,concat,6,https://www.youtube.com/watch?v=iJxJDXRA0g4
iKqOMA_zswQ,4,4,concat,6,https://www.youtube.com/watch?v=iKqOMA_zswQ
iL1KZg9Tnnk,4,4,concat,6,https://www.youtube.com/watch?v=iL1KZg9Tnnk
iL3PzY_2zII,4,4,concat,6,https://www.youtube.com/watch?v=iL3PzY_2zII
iLzI0cVduoQ,4,4,concat,6,https://www.youtube.com/watch?v=iLzI0cVduoQ
iMR6KqW7IG0,4,4,concat,6,https://www.youtube.com/watch?v=iMR6KqW7IG0
iN5GByAVwKY,4,4,concat,6,https://www.youtube.com/watch?v=iN5GByAVwKY
iQClDieos1Q,4,4,concat,6,https://www.youtube.com/watch?v=iQClDieos1Q
iV23qnzXzYE,4,4,concat,6,https://www.youtube.com/watch?v=iV23qnzXzYE
iVXSoyQ6QRI,4,4,concat,6,https://www.youtube.com/watch?v=iVXSoyQ6QRI
iViV_1jQGns,4,4,concat,6,https://www.youtube.com/watch?v=iViV_1jQGns
iW6HzuXOaoY,4,4,concat,6,https://www.youtube.com/watch?v=iW6HzuXOaoY
ia55l5fMNA0,4,4,concat,6,https://www.youtube.com/watch?v=ia55l5fMNA0
ibexeUu3358,4,4,concat,6,https://www.youtube.com/watch?v=ibexeUu3358
icacBMgz_s8,4,4,concat,6,https://www.youtube.com/watch?v=icacBMgz_s8
ickisaqkgmQ,4,4,concat,6,https://www.youtube.com/watch?v=ickisaqkgmQ
ieRz41ufzVI,4,4,concat,6,https://www.youtube.com/watch?v=ieRz41ufzVI
ihuaEPS7H8k,4,4,concat,6,https://www.youtube.com/watch?v=ihuaEPS7H8k
iitmKHixbZw,4,4,concat,6,https://www.youtube.com/watch?v=iitmKHixbZw
irepNEUsvlk,4,4,concat,6,https://www.youtube.com/watch?v=irepNEUsvlk
isKNLuZZpLM,4,4,concat,6,https://www.youtube.com/watch?v=isKNLuZZpLM
itgFTn3IH70,4,4,concat,6,https://www.youtube.com/watch?v=itgFTn3IH70
ith25zh794o,4,4,concat,6,https://www.youtube.com/watch?v=ith25zh794o
iudDo2ysqKw,4,4,concat,6,https://www.youtube.com/watch?v=iudDo2ysqKw
iudWz6xVID8,4,4,concat,6,https://www.youtube.com/watch?v=iudWz6xVID8
ivbBL9UG-2M,4,4,concat,6,https://www.youtube.com/watch?v=ivbBL9UG-2M
j-QZmQLQlrI,4,4,concat,6,https://www.youtube.com/watch?v=j-QZmQLQlrI
j0cX_DpDpSo,4,4,concat,6,https://www.youtube.com/watch?v=j0cX_DpDpSo
j45worn17rg,4,4,concat,6,https://www.youtube.com/watch?v=j45worn17rg
j61IHtoe1TM,4,4,concat,6,https://www.youtube.com/watch?v=j61IHtoe1TM
j6ILbV3nr44,4,4,concat,6,https://www.youtube.com/watch?v=j6ILbV3nr44
j6kSSykgEuE,4,4,concat,6,https://www.youtube.com/watch?v=j6kSSykgEuE
j9pI4zol7mw,4,4,concat,6,https://www.youtube.com/watch?v=j9pI4zol7mw
jAINQfEHlYk,4,4,concat,6,https://www.youtube.com/watch?v=jAINQfEHlYk
jAT_Ufh7oKA,4,4,concat,6,https://www.youtube.com/watch?v=jAT_Ufh7oKA
jCBbX9fXV4A,4,4,concat,6,https://www.youtube.com/watch?v=jCBbX9fXV4A
jHD38inMXKg,4,4,concat,6,https://www.youtube.com/watch?v=jHD38inMXKg
jHIgGKCftmg,4,4,concat,6,https://www.youtube.com/watch?v=jHIgGKCftmg
jLx1nqt9pWI,4,4,concat,6,https://www.youtube.com/watch?v=jLx1nqt9pWI
jOHoQahSDAg,4,4,concat,6,https://www.youtube.com/watch?v=jOHoQahSDAg
jRL4OkhWpGw,4,4,concat,6,https://www.youtube.com/watch?v=jRL4OkhWpGw
jSpazjVFm6k,4,4,concat,6,https://www.youtube.com/watch?v=jSpazjVFm6k
jTXNIUOkCMw,4,4,concat,6,https://www.youtube.com/watch?v=jTXNIUOkCMw
jUkKOOfwLik,4,4,concat,6,https://www.youtube.com/watch?v=jUkKOOfwLik
jVE71TKdkjo,4,4,concat,6,https://www.youtube.com/watch?v=jVE71TKdkjo
jYHflnYYl0Y,4,4,concat,6,https://www.youtube.com/watch?v=jYHflnYYl0Y
jZu5xNWwYvg,4,4,concat,6,https://www.youtube.com/watch?v=jZu5xNWwYvg
j_1jPxsYgQQ,4,4,concat,6,https://www.youtube.com/watch?v=j_1jPxsYgQQ
j_QlKeGuy-8,4,4,concat,6,https://www.youtube.com/watch?v=j_QlKeGuy-8
j_jQNkpsdnU,4,4,concat,6,https://www.youtube.com/watch?v=j_jQNkpsdnU
jbUF9kQchxE,4,4,concat,6,https://www.youtube.com/watch?v=jbUF9kQchxE
jcPdH0s4Rlc,4,4,concat,6,https://www.youtube.com/watch?v=jcPdH0s4Rlc
jdF6XbEhOAQ,4,4,concat,6,https://www.youtube.com/watch?v=jdF6XbEhOAQ
jdj6ntU-vG8,4,4,concat,6,https://www.youtube.com/watch?v=jdj6ntU-vG8
jdw6f8Q1SaM,4,4,concat,6,https://www.youtube.com/watch?v=jdw6f8Q1SaM
jfLOhjXQfxw,4,4,concat,6,https://www.youtube.com/watch?v=jfLOhjXQfxw
jidDV308PX4,4,4,concat,6,https://www.youtube.com/watch?v=jidDV308PX4
jk3JCh68nAE,4,4,concat,6,https://www.youtube.com/watch?v=jk3JCh68nAE
jkmvxHQbdLA,4,4,concat,6,https://www.youtube.com/watch?v=jkmvxHQbdLA
joCcfuVGYXQ,4,4,concat,6,https://www.youtube.com/watch?v=joCcfuVGYXQ
joDNJ-BPVGA,4,4,concat,6,https://www.youtube.com/watch?v=joDNJ-BPVGA
jqATSjkNk7I,4,4,concat,6,https://www.youtube.com/watch?v=jqATSjkNk7I
jrFzVmGnTiE,4,4,concat,6,https://www.youtube.com/watch?v=jrFzVmGnTiE
jr_f5uf6Fog,4,4,concat,6,https://www.youtube.com/watch?v=jr_f5uf6Fog
jsmpGdSM7T8,4,4,concat,6,https://www.youtube.com/watch?v=jsmpGdSM7T8
jxcLdxN8L-g,4,4,concat,6,https://www.youtube.com/watch?v=jxcLdxN8L-g
jxdKAHFa7XQ,4,4,concat,6,https://www.youtube.com/watch?v=jxdKAHFa7XQ
jyhR2SqD-YY,4,4,concat,6,https://www.youtube.com/watch?v=jyhR2SqD-YY
jyu5pKonFGw,4,4,concat,6,https://www.youtube.com/watch?v=jyu5pKonFGw
k-nSbHrEhYQ,4,4,concat,6,https://www.youtube.com/watch?v=k-nSbHrEhYQ
k69T2SQVviQ,4,4,concat,6,https://www.youtube.com/watch?v=k69T2SQVviQ
k6FSlA-AOBc,4,4,concat,6,https://www.youtube.com/watch?v=k6FSlA-AOBc
k7Hd1zjWaiU,4,4,concat,6,https://www.youtube.com/watch?v=k7Hd1zjWaiU
k977ia4b99c,4,4,concat,6,https://www.youtube.com/watch?v=k977ia4b99c
k9ZgjJNFwH0,4,4,concat,6,https://www.youtube.com/watch?v=k9ZgjJNFwH0
kBB6JhNSIow,4,4,concat,6,https://www.youtube.com/watch?v=kBB6JhNSIow
kDwiy-Y5mBM,4,4,concat,6,https://www.youtube.com/watch?v=kDwiy-Y5mBM
kGa-fC_FxVk,4,4,concat,6,https://www.youtube.com/watch?v=kGa-fC_FxVk
kHgGs87aoxU,4,4,concat,6,https://www.youtube.com/watch?v=kHgGs87aoxU
kIuaoT33HHg,4,4,concat,6,https://www.youtube.com/watch?v=kIuaoT33HHg
kKM6kTwfrN0,4,4,concat,6,https://www.youtube.com/watch?v=kKM6kTwfrN0
kLIlsobgrfo,4,4,concat,6,https://www.youtube.com/watch?v=kLIlsobgrfo
kLt_QJJC6vM,4,4,concat,6,https://www.youtube.com/watch?v=kLt_QJJC6vM
kMBkwL2CJ8U,4,4,concat,6,https://www.youtube.com/watch?v=kMBkwL2CJ8U
kN9RgA_r7Lw,4,4,concat,6,https://www.youtube.com/watch?v=kN9RgA_r7Lw
kNKL7rqoVlc,4,4,concat,6,https://www.youtube.com/watch?v=kNKL7rqoVlc
kO7fK4S9R9I,4,4,concat,6,https://www.youtube.com/watch?v=kO7fK4S9R9I
kOCI7jPG5CM,4,4,concat,6,https://www.youtube.com/watch?v=kOCI7jPG5CM
kPY5eeL676o,4,4,concat,6,https://www.youtube.com/watch?v=kPY5eeL676o
kR87sFUtlS8,4,4,concat,6,https://www.youtube.com/watch?v=kR87sFUtlS8
kR9QMSKteOk,4,4,concat,6,https://www.youtube.com/watch?v=kR9QMSKteOk
kR9R4bJiJ7w,4,4,concat,6,https://www.youtube.com/watch?v=kR9R4bJiJ7w
kRl3CbXAnwo,4,4,concat,6,https://www.youtube.com/watch?v=kRl3CbXAnwo
kT4sZuQkHBg,4,4,concat,6,https://www.youtube.com/watch?v=kT4sZuQkHBg
kTi2xtWmbzY,4,4,concat,6,https://www.youtube.com/watch?v=kTi2xtWmbzY
kVLvXqk0s_U,4,4,concat,6,https://www.youtube.com/watch?v=kVLvXqk0s_U
kXJ1KZ70V7w,4,4,concat,6,https://www.youtube.com/watch?v=kXJ1KZ70V7w
kYO15Ga_i7U,4,4,concat,6,https://www.youtube.com/watch?v=kYO15Ga_i7U
kYd8DGaVonE,4,4,concat,6,https://www.youtube.com/watch?v=kYd8DGaVonE
kZKqXljYilM,4,4,concat,6,https://www.youtube.com/watch?v=kZKqXljYilM
kaOq-HWyV0Y,4,4,concat,6,https://www.youtube.com/watch?v=kaOq-HWyV0Y
kbs30nOvey8,4,4,concat,6,https://www.youtube.com/watch?v=kbs30nOvey8
kcApYITV2ic,4,4,concat,6,https://www.youtube.com/watch?v=kcApYITV2ic
kd5nRXgA3jk,4,4,concat,6,https://www.youtube.com/watch?v=kd5nRXgA3jk
ke7DwX4GVI4,4,4,concat,6,https://www.youtube.com/watch?v=ke7DwX4GVI4
keaPtrtlWJY,4,4,concat,6,https://www.youtube.com/watch?v=keaPtrtlWJY
kjab3vH4ZlE,4,4,concat,6,https://www.youtube.com/watch?v=kjab3vH4ZlE
kjyTT4pOdfs,4,4,concat,6,https://www.youtube.com/watch?v=kjyTT4pOdfs
kk8ZhfoW7P8,4,4,concat,6,https://www.youtube.com/watch?v=kk8ZhfoW7P8
kmGleMxaXfg,4,4,concat,6,https://www.youtube.com/watch?v=kmGleMxaXfg
koDGZmD_SeI,4,4,concat,6,https://www.youtube.com/watch?v=koDGZmD_SeI
kq7saPcPnUw,4,4,concat,6,https://www.youtube.com/watch?v=kq7saPcPnUw
ksD-cz5lbgw,4,4,concat,6,https://www.youtube.com/watch?v=ksD-cz5lbgw
ksKLGw4ISZY,4,4,concat,6,https://www.youtube.com/watch?v=ksKLGw4ISZY
ktFOFxTZ-w4,4,4,concat,6,https://www.youtube.com/watch?v=ktFOFxTZ-w4
kvHI7bNNbEc,4,4,concat,6,https://www.youtube.com/watch?v=kvHI7bNNbEc
kxvoKNXnvho,4,4,concat,6,https://www.youtube.com/watch?v=kxvoKNXnvho
ky1vbif4_ew,4,4,concat,6,https://www.youtube.com/watch?v=ky1vbif4_ew
kyA_eII1WMw,4,4,concat,6,https://www.youtube.com/watch?v=kyA_eII1WMw
kyI0ciRlS54,4,4,concat,6,https://www.youtube.com/watch?v=kyI0ciRlS54
kzzPfLMKaGA,4,4,concat,6,https://www.youtube.com/watch?v=kzzPfLMKaGA
l0ft3f-5_Zs,4,4,concat,6,https://www.youtube.com/watch?v=l0ft3f-5_Zs
l1Ord_thltw,4,4,concat,6,https://www.youtube.com/watch?v=l1Ord_thltw
l1T28y8gBwM,4,4,concat,6,https://www.youtube.com/watch?v=l1T28y8gBwM
l1_8P2DpdGU,4,4,concat,6,https://www.youtube.com/watch?v=l1_8P2DpdGU
l3wcKWYBXNs,4,4,concat,6,https://www.youtube.com/watch?v=l3wcKWYBXNs
l3yRiMgu0wM,4,4,concat,6,https://www.youtube.com/watch?v=l3yRiMgu0wM
l53UaiUyl8M,4,4,concat,6,https://www.youtube.com/watch?v=l53UaiUyl8M
l5iZ450Qo_A,4,4,concat,6,https://www.youtube.com/watch?v=l5iZ450Qo_A
l7QruJ7DZlY,4,4,concat,6,https://www.youtube.com/watch?v=l7QruJ7DZlY
l8mwR4e5jqM,4,4,concat,6,https://www.youtube.com/watch?v=l8mwR4e5jqM
lARw1h1JUBs,4,4,concat,6,https://www.youtube.com/watch?v=lARw1h1JUBs
lD_M4DMebRE,4,4,concat,6,https://www.youtube.com/watch?v=lD_M4DMebRE
lEa8Z28QfhA,4,4,concat,6,https://www.youtube.com/watch?v=lEa8Z28QfhA
lFP_fGsrg3w,4,4,concat,6,https://www.youtube.com/watch?v=lFP_fGsrg3w
lH-5rch3QrE,4,4,concat,6,https://www.youtube.com/watch?v=lH-5rch3QrE
lHUXll7Kmq0,4,4,concat,6,https://www.youtube.com/watch?v=lHUXll7Kmq0
lHaiMf63Wmw,4,4,concat,6,https://www.youtube.com/watch?v=lHaiMf63Wmw
lJ5TAlQHGc8,4,4,concat,6,https://www.youtube.com/watch?v=lJ5TAlQHGc8
lJh_uvnAMPA,4,4,concat,6,https://www.youtube.com/watch?v=lJh_uvnAMPA
lKPlEainxD4,4,4,concat,6,https://www.youtube.com/watch?v=lKPlEainxD4
lKki95oYcQ8,4,4,concat,6,https://www.youtube.com/watch?v=lKki95oYcQ8
lLfv_uVZd_c,4,4,concat,6,https://www.youtube.com/watch?v=lLfv_uVZd_c
lOJwTFaqoE0,4,4,concat,6,https://www.youtube.com/watch?v=lOJwTFaqoE0
lOk0619bdAw,4,4,concat,6,https://www.youtube.com/watch?v=lOk0619bdAw
lTMAZc2uAmo,4,4,concat,6,https://www.youtube.com/watch?v=lTMAZc2uAmo
lUHlE03cm24,4,4,concat,6,https://www.youtube.com/watch?v=lUHlE03cm24
lUwJP3JjS3Q,4,4,concat,6,https://www.youtube.com/watch?v=lUwJP3JjS3Q
lVA0ZqFP870,4,4,concat,6,https://www.youtube.com/watch?v=lVA0ZqFP870
lVJxzhoSa74,4,4,concat,6,https://www.youtube.com/watch?v=lVJxzhoSa74
lXejoihHCdU,4,4,concat,6,https://www.youtube.com/watch?v=lXejoihHCdU
l_xurEyGG68,4,4,concat,6,https://www.youtube.com/watch?v=l_xurEyGG68
lcBL4L3J81M,4,4,concat,6,https://www.youtube.com/watch?v=lcBL4L3J81M
lcOnU2BgpRU,4,4,concat,6,https://www.youtube.com/watch?v=lcOnU2BgpRU
lfkhPuRbaIM,4,4,concat,6,https://www.youtube.com/watch?v=lfkhPuRbaIM
lfssF16Bkcc,4,4,concat,6,https://www.youtube.com/watch?v=lfssF16Bkcc
lgjd0UIiW5I,4,4,concat,6,https://www.youtube.com/watch?v=lgjd0UIiW5I
lh3n7xucC6c,4,4,concat,6,https://www.youtube.com/watch?v=lh3n7xucC6c
li0fxHHcOzw,4,4,concat,6,https://www.youtube.com/watch?v=li0fxHHcOzw
lkSqjmmvpnk,4,4,concat,6,https://www.youtube.com/watch?v=lkSqjmmvpnk
lmnb0LZqGAc,4,4,concat,6,https://www.youtube.com/watch?v=lmnb0LZqGAc
lnG0Aw9jLsA,4,4,concat,6,https://www.youtube.com/watch?v=lnG0Aw9jLsA
loysZXzczsc,4,4,concat,6,https://www.youtube.com/watch?v=loysZXzczsc
lsGxXav5ODo,4,4,concat,6,https://www.youtube.com/watch?v=lsGxXav5ODo
lvlC0T1lXq4,4,4,concat,6,https://www.youtube.com/watch?v=lvlC0T1lXq4
lvygWNsWb4A,4,4,concat,6,https://www.youtube.com/watch?v=lvygWNsWb4A
lwTncPYaWRA,4,4,concat,6,https://www.youtube.com/watch?v=lwTncPYaWRA
lxRg4YZZ9lY,4,4,concat,6,https://www.youtube.com/watch?v=lxRg4YZZ9lY
lysC_owNyeA,4,4,concat,6,https://www.youtube.com/watch?v=lysC_owNyeA
lysUeT4Kps4,4,4,concat,6,https://www.youtube.com/watch?v=lysUeT4Kps4
m-5AFhM9UKg,4,4,concat,6,https://www.youtube.com/watch?v=m-5AFhM9UKg
m-8u09DmBEE,4,4,concat,6,https://www.youtube.com/watch?v=m-8u09DmBEE
m-aRXuLyByw,4,4,concat,6,https://www.youtube.com/watch?v=m-aRXuLyByw
m-pG_Vns60A,4,4,concat,6,https://www.youtube.com/watch?v=m-pG_Vns60A
m1nEW6hWubE,4,4,concat,6,https://www.youtube.com/watch?v=m1nEW6hWubE
m2DJoDkdq4g,4,4,concat,6,https://www.youtube.com/watch?v=m2DJoDkdq4g
m3-GLB6lCWg,4,4,concat,6,https://www.youtube.com/watch?v=m3-GLB6lCWg
m55D4D3p4z8,4,4,concat,6,https://www.youtube.com/watch?v=m55D4D3p4z8
m5eiQRzTnI4,4,4,concat,6,https://www.youtube.com/watch?v=m5eiQRzTnI4
m6S79XH-Ty8,4,4,concat,6,https://www.youtube.com/watch?v=m6S79XH-Ty8
m9M0mzmxL70,4,4,concat,6,https://www.youtube.com/watch?v=m9M0mzmxL70
m9bv-vjj6ec,4,4,concat,6,https://www.youtube.com/watch?v=m9bv-vjj6ec
mDdy8i09l-M,4,4,concat,6,https://www.youtube.com/watch?v=mDdy8i09l-M
mE68XG9QXJ0,4,4,concat,6,https://www.youtube.com/watch?v=mE68XG9QXJ0
mFCQ4Ozd6uo,4,4,concat,6,https://www.youtube.com/watch?v=mFCQ4Ozd6uo
mFMo9A6a5MQ,4,4,concat,6,https://www.youtube.com/watch?v=mFMo9A6a5MQ
mG48pGBc60I,4,4,concat,6,https://www.youtube.com/watch?v=mG48pGBc60I
mJ6IiJ9piOg,4,4,concat,6,https://www.youtube.com/watch?v=mJ6IiJ9piOg
mKBsgmng0j4,4,4,concat,6,https://www.youtube.com/watch?v=mKBsgmng0j4
mL4M3IXy0QE,4,4,concat,6,https://www.youtube.com/watch?v=mL4M3IXy0QE
mMYfHOpHID0,4,4,concat,6,https://www.youtube.com/watch?v=mMYfHOpHID0
mNrN4IGNN4s,4,4,concat,6,https://www.youtube.com/watch?v=mNrN4IGNN4s
mOwPsrCDkLY,4,4,concat,6,https://www.youtube.com/watch?v=mOwPsrCDkLY
mPk89yMp4w4,4,4,concat,6,https://www.youtube.com/watch?v=mPk89yMp4w4
mPmkJGbBGsU,4,4,concat,6,https://www.youtube.com/watch?v=mPmkJGbBGsU
mSHwpWJVTxg,4,4,concat,6,https://www.youtube.com/watch?v=mSHwpWJVTxg
mUK320MJT7o,4,4,concat,6,https://www.youtube.com/watch?v=mUK320MJT7o
mUNj9fLtg3A,4,4,concat,6,https://www.youtube.com/watch?v=mUNj9fLtg3A
mYZfPqS6VoQ,4,4,concat,6,https://www.youtube.com/watch?v=mYZfPqS6VoQ
ma2ryDll-U4,4,4,concat,6,https://www.youtube.com/watch?v=ma2ryDll-U4
maEZb31GsgE,4,4,concat,6,https://www.youtube.com/watch?v=maEZb31GsgE
maLWUmtNuE4,4,4,concat,6,https://www.youtube.com/watch?v=maLWUmtNuE4
mbfQHym3Kxo,4,4,concat,6,https://www.youtube.com/watch?v=mbfQHym3Kxo
mc6EeL13VZQ,4,4,concat,6,https://www.youtube.com/watch?v=mc6EeL13VZQ
mduGqsSYbPs,4,4,concat,6,https://www.youtube.com/watch?v=mduGqsSYbPs
mgTOltRXkjQ,4,4,concat,6,https://www.youtube.com/watch?v=mgTOltRXkjQ
mhEpAQqd_0s,4,4,concat,6,https://www.youtube.com/watch?v=mhEpAQqd_0s
mhlSsIWH7kM,4,4,concat,6,https://www.youtube.com/watch?v=mhlSsIWH7kM
mitpFJryLRU,4,4,concat,6,https://www.youtube.com/watch?v=mitpFJryLRU
mlCteY04bzI,4,4,concat,6,https://www.youtube.com/watch?v=mlCteY04bzI
mniiuWop-XI,4,4,concat,6,https://www.youtube.com/watch?v=mniiuWop-XI
moKJ-V8HAQg,4,4,concat,6,https://www.youtube.com/watch?v=moKJ-V8HAQg
mom3goyUlr4,4,4,concat,6,https://www.youtube.com/watch?v=mom3goyUlr4
mp8mq6FySxo,4,4,concat,6,https://www.youtube.com/watch?v=mp8mq6FySxo
mpIYNvRmdB0,4,4,concat,6,https://www.youtube.com/watch?v=mpIYNvRmdB0
mpkR9nxTO2g,4,4,concat,6,https://www.youtube.com/watch?v=mpkR9nxTO2g
mqAuxy8g-fo,4,4,concat,6,https://www.youtube.com/watch?v=mqAuxy8g-fo
mqQjo0LfZ-g,4,4,concat,6,https://www.youtube.com/watch?v=mqQjo0LfZ-g
mr9MaNH2gd0,4,4,concat,6,https://www.youtube.com/watch?v=mr9MaNH2gd0
mu-q9xkhp6I,4,4,concat,6,https://www.youtube.com/watch?v=mu-q9xkhp6I
mv5flzcvQxw,4,4,concat,6,https://www.youtube.com/watch?v=mv5flzcvQxw
mv8GWCgcR3M,4,4,concat,6,https://www.youtube.com/watch?v=mv8GWCgcR3M
myznONAgVzM,4,4,concat,6,https://www.youtube.com/watch?v=myznONAgVzM
n-aASeNYDeE,4,4,concat,6,https://www.youtube.com/watch?v=n-aASeNYDeE
n0LvMyBIuBg,4,4,concat,6,https://www.youtube.com/watch?v=n0LvMyBIuBg
n2qF_QGWAVY,4,4,concat,6,https://www.youtube.com/watch?v=n2qF_QGWAVY
n30kOmALF4E,4,4,concat,6,https://www.youtube.com/watch?v=n30kOmALF4E
n5rSjfrSyzY,4,4,concat,6,https://www.youtube.com/watch?v=n5rSjfrSyzY
n6kxWN-4bB8,4,4,concat,6,https://www.youtube.com/watch?v=n6kxWN-4bB8
n7zWeqlxRTY,4,4,concat,6,https://www.youtube.com/watch?v=n7zWeqlxRTY
n88Z2F73aQs,4,4,concat,6,https://www.youtube.com/watch?v=n88Z2F73aQs
n9Upt3csn9A,4,4,concat,6,https://www.youtube.com/watch?v=n9Upt3csn9A
nB0R9-XNrTg,4,4,concat,6,https://www.youtube.com/watch?v=nB0R9-XNrTg
nBN2t1ZlX0Q,4,4,concat,6,https://www.youtube.com/watch?v=nBN2t1ZlX0Q
nB_O3av7WZM,4,4,concat,6,https://www.youtube.com/watch?v=nB_O3av7WZM
nBcTFEYIgGo,4,4,concat,6,https://www.youtube.com/watch?v=nBcTFEYIgGo
nBljYc3o2o4,4,4,concat,6,https://www.youtube.com/watch?v=nBljYc3o2o4
nDEiJzT1f6g,4,4,concat,6,https://www.youtube.com/watch?v=nDEiJzT1f6g
nDxFAjho7pk,4,4,concat,6,https://www.youtube.com/watch?v=nDxFAjho7pk
nEanQOgJL1c,4,4,concat,6,https://www.youtube.com/watch?v=nEanQOgJL1c
nEdwK_Uh7NY,4,4,concat,6,https://www.youtube.com/watch?v=nEdwK_Uh7NY
nF3BrnVl9GA,4,4,concat,6,https://www.youtube.com/watch?v=nF3BrnVl9GA
nFNnULD3DsY,4,4,concat,6,https://www.youtube.com/watch?v=nFNnULD3DsY
nG_WXpxAmFo,4,4,concat,6,https://www.youtube.com/watch?v=nG_WXpxAmFo
nHONUNywsgI,4,4,concat,6,https://www.youtube.com/watch?v=nHONUNywsgI
nHrkJ3LOCBA,4,4,concat,6,https://www.youtube.com/watch?v=nHrkJ3LOCBA
nIPi7FcCkQg,4,4,concat,6,https://www.youtube.com/watch?v=nIPi7FcCkQg
nJxHDsplZFk,4,4,concat,6,https://www.youtube.com/watch?v=nJxHDsplZFk
nKOszBdW8fo,4,4,concat,6,https://www.youtube.com/watch?v=nKOszBdW8fo
nMhKmkhx3dA,4,4,concat,6,https://www.youtube.com/watch?v=nMhKmkhx3dA
nNNAS1JIfPo,4,4,concat,6,https://www.youtube.com/watch?v=nNNAS1JIfPo
nO7HQTveVN0,4,4,concat,6,https://www.youtube.com/watch?v=nO7HQTveVN0
nOKbD30XNgs,4,4,concat,6,https://www.youtube.com/watch?v=nOKbD30XNgs
nR1m71h1C_g,4,4,concat,6,https://www.youtube.com/watch?v=nR1m71h1C_g
nRDu9SmPW9o,4,4,concat,6,https://www.youtube.com/watch?v=nRDu9SmPW9o
nRg8e3BT7xw,4,4,concat,6,https://www.youtube.com/watch?v=nRg8e3BT7xw
nSwBS4_HzFs,4,4,concat,6,https://www.youtube.com/watch?v=nSwBS4_HzFs
nTBbO3t0RDw,4,4,concat,6,https://www.youtube.com/watch?v=nTBbO3t0RDw
nTnLstAtmAI,4,4,concat,6,https://www.youtube.com/watch?v=nTnLstAtmAI
nX5P0JeZe58,4,4,concat,6,https://www.youtube.com/watch?v=nX5P0JeZe58
naKQU5zorRQ,4,4,concat,6,https://www.youtube.com/watch?v=naKQU5zorRQ
nafo5guqGoc,4,4,concat,6,https://www.youtube.com/watch?v=nafo5guqGoc
ne6N4YpovxE,4,4,concat,6,https://www.youtube.com/watch?v=ne6N4YpovxE
neczOGkSYO4,4,4,concat,6,https://www.youtube.com/watch?v=neczOGkSYO4
niTLJUpJ8D4,4,4,concat,6,https://www.youtube.com/watch?v=niTLJUpJ8D4
njta7_VvgRM,4,4,concat,6,https://www.youtube.com/watch?v=njta7_VvgRM
nlITdCApm6s,4,4,concat,6,https://www.youtube.com/watch?v=nlITdCApm6s
nmaasfhgYUI,4,4,concat,6,https://www.youtube.com/watch?v=nmaasfhgYUI
nmiMiRnFeMs,4,4,concat,6,https://www.youtube.com/watch?v=nmiMiRnFeMs
noBCoWIUBHM,4,4,concat,6,https://www.youtube.com/watch?v=noBCoWIUBHM
nods-J05pRI,4,4,concat,6,https://www.youtube.com/watch?v=nods-J05pRI
nofC56QOk7Y,4,4,concat,6,https://www.youtube.com/watch?v=nofC56QOk7Y
nonc2NRG7C0,4,4,concat,6,https://www.youtube.com/watch?v=nonc2NRG7C0
nq27WV1ErXY,4,4,concat,6,https://www.youtube.com/watch?v=nq27WV1ErXY
nrll5h0h0dQ,4,4,concat,6,https://www.youtube.com/watch?v=nrll5h0h0dQ
nvmMSjStARc,4,4,concat,6,https://www.youtube.com/watch?v=nvmMSjStARc
nvtUkRQlWU8,4,4,concat,6,https://www.youtube.com/watch?v=nvtUkRQlWU8
nwfbBa4vRgY,4,4,concat,6,https://www.youtube.com/watch?v=nwfbBa4vRgY
o1QBDlebR_o,4,4,concat,6,https://www.youtube.com/watch?v=o1QBDlebR_o
o1WNy08_fCA,4,4,concat,6,https://www.youtube.com/watch?v=o1WNy08_fCA
o2ED1ZvAk0Y,4,4,concat,6,https://www.youtube.com/watch?v=o2ED1ZvAk0Y
o5LaAGfaT44,4,4,concat,6,https://www.youtube.com/watch?v=o5LaAGfaT44
o7FYvrhM__o,4,4,concat,6,https://www.youtube.com/watch?v=o7FYvrhM__o
o7Pfs9-iVoY,4,4,concat,6,https://www.youtube.com/watch?v=o7Pfs9-iVoY
o7eKv-TnLss,4,4,concat,6,https://www.youtube.com/watch?v=o7eKv-TnLss
o7gEK-zHzow,4,4,concat,6,https://www.youtube.com/watch?v=o7gEK-zHzow
o84pWgEaHHo,4,4,concat,6,https://www.youtube.com/watch?v=o84pWgEaHHo
o8SEHrd1OLM,4,4,concat,6,https://www.youtube.com/watch?v=o8SEHrd1OLM
o8ekl7ZS-yI,4,4,concat,6,https://www.youtube.com/watch?v=o8ekl7ZS-yI
o9J7RpQtXsw,4,4,concat,6,https://www.youtube.com/watch?v=o9J7RpQtXsw
o9R8glTMBVc,4,4,concat,6,https://www.youtube.com/watch?v=o9R8glTMBVc
oATJvh_wxr4,4,4,concat,6,https://www.youtube.com/watch?v=oATJvh_wxr4
oAbwq4fmbD8,4,4,concat,6,https://www.youtube.com/watch?v=oAbwq4fmbD8
oBb6k28pPeE,4,4,concat,6,https://www.youtube.com/watch?v=oBb6k28pPeE
oFD9ewspWHg,4,4,concat,6,https://www.youtube.com/watch?v=oFD9ewspWHg
oGf-6Auv4LY,4,4,concat,6,https://www.youtube.com/watch?v=oGf-6Auv4LY
oI25c860F2s,4,4,concat,6,https://www.youtube.com/watch?v=oI25c860F2s
oJWSVk2cs8A,4,4,concat,6,https://www.youtube.com/watch?v=oJWSVk2cs8A
oKnKYx_T-pg,4,4,concat,6,https://www.youtube.com/watch?v=oKnKYx_T-pg
oLTnMxZUekQ,4,4,concat,6,https://www.youtube.com/watch?v=oLTnMxZUekQ
oNaRKgrXbdo,4,4,concat,6,https://www.youtube.com/watch?v=oNaRKgrXbdo
oP1SKpkkDWU,4,4,concat,6,https://www.youtube.com/watch?v=oP1SKpkkDWU
oP9QWH7lFzw,4,4,concat,6,https://www.youtube.com/watch?v=oP9QWH7lFzw
oQDjiMW9hH8,4,4,concat,6,https://www.youtube.com/watch?v=oQDjiMW9hH8
oR_cPHexvq8,4,4,concat,6,https://www.youtube.com/watch?v=oR_cPHexvq8
oSX6m-7r-78,4,4,concat,6,https://www.youtube.com/watch?v=oSX6m-7r-78
oUYWBPm6L9E,4,4,concat,6,https://www.youtube.com/watch?v=oUYWBPm6L9E
oV1eevDCb0E,4,4,concat,6,https://www.youtube.com/watch?v=oV1eevDCb0E
oWL62YltphM,4,4,concat,6,https://www.youtube.com/watch?v=oWL62YltphM
oWPKs4pAgoQ,4,4,concat,6,https://www.youtube.com/watch?v=oWPKs4pAgoQ
oY5qpIvuAMc,4,4,concat,6,https://www.youtube.com/watch?v=oY5qpIvuAMc
o_31jwuszCM,4,4,concat,6,https://www.youtube.com/watch?v=o_31jwuszCM
oaBa0jLLJd0,4,4,concat,6,https://www.youtube.com/watch?v=oaBa0jLLJd0
ocN9upHM3RA,4,4,concat,6,https://www.youtube.com/watch?v=ocN9upHM3RA
oc_KTz1jwR0,4,4,concat,6,https://www.youtube.com/watch?v=oc_KTz1jwR0
odRpNMAku3c,4,4,concat,6,https://www.youtube.com/watch?v=odRpNMAku3c
odggqFNhbOI,4,4,concat,6,https://www.youtube.com/watch?v=odggqFNhbOI
ofhG7nLo7Gs,4,4,concat,6,https://www.youtube.com/watch?v=ofhG7nLo7Gs
oj-iQ2oG_34,4,4,concat,6,https://www.youtube.com/watch?v=oj-iQ2oG_34
okC4AMLReIY,4,4,concat,6,https://www.youtube.com/watch?v=okC4AMLReIY
okr8rU2ah38,4,4,concat,6,https://www.youtube.com/watch?v=okr8rU2ah38
om_I4h_TbIA,4,4,concat,6,https://www.youtube.com/watch?v=om_I4h_TbIA
onajYKHP2Js,4,4,concat,6,https://www.youtube.com/watch?v=onajYKHP2Js
onpeY8nLIcI,4,4,concat,6,https://www.youtube.com/watch?v=onpeY8nLIcI
ooE3dpVmiyA,4,4,concat,6,https://www.youtube.com/watch?v=ooE3dpVmiyA
ooQt4AvpXBA,4,4,concat,6,https://www.youtube.com/watch?v=ooQt4AvpXBA
oo_GtXeCbCI,4,4,concat,6,https://www.youtube.com/watch?v=oo_GtXeCbCI
oojkW9y7YgU,4,4,concat,6,https://www.youtube.com/watch?v=oojkW9y7YgU
opUOyDaIlj4,4,4,concat,6,https://www.youtube.com/watch?v=opUOyDaIlj4
osEBVXIl1Ic,4,4,concat,6,https://www.youtube.com/watch?v=osEBVXIl1Ic
osKH4iIo8tw,4,4,concat,6,https://www.youtube.com/watch?v=osKH4iIo8tw
ozN3XULRotw,4,4,concat,6,https://www.youtube.com/watch?v=ozN3XULRotw
ozx1FVhKHuc,4,4,concat,6,https://www.youtube.com/watch?v=ozx1FVhKHuc
p-FtUrip1xQ,4,4,concat,6,https://www.youtube.com/watch?v=p-FtUrip1xQ
p02LYCDDuyc,4,4,concat,6,https://www.youtube.com/watch?v=p02LYCDDuyc
p0EmBCddyls,4,4,concat,6,https://www.youtube.com/watch?v=p0EmBCddyls
p0eUxPSLwXM,4,4,concat,6,https://www.youtube.com/watch?v=p0eUxPSLwXM
p4H3O_ZAzHg,4,4,concat,6,https://www.youtube.com/watch?v=p4H3O_ZAzHg
p4KZ7JasedA,4,4,concat,6,https://www.youtube.com/watch?v=p4KZ7JasedA
p6LpcXmakbw,4,4,concat,6,https://www.youtube.com/watch?v=p6LpcXmakbw
p9VOQjfUMnQ,4,4,concat,6,https://www.youtube.com/watch?v=p9VOQjfUMnQ
p9wk1U69v-k,4,4,concat,6,https://www.youtube.com/watch?v=p9wk1U69v-k
pAqLIxzkLDQ,4,4,concat,6,https://www.youtube.com/watch?v=pAqLIxzkLDQ
pBkUJpD2rWk,4,4,concat,6,https://www.youtube.com/watch?v=pBkUJpD2rWk
pBlTkvpQbQ8,4,4,concat,6,https://www.youtube.com/watch?v=pBlTkvpQbQ8
pCnP_c510Ew,4,4,concat,6,https://www.youtube.com/watch?v=pCnP_c510Ew
pDC_O6JOmuk,4,4,concat,6,https://www.youtube.com/watch?v=pDC_O6JOmuk
pELLGRpfwNk,4,4,concat,6,https://www.youtube.com/watch?v=pELLGRpfwNk
pERn8CTgKCs,4,4,concat,6,https://www.youtube.com/watch?v=pERn8CTgKCs
pGahC9SOvpE,4,4,concat,6,https://www.youtube.com/watch?v=pGahC9SOvpE
pHUhwkCfLGY,4,4,concat,6,https://www.youtube.com/watch?v=pHUhwkCfLGY
pIIVb0QV--0,4,4,concat,6,https://www.youtube.com/watch?v=pIIVb0QV--0
pJHyYYC1wXk,4,4,concat,6,https://www.youtube.com/watch?v=pJHyYYC1wXk
pKnnL-kNG04,4,4,concat,6,https://www.youtube.com/watch?v=pKnnL-kNG04
pL6JAyTJ_q4,4,4,concat,6,https://www.youtube.com/watch?v=pL6JAyTJ_q4
pN-MpCPjKTI,4,4,concat,6,https://www.youtube.com/watch?v=pN-MpCPjKTI
pOneWBuv4Fw,4,4,concat,6,https://www.youtube.com/watch?v=pOneWBuv4Fw
pRS6u2jDWFg,4,4,concat,6,https://www.youtube.com/watch?v=pRS6u2jDWFg
pReDuSO7fCk,4,4,concat,6,https://www.youtube.com/watch?v=pReDuSO7fCk
pSU24_OSk_g,4,4,concat,6,https://www.youtube.com/watch?v=pSU24_OSk_g
pSsk90AQRZw,4,4,concat,6,https://www.youtube.com/watch?v=pSsk90AQRZw
pTpL1yvFNKs,4,4,concat,6,https://www.youtube.com/watch?v=pTpL1yvFNKs
pU34T-c5vtE,4,4,concat,6,https://www.youtube.com/watch?v=pU34T-c5vtE
pW-o9Zp-F34,4,4,concat,6,https://www.youtube.com/watch?v=pW-o9Zp-F34
pW2FZhGRtfQ,4,4,concat,6,https://www.youtube.com/watch?v=pW2FZhGRtfQ
pWTlOa88NTc,4,4,concat,6,https://www.youtube.com/watch?v=pWTlOa88NTc
pX0AwHPFsuc,4,4,concat,6,https://www.youtube.com/watch?v=pX0AwHPFsuc
pXQBfIz1yNI,4,4,concat,6,https://www.youtube.com/watch?v=pXQBfIz1yNI
pX_6_NTlrzo,4,4,concat,6,https://www.youtube.com/watch?v=pX_6_NTlrzo
pXeTNvE1Y7c,4,4,concat,6,https://www.youtube.com/watch?v=pXeTNvE1Y7c
pYKBaHdNLUY,4,4,concat,6,https://www.youtube.com/watch?v=pYKBaHdNLUY
pYhOqIFR46o,4,4,concat,6,https://www.youtube.com/watch?v=pYhOqIFR46o
pZCr4WZtgXc,4,4,concat,6,https://www.youtube.com/watch?v=pZCr4WZtgXc
p_HdgjlTT8I,4,4,concat,6,https://www.youtube.com/watch?v=p_HdgjlTT8I
p_mozZ0wgoU,4,4,concat,6,https://www.youtube.com/watch?v=p_mozZ0wgoU
paKd894ZFHQ,4,4,concat,6,https://www.youtube.com/watch?v=paKd894ZFHQ
paeOq3D0gjo,4,4,concat,6,https://www.youtube.com/watch?v=paeOq3D0gjo
pauqjttNoCM,4,4,concat,6,https://www.youtube.com/watch?v=pauqjttNoCM
pfW75QjbrIg,4,4,concat,6,https://www.youtube.com/watch?v=pfW75QjbrIg
poJb_WzAV68,4,4,concat,6,https://www.youtube.com/watch?v=poJb_WzAV68
poLXR49SmCw,4,4,concat,6,https://www.youtube.com/watch?v=poLXR49SmCw
pqx3WtoDpdI,4,4,concat,6,https://www.youtube.com/watch?v=pqx3WtoDpdI
prNzr-y5qII,4,4,concat,6,https://www.youtube.com/watch?v=prNzr-y5qII
preFJppkZsQ,4,4,concat,6,https://www.youtube.com/watch?v=preFJppkZsQ
pt13eqmcFP8,4,4,concat,6,https://www.youtube.com/watch?v=pt13eqmcFP8
pu2B4klJiJM,4,4,concat,6,https://www.youtube.com/watch?v=pu2B4klJiJM
pv6rD7UK49E,4,4,concat,6,https://www.youtube.com/watch?v=pv6rD7UK49E
pvujnbrEk0Y,4,4,concat,6,https://www.youtube.com/watch?v=pvujnbrEk0Y
pwFsTI8HiXA,4,4,concat,6,https://www.youtube.com/watch?v=pwFsTI8HiXA
pwOK2zratmY,4,4,concat,6,https://www.youtube.com/watch?v=pwOK2zratmY
pxopIvxJ_e8,4,4,concat,6,https://www.youtube.com/watch?v=pxopIvxJ_e8
pzw3-wACTgI,4,4,concat,6,https://www.youtube.com/watch?v=pzw3-wACTgI
q00iJ1r_uu4,4,4,concat,6,https://www.youtube.com/watch?v=q00iJ1r_uu4
q2WS7qa2KoQ,4,4,concat,6,https://www.youtube.com/watch?v=q2WS7qa2KoQ
q4G2_Y-25Zw,4,4,concat,6,https://www.youtube.com/watch?v=q4G2_Y-25Zw
q4fKYUnmsQU,4,4,concat,6,https://www.youtube.com/watch?v=q4fKYUnmsQU
q89XquuuFAI,4,4,concat,6,https://www.youtube.com/watch?v=q89XquuuFAI
q8YvJxx0dKE,4,4,concat,6,https://www.youtube.com/watch?v=q8YvJxx0dKE
q90Wc0MzdAM,4,4,concat,6,https://www.youtube.com/watch?v=q90Wc0MzdAM
q9Oz1DgKsP0,4,4,concat,6,https://www.youtube.com/watch?v=q9Oz1DgKsP0
qB6UrH9BUpc,4,4,concat,6,https://www.youtube.com/watch?v=qB6UrH9BUpc
qCFFP7NI9ww,4,4,concat,6,https://www.youtube.com/watch?v=qCFFP7NI9ww
qG-gCKRrDXc,4,4,concat,6,https://www.youtube.com/watch?v=qG-gCKRrDXc
qI-y-deVuBQ,4,4,concat,6,https://www.youtube.com/watch?v=qI-y-deVuBQ
qITrVmjIvPY,4,4,concat,6,https://www.youtube.com/watch?v=qITrVmjIvPY
qJMkJ6w6pJ4,4,4,concat,6,https://www.youtube.com/watch?v=qJMkJ6w6pJ4
qKKzXszFlHA,4,4,concat,6,https://www.youtube.com/watch?v=qKKzXszFlHA
qL1CF954IFw,4,4,concat,6,https://www.youtube.com/watch?v=qL1CF954IFw
qMJLrVHc91Q,4,4,concat,6,https://www.youtube.com/watch?v=qMJLrVHc91Q
qMOQ-aCiDkk,4,4,concat,6,https://www.youtube.com/watch?v=qMOQ-aCiDkk
qO3W-tZOtuw,4,4,concat,6,https://www.youtube.com/watch?v=qO3W-tZOtuw
qQNBCQfOLcI,4,4,concat,6,https://www.youtube.com/watch?v=qQNBCQfOLcI
qR2lMwF88Mk,4,4,concat,6,https://www.youtube.com/watch?v=qR2lMwF88Mk
qTjelVaCo2U,4,4,concat,6,https://www.youtube.com/watch?v=qTjelVaCo2U
qWNqjnnbhg0,4,4,concat,6,https://www.youtube.com/watch?v=qWNqjnnbhg0
qWeTUw52JPQ,4,4,concat,6,https://www.youtube.com/watch?v=qWeTUw52JPQ
qX-vr14JHuU,4,4,concat,6,https://www.youtube.com/watch?v=qX-vr14JHuU
qZ6oadMF7MM,4,4,concat,6,https://www.youtube.com/watch?v=qZ6oadMF7MM
qZApKEK3SbE,4,4,concat,6,https://www.youtube.com/watch?v=qZApKEK3SbE
q_Lj30PL6pY,4,4,concat,6,https://www.youtube.com/watch?v=q_Lj30PL6pY
qaKV-2Jp7zM,4,4,concat,6,https://www.youtube.com/watch?v=qaKV-2Jp7zM
qchSMFPXBak,4,4,concat,6,https://www.youtube.com/watch?v=qchSMFPXBak
qdtpFg2Fxhg,4,4,concat,6,https://www.youtube.com/watch?v=qdtpFg2Fxhg
qduiQfLzcXE,4,4,concat,6,https://www.youtube.com/watch?v=qduiQfLzcXE
qdxh7a38Jws,4,4,concat,6,https://www.youtube.com/watch?v=qdxh7a38Jws
qfIgz6EAlPs,4,4,concat,6,https://www.youtube.com/watch?v=qfIgz6EAlPs
qfclgpqCgqQ,4,4,concat,6,https://www.youtube.com/watch?v=qfclgpqCgqQ
qfzWo_D7leg,4,4,concat,6,https://www.youtube.com/watch?v=qfzWo_D7leg
qgdtj3VTQ1k,4,4,concat,6,https://www.youtube.com/watch?v=qgdtj3VTQ1k
qgzEf8OlMDQ,4,4,concat,6,https://www.youtube.com/watch?v=qgzEf8OlMDQ
qhTVkIp6vPA,4,4,concat,6,https://www.youtube.com/watch?v=qhTVkIp6vPA
qiFmJxfZ8lA,4,4,concat,6,https://www.youtube.com/watch?v=qiFmJxfZ8lA
qiV_F9LDIMo,4,4,concat,6,https://www.youtube.com/watch?v=qiV_F9LDIMo
qkyzxBMk_GY,4,4,concat,6,https://www.youtube.com/watch?v=qkyzxBMk_GY
qls3IehwLgc,4,4,concat,6,https://www.youtube.com/watch?v=qls3IehwLgc
qltBSm06CgU,4,4,concat,6,https://www.youtube.com/watch?v=qltBSm06CgU
qluE4TbXKeM,4,4,concat,6,https://www.youtube.com/watch?v=qluE4TbXKeM
qmSQUJDWfBU,4,4,concat,6,https://www.youtube.com/watch?v=qmSQUJDWfBU
qmZ0ZH0YP7M,4,4,concat,6,https://www.youtube.com/watch?v=qmZ0ZH0YP7M
qoJyrkvBhVg,4,4,concat,6,https://www.youtube.com/watch?v=qoJyrkvBhVg
qrZHzVfLnJw,4,4,concat,6,https://www.youtube.com/watch?v=qrZHzVfLnJw
qvZR75SZJWs,4,4,concat,6,https://www.youtube.com/watch?v=qvZR75SZJWs
qxj6lTA6jDA,4,4,concat,6,https://www.youtube.com/watch?v=qxj6lTA6jDA
r0WPZ3qJ4CU,4,4,concat,6,https://www.youtube.com/watch?v=r0WPZ3qJ4CU
r0cyKXWtlQs,4,4,concat,6,https://www.youtube.com/watch?v=r0cyKXWtlQs
r1s5lAGfiks,4,4,concat,6,https://www.youtube.com/watch?v=r1s5lAGfiks
r279oQQhcdw,4,4,concat,6,https://www.youtube.com/watch?v=r279oQQhcdw
r3DYkGyV5oE,4,4,concat,6,https://www.youtube.com/watch?v=r3DYkGyV5oE
r4pdWTFDpWo,4,4,concat,6,https://www.youtube.com/watch?v=r4pdWTFDpWo
r5SESwaZqXk,4,4,concat,6,https://www.youtube.com/watch?v=r5SESwaZqXk
rBhcQoDQPM8,4,4,concat,6,https://www.youtube.com/watch?v=rBhcQoDQPM8
rCL9cUN7TsI,4,4,concat,6,https://www.youtube.com/watch?v=rCL9cUN7TsI
rCkXjhuLihs,4,4,concat,6,https://www.youtube.com/watch?v=rCkXjhuLihs
rD9tP710xEs,4,4,concat,6,https://www.youtube.com/watch?v=rD9tP710xEs
rGE6D0ZyDfQ,4,4,concat,6,https://www.youtube.com/watch?v=rGE6D0ZyDfQ
rGesiBO8W0Q,4,4,concat,6,https://www.youtube.com/watch?v=rGesiBO8W0Q
rHqVcX_MsoE,4,4,concat,6,https://www.youtube.com/watch?v=rHqVcX_MsoE
rIZWVuAD5rw,4,4,concat,6,https://www.youtube.com/watch?v=rIZWVuAD5rw
rJ2tVnKeb64,4,4,concat,6,https://www.youtube.com/watch?v=rJ2tVnKeb64
rL3Cev5fz-Q,4,4,concat,6,https://www.youtube.com/watch?v=rL3Cev5fz-Q
rLK6bv_vJMI,4,4,concat,6,https://www.youtube.com/watch?v=rLK6bv_vJMI
rMQOvcdpNDM,4,4,concat,6,https://www.youtube.com/watch?v=rMQOvcdpNDM
rMZO4DfWAxg,4,4,concat,6,https://www.youtube.com/watch?v=rMZO4DfWAxg
rMy_22_inCc,4,4,concat,6,https://www.youtube.com/watch?v=rMy_22_inCc
rN9rS3xXFbw,4,4,concat,6,https://www.youtube.com/watch?v=rN9rS3xXFbw
rOveS_OCyzs,4,4,concat,6,https://www.youtube.com/watch?v=rOveS_OCyzs
rPadiSzc8_M,4,4,concat,6,https://www.youtube.com/watch?v=rPadiSzc8_M
rQjo5wvJaV8,4,4,concat,6,https://www.youtube.com/watch?v=rQjo5wvJaV8
rRCz82Dp8KA,4,4,concat,6,https://www.youtube.com/watch?v=rRCz82Dp8KA
rRMmzqAjqBg,4,4,concat,6,https://www.youtube.com/watch?v=rRMmzqAjqBg
rS0ik2d69V4,4,4,concat,6,https://www.youtube.com/watch?v=rS0ik2d69V4
rSDgln4x9B8,4,4,concat,6,https://www.youtube.com/watch?v=rSDgln4x9B8
rSpftKHe_ZU,4,4,concat,6,https://www.youtube.com/watch?v=rSpftKHe_ZU
rVIcX0gGmX0,4,4,concat,6,https://www.youtube.com/watch?v=rVIcX0gGmX0
rVx2d9pVhgM,4,4,concat,6,https://www.youtube.com/watch?v=rVx2d9pVhgM
rZbaU6cApdc,4,4,concat,6,https://www.youtube.com/watch?v=rZbaU6cApdc
rabu7AHPrTc,4,4,concat,6,https://www.youtube.com/watch?v=rabu7AHPrTc
rapM486fLt0,4,4,concat,6,https://www.youtube.com/watch?v=rapM486fLt0
raszBEroqg0,4,4,concat,6,https://www.youtube.com/watch?v=raszBEroqg0
razEW7a41HU,4,4,concat,6,https://www.youtube.com/watch?v=razEW7a41HU
rbaDOuL_6jo,4,4,concat,6,https://www.youtube.com/watch?v=rbaDOuL_6jo
rcLbrEoupps,4,4,concat,6,https://www.youtube.com/watch?v=rcLbrEoupps
rcp_CV4FZ4k,4,4,concat,6,https://www.youtube.com/watch?v=rcp_CV4FZ4k
re5gi2omLXI,4,4,concat,6,https://www.youtube.com/watch?v=re5gi2omLXI
rfYDSvIlleM,4,4,concat,6,https://www.youtube.com/watch?v=rfYDSvIlleM
rfd8QRMarLM,4,4,concat,6,https://www.youtube.com/watch?v=rfd8QRMarLM
rhXhkuBPbHU,4,4,concat,6,https://www.youtube.com/watch?v=rhXhkuBPbHU
rk2CDebkzpw,4,4,concat,6,https://www.youtube.com/watch?v=rk2CDebkzpw
rmd5Dl2wQMU,4,4,concat,6,https://www.youtube.com/watch?v=rmd5Dl2wQMU
rn2GgtLiKDE,4,4,concat,6,https://www.youtube.com/watch?v=rn2GgtLiKDE
rnYkV3_8P9Y,4,4,concat,6,https://www.youtube.com/watch?v=rnYkV3_8P9Y
roG1rdsJfAI,4,4,concat,6,https://www.youtube.com/watch?v=roG1rdsJfAI
rosgB5H5rrE,4,4,concat,6,https://www.youtube.com/watch?v=rosgB5H5rrE
rpyCNptUU2A,4,4,concat,6,https://www.youtube.com/watch?v=rpyCNptUU2A
ruxJRwmbMpM,4,4,concat,6,https://www.youtube.com/watch?v=ruxJRwmbMpM
rv1UqO2UBEU,4,4,concat,6,https://www.youtube.com/watch?v=rv1UqO2UBEU
rvCfjAH4ucg,4,4,concat,6,https://www.youtube.com/watch?v=rvCfjAH4ucg
rvVF-8A-RH4,4,4,concat,6,https://www.youtube.com/watch?v=rvVF-8A-RH4
rwhQuZTqlqc,4,4,concat,6,https://www.youtube.com/watch?v=rwhQuZTqlqc
s0xmMFa1vQg,4,4,concat,6,https://www.youtube.com/watch?v=s0xmMFa1vQg
s2AuBQb7TP0,4,4,concat,6,https://www.youtube.com/watch?v=s2AuBQb7TP0
s2bWc7_z-is,4,4,concat,6,https://www.youtube.com/watch?v=s2bWc7_z-is
s2jbrYNqA6w,4,4,concat,6,https://www.youtube.com/watch?v=s2jbrYNqA6w
s3Q7SlV6mhM,4,4,concat,6,https://www.youtube.com/watch?v=s3Q7SlV6mhM
s3aSdooEN2c,4,4,concat,6,https://www.youtube.com/watch?v=s3aSdooEN2c
s4SUPOLVGU0,4,4,concat,6,https://www.youtube.com/watch?v=s4SUPOLVGU0
s4_ur1BXuo8,4,4,concat,6,https://www.youtube.com/watch?v=s4_ur1BXuo8
s53FqG6ohxI,4,4,concat,6,https://www.youtube.com/watch?v=s53FqG6ohxI
s5rPXVxIYhg,4,4,concat,6,https://www.youtube.com/watch?v=s5rPXVxIYhg
s658g_ddgS0,4,4,concat,6,https://www.youtube.com/watch?v=s658g_ddgS0
sCUtx_CpNZc,4,4,concat,6,https://www.youtube.com/watch?v=sCUtx_CpNZc
sD55soH33-8,4,4,concat,6,https://www.youtube.com/watch?v=sD55soH33-8
sDJDjWrf-oU,4,4,concat,6,https://www.youtube.com/watch?v=sDJDjWrf-oU
sE0JkqmhPaY,4,4,concat,6,https://www.youtube.com/watch?v=sE0JkqmhPaY
sEfBzbWKjcM,4,4,concat,6,https://www.youtube.com/watch?v=sEfBzbWKjcM
sHe6NHApyAQ,4,4,concat,6,https://www.youtube.com/watch?v=sHe6NHApyAQ
sLCFN3cBY6I,4,4,concat,6,https://www.youtube.com/watch?v=sLCFN3cBY6I
sOjYpHYwTlQ,4,4,concat,6,https://www.youtube.com/watch?v=sOjYpHYwTlQ
sPyZtcwGhmY,4,4,concat,6,https://www.youtube.com/watch?v=sPyZtcwGhmY
sPypTSHRxrk,4,4,concat,6,https://www.youtube.com/watch?v=sPypTSHRxrk
sQQ4mTKZNqg,4,4,concat,6,https://www.youtube.com/watch?v=sQQ4mTKZNqg
sQvSVbzKSHA,4,4,concat,6,https://www.youtube.com/watch?v=sQvSVbzKSHA
sSEHOmaZE4A,4,4,concat,6,https://www.youtube.com/watch?v=sSEHOmaZE4A
sSQGvUjKo5o,4,4,concat,6,https://www.youtube.com/watch?v=sSQGvUjKo5o
sSd6JhDk4Go,4,4,concat,6,https://www.youtube.com/watch?v=sSd6JhDk4Go
sT0_CBpnEfk,4,4,concat,6,https://www.youtube.com/watch?v=sT0_CBpnEfk
sT3W4aGa1m8,4,4,concat,6,https://www.youtube.com/watch?v=sT3W4aGa1m8
sTAflbXLDmE,4,4,concat,6,https://www.youtube.com/watch?v=sTAflbXLDmE
sUha5-0S-Q8,4,4,concat,6,https://www.youtube.com/watch?v=sUha5-0S-Q8
sVbkB0m3QWo,4,4,concat,6,https://www.youtube.com/watch?v=sVbkB0m3QWo
sXagZeRlJAs,4,4,concat,6,https://www.youtube.com/watch?v=sXagZeRlJAs
sZe_syrUTMk,4,4,concat,6,https://www.youtube.com/watch?v=sZe_syrUTMk
sZtvhwQ2Bm8,4,4,concat,6,https://www.youtube.com/watch?v=sZtvhwQ2Bm8
s_4_PaMxcxw,4,4,concat,6,https://www.youtube.com/watch?v=s_4_PaMxcxw
s_IkpO3xZD4,4,4,concat,6,https://www.youtube.com/watch?v=s_IkpO3xZD4
seAHIRAVCDc,4,4,concat,6,https://www.youtube.com/watch?v=seAHIRAVCDc
seB4El-tEMo,4,4,concat,6,https://www.youtube.com/watch?v=seB4El-tEMo
sf2XE5i0xGk,4,4,concat,6,https://www.youtube.com/watch?v=sf2XE5i0xGk
siav_S2zTds,4,4,concat,6,https://www.youtube.com/watch?v=siav_S2zTds
siglvE9CEq8,4,4,concat,6,https://www.youtube.com/watch?v=siglvE9CEq8
sjGjI5oXiXc,4,4,concat,6,https://www.youtube.com/watch?v=sjGjI5oXiXc
sjXAD4MTgI0,4,4,concat,6,https://www.youtube.com/watch?v=sjXAD4MTgI0
skPr_jztWzU,4,4,concat,6,https://www.youtube.com/watch?v=skPr_jztWzU
slkn84B0GWo,4,4,concat,6,https://www.youtube.com/watch?v=slkn84B0GWo
sp6ihIeBmuc,4,4,concat,6,https://www.youtube.com/watch?v=sp6ihIeBmuc
spAf_0-vWP4,4,4,concat,6,https://www.youtube.com/watch?v=spAf_0-vWP4
srQDMoM_x3Q,4,4,concat,6,https://www.youtube.com/watch?v=srQDMoM_x3Q
ssWIyEdpI3s,4,4,concat,6,https://www.youtube.com/watch?v=ssWIyEdpI3s
stK-2bVHX1g,4,4,concat,6,https://www.youtube.com/watch?v=stK-2bVHX1g
svg398SVXJo,4,4,concat,6,https://www.youtube.com/watch?v=svg398SVXJo
syaoyHJ7GHw,4,4,concat,6,https://www.youtube.com/watch?v=syaoyHJ7GHw
sziFwdAOELg,4,4,concat,6,https://www.youtube.com/watch?v=sziFwdAOELg
t5N9auVrTAM,4,4,concat,6,https://www.youtube.com/watch?v=t5N9auVrTAM
t5oO9jPiHis,4,4,concat,6,https://www.youtube.com/watch?v=t5oO9jPiHis
t6Y8hg0wQKU,4,4,concat,6,https://www.youtube.com/watch?v=t6Y8hg0wQKU
t8cGrtTWYpw,4,4,concat,6,https://www.youtube.com/watch?v=t8cGrtTWYpw
tCOhtN5dh6k,4,4,concat,6,https://www.youtube.com/watch?v=tCOhtN5dh6k
tCSN5WT1kdE,4,4,concat,6,https://www.youtube.com/watch?v=tCSN5WT1kdE
tCghAWQnqeo,4,4,concat,6,https://www.youtube.com/watch?v=tCghAWQnqeo
tEBhy7ONNDQ,4,4,concat,6,https://www.youtube.com/watch?v=tEBhy7ONNDQ
tIohWJIhO60,4,4,concat,6,https://www.youtube.com/watch?v=tIohWJIhO60
tJpXdgs-Nis,4,4,concat,6,https://www.youtube.com/watch?v=tJpXdgs-Nis
tJupArI5zuo,4,4,concat,6,https://www.youtube.com/watch?v=tJupArI5zuo
tKjau2XjKZg,4,4,concat,6,https://www.youtube.com/watch?v=tKjau2XjKZg
tNkEhmfztxE,4,4,concat,6,https://www.youtube.com/watch?v=tNkEhmfztxE
tS41MTQBYL8,4,4,concat,6,https://www.youtube.com/watch?v=tS41MTQBYL8
tUoioRViRHA,4,4,concat,6,https://www.youtube.com/watch?v=tUoioRViRHA
tWooJvqNczg,4,4,concat,6,https://www.youtube.com/watch?v=tWooJvqNczg
tXDPWBtxk60,4,4,concat,6,https://www.youtube.com/watch?v=tXDPWBtxk60
tXOMsO0Rhkc,4,4,concat,6,https://www.youtube.com/watch?v=tXOMsO0Rhkc
tY9MfP9dvh8,4,4,concat,6,https://www.youtube.com/watch?v=tY9MfP9dvh8
tYiV869DSE8,4,4,concat,6,https://www.youtube.com/watch?v=tYiV869DSE8
t_j50j62mx0,4,4,concat,6,https://www.youtube.com/watch?v=t_j50j62mx0
tacTz4ZPO_A,4,4,concat,6,https://www.youtube.com/watch?v=tacTz4ZPO_A
tbVpFFoiJa4,4,4,concat,6,https://www.youtube.com/watch?v=tbVpFFoiJa4
tcEFkqD9cx0,4,4,concat,6,https://www.youtube.com/watch?v=tcEFkqD9cx0
tfaanHm09lc,4,4,concat,6,https://www.youtube.com/watch?v=tfaanHm09lc
tgZT0yge3do,4,4,concat,6,https://www.youtube.com/watch?v=tgZT0yge3do
thf14hrbrAs,4,4,concat,6,https://www.youtube.com/watch?v=thf14hrbrAs
thhxNgdjbeA,4,4,concat,6,https://www.youtube.com/watch?v=thhxNgdjbeA
tiWPll1pCRg,4,4,concat,6,https://www.youtube.com/watch?v=tiWPll1pCRg
tkwouPzUaD4,4,4,concat,6,https://www.youtube.com/watch?v=tkwouPzUaD4
tmALvjTC848,4,4,concat,6,https://www.youtube.com/watch?v=tmALvjTC848
tnn6B6Pyf4c,4,4,concat,6,https://www.youtube.com/watch?v=tnn6B6Pyf4c
tpLXv4uYqHc,4,4,concat,6,https://www.youtube.com/watch?v=tpLXv4uYqHc
tsMnj_q3aP8,4,4,concat,6,https://www.youtube.com/watch?v=tsMnj_q3aP8
tsQ58sqXfEk,4,4,concat,6,https://www.youtube.com/watch?v=tsQ58sqXfEk
tsr8gv5YskQ,4,4,concat,6,https://www.youtube.com/watch?v=tsr8gv5YskQ
ttIQsMyF_oE,4,4,concat,6,https://www.youtube.com/watch?v=ttIQsMyF_oE
tvIKE9JQbBk,4,4,concat,6,https://www.youtube.com/watch?v=tvIKE9JQbBk
txzqM0OWQWs,4,4,concat,6,https://www.youtube.com/watch?v=txzqM0OWQWs
tyf8DMzFoeo,4,4,concat,6,https://www.youtube.com/watch?v=tyf8DMzFoeo
u1tvQfaSgBw,4,4,concat,6,https://www.youtube.com/watch?v=u1tvQfaSgBw
u3G03S4STvA,4,4,concat,6,https://www.youtube.com/watch?v=u3G03S4STvA
u3qkbqtXc6U,4,4,concat,6,https://www.youtube.com/watch?v=u3qkbqtXc6U
u5ADzH91o-s,4,4,concat,6,https://www.youtube.com/watch?v=u5ADzH91o-s
u5lD6Vc7brk,4,4,concat,6,https://www.youtube.com/watch?v=u5lD6Vc7brk
u7e5evXHqpo,4,4,concat,6,https://www.youtube.com/watch?v=u7e5evXHqpo
u9wURvbjrwA,4,4,concat,6,https://www.youtube.com/watch?v=u9wURvbjrwA
u9ygpXNNQWM,4,4,concat,6,https://www.youtube.com/watch?v=u9ygpXNNQWM
uE-dQD8TJ8M,4,4,concat,6,https://www.youtube.com/watch?v=uE-dQD8TJ8M
uH4jFb_CWhY,4,4,concat,6,https://www.youtube.com/watch?v=uH4jFb_CWhY
uI6QFYqgayM,4,4,concat,6,https://www.youtube.com/watch?v=uI6QFYqgayM
uIkk3DdvI2s,4,4,concat,6,https://www.youtube.com/watch?v=uIkk3DdvI2s
uIrWseC44M4,4,4,concat,6,https://www.youtube.com/watch?v=uIrWseC44M4
uMTNqRZb7BU,4,4,concat,6,https://www.youtube.com/watch?v=uMTNqRZb7BU
uPEi8WcMmz4,4,4,concat,6,https://www.youtube.com/watch?v=uPEi8WcMmz4
uROigUXCtnY,4,4,concat,6,https://www.youtube.com/watch?v=uROigUXCtnY
uRbhgDhJpJ4,4,4,concat,6,https://www.youtube.com/watch?v=uRbhgDhJpJ4
uRiS75ettDw,4,4,concat,6,https://www.youtube.com/watch?v=uRiS75ettDw
uTIqIH0VW6s,4,4,concat,6,https://www.youtube.com/watch?v=uTIqIH0VW6s
uTXNnRa2OQg,4,4,concat,6,https://www.youtube.com/watch?v=uTXNnRa2OQg
uY3HLNVKS3U,4,4,concat,6,https://www.youtube.com/watch?v=uY3HLNVKS3U
u_GfZHFWmAo,4,4,concat,6,https://www.youtube.com/watch?v=u_GfZHFWmAo
u_mzuysXSUY,4,4,concat,6,https://www.youtube.com/watch?v=u_mzuysXSUY
ua7vpUAGcvs,4,4,concat,6,https://www.youtube.com/watch?v=ua7vpUAGcvs
uaEmrfmPkWs,4,4,concat,6,https://www.youtube.com/watch?v=uaEmrfmPkWs
ub9zF-WBA7E,4,4,concat,6,https://www.youtube.com/watch?v=ub9zF-WBA7E
uc6DsvR-4OI,4,4,concat,6,https://www.youtube.com/watch?v=uc6DsvR-4OI
ucz_p2ssiMI,4,4,concat,6,https://www.youtube.com/watch?v=ucz_p2ssiMI
udZv4YzQTFs,4,4,concat,6,https://www.youtube.com/watch?v=udZv4YzQTFs
ue4KgFSVwkc,4,4,concat,6,https://www.youtube.com/watch?v=ue4KgFSVwkc
ueFW9QYn6nU,4,4,concat,6,https://www.youtube.com/watch?v=ueFW9QYn6nU
ufo8qp7grI0,4,4,concat,6,https://www.youtube.com/watch?v=ufo8qp7grI0
uhkGCzXiqu8,4,4,concat,6,https://www.youtube.com/watch?v=uhkGCzXiqu8
uj9y7qn6jsg,4,4,concat,6,https://www.youtube.com/watch?v=uj9y7qn6jsg
ulzBhDDQCkk,4,4,concat,6,https://www.youtube.com/watch?v=ulzBhDDQCkk
unCzHSQT9vI,4,4,concat,6,https://www.youtube.com/watch?v=unCzHSQT9vI
unUW9zifRMc,4,4,concat,6,https://www.youtube.com/watch?v=unUW9zifRMc
unWV86-NxnM,4,4,concat,6,https://www.youtube.com/watch?v=unWV86-NxnM
uo09GD9ZzPg,4,4,concat,6,https://www.youtube.com/watch?v=uo09GD9ZzPg
uoCkiWQ6S9U,4,4,concat,6,https://www.youtube.com/watch?v=uoCkiWQ6S9U
uocrN3RAb5I,4,4,concat,6,https://www.youtube.com/watch?v=uocrN3RAb5I
upX7XTX_HS8,4,4,concat,6,https://www.youtube.com/watch?v=upX7XTX_HS8
upwfv_n-pxg,4,4,concat,6,https://www.youtube.com/watch?v=upwfv_n-pxg
uqAdEv2M0hw,4,4,concat,6,https://www.youtube.com/watch?v=uqAdEv2M0hw
uqmBFLcs3XA,4,4,concat,6,https://www.youtube.com/watch?v=uqmBFLcs3XA
urp37BrWJr8,4,4,concat,6,https://www.youtube.com/watch?v=urp37BrWJr8
usrC9_Cx1lg,4,4,concat,6,https://www.youtube.com/watch?v=usrC9_Cx1lg
ux9fhNscEh8,4,4,concat,6,https://www.youtube.com/watch?v=ux9fhNscEh8
uycMhUJE4i4,4,4,concat,6,https://www.youtube.com/watch?v=uycMhUJE4i4
uzwMHx4Bjig,4,4,concat,6,https://www.youtube.com/watch?v=uzwMHx4Bjig
v1YkSVaRN-A,4,4,concat,6,https://www.youtube.com/watch?v=v1YkSVaRN-A
v2R4iuOrCFA,4,4,concat,6,https://www.youtube.com/watch?v=v2R4iuOrCFA
v4M6-Djt-00,4,4,concat,6,https://www.youtube.com/watch?v=v4M6-Djt-00
v6gKLkxYny4,4,4,concat,6,https://www.youtube.com/watch?v=v6gKLkxYny4
v7T7Kqa4AEI,4,4,concat,6,https://www.youtube.com/watch?v=v7T7Kqa4AEI
v7lr3sqw0XU,4,4,concat,6,https://www.youtube.com/watch?v=v7lr3sqw0XU
v8YVqMjWo_8,4,4,concat,6,https://www.youtube.com/watch?v=v8YVqMjWo_8
vA8FE5H1IJQ,4,4,concat,6,https://www.youtube.com/watch?v=vA8FE5H1IJQ
vAnHINhB2RU,4,4,concat,6,https://www.youtube.com/watch?v=vAnHINhB2RU
vEWMfBMGnT4,4,4,concat,6,https://www.youtube.com/watch?v=vEWMfBMGnT4
vF60Ef4eOAM,4,4,concat,6,https://www.youtube.com/watch?v=vF60Ef4eOAM
vFDP1sUwbHs,4,4,concat,6,https://www.youtube.com/watch?v=vFDP1sUwbHs
vGJaNGA8-Xo,4,4,concat,6,https://www.youtube.com/watch?v=vGJaNGA8-Xo
vIPe5mPOk5w,4,4,concat,6,https://www.youtube.com/watch?v=vIPe5mPOk5w
vIhtjzyF8wY,4,4,concat,6,https://www.youtube.com/watch?v=vIhtjzyF8wY
vJM0ka_oCrI,4,4,concat,6,https://www.youtube.com/watch?v=vJM0ka_oCrI
vN9JFEHeuYI,4,4,concat,6,https://www.youtube.com/watch?v=vN9JFEHeuYI
vPveln-EIEE,4,4,concat,6,https://www.youtube.com/watch?v=vPveln-EIEE
vSLtpq6AQQc,4,4,concat,6,https://www.youtube.com/watch?v=vSLtpq6AQQc
vTfMmyr2-wo,4,4,concat,6,https://www.youtube.com/watch?v=vTfMmyr2-wo
vW8XcgXd6xo,4,4,concat,6,https://www.youtube.com/watch?v=vW8XcgXd6xo
vWQ1b08-UpI,4,4,concat,6,https://www.youtube.com/watch?v=vWQ1b08-UpI
vXzwHwATpHk,4,4,concat,6,https://www.youtube.com/watch?v=vXzwHwATpHk
vY8U0IffhfE,4,4,concat,6,https://www.youtube.com/watch?v=vY8U0IffhfE
vYUHvwI0cP0,4,4,concat,6,https://www.youtube.com/watch?v=vYUHvwI0cP0
vYbvcjiC0ts,4,4,concat,6,https://www.youtube.com/watch?v=vYbvcjiC0ts
vagXtMttldg,4,4,concat,6,https://www.youtube.com/watch?v=vagXtMttldg
vcNrN8Lk3bQ,4,4,concat,6,https://www.youtube.com/watch?v=vcNrN8Lk3bQ
veYPqvxr974,4,4,concat,6,https://www.youtube.com/watch?v=veYPqvxr974
vglHJM67WUM,4,4,concat,6,https://www.youtube.com/watch?v=vglHJM67WUM
vhGEfYcBjEs,4,4,concat,6,https://www.youtube.com/watch?v=vhGEfYcBjEs
vi9OEhO57W0,4,4,concat,6,https://www.youtube.com/watch?v=vi9OEhO57W0
vie3NDbpjxs,4,4,concat,6,https://www.youtube.com/watch?v=vie3NDbpjxs
vjdEMO3CPKk,4,4,concat,6,https://www.youtube.com/watch?v=vjdEMO3CPKk
vmb1vJ5rOIc,4,4,concat,6,https://www.youtube.com/watch?v=vmb1vJ5rOIc
vn7B74hXG6o,4,4,concat,6,https://www.youtube.com/watch?v=vn7B74hXG6o
vnNhMvSgR9s,4,4,concat,6,https://www.youtube.com/watch?v=vnNhMvSgR9s
vnVBKzT2h5E,4,4,concat,6,https://www.youtube.com/watch?v=vnVBKzT2h5E
vr1DaqJ5pes,4,4,concat,6,https://www.youtube.com/watch?v=vr1DaqJ5pes
vr96YlpcHGo,4,4,concat,6,https://www.youtube.com/watch?v=vr96YlpcHGo
vrGRANWinFE,4,4,concat,6,https://www.youtube.com/watch?v=vrGRANWinFE
vtjj__zzNWE,4,4,concat,6,https://www.youtube.com/watch?v=vtjj__zzNWE
vv-521bln2Y,4,4,concat,6,https://www.youtube.com/watch?v=vv-521bln2Y
vwIyg7TvLcU,4,4,concat,6,https://www.youtube.com/watch?v=vwIyg7TvLcU
vwZJRNAgpz4,4,4,concat,6,https://www.youtube.com/watch?v=vwZJRNAgpz4
vyYVO4CeXgE,4,4,concat,6,https://www.youtube.com/watch?v=vyYVO4CeXgE
vzomSn8aHsw,4,4,concat,6,https://www.youtube.com/watch?v=vzomSn8aHsw
w-IqlyWs-Go,4,4,concat,6,https://www.youtube.com/watch?v=w-IqlyWs-Go
w1_E00pUQI8,4,4,concat,6,https://www.youtube.com/watch?v=w1_E00pUQI8
w2UXFhKFQeU,4,4,concat,6,https://www.youtube.com/watch?v=w2UXFhKFQeU
w4GgUffKvDA,4,4,concat,6,https://www.youtube.com/watch?v=w4GgUffKvDA
w5jQeerCJE0,4,4,concat,6,https://www.youtube.com/watch?v=w5jQeerCJE0
w6OM648gzFc,4,4,concat,6,https://www.youtube.com/watch?v=w6OM648gzFc
w6aLII5vc6c,4,4,concat,6,https://www.youtube.com/watch?v=w6aLII5vc6c
w7vNjL2SyXE,4,4,concat,6,https://www.youtube.com/watch?v=w7vNjL2SyXE
w8yqJfek93U,4,4,concat,6,https://www.youtube.com/watch?v=w8yqJfek93U
w9_m5TrgFjs,4,4,concat,6,https://www.youtube.com/watch?v=w9_m5TrgFjs
wBndzCmUxTU,4,4,concat,6,https://www.youtube.com/watch?v=wBndzCmUxTU
wBrr4tqTkKc,4,4,concat,6,https://www.youtube.com/watch?v=wBrr4tqTkKc
wDVVDjOO65U,4,4,concat,6,https://www.youtube.com/watch?v=wDVVDjOO65U
wETzgicbLSc,4,4,concat,6,https://www.youtube.com/watch?v=wETzgicbLSc
wEvqFh0cQzQ,4,4,concat,6,https://www.youtube.com/watch?v=wEvqFh0cQzQ
wH5iYjXazFQ,4,4,concat,6,https://www.youtube.com/watch?v=wH5iYjXazFQ
wHJM1lyuYJE,4,4,concat,6,https://www.youtube.com/watch?v=wHJM1lyuYJE
wHpwCw_suUY,4,4,concat,6,https://www.youtube.com/watch?v=wHpwCw_suUY
wHykUXbWIr4,4,4,concat,6,https://www.youtube.com/watch?v=wHykUXbWIr4
wI7WSZR2byA,4,4,concat,6,https://www.youtube.com/watch?v=wI7WSZR2byA
wINrb9Ev1p0,4,4,concat,6,https://www.youtube.com/watch?v=wINrb9Ev1p0
wOU5bYfFTs0,4,4,concat,6,https://www.youtube.com/watch?v=wOU5bYfFTs0
wOYUhIWLQS4,4,4,concat,6,https://www.youtube.com/watch?v=wOYUhIWLQS4
wQ0YCtA61-U,4,4,concat,6,https://www.youtube.com/watch?v=wQ0YCtA61-U
wQgRfIHg9R8,4,4,concat,6,https://www.youtube.com/watch?v=wQgRfIHg9R8
wQikox8Thvo,4,4,concat,6,https://www.youtube.com/watch?v=wQikox8Thvo
wRcZFJLF0JI,4,4,concat,6,https://www.youtube.com/watch?v=wRcZFJLF0JI
wUgyanEO4Hg,4,4,concat,6,https://www.youtube.com/watch?v=wUgyanEO4Hg
wXN3pNbSWxQ,4,4,concat,6,https://www.youtube.com/watch?v=wXN3pNbSWxQ
wXgxI61KPvg,4,4,concat,6,https://www.youtube.com/watch?v=wXgxI61KPvg
wYJTLqExnCc,4,4,concat,6,https://www.youtube.com/watch?v=wYJTLqExnCc
wZmY2yWCPfs,4,4,concat,6,https://www.youtube.com/watch?v=wZmY2yWCPfs
waE5dEKyN8I,4,4,concat,6,https://www.youtube.com/watch?v=waE5dEKyN8I
waGf4pSWZio,4,4,concat,6,https://www.youtube.com/watch?v=waGf4pSWZio
waPfGzp1zM8,4,4,concat,6,https://www.youtube.com/watch?v=waPfGzp1zM8
warmohcC6xg,4,4,concat,6,https://www.youtube.com/watch?v=warmohcC6xg
wc683fKWKDE,4,4,concat,6,https://www.youtube.com/watch?v=wc683fKWKDE
wcc8bGKT6R4,4,4,concat,6,https://www.youtube.com/watch?v=wcc8bGKT6R4
wch4dQ0J5GI,4,4,concat,6,https://www.youtube.com/watch?v=wch4dQ0J5GI
wcxoQmuIV2s,4,4,concat,6,https://www.youtube.com/watch?v=wcxoQmuIV2s
we2n8KixSGk,4,4,concat,6,https://www.youtube.com/watch?v=we2n8KixSGk
we_ykeW4TIs,4,4,concat,6,https://www.youtube.com/watch?v=we_ykeW4TIs
wgrfI-qVB80,4,4,concat,6,https://www.youtube.com/watch?v=wgrfI-qVB80
wjYRuzrjqtg,4,4,concat,6,https://www.youtube.com/watch?v=wjYRuzrjqtg
wnBmenaPwEA,4,4,concat,6,https://www.youtube.com/watch?v=wnBmenaPwEA
wnVAqT79Lfk,4,4,concat,6,https://www.youtube.com/watch?v=wnVAqT79Lfk
wo7T0tKMv-Q,4,4,concat,6,https://www.youtube.com/watch?v=wo7T0tKMv-Q
wool-zERL0w,4,4,concat,6,https://www.youtube.com/watch?v=wool-zERL0w
wsf3Ep8x6qk,4,4,concat,6,https://www.youtube.com/watch?v=wsf3Ep8x6qk
wu-pbh7Gt7M,4,4,concat,6,https://www.youtube.com/watch?v=wu-pbh7Gt7M
wuLgE43xZCo,4,4,concat,6,https://www.youtube.com/watch?v=wuLgE43xZCo
wukhfiOYvi4,4,4,concat,6,https://www.youtube.com/watch?v=wukhfiOYvi4
wvZoJD3wt6Y,4,4,concat,6,https://www.youtube.com/watch?v=wvZoJD3wt6Y
wwK7ZD4sZB4,4,4,concat,6,https://www.youtube.com/watch?v=wwK7ZD4sZB4
x-3dUKg5TAs,4,4,concat,6,https://www.youtube.com/watch?v=x-3dUKg5TAs
x-7VSTgNDgc,4,4,concat,6,https://www.youtube.com/watch?v=x-7VSTgNDgc
x2AtcXXnVz4,4,4,concat,6,https://www.youtube.com/watch?v=x2AtcXXnVz4
x2NjlS0Kk2Q,4,4,concat,6,https://www.youtube.com/watch?v=x2NjlS0Kk2Q
x3BIiQwbPPs,4,4,concat,6,https://www.youtube.com/watch?v=x3BIiQwbPPs
x78eQLdFvZI,4,4,concat,6,https://www.youtube.com/watch?v=x78eQLdFvZI
xA5LZHXu7TI,4,4,concat,6,https://www.youtube.com/watch?v=xA5LZHXu7TI
xB-LGT2XFqw,4,4,concat,6,https://www.youtube.com/watch?v=xB-LGT2XFqw
xBg9y0PglWo,4,4,concat,6,https://www.youtube.com/watch?v=xBg9y0PglWo
xCHKHIPJv9U,4,4,concat,6,https://www.youtube.com/watch?v=xCHKHIPJv9U
xCP_HgedXio,4,4,concat,6,https://www.youtube.com/watch?v=xCP_HgedXio
xDdCQafuDjs,4,4,concat,6,https://www.youtube.com/watch?v=xDdCQafuDjs
xFjp2h_T3Yc,4,4,concat,6,https://www.youtube.com/watch?v=xFjp2h_T3Yc
xG4r0x8CvH8,4,4,concat,6,https://www.youtube.com/watch?v=xG4r0x8CvH8
xG7Il2XCQiA,4,4,concat,6,https://www.youtube.com/watch?v=xG7Il2XCQiA
xIH-woaXkTU,4,4,concat,6,https://www.youtube.com/watch?v=xIH-woaXkTU
xIMwvBxVGHo,4,4,concat,6,https://www.youtube.com/watch?v=xIMwvBxVGHo
xJW189r68Uk,4,4,concat,6,https://www.youtube.com/watch?v=xJW189r68Uk
xKxS05gou8c,4,4,concat,6,https://www.youtube.com/watch?v=xKxS05gou8c
xL7N6Z9-Q_I,4,4,concat,6,https://www.youtube.com/watch?v=xL7N6Z9-Q_I
xMSMC9EZISM,4,4,concat,6,https://www.youtube.com/watch?v=xMSMC9EZISM
xNeA0bYFvVU,4,4,concat,6,https://www.youtube.com/watch?v=xNeA0bYFvVU
xONTVDeVToY,4,4,concat,6,https://www.youtube.com/watch?v=xONTVDeVToY
xP1p-7Pkd3M,4,4,concat,6,https://www.youtube.com/watch?v=xP1p-7Pkd3M
xR7zbrMbTnM,4,4,concat,6,https://www.youtube.com/watch?v=xR7zbrMbTnM
xWTP0Q6i19w,4,4,concat,6,https://www.youtube.com/watch?v=xWTP0Q6i19w
xWix33ZOnbk,4,4,concat,6,https://www.youtube.com/watch?v=xWix33ZOnbk
xWqm8ccel40,4,4,concat,6,https://www.youtube.com/watch?v=xWqm8ccel40
xX78KTBi9q0,4,4,concat,6,https://www.youtube.com/watch?v=xX78KTBi9q0
xXE1B-jD6Xw,4,4,concat,6,https://www.youtube.com/watch?v=xXE1B-jD6Xw
xY7hyO_NZrU,4,4,concat,6,https://www.youtube.com/watch?v=xY7hyO_NZrU
x_N4yyQ4khg,4,4,concat,6,https://www.youtube.com/watch?v=x_N4yyQ4khg
xaOst9VmMOc,4,4,concat,6,https://www.youtube.com/watch?v=xaOst9VmMOc
xagvpz8sn6E,4,4,concat,6,https://www.youtube.com/watch?v=xagvpz8sn6E
xaqb0KEhnmQ,4,4,concat,6,https://www.youtube.com/watch?v=xaqb0KEhnmQ
xcjtrIs-mUU,4,4,concat,6,https://www.youtube.com/watch?v=xcjtrIs-mUU
xdBUH_IcsKs,4,4,concat,6,https://www.youtube.com/watch?v=xdBUH_IcsKs
xjgjLGlRI0M,4,4,concat,6,https://www.youtube.com/watch?v=xjgjLGlRI0M
xjyuotSt3CY,4,4,concat,6,https://www.youtube.com/watch?v=xjyuotSt3CY
xnsqbneDw94,4,4,concat,6,https://www.youtube.com/watch?v=xnsqbneDw94
xnwaUE3DywE,4,4,concat,6,https://www.youtube.com/watch?v=xnwaUE3DywE
xqrIqAoNCN4,4,4,concat,6,https://www.youtube.com/watch?v=xqrIqAoNCN4
xsBx5ystFgI,4,4,concat,6,https://www.youtube.com/watch?v=xsBx5ystFgI
xsT0GNUGYUs,4,4,concat,6,https://www.youtube.com/watch?v=xsT0GNUGYUs
xu3avUZqrwA,4,4,concat,6,https://www.youtube.com/watch?v=xu3avUZqrwA
xuOULs5w3X0,4,4,concat,6,https://www.youtube.com/watch?v=xuOULs5w3X0
xxM2O_fYPCo,4,4,concat,6,https://www.youtube.com/watch?v=xxM2O_fYPCo
xzRYER5Mqlo,4,4,concat,6,https://www.youtube.com/watch?v=xzRYER5Mqlo
xz_LdtptC5s,4,4,concat,6,https://www.youtube.com/watch?v=xz_LdtptC5s
y0jE8jm8QBA,4,4,concat,6,https://www.youtube.com/watch?v=y0jE8jm8QBA
y2tpqAMcM4c,4,4,concat,6,https://www.youtube.com/watch?v=y2tpqAMcM4c
y3klWXKW7Rk,4,4,concat,6,https://www.youtube.com/watch?v=y3klWXKW7Rk
y4e7ZKzxMxo,4,4,concat,6,https://www.youtube.com/watch?v=y4e7ZKzxMxo
y5lkWEJ1fU8,4,4,concat,6,https://www.youtube.com/watch?v=y5lkWEJ1fU8
y6oKyG14SLs,4,4,concat,6,https://www.youtube.com/watch?v=y6oKyG14SLs
y7xHAWdS65w,4,4,concat,6,https://www.youtube.com/watch?v=y7xHAWdS65w
y9YICsByOqg,4,4,concat,6,https://www.youtube.com/watch?v=y9YICsByOqg
y9jSkkJRiFg,4,4,concat,6,https://www.youtube.com/watch?v=y9jSkkJRiFg
yBaCq2g9SIQ,4,4,concat,6,https://www.youtube.com/watch?v=yBaCq2g9SIQ
yC_sMp5yOo4,4,4,concat,6,https://www.youtube.com/watch?v=yC_sMp5yOo4
yEEqEU8zDhc,4,4,concat,6,https://www.youtube.com/watch?v=yEEqEU8zDhc
yEKrWtsle54,4,4,concat,6,https://www.youtube.com/watch?v=yEKrWtsle54
yEfYX9MpUyE,4,4,concat,6,https://www.youtube.com/watch?v=yEfYX9MpUyE
yFXPDhAm3kY,4,4,concat,6,https://www.youtube.com/watch?v=yFXPDhAm3kY
yIIQ4fzDhqQ,4,4,concat,6,https://www.youtube.com/watch?v=yIIQ4fzDhqQ
yLiUk1ewlXk,4,4,concat,6,https://www.youtube.com/watch?v=yLiUk1ewlXk
yLtavagg3pY,4,4,concat,6,https://www.youtube.com/watch?v=yLtavagg3pY
yLuAvIm4sCM,4,4,concat,6,https://www.youtube.com/watch?v=yLuAvIm4sCM
yN4erRmlUBs,4,4,concat,6,https://www.youtube.com/watch?v=yN4erRmlUBs
yQV-J5kZ534,4,4,concat,6,https://www.youtube.com/watch?v=yQV-J5kZ534
yRGyR9Tcyz0,4,4,concat,6,https://www.youtube.com/watch?v=yRGyR9Tcyz0
yRwXqYsTWf8,4,4,concat,6,https://www.youtube.com/watch?v=yRwXqYsTWf8
yS-G2TbZlk4,4,4,concat,6,https://www.youtube.com/watch?v=yS-G2TbZlk4
ySm0VAswpX8,4,4,concat,6,https://www.youtube.com/watch?v=ySm0VAswpX8
yTYRSpJzpdw,4,4,concat,6,https://www.youtube.com/watch?v=yTYRSpJzpdw
yU-6rJPnxFg,4,4,concat,6,https://www.youtube.com/watch?v=yU-6rJPnxFg
yUVNE9iRhS0,4,4,concat,6,https://www.youtube.com/watch?v=yUVNE9iRhS0
yXYbPnrpeX0,4,4,concat,6,https://www.youtube.com/watch?v=yXYbPnrpeX0
yaHcow0IBpA,4,4,concat,6,https://www.youtube.com/watch?v=yaHcow0IBpA
ybFxuueETtE,4,4,concat,6,https://www.youtube.com/watch?v=ybFxuueETtE
yckbRDRy-dM,4,4,concat,6,https://www.youtube.com/watch?v=yckbRDRy-dM
ydg611fS-V8,4,4,concat,6,https://www.youtube.com/watch?v=ydg611fS-V8
yfsVY85_eCU,4,4,concat,6,https://www.youtube.com/watch?v=yfsVY85_eCU
ygSRKDcspQo,4,4,concat,6,https://www.youtube.com/watch?v=ygSRKDcspQo
yglg8N8V67E,4,4,concat,6,https://www.youtube.com/watch?v=yglg8N8V67E
ygoi5U0C5Pc,4,4,concat,6,https://www.youtube.com/watch?v=ygoi5U0C5Pc
yiOHNJ1rARw,4,4,concat,6,https://www.youtube.com/watch?v=yiOHNJ1rARw
ylVspmtQM_I,4,4,concat,6,https://www.youtube.com/watch?v=ylVspmtQM_I
ymtSEV04yfs,4,4,concat,6,https://www.youtube.com/watch?v=ymtSEV04yfs
ynaw4KuVqyI,4,4,concat,6,https://www.youtube.com/watch?v=ynaw4KuVqyI
ynve_1c0noI,4,4,concat,6,https://www.youtube.com/watch?v=ynve_1c0noI
yoZQ-4dGT78,4,4,concat,6,https://www.youtube.com/watch?v=yoZQ-4dGT78
ypVlb5PwkvA,4,4,concat,6,https://www.youtube.com/watch?v=ypVlb5PwkvA
yt1fvE0m_8I,4,4,concat,6,https://www.youtube.com/watch?v=yt1fvE0m_8I
yuqEEXpZtB4,4,4,concat,6,https://www.youtube.com/watch?v=yuqEEXpZtB4
yvNlry6WeLM,4,4,concat,6,https://www.youtube.com/watch?v=yvNlry6WeLM
ywAcv79hby4,4,4,concat,6,https://www.youtube.com/watch?v=ywAcv79hby4
yxK5lprfhR4,4,4,concat,6,https://www.youtube.com/watch?v=yxK5lprfhR4
yxjp3hZc3CA,4,4,concat,6,https://www.youtube.com/watch?v=yxjp3hZc3CA
yy6KqD-suFI,4,4,concat,6,https://www.youtube.com/watch?v=yy6KqD-suFI
yzhdG92lVg0,4,4,concat,6,https://www.youtube.com/watch?v=yzhdG92lVg0
z0mGZ6sip_A,4,4,concat,6,https://www.youtube.com/watch?v=z0mGZ6sip_A
z12j2CV4V-c,4,4,concat,6,https://www.youtube.com/watch?v=z12j2CV4V-c
z1rl3Sckwno,4,4,concat,6,https://www.youtube.com/watch?v=z1rl3Sckwno
z2cQhb8Lbrs,4,4,concat,6,https://www.youtube.com/watch?v=z2cQhb8Lbrs
z4W0JA1c15E,4,4,concat,6,https://www.youtube.com/watch?v=z4W0JA1c15E
z4pNKhZ3D4c,4,4,concat,6,https://www.youtube.com/watch?v=z4pNKhZ3D4c
z50lzecbLGw,4,4,concat,6,https://www.youtube.com/watch?v=z50lzecbLGw
z6R4QjZ9pwE,4,4,concat,6,https://www.youtube.com/watch?v=z6R4QjZ9pwE
z8BaC1NulnQ,4,4,concat,6,https://www.youtube.com/watch?v=z8BaC1NulnQ
z8JT_FfKGjM,4,4,concat,6,https://www.youtube.com/watch?v=z8JT_FfKGjM
z8XSj8umEKY,4,4,concat,6,https://www.youtube.com/watch?v=z8XSj8umEKY
zDrsSFF9KP0,4,4,concat,6,https://www.youtube.com/watch?v=zDrsSFF9KP0
zK_xqBGQ0dY,4,4,concat,6,https://www.youtube.com/watch?v=zK_xqBGQ0dY
zL1ewfiLdaE,4,4,concat,6,https://www.youtube.com/watch?v=zL1ewfiLdaE
zLf5XzewOJU,4,4,concat,6,https://www.youtube.com/watch?v=zLf5XzewOJU
zMrIVATSOjo,4,4,concat,6,https://www.youtube.com/watch?v=zMrIVATSOjo
zPTXYJmjxG4,4,4,concat,6,https://www.youtube.com/watch?v=zPTXYJmjxG4
zPeUm-TqHYs,4,4,concat,6,https://www.youtube.com/watch?v=zPeUm-TqHYs
zQRk0KMvGfs,4,4,concat,6,https://www.youtube.com/watch?v=zQRk0KMvGfs
zRdJkcP41m4,4,4,concat,6,https://www.youtube.com/watch?v=zRdJkcP41m4
zRqX1aqKUPY,4,4,concat,6,https://www.youtube.com/watch?v=zRqX1aqKUPY
zRtI3dIxLio,4,4,concat,6,https://www.youtube.com/watch?v=zRtI3dIxLio
zSYxQFLhXdM,4,4,concat,6,https://www.youtube.com/watch?v=zSYxQFLhXdM
zTCYNxrebfU,4,4,concat,6,https://www.youtube.com/watch?v=zTCYNxrebfU
zW7z3SasG-I,4,4,concat,6,https://www.youtube.com/watch?v=zW7z3SasG-I
zWabqkD5ziY,4,4,concat,6,https://www.youtube.com/watch?v=zWabqkD5ziY
zWg8biv0crI,4,4,concat,6,https://www.youtube.com/watch?v=zWg8biv0crI
zZvIv7aiDLc,4,4,concat,6,https://www.youtube.com/watch?v=zZvIv7aiDLc
zaQNM4ivbEw,4,4,concat,6,https://www.youtube.com/watch?v=zaQNM4ivbEw
zaqb_fpDt8Q,4,4,concat,6,https://www.youtube.com/watch?v=zaqb_fpDt8Q
zbUFgh4mVwI,4,4,concat,6,https://www.youtube.com/watch?v=zbUFgh4mVwI
zbw-blQnSjg,4,4,concat,6,https://www.youtube.com/watch?v=zbw-blQnSjg
zcYsrK734nk,4,4,concat,6,https://www.youtube.com/watch?v=zcYsrK734nk
zfVNEmG_ecM,4,4,concat,6,https://www.youtube.com/watch?v=zfVNEmG_ecM
zgglY3HL7CA,4,4,concat,6,https://www.youtube.com/watch?v=zgglY3HL7CA
zh0Toed_YMc,4,4,concat,6,https://www.youtube.com/watch?v=zh0Toed_YMc
ziAec7ShbIU,4,4,concat,6,https://www.youtube.com/watch?v=ziAec7ShbIU
zjFX2l1_6X0,4,4,concat,6,https://www.youtube.com/watch?v=zjFX2l1_6X0
zmKrxOnrMl4,4,4,concat,6,https://www.youtube.com/watch?v=zmKrxOnrMl4
zq7CA5_FJfE,4,4,concat,6,https://www.youtube.com/watch?v=zq7CA5_FJfE
zreL25IrNA8,4,4,concat,6,https://www.youtube.com/watch?v=zreL25IrNA8
zs5TdKP2A74,4,4,concat,6,https://www.youtube.com/watch?v=zs5TdKP2A74
zs6aeEWXMOU,4,4,concat,6,https://www.youtube.com/watch?v=zs6aeEWXMOU
zsVbokT-43k,4,4,concat,6,https://www.youtube.com/watch?v=zsVbokT-43k
zuW9pkwLVOU,4,4,concat,6,https://www.youtube.com/watch?v=zuW9pkwLVOU
zwEd8tmMC3U,4,4,concat,6,https://www.youtube.com/watch?v=zwEd8tmMC3U
zwFsxV_4rK0,4,4,concat,6,https://www.youtube.com/watch?v=zwFsxV_4rK0
zwq70N0GueE,4,4,concat,6,https://www.youtube.com/watch?v=zwq70N0GueE
zyGekIWv8IE,4,4,concat,6,https://www.youtube.com/watch?v=zyGekIWv8IE
zyn0ZrcmsNo,4,4,concat,6,https://www.youtube.com/watch?v=zyn0ZrcmsNo
-0CBi2-k27w,5,5,concat,6,https://www.youtube.com/watch?v=-0CBi2-k27w
-1cIoDJSVXI,5,5,concat,6,https://www.youtube.com/watch?v=-1cIoDJSVXI
-3FL4_e5Ndc,5,5,concat,6,https://www.youtube.com/watch?v=-3FL4_e5Ndc
-8-E0m_9L1g,5,5,concat,6,https://www.youtube.com/watch?v=-8-E0m_9L1g
-9RL05lASJ4,5,5,concat,6,https://www.youtube.com/watch?v=-9RL05lASJ4
-D5lhCemLHM,5,5,concat,6,https://www.youtube.com/watch?v=-D5lhCemLHM
-Gr8yMTYpGQ,5,5,concat,6,https://www.youtube.com/watch?v=-Gr8yMTYpGQ
-GzNjxKyQE4,5,5,concat,6,https://www.youtube.com/watch?v=-GzNjxKyQE4
-I_OO6p64R0,5,5,concat,6,https://www.youtube.com/watch?v=-I_OO6p64R0
-Iwl0gjhHa4,5,5,concat,6,https://www.youtube.com/watch?v=-Iwl0gjhHa4
-LKY642-H-Q,5,5,concat,6,https://www.youtube.com/watch?v=-LKY642-H-Q
-Nm0D34kP0c,5,5,concat,6,https://www.youtube.com/watch?v=-Nm0D34kP0c
-NnnWihnewc,5,5,concat,6,https://www.youtube.com/watch?v=-NnnWihnewc
-OWHhr7b0cs,5,5,concat,6,https://www.youtube.com/watch?v=-OWHhr7b0cs
-R_7MNoC7Yg,5,5,concat,6,https://www.youtube.com/watch?v=-R_7MNoC7Yg
-UbSvPHz9Xw,5,5,concat,6,https://www.youtube.com/watch?v=-UbSvPHz9Xw
-Zp35LYUlZ0,5,5,concat,6,https://www.youtube.com/watch?v=-Zp35LYUlZ0
-__4Nrl72Mc,5,5,concat,6,https://www.youtube.com/watch?v=-__4Nrl72Mc
-aXuTyheSAo,5,5,concat,6,https://www.youtube.com/watch?v=-aXuTyheSAo
-bciFTDsaIw,5,5,concat,6,https://www.youtube.com/watch?v=-bciFTDsaIw
-bx5RFuJ7zE,5,5,concat,6,https://www.youtube.com/watch?v=-bx5RFuJ7zE
-eZ7lk2479w,5,5,concat,6,https://www.youtube.com/watch?v=-eZ7lk2479w
-il-N7cQ6Cg,5,5,concat,6,https://www.youtube.com/watch?v=-il-N7cQ6Cg
-m_n0pHgpfY,5,5,concat,6,https://www.youtube.com/watch?v=-m_n0pHgpfY
-oTQs0f7Ss0,5,5,concat,6,https://www.youtube.com/watch?v=-oTQs0f7Ss0
-ryns2wr4s8,5,5,concat,6,https://www.youtube.com/watch?v=-ryns2wr4s8
-tNICUlIXPU,5,5,concat,6,https://www.youtube.com/watch?v=-tNICUlIXPU
0-dwkj4dXdI,5,5,concat,6,https://www.youtube.com/watch?v=0-dwkj4dXdI
01cPymyfEk4,5,5,concat,6,https://www.youtube.com/watch?v=01cPymyfEk4
04-8BtuaGrE,5,5,concat,6,https://www.youtube.com/watch?v=04-8BtuaGrE
0JSr7DgDcNQ,5,5,concat,6,https://www.youtube.com/watch?v=0JSr7DgDcNQ
0K01eOgQntI,5,5,concat,6,https://www.youtube.com/watch?v=0K01eOgQntI
0LZW3WerxME,5,5,concat,6,https://www.youtube.com/watch?v=0LZW3WerxME
0LmV9KFcqwk,5,5,concat,6,https://www.youtube.com/watch?v=0LmV9KFcqwk
0T8MUKvE05A,5,5,concat,6,https://www.youtube.com/watch?v=0T8MUKvE05A
0TtBF7jVkpg,5,5,concat,6,https://www.youtube.com/watch?v=0TtBF7jVkpg
0Uuwpjc-EOw,5,5,concat,6,https://www.youtube.com/watch?v=0Uuwpjc-EOw
0V3XF3v8neo,5,5,concat,6,https://www.youtube.com/watch?v=0V3XF3v8neo
0WvDM7cwbWc,5,5,concat,6,https://www.youtube.com/watch?v=0WvDM7cwbWc
0WvnU3mSMaU,5,5,concat,6,https://www.youtube.com/watch?v=0WvnU3mSMaU
0_bIYImevIw,5,5,concat,6,https://www.youtube.com/watch?v=0_bIYImevIw
0deh2hUglRE,5,5,concat,6,https://www.youtube.com/watch?v=0deh2hUglRE
0idfNbJO4A8,5,5,concat,6,https://www.youtube.com/watch?v=0idfNbJO4A8
0ly5ZjFTVKw,5,5,concat,6,https://www.youtube.com/watch?v=0ly5ZjFTVKw
0pvPeX5qJKU,5,5,concat,6,https://www.youtube.com/watch?v=0pvPeX5qJKU
0sl_hJ_2FDE,5,5,concat,6,https://www.youtube.com/watch?v=0sl_hJ_2FDE
0ucxKnNE3Cw,5,5,concat,6,https://www.youtube.com/watch?v=0ucxKnNE3Cw
0x4veQhT83w,5,5,concat,6,https://www.youtube.com/watch?v=0x4veQhT83w
10O1IQPcpfY,5,5,concat,6,https://www.youtube.com/watch?v=10O1IQPcpfY
11CVG5e0HSM,5,5,concat,6,https://www.youtube.com/watch?v=11CVG5e0HSM
14B4UXtrtV8,5,5,concat,6,https://www.youtube.com/watch?v=14B4UXtrtV8
14s1IAC-Heg,5,5,concat,6,https://www.youtube.com/watch?v=14s1IAC-Heg
165HHgYAqvg,5,5,concat,6,https://www.youtube.com/watch?v=165HHgYAqvg
1H2hHEosYGY,5,5,concat,6,https://www.youtube.com/watch?v=1H2hHEosYGY
1HoSqnZj4GQ,5,5,concat,6,https://www.youtube.com/watch?v=1HoSqnZj4GQ
1IUoTLSiNfY,5,5,concat,6,https://www.youtube.com/watch?v=1IUoTLSiNfY
1L9ABQAOnZA,5,5,concat,6,https://www.youtube.com/watch?v=1L9ABQAOnZA
1MjsoaE0i7Y,5,5,concat,6,https://www.youtube.com/watch?v=1MjsoaE0i7Y
1NA6BQXa36M,5,5,concat,6,https://www.youtube.com/watch?v=1NA6BQXa36M
1PvYmeOrzHM,5,5,concat,6,https://www.youtube.com/watch?v=1PvYmeOrzHM
1SbXg44vsdA,5,5,concat,6,https://www.youtube.com/watch?v=1SbXg44vsdA
1TtbN7iEUJ4,5,5,concat,6,https://www.youtube.com/watch?v=1TtbN7iEUJ4
1Ugb1kR2fIE,5,5,concat,6,https://www.youtube.com/watch?v=1Ugb1kR2fIE
1VGmnRrDHXg,5,5,concat,6,https://www.youtube.com/watch?v=1VGmnRrDHXg
1Vnpdqd0jFo,5,5,concat,6,https://www.youtube.com/watch?v=1Vnpdqd0jFo
1ZonJHGg8cE,5,5,concat,6,https://www.youtube.com/watch?v=1ZonJHGg8cE
1czGg_8Tm6g,5,5,concat,6,https://www.youtube.com/watch?v=1czGg_8Tm6g
1i1zZ9vu5ck,5,5,concat,6,https://www.youtube.com/watch?v=1i1zZ9vu5ck
1jvQNWa_FJ0,5,5,concat,6,https://www.youtube.com/watch?v=1jvQNWa_FJ0
1lRQzSSalpY,5,5,concat,6,https://www.youtube.com/watch?v=1lRQzSSalpY
1m8D43FQQuY,5,5,concat,6,https://www.youtube.com/watch?v=1m8D43FQQuY
1o5HRKfddoc,5,5,concat,6,https://www.youtube.com/watch?v=1o5HRKfddoc
1pcngoilmPo,5,5,concat,6,https://www.youtube.com/watch?v=1pcngoilmPo
1rDUGC9TlWI,5,5,concat,6,https://www.youtube.com/watch?v=1rDUGC9TlWI
1toDLYlflzE,5,5,concat,6,https://www.youtube.com/watch?v=1toDLYlflzE
1vAlvxzDI8s,5,5,concat,6,https://www.youtube.com/watch?v=1vAlvxzDI8s
1wFF3jshOe4,5,5,concat,6,https://www.youtube.com/watch?v=1wFF3jshOe4
1x9POJhGYUA,5,5,concat,6,https://www.youtube.com/watch?v=1x9POJhGYUA
2-SuRobKr3Q,5,5,concat,6,https://www.youtube.com/watch?v=2-SuRobKr3Q
262KklKoifk,5,5,concat,6,https://www.youtube.com/watch?v=262KklKoifk
26wDDT9DzgM,5,5,concat,6,https://www.youtube.com/watch?v=26wDDT9DzgM
29temM0dAvk,5,5,concat,6,https://www.youtube.com/watch?v=29temM0dAvk
2AQ7LM-91ck,5,5,concat,6,https://www.youtube.com/watch?v=2AQ7LM-91ck
2ApxRUt0d9k,5,5,concat,6,https://www.youtube.com/watch?v=2ApxRUt0d9k
2C9q7PWVJqA,5,5,concat,6,https://www.youtube.com/watch?v=2C9q7PWVJqA
2CUx9pjQ1Ok,5,5,concat,6,https://www.youtube.com/watch?v=2CUx9pjQ1Ok
2D62lF4CnJw,5,5,concat,6,https://www.youtube.com/watch?v=2D62lF4CnJw
2Dam4BGWYO8,5,5,concat,6,https://www.youtube.com/watch?v=2Dam4BGWYO8
2DtGrbDAJ2s,5,5,concat,6,https://www.youtube.com/watch?v=2DtGrbDAJ2s
2JWLIiHJeUM,5,5,concat,6,https://www.youtube.com/watch?v=2JWLIiHJeUM
2KdL3tHH-Dk,5,5,concat,6,https://www.youtube.com/watch?v=2KdL3tHH-Dk
2Kjjdb1rXg0,5,5,concat,6,https://www.youtube.com/watch?v=2Kjjdb1rXg0
2NDutu8TzYc,5,5,concat,6,https://www.youtube.com/watch?v=2NDutu8TzYc
2Q4zKiUJdmk,5,5,concat,6,https://www.youtube.com/watch?v=2Q4zKiUJdmk
2QXjlY1ofso,5,5,concat,6,https://www.youtube.com/watch?v=2QXjlY1ofso
2WTUNWMHmAg,5,5,concat,6,https://www.youtube.com/watch?v=2WTUNWMHmAg
2XdaSUR-igE,5,5,concat,6,https://www.youtube.com/watch?v=2XdaSUR-igE
2b3TpO_VBvQ,5,5,concat,6,https://www.youtube.com/watch?v=2b3TpO_VBvQ
2ePTunTuahg,5,5,concat,6,https://www.youtube.com/watch?v=2ePTunTuahg
2he8830s_Bk,5,5,concat,6,https://www.youtube.com/watch?v=2he8830s_Bk
2jtVncD1aBU,5,5,concat,6,https://www.youtube.com/watch?v=2jtVncD1aBU
2kHymZfRrFQ,5,5,concat,6,https://www.youtube.com/watch?v=2kHymZfRrFQ
2o5s-6a-Vvk,5,5,concat,6,https://www.youtube.com/watch?v=2o5s-6a-Vvk
2oVXMH9bQPw,5,5,concat,6,https://www.youtube.com/watch?v=2oVXMH9bQPw
2v1N9uTS0zo,5,5,concat,6,https://www.youtube.com/watch?v=2v1N9uTS0zo
2xnxwD9jh5Y,5,5,concat,6,https://www.youtube.com/watch?v=2xnxwD9jh5Y
2yGyix-G3aE,5,5,concat,6,https://www.youtube.com/watch?v=2yGyix-G3aE
3-BX9XwOw3A,5,5,concat,6,https://www.youtube.com/watch?v=3-BX9XwOw3A
303TRI_y_1A,5,5,concat,6,https://www.youtube.com/watch?v=303TRI_y_1A
30GYjsv3hyA,5,5,concat,6,https://www.youtube.com/watch?v=30GYjsv3hyA
31qUqIh8YqA,5,5,concat,6,https://www.youtube.com/watch?v=31qUqIh8YqA
32sy7soc_gI,5,5,concat,6,https://www.youtube.com/watch?v=32sy7soc_gI
33FOk_AkwbA,5,5,concat,6,https://www.youtube.com/watch?v=33FOk_AkwbA
33VvXvpxCCE,5,5,concat,6,https://www.youtube.com/watch?v=33VvXvpxCCE
35dO8Xd_AoU,5,5,concat,6,https://www.youtube.com/watch?v=35dO8Xd_AoU
3CTS7Z6P7jE,5,5,concat,6,https://www.youtube.com/watch?v=3CTS7Z6P7jE
3CipDWJAQNw,5,5,concat,6,https://www.youtube.com/watch?v=3CipDWJAQNw
3Cndj_h6nAw,5,5,concat,6,https://www.youtube.com/watch?v=3Cndj_h6nAw
3DNX2y_lceo,5,5,concat,6,https://www.youtube.com/watch?v=3DNX2y_lceo
3EP_QES-xz8,5,5,concat,6,https://www.youtube.com/watch?v=3EP_QES-xz8
3GXGVvGrPwU,5,5,concat,6,https://www.youtube.com/watch?v=3GXGVvGrPwU
3IxlLXw_AfQ,5,5,concat,6,https://www.youtube.com/watch?v=3IxlLXw_AfQ
3JC3RCS9Q-E,5,5,concat,6,https://www.youtube.com/watch?v=3JC3RCS9Q-E
3LfrvL7HupY,5,5,concat,6,https://www.youtube.com/watch?v=3LfrvL7HupY
3N2DHkRSAFQ,5,5,concat,6,https://www.youtube.com/watch?v=3N2DHkRSAFQ
3Oz2oQpCQBo,5,5,concat,6,https://www.youtube.com/watch?v=3Oz2oQpCQBo
3QjVthNENsY,5,5,concat,6,https://www.youtube.com/watch?v=3QjVthNENsY
3SCu73j0GrA,5,5,concat,6,https://www.youtube.com/watch?v=3SCu73j0GrA
3V4yBk74pQQ,5,5,concat,6,https://www.youtube.com/watch?v=3V4yBk74pQQ
3Wfri-bOk1I,5,5,concat,6,https://www.youtube.com/watch?v=3Wfri-bOk1I
3YjLTa1JbVI,5,5,concat,6,https://www.youtube.com/watch?v=3YjLTa1JbVI
3Z8L6q-C48M,5,5,concat,6,https://www.youtube.com/watch?v=3Z8L6q-C48M
3_w5Anu-HRw,5,5,concat,6,https://www.youtube.com/watch?v=3_w5Anu-HRw
3aHBd7eDx2g,5,5,concat,6,https://www.youtube.com/watch?v=3aHBd7eDx2g
3dnpaK4-ylc,5,5,concat,6,https://www.youtube.com/watch?v=3dnpaK4-ylc
3gVKmrncDUA,5,5,concat,6,https://www.youtube.com/watch?v=3gVKmrncDUA
3ktZ_dLfiFY,5,5,concat,6,https://www.youtube.com/watch?v=3ktZ_dLfiFY
3nvp55jqFnk,5,5,concat,6,https://www.youtube.com/watch?v=3nvp55jqFnk
3pztm7W-GWQ,5,5,concat,6,https://www.youtube.com/watch?v=3pztm7W-GWQ
3pzxhh0Crqo,5,5,concat,6,https://www.youtube.com/watch?v=3pzxhh0Crqo
3r4A07sWX_8,5,5,concat,6,https://www.youtube.com/watch?v=3r4A07sWX_8
3vd6-GSH2t8,5,5,concat,6,https://www.youtube.com/watch?v=3vd6-GSH2t8
3wpyWfv2AAU,5,5,concat,6,https://www.youtube.com/watch?v=3wpyWfv2AAU
3zI31zAnhas,5,5,concat,6,https://www.youtube.com/watch?v=3zI31zAnhas
4-dgCS4NBnA,5,5,concat,6,https://www.youtube.com/watch?v=4-dgCS4NBnA
40tLIMboopg,5,5,concat,6,https://www.youtube.com/watch?v=40tLIMboopg
41VrMS0QzR8,5,5,concat,6,https://www.youtube.com/watch?v=41VrMS0QzR8
428tJxM92uU,5,5,concat,6,https://www.youtube.com/watch?v=428tJxM92uU
46X1rgCrSDI,5,5,concat,6,https://www.youtube.com/watch?v=46X1rgCrSDI
47TgMK6M_NE,5,5,concat,6,https://www.youtube.com/watch?v=47TgMK6M_NE
48QwnxGlYdc,5,5,concat,6,https://www.youtube.com/watch?v=48QwnxGlYdc
4ANtKPWHHQ8,5,5,concat,6,https://www.youtube.com/watch?v=4ANtKPWHHQ8
4F4UD6_hLbw,5,5,concat,6,https://www.youtube.com/watch?v=4F4UD6_hLbw
4GkeMdAcYaI,5,5,concat,6,https://www.youtube.com/watch?v=4GkeMdAcYaI
4KgBh3xKKn8,5,5,concat,6,https://www.youtube.com/watch?v=4KgBh3xKKn8
4MMj7XLA1Ic,5,5,concat,6,https://www.youtube.com/watch?v=4MMj7XLA1Ic
4SM1z2ESQMk,5,5,concat,6,https://www.youtube.com/watch?v=4SM1z2ESQMk
4XiRVDN-0uU,5,5,concat,6,https://www.youtube.com/watch?v=4XiRVDN-0uU
4ZOch0SokV8,5,5,concat,6,https://www.youtube.com/watch?v=4ZOch0SokV8
4bMZ7UFSNNE,5,5,concat,6,https://www.youtube.com/watch?v=4bMZ7UFSNNE
4bxfEjEX0CI,5,5,concat,6,https://www.youtube.com/watch?v=4bxfEjEX0CI
4cF9gB1ITfU,5,5,concat,6,https://www.youtube.com/watch?v=4cF9gB1ITfU
4fGOkiWCUGI,5,5,concat,6,https://www.youtube.com/watch?v=4fGOkiWCUGI
4fs6-jIQgBw,5,5,concat,6,https://www.youtube.com/watch?v=4fs6-jIQgBw
4iUJKjYRctI,5,5,concat,6,https://www.youtube.com/watch?v=4iUJKjYRctI
4jg7DqnrE3M,5,5,concat,6,https://www.youtube.com/watch?v=4jg7DqnrE3M
4k1iLeagWmk,5,5,concat,6,https://www.youtube.com/watch?v=4k1iLeagWmk
4mGv8MYseNM,5,5,concat,6,https://www.youtube.com/watch?v=4mGv8MYseNM
4nhh3NCpvUI,5,5,concat,6,https://www.youtube.com/watch?v=4nhh3NCpvUI
4o0KQgJKKL8,5,5,concat,6,https://www.youtube.com/watch?v=4o0KQgJKKL8
4oQsfgjcqQU,5,5,concat,6,https://www.youtube.com/watch?v=4oQsfgjcqQU
4sbbwahWUvI,5,5,concat,6,https://www.youtube.com/watch?v=4sbbwahWUvI
4tC2c_5y9nY,5,5,concat,6,https://www.youtube.com/watch?v=4tC2c_5y9nY
4wM0fiXf8DQ,5,5,concat,6,https://www.youtube.com/watch?v=4wM0fiXf8DQ
4x4fj9wM4go,5,5,concat,6,https://www.youtube.com/watch?v=4x4fj9wM4go
4xmAO7b2oY4,5,5,concat,6,https://www.youtube.com/watch?v=4xmAO7b2oY4
503ecJhrfCE,5,5,concat,6,https://www.youtube.com/watch?v=503ecJhrfCE
50LQdJH2uCY,5,5,concat,6,https://www.youtube.com/watch?v=50LQdJH2uCY
52FDYR8aCx4,5,5,concat,6,https://www.youtube.com/watch?v=52FDYR8aCx4
52fhp--qH5o,5,5,concat,6,https://www.youtube.com/watch?v=52fhp--qH5o
54D_GwzmVWM,5,5,concat,6,https://www.youtube.com/watch?v=54D_GwzmVWM
57KsDOKuUb4,5,5,concat,6,https://www.youtube.com/watch?v=57KsDOKuUb4
5Bl9HGh4lkI,5,5,concat,6,https://www.youtube.com/watch?v=5Bl9HGh4lkI
5DZELqKSKGk,5,5,concat,6,https://www.youtube.com/watch?v=5DZELqKSKGk
5Dh3PvqFgsE,5,5,concat,6,https://www.youtube.com/watch?v=5Dh3PvqFgsE
5F8ixfPWC-M,5,5,concat,6,https://www.youtube.com/watch?v=5F8ixfPWC-M
5G-xlz0Jik4,5,5,concat,6,https://www.youtube.com/watch?v=5G-xlz0Jik4
5M1BJbnZObE,5,5,concat,6,https://www.youtube.com/watch?v=5M1BJbnZObE
5PKTfopokmI,5,5,concat,6,https://www.youtube.com/watch?v=5PKTfopokmI
5T5XSWikSSc,5,5,concat,6,https://www.youtube.com/watch?v=5T5XSWikSSc
5UzutgxVJCo,5,5,concat,6,https://www.youtube.com/watch?v=5UzutgxVJCo
5Vo87zmzy7I,5,5,concat,6,https://www.youtube.com/watch?v=5Vo87zmzy7I
5VwkgzCmNoc,5,5,concat,6,https://www.youtube.com/watch?v=5VwkgzCmNoc
5ar8HsaUamc,5,5,concat,6,https://www.youtube.com/watch?v=5ar8HsaUamc
5bfI-xbES4M,5,5,concat,6,https://www.youtube.com/watch?v=5bfI-xbES4M
5cPttk6Td_0,5,5,concat,6,https://www.youtube.com/watch?v=5cPttk6Td_0
5cSNSb0Dm-Y,5,5,concat,6,https://www.youtube.com/watch?v=5cSNSb0Dm-Y
5cm27G659ik,5,5,concat,6,https://www.youtube.com/watch?v=5cm27G659ik
5dSIKYEUqmk,5,5,concat,6,https://www.youtube.com/watch?v=5dSIKYEUqmk
5f0ZF1HGwAk,5,5,concat,6,https://www.youtube.com/watch?v=5f0ZF1HGwAk
5fQbdqGsu3o,5,5,concat,6,https://www.youtube.com/watch?v=5fQbdqGsu3o
5jcKaUZV4x4,5,5,concat,6,https://www.youtube.com/watch?v=5jcKaUZV4x4
5k44wG842KM,5,5,concat,6,https://www.youtube.com/watch?v=5k44wG842KM
5m0go05sV6M,5,5,concat,6,https://www.youtube.com/watch?v=5m0go05sV6M
5nnX1sYsx0Y,5,5,concat,6,https://www.youtube.com/watch?v=5nnX1sYsx0Y
5ps4fbQa1i4,5,5,concat,6,https://www.youtube.com/watch?v=5ps4fbQa1i4
5qYIGp-v_l4,5,5,concat,6,https://www.youtube.com/watch?v=5qYIGp-v_l4
5s7LHwphq0E,5,5,concat,6,https://www.youtube.com/watch?v=5s7LHwphq0E
5tZLRC3hMyc,5,5,concat,6,https://www.youtube.com/watch?v=5tZLRC3hMyc
5vp6ATTsORU,5,5,concat,6,https://www.youtube.com/watch?v=5vp6ATTsORU
5x-OsujjPCg,5,5,concat,6,https://www.youtube.com/watch?v=5x-OsujjPCg
5xO7TyMfasU,5,5,concat,6,https://www.youtube.com/watch?v=5xO7TyMfasU
5xVhYCUxZ_I,5,5,concat,6,https://www.youtube.com/watch?v=5xVhYCUxZ_I
5zdtjZXP4Y4,5,5,concat,6,https://www.youtube.com/watch?v=5zdtjZXP4Y4
6-nB7vUtuGU,5,5,concat,6,https://www.youtube.com/watch?v=6-nB7vUtuGU
60oTE7J56Ns,5,5,concat,6,https://www.youtube.com/watch?v=60oTE7J56Ns
62FYQi_QLSU,5,5,concat,6,https://www.youtube.com/watch?v=62FYQi_QLSU
63hd7sbuwvM,5,5,concat,6,https://www.youtube.com/watch?v=63hd7sbuwvM
6436X3QNXLE,5,5,concat,6,https://www.youtube.com/watch?v=6436X3QNXLE
65CuXHYplOg,5,5,concat,6,https://www.youtube.com/watch?v=65CuXHYplOg
66jIkY7RmSc,5,5,concat,6,https://www.youtube.com/watch?v=66jIkY7RmSc
6AS09AoH344,5,5,concat,6,https://www.youtube.com/watch?v=6AS09AoH344
6GBQbG9WATI,5,5,concat,6,https://www.youtube.com/watch?v=6GBQbG9WATI
6Jo54BQE3D8,5,5,concat,6,https://www.youtube.com/watch?v=6Jo54BQE3D8
6N3j3CgRe_8,5,5,concat,6,https://www.youtube.com/watch?v=6N3j3CgRe_8
6Nj-it38zHo,5,5,concat,6,https://www.youtube.com/watch?v=6Nj-it38zHo
6PV8_vV3Kzo,5,5,concat,6,https://www.youtube.com/watch?v=6PV8_vV3Kzo
6QBe53P5G3E,5,5,concat,6,https://www.youtube.com/watch?v=6QBe53P5G3E
6RLI3tV5dT4,5,5,concat,6,https://www.youtube.com/watch?v=6RLI3tV5dT4
6SYyOFiGHfU,5,5,concat,6,https://www.youtube.com/watch?v=6SYyOFiGHfU
6SfPqIO3jM0,5,5,concat,6,https://www.youtube.com/watch?v=6SfPqIO3jM0
6SvYNMuL33Q,5,5,concat,6,https://www.youtube.com/watch?v=6SvYNMuL33Q
6UM9h2bOp8A,5,5,concat,6,https://www.youtube.com/watch?v=6UM9h2bOp8A
6ZmrGnRyM2Q,5,5,concat,6,https://www.youtube.com/watch?v=6ZmrGnRyM2Q
6bFQNHj5Ids,5,5,concat,6,https://www.youtube.com/watch?v=6bFQNHj5Ids
6bi7F--W65c,5,5,concat,6,https://www.youtube.com/watch?v=6bi7F--W65c
6cINKac9evk,5,5,concat,6,https://www.youtube.com/watch?v=6cINKac9evk
6dLqvkVjR3E,5,5,concat,6,https://www.youtube.com/watch?v=6dLqvkVjR3E
6hGKfPxd3qE,5,5,concat,6,https://www.youtube.com/watch?v=6hGKfPxd3qE
6hPGdSjNZj0,5,5,concat,6,https://www.youtube.com/watch?v=6hPGdSjNZj0
6qCY8owRDPU,5,5,concat,6,https://www.youtube.com/watch?v=6qCY8owRDPU
6r0MumnYYlg,5,5,concat,6,https://www.youtube.com/watch?v=6r0MumnYYlg
6rv9NRZMdZk,5,5,concat,6,https://www.youtube.com/watch?v=6rv9NRZMdZk
6so-J9U4peo,5,5,concat,6,https://www.youtube.com/watch?v=6so-J9U4peo
6xv41sLbfAU,5,5,concat,6,https://www.youtube.com/watch?v=6xv41sLbfAU
6zJLP7T0LaQ,5,5,concat,6,https://www.youtube.com/watch?v=6zJLP7T0LaQ
7-iWSKLIsvQ,5,5,concat,6,https://www.youtube.com/watch?v=7-iWSKLIsvQ
7GnibonZEMM,5,5,concat,6,https://www.youtube.com/watch?v=7GnibonZEMM
7I6W77aCiG4,5,5,concat,6,https://www.youtube.com/watch?v=7I6W77aCiG4
7M22kmgmv4Q,5,5,concat,6,https://www.youtube.com/watch?v=7M22kmgmv4Q
7N1vJNi3aW0,5,5,concat,6,https://www.youtube.com/watch?v=7N1vJNi3aW0
7NlX_iNEtQk,5,5,concat,6,https://www.youtube.com/watch?v=7NlX_iNEtQk
7NssS6ZslD0,5,5,concat,6,https://www.youtube.com/watch?v=7NssS6ZslD0
7PfSYHLIt8I,5,5,concat,6,https://www.youtube.com/watch?v=7PfSYHLIt8I
7RcxodiD_Gw,5,5,concat,6,https://www.youtube.com/watch?v=7RcxodiD_Gw
7VL6-PEcDiM,5,5,concat,6,https://www.youtube.com/watch?v=7VL6-PEcDiM
7d4ZHkUg_Xw,5,5,concat,6,https://www.youtube.com/watch?v=7d4ZHkUg_Xw
7exB1DfS3Tg,5,5,concat,6,https://www.youtube.com/watch?v=7exB1DfS3Tg
7gKczyP5NIk,5,5,concat,6,https://www.youtube.com/watch?v=7gKczyP5NIk
7hr09apujb0,5,5,concat,6,https://www.youtube.com/watch?v=7hr09apujb0
7nmpQkkV9iA,5,5,concat,6,https://www.youtube.com/watch?v=7nmpQkkV9iA
7o4G4fbs0Ug,5,5,concat,6,https://www.youtube.com/watch?v=7o4G4fbs0Ug
7tpOSvaKNLI,5,5,concat,6,https://www.youtube.com/watch?v=7tpOSvaKNLI
7wsgPLPWLM4,5,5,concat,6,https://www.youtube.com/watch?v=7wsgPLPWLM4
7yYZLmc29-g,5,5,concat,6,https://www.youtube.com/watch?v=7yYZLmc29-g
81Acwgs7jkg,5,5,concat,6,https://www.youtube.com/watch?v=81Acwgs7jkg
8456wnBH4tk,5,5,concat,6,https://www.youtube.com/watch?v=8456wnBH4tk
89po1af12e8,5,5,concat,6,https://www.youtube.com/watch?v=89po1af12e8
8BWe0sLowPQ,5,5,concat,6,https://www.youtube.com/watch?v=8BWe0sLowPQ
8IW_lRTRMkw,5,5,concat,6,https://www.youtube.com/watch?v=8IW_lRTRMkw
8MARWz91ZEg,5,5,concat,6,https://www.youtube.com/watch?v=8MARWz91ZEg
8N_wdw8exvY,5,5,concat,6,https://www.youtube.com/watch?v=8N_wdw8exvY
8PQxR1likr0,5,5,concat,6,https://www.youtube.com/watch?v=8PQxR1likr0
8RFFmIjgiRw,5,5,concat,6,https://www.youtube.com/watch?v=8RFFmIjgiRw
8Uvdgi9Ic8w,5,5,concat,6,https://www.youtube.com/watch?v=8Uvdgi9Ic8w
8WOIAZCx4gE,5,5,concat,6,https://www.youtube.com/watch?v=8WOIAZCx4gE
8ZhGxhgwxYQ,5,5,concat,6,https://www.youtube.com/watch?v=8ZhGxhgwxYQ
8b8McFsg380,5,5,concat,6,https://www.youtube.com/watch?v=8b8McFsg380
8cdT51KjYbk,5,5,concat,6,https://www.youtube.com/watch?v=8cdT51KjYbk
8cpuadsUlBM,5,5,concat,6,https://www.youtube.com/watch?v=8cpuadsUlBM
8cykxIeNHvc,5,5,concat,6,https://www.youtube.com/watch?v=8cykxIeNHvc
8dLrDXZqUBM,5,5,concat,6,https://www.youtube.com/watch?v=8dLrDXZqUBM
8j4qCCeAnyw,5,5,concat,6,https://www.youtube.com/watch?v=8j4qCCeAnyw
8lHLOmna85c,5,5,concat,6,https://www.youtube.com/watch?v=8lHLOmna85c
8ls88woI_zo,5,5,concat,6,https://www.youtube.com/watch?v=8ls88woI_zo
8ol4OISxxds,5,5,concat,6,https://www.youtube.com/watch?v=8ol4OISxxds
8qG8zrhETCQ,5,5,concat,6,https://www.youtube.com/watch?v=8qG8zrhETCQ
8qTQu6jvesY,5,5,concat,6,https://www.youtube.com/watch?v=8qTQu6jvesY
8sXq7d1Mpt4,5,5,concat,6,https://www.youtube.com/watch?v=8sXq7d1Mpt4
8xpGLopEWfU,5,5,concat,6,https://www.youtube.com/watch?v=8xpGLopEWfU
8ykNsz7thSE,5,5,concat,6,https://www.youtube.com/watch?v=8ykNsz7thSE
9-YDot04L18,5,5,concat,6,https://www.youtube.com/watch?v=9-YDot04L18
96M18aPbgew,5,5,concat,6,https://www.youtube.com/watch?v=96M18aPbgew
96XSZWrVCwU,5,5,concat,6,https://www.youtube.com/watch?v=96XSZWrVCwU
9ApuIqsfXnE,5,5,concat,6,https://www.youtube.com/watch?v=9ApuIqsfXnE
9EpL-ex_W1Q,5,5,concat,6,https://www.youtube.com/watch?v=9EpL-ex_W1Q
9Gv7fY46UUs,5,5,concat,6,https://www.youtube.com/watch?v=9Gv7fY46UUs
9HJCJIidBCs,5,5,concat,6,https://www.youtube.com/watch?v=9HJCJIidBCs
9HjMdjJ8XZM,5,5,concat,6,https://www.youtube.com/watch?v=9HjMdjJ8XZM
9Kx6wEncBzI,5,5,concat,6,https://www.youtube.com/watch?v=9Kx6wEncBzI
9N5jBxa64gI,5,5,concat,6,https://www.youtube.com/watch?v=9N5jBxa64gI
9Qm1f9yaAuQ,5,5,concat,6,https://www.youtube.com/watch?v=9Qm1f9yaAuQ
9S1jmqlDHcQ,5,5,concat,6,https://www.youtube.com/watch?v=9S1jmqlDHcQ
9WhFp3T_jgA,5,5,concat,6,https://www.youtube.com/watch?v=9WhFp3T_jgA
9Y8iwWmsqpo,5,5,concat,6,https://www.youtube.com/watch?v=9Y8iwWmsqpo
9YBQ56P2Bn8,5,5,concat,6,https://www.youtube.com/watch?v=9YBQ56P2Bn8
9d2GL2R8AdY,5,5,concat,6,https://www.youtube.com/watch?v=9d2GL2R8AdY
9e8hhgrfx5g,5,5,concat,6,https://www.youtube.com/watch?v=9e8hhgrfx5g
9g1QN3ZqaRQ,5,5,concat,6,https://www.youtube.com/watch?v=9g1QN3ZqaRQ
9lh2Y9uiv1A,5,5,concat,6,https://www.youtube.com/watch?v=9lh2Y9uiv1A
9lkgLre3o2E,5,5,concat,6,https://www.youtube.com/watch?v=9lkgLre3o2E
9q-gdfptiUE,5,5,concat,6,https://www.youtube.com/watch?v=9q-gdfptiUE
9q655BHuEkU,5,5,concat,6,https://www.youtube.com/watch?v=9q655BHuEkU
9r6wcdGyU1E,5,5,concat,6,https://www.youtube.com/watch?v=9r6wcdGyU1E
9rqAEkCQiNg,5,5,concat,6,https://www.youtube.com/watch?v=9rqAEkCQiNg
9vEOi_QMTU8,5,5,concat,6,https://www.youtube.com/watch?v=9vEOi_QMTU8
9vzkMOytJBQ,5,5,concat,6,https://www.youtube.com/watch?v=9vzkMOytJBQ
9x30YpV3YO4,5,5,concat,6,https://www.youtube.com/watch?v=9x30YpV3YO4
A-4fX0CCotE,5,5,concat,6,https://www.youtube.com/watch?v=A-4fX0CCotE
A1JdI80yBE0,5,5,concat,6,https://www.youtube.com/watch?v=A1JdI80yBE0
A4rLKAj8_r0,5,5,concat,6,https://www.youtube.com/watch?v=A4rLKAj8_r0
A5DPDnv0l2c,5,5,concat,6,https://www.youtube.com/watch?v=A5DPDnv0l2c
A82AAGEG4-A,5,5,concat,6,https://www.youtube.com/watch?v=A82AAGEG4-A
ACiMIoorQaY,5,5,concat,6,https://www.youtube.com/watch?v=ACiMIoorQaY
AE7JuhS4xdw,5,5,concat,6,https://www.youtube.com/watch?v=AE7JuhS4xdw
AEio7H0c_LA,5,5,concat,6,https://www.youtube.com/watch?v=AEio7H0c_LA
AIWuD-aq_rU,5,5,concat,6,https://www.youtube.com/watch?v=AIWuD-aq_rU
AIYrsHX0MAc,5,5,concat,6,https://www.youtube.com/watch?v=AIYrsHX0MAc
APodjPDwOUU,5,5,concat,6,https://www.youtube.com/watch?v=APodjPDwOUU
AQgHH1R0NkE,5,5,concat,6,https://www.youtube.com/watch?v=AQgHH1R0NkE
ARkLJ4bs8X8,5,5,concat,6,https://www.youtube.com/watch?v=ARkLJ4bs8X8
ARmYI4cO0EI,5,5,concat,6,https://www.youtube.com/watch?v=ARmYI4cO0EI
AS8aROPOw_k,5,5,concat,6,https://www.youtube.com/watch?v=AS8aROPOw_k
AT-d3ZX_9Xk,5,5,concat,6,https://www.youtube.com/watch?v=AT-d3ZX_9Xk
AUCDp1s4zzE,5,5,concat,6,https://www.youtube.com/watch?v=AUCDp1s4zzE
AV9lwgorkZE,5,5,concat,6,https://www.youtube.com/watch?v=AV9lwgorkZE
AVr6rCy_KcA,5,5,concat,6,https://www.youtube.com/watch?v=AVr6rCy_KcA
AWX8H1q2dwE,5,5,concat,6,https://www.youtube.com/watch?v=AWX8H1q2dwE
AYDNfqLRRn4,5,5,concat,6,https://www.youtube.com/watch?v=AYDNfqLRRn4
AYNV9ZRcUJI,5,5,concat,6,https://www.youtube.com/watch?v=AYNV9ZRcUJI
AZgANPq5JG4,5,5,concat,6,https://www.youtube.com/watch?v=AZgANPq5JG4
A_SEKhGX9Kk,5,5,concat,6,https://www.youtube.com/watch?v=A_SEKhGX9Kk
A_oNaKx-Ag0,5,5,concat,6,https://www.youtube.com/watch?v=A_oNaKx-Ag0
AdtYbrEu23M,5,5,concat,6,https://www.youtube.com/watch?v=AdtYbrEu23M
AgPVdvfx3dw,5,5,concat,6,https://www.youtube.com/watch?v=AgPVdvfx3dw
AlMHMkHgQPg,5,5,concat,6,https://www.youtube.com/watch?v=AlMHMkHgQPg
AsOCQZzkMrY,5,5,concat,6,https://www.youtube.com/watch?v=AsOCQZzkMrY
AsSFN-Xmes4,5,5,concat,6,https://www.youtube.com/watch?v=AsSFN-Xmes4
AssQjXissX4,5,5,concat,6,https://www.youtube.com/watch?v=AssQjXissX4
AstHUFyE5ZA,5,5,concat,6,https://www.youtube.com/watch?v=AstHUFyE5ZA
AteA6n_leW8,5,5,concat,6,https://www.youtube.com/watch?v=AteA6n_leW8
AyHKgXsYOkE,5,5,concat,6,https://www.youtube.com/watch?v=AyHKgXsYOkE
B7nKZ5Hjy6U,5,5,concat,6,https://www.youtube.com/watch?v=B7nKZ5Hjy6U
B8YTwMyGfWQ,5,5,concat,6,https://www.youtube.com/watch?v=B8YTwMyGfWQ
B8znr0TdX5A,5,5,concat,6,https://www.youtube.com/watch?v=B8znr0TdX5A
BFESYhzw3mU,5,5,concat,6,https://www.youtube.com/watch?v=BFESYhzw3mU
BFrUIrYUF50,5,5,concat,6,https://www.youtube.com/watch?v=BFrUIrYUF50
BIsDZ-X4vmo,5,5,concat,6,https://www.youtube.com/watch?v=BIsDZ-X4vmo
BL4C4_bBle8,5,5,concat,6,https://www.youtube.com/watch?v=BL4C4_bBle8
BLhMiTGximg,5,5,concat,6,https://www.youtube.com/watch?v=BLhMiTGximg
BMgo7Hmzzn0,5,5,concat,6,https://www.youtube.com/watch?v=BMgo7Hmzzn0
BNpPKj5ZMXw,5,5,concat,6,https://www.youtube.com/watch?v=BNpPKj5ZMXw
BOFtvtI38io,5,5,concat,6,https://www.youtube.com/watch?v=BOFtvtI38io
BPae7tuU1cY,5,5,concat,6,https://www.youtube.com/watch?v=BPae7tuU1cY
BRUOKeeg1bY,5,5,concat,6,https://www.youtube.com/watch?v=BRUOKeeg1bY
BTUPkB7tKas,5,5,concat,6,https://www.youtube.com/watch?v=BTUPkB7tKas
BU9TEc_Gtxw,5,5,concat,6,https://www.youtube.com/watch?v=BU9TEc_Gtxw
BUsoWjCgYHU,5,5,concat,6,https://www.youtube.com/watch?v=BUsoWjCgYHU
BW-Ebm4K_I8,5,5,concat,6,https://www.youtube.com/watch?v=BW-Ebm4K_I8
BXvvbELRo-0,5,5,concat,6,https://www.youtube.com/watch?v=BXvvbELRo-0
BYikmbS9JVM,5,5,concat,6,https://www.youtube.com/watch?v=BYikmbS9JVM
BZAOGFwd-7I,5,5,concat,6,https://www.youtube.com/watch?v=BZAOGFwd-7I
B_SO5Ywy9Z8,5,5,concat,6,https://www.youtube.com/watch?v=B_SO5Ywy9Z8
Baqup5pnpaA,5,5,concat,6,https://www.youtube.com/watch?v=Baqup5pnpaA
Bb9IYd8YnlM,5,5,concat,6,https://www.youtube.com/watch?v=Bb9IYd8YnlM
BbCGcboMOq8,5,5,concat,6,https://www.youtube.com/watch?v=BbCGcboMOq8
BcjiHWrKGdc,5,5,concat,6,https://www.youtube.com/watch?v=BcjiHWrKGdc
Be7Nm7tX0yU,5,5,concat,6,https://www.youtube.com/watch?v=Be7Nm7tX0yU
BeN0YoAdS3A,5,5,concat,6,https://www.youtube.com/watch?v=BeN0YoAdS3A
BhJZhBwn8HM,5,5,concat,6,https://www.youtube.com/watch?v=BhJZhBwn8HM
BiBOQGmHeww,5,5,concat,6,https://www.youtube.com/watch?v=BiBOQGmHeww
Bk7OU--OlQU,5,5,concat,6,https://www.youtube.com/watch?v=Bk7OU--OlQU
BluPGOs9lI0,5,5,concat,6,https://www.youtube.com/watch?v=BluPGOs9lI0
BoDUsAxa-KI,5,5,concat,6,https://www.youtube.com/watch?v=BoDUsAxa-KI
BphmiQi-7yE,5,5,concat,6,https://www.youtube.com/watch?v=BphmiQi-7yE
BrDVAVA0C84,5,5,concat,6,https://www.youtube.com/watch?v=BrDVAVA0C84
BuM322m-lEQ,5,5,concat,6,https://www.youtube.com/watch?v=BuM322m-lEQ
Bup3gb38Tzc,5,5,concat,6,https://www.youtube.com/watch?v=Bup3gb38Tzc
Bv-MBo6aK0s,5,5,concat,6,https://www.youtube.com/watch?v=Bv-MBo6aK0s
BzzQ6DOCChc,5,5,concat,6,https://www.youtube.com/watch?v=BzzQ6DOCChc
C-iQtioM8lM,5,5,concat,6,https://www.youtube.com/watch?v=C-iQtioM8lM
C3mHr_GfyZk,5,5,concat,6,https://www.youtube.com/watch?v=C3mHr_GfyZk
C5oG7BTTqLA,5,5,concat,6,https://www.youtube.com/watch?v=C5oG7BTTqLA
C6Zi4kkWLTI,5,5,concat,6,https://www.youtube.com/watch?v=C6Zi4kkWLTI
C7130KsXXxg,5,5,concat,6,https://www.youtube.com/watch?v=C7130KsXXxg
CHBRPHTOfEs,5,5,concat,6,https://www.youtube.com/watch?v=CHBRPHTOfEs
CHthslHO_dU,5,5,concat,6,https://www.youtube.com/watch?v=CHthslHO_dU
CISLHzf_GDM,5,5,concat,6,https://www.youtube.com/watch?v=CISLHzf_GDM
CMtYS-gWvn0,5,5,concat,6,https://www.youtube.com/watch?v=CMtYS-gWvn0
CPWeUDf4NFA,5,5,concat,6,https://www.youtube.com/watch?v=CPWeUDf4NFA
CQdlRaXI4c4,5,5,concat,6,https://www.youtube.com/watch?v=CQdlRaXI4c4
CRCEq2zCqto,5,5,concat,6,https://www.youtube.com/watch?v=CRCEq2zCqto
CRSmul85VwQ,5,5,concat,6,https://www.youtube.com/watch?v=CRSmul85VwQ
CSYsS0aL-X4,5,5,concat,6,https://www.youtube.com/watch?v=CSYsS0aL-X4
CWMNCVpI7Cw,5,5,concat,6,https://www.youtube.com/watch?v=CWMNCVpI7Cw
CX-W87AUVz0,5,5,concat,6,https://www.youtube.com/watch?v=CX-W87AUVz0
CZ39EzRwc7A,5,5,concat,6,https://www.youtube.com/watch?v=CZ39EzRwc7A
Cakcl91reos,5,5,concat,6,https://www.youtube.com/watch?v=Cakcl91reos
Chfx6GEvlZk,5,5,concat,6,https://www.youtube.com/watch?v=Chfx6GEvlZk
CjEPIZmpYwo,5,5,concat,6,https://www.youtube.com/watch?v=CjEPIZmpYwo
CkPltL84FOs,5,5,concat,6,https://www.youtube.com/watch?v=CkPltL84FOs
CkvIsEYfr-Y,5,5,concat,6,https://www.youtube.com/watch?v=CkvIsEYfr-Y
CpA8zPxaqiE,5,5,concat,6,https://www.youtube.com/watch?v=CpA8zPxaqiE
CrAlbcmIhUE,5,5,concat,6,https://www.youtube.com/watch?v=CrAlbcmIhUE
CrorwzrcE0U,5,5,concat,6,https://www.youtube.com/watch?v=CrorwzrcE0U
CsPTyKRSHtI,5,5,concat,6,https://www.youtube.com/watch?v=CsPTyKRSHtI
Csk1A8DbjZ4,5,5,concat,6,https://www.youtube.com/watch?v=Csk1A8DbjZ4
Ctog-kM-cQA,5,5,concat,6,https://www.youtube.com/watch?v=Ctog-kM-cQA
D0OEejIlFqQ,5,5,concat,6,https://www.youtube.com/watch?v=D0OEejIlFqQ
D0oZvF83ubA,5,5,concat,6,https://www.youtube.com/watch?v=D0oZvF83ubA
D20c5Q1YwxA,5,5,concat,6,https://www.youtube.com/watch?v=D20c5Q1YwxA
D3IsL75G8fU,5,5,concat,6,https://www.youtube.com/watch?v=D3IsL75G8fU
D3orE61F2wY,5,5,concat,6,https://www.youtube.com/watch?v=D3orE61F2wY
D5i1l55qOdE,5,5,concat,6,https://www.youtube.com/watch?v=D5i1l55qOdE
D5kgdAdZUqI,5,5,concat,6,https://www.youtube.com/watch?v=D5kgdAdZUqI
D8poclnp0FM,5,5,concat,6,https://www.youtube.com/watch?v=D8poclnp0FM
DBHUAMNF0C0,5,5,concat,6,https://www.youtube.com/watch?v=DBHUAMNF0C0
DEQl30B2Kt8,5,5,concat,6,https://www.youtube.com/watch?v=DEQl30B2Kt8
DF6RAJbeRCI,5,5,concat,6,https://www.youtube.com/watch?v=DF6RAJbeRCI
DHEVsaZ11uU,5,5,concat,6,https://www.youtube.com/watch?v=DHEVsaZ11uU
DJn1O_3d_OA,5,5,concat,6,https://www.youtube.com/watch?v=DJn1O_3d_OA
DRCSnAUb_8k,5,5,concat,6,https://www.youtube.com/watch?v=DRCSnAUb_8k
DTDxgaY-geU,5,5,concat,6,https://www.youtube.com/watch?v=DTDxgaY-geU
DVsG6W8qZl8,5,5,concat,6,https://www.youtube.com/watch?v=DVsG6W8qZl8
DWdhrAOmouM,5,5,concat,6,https://www.youtube.com/watch?v=DWdhrAOmouM
DZV2zPUP0RI,5,5,concat,6,https://www.youtube.com/watch?v=DZV2zPUP0RI
DZkU7s7x18Y,5,5,concat,6,https://www.youtube.com/watch?v=DZkU7s7x18Y
DcxyPphdxnY,5,5,concat,6,https://www.youtube.com/watch?v=DcxyPphdxnY
DeBDhY21kko,5,5,concat,6,https://www.youtube.com/watch?v=DeBDhY21kko
DeETcajnq3M,5,5,concat,6,https://www.youtube.com/watch?v=DeETcajnq3M
DegmSyyzTtk,5,5,concat,6,https://www.youtube.com/watch?v=DegmSyyzTtk
DfyG9JSNrSA,5,5,concat,6,https://www.youtube.com/watch?v=DfyG9JSNrSA
DgJwngRVHc8,5,5,concat,6,https://www.youtube.com/watch?v=DgJwngRVHc8
DgRyh-FA8Io,5,5,concat,6,https://www.youtube.com/watch?v=DgRyh-FA8Io
DhjmJXIxNSs,5,5,concat,6,https://www.youtube.com/watch?v=DhjmJXIxNSs
DhnC0AaU0f8,5,5,concat,6,https://www.youtube.com/watch?v=DhnC0AaU0f8
DjCvP1-slgg,5,5,concat,6,https://www.youtube.com/watch?v=DjCvP1-slgg
DlIbgG4bK_c,5,5,concat,6,https://www.youtube.com/watch?v=DlIbgG4bK_c
DmsC7Ppk6ic,5,5,concat,6,https://www.youtube.com/watch?v=DmsC7Ppk6ic
DnNcNbtsoO8,5,5,concat,6,https://www.youtube.com/watch?v=DnNcNbtsoO8
Doc94Pd2AxU,5,5,concat,6,https://www.youtube.com/watch?v=Doc94Pd2AxU
DpxoS_7QjPw,5,5,concat,6,https://www.youtube.com/watch?v=DpxoS_7QjPw
Dq_VjlYW6zs,5,5,concat,6,https://www.youtube.com/watch?v=Dq_VjlYW6zs
Dr45eKtfFOU,5,5,concat,6,https://www.youtube.com/watch?v=Dr45eKtfFOU
DrEDYYssEK0,5,5,concat,6,https://www.youtube.com/watch?v=DrEDYYssEK0
Dt4ZnCehG0U,5,5,concat,6,https://www.youtube.com/watch?v=Dt4ZnCehG0U
DuwWWeONIiM,5,5,concat,6,https://www.youtube.com/watch?v=DuwWWeONIiM
DvUNH1qmU5M,5,5,concat,6,https://www.youtube.com/watch?v=DvUNH1qmU5M
Dxmnu_c2BlQ,5,5,concat,6,https://www.youtube.com/watch?v=Dxmnu_c2BlQ
E0VjgL0mrxg,5,5,concat,6,https://www.youtube.com/watch?v=E0VjgL0mrxg
E1g6R5dTTqw,5,5,concat,6,https://www.youtube.com/watch?v=E1g6R5dTTqw
E1goDsrZqW0,5,5,concat,6,https://www.youtube.com/watch?v=E1goDsrZqW0
E3ZnsSwfr9E,5,5,concat,6,https://www.youtube.com/watch?v=E3ZnsSwfr9E
E3epCCrGrRM,5,5,concat,6,https://www.youtube.com/watch?v=E3epCCrGrRM
E4BA_huGvMs,5,5,concat,6,https://www.youtube.com/watch?v=E4BA_huGvMs
ECV3Ax06IvE,5,5,concat,6,https://www.youtube.com/watch?v=ECV3Ax06IvE
EDelOsdSGBM,5,5,concat,6,https://www.youtube.com/watch?v=EDelOsdSGBM
EDss2mo29ew,5,5,concat,6,https://www.youtube.com/watch?v=EDss2mo29ew
EGe29cpJyLE,5,5,concat,6,https://www.youtube.com/watch?v=EGe29cpJyLE
EGnRLAIH39c,5,5,concat,6,https://www.youtube.com/watch?v=EGnRLAIH39c
EHEDnm0uVts,5,5,concat,6,https://www.youtube.com/watch?v=EHEDnm0uVts
EHMpEc-lNR0,5,5,concat,6,https://www.youtube.com/watch?v=EHMpEc-lNR0
EI40kvheAwI,5,5,concat,6,https://www.youtube.com/watch?v=EI40kvheAwI
EJjwV4qu_eU,5,5,concat,6,https://www.youtube.com/watch?v=EJjwV4qu_eU
EMvRvxCwJjc,5,5,concat,6,https://www.youtube.com/watch?v=EMvRvxCwJjc
EMx55008t88,5,5,concat,6,https://www.youtube.com/watch?v=EMx55008t88
EOVde1DUs64,5,5,concat,6,https://www.youtube.com/watch?v=EOVde1DUs64
EPCL6Rg1C_0,5,5,concat,6,https://www.youtube.com/watch?v=EPCL6Rg1C_0
EPzUtbwLKzU,5,5,concat,6,https://www.youtube.com/watch?v=EPzUtbwLKzU
EQNQWYX3uPU,5,5,concat,6,https://www.youtube.com/watch?v=EQNQWYX3uPU
EQslpG06gbI,5,5,concat,6,https://www.youtube.com/watch?v=EQslpG06gbI
ERPWp3GugLQ,5,5,concat,6,https://www.youtube.com/watch?v=ERPWp3GugLQ
ERUfsCCPC5Y,5,5,concat,6,https://www.youtube.com/watch?v=ERUfsCCPC5Y
EXN-MFCtS4E,5,5,concat,6,https://www.youtube.com/watch?v=EXN-MFCtS4E
E_6pjtnyeOA,5,5,concat,6,https://www.youtube.com/watch?v=E_6pjtnyeOA
E_BuNe5xfF8,5,5,concat,6,https://www.youtube.com/watch?v=E_BuNe5xfF8
E_dg3d_5DXw,5,5,concat,6,https://www.youtube.com/watch?v=E_dg3d_5DXw
E_x3sPP3WAI,5,5,concat,6,https://www.youtube.com/watch?v=E_x3sPP3WAI
EeGejr1laNE,5,5,concat,6,https://www.youtube.com/watch?v=EeGejr1laNE
EgqoOhOdn8A,5,5,concat,6,https://www.youtube.com/watch?v=EgqoOhOdn8A
EkZiaTJ2j9g,5,5,concat,6,https://www.youtube.com/watch?v=EkZiaTJ2j9g
EoPnkErlOqY,5,5,concat,6,https://www.youtube.com/watch?v=EoPnkErlOqY
EoQHfmlkj0s,5,5,concat,6,https://www.youtube.com/watch?v=EoQHfmlkj0s
EpuAgn6Qz5M,5,5,concat,6,https://www.youtube.com/watch?v=EpuAgn6Qz5M
EwvLyKy8Qe4,5,5,concat,6,https://www.youtube.com/watch?v=EwvLyKy8Qe4
Eybk20o_-E0,5,5,concat,6,https://www.youtube.com/watch?v=Eybk20o_-E0
F-MI_TmSO4s,5,5,concat,6,https://www.youtube.com/watch?v=F-MI_TmSO4s
F5UuMy0oJkk,5,5,concat,6,https://www.youtube.com/watch?v=F5UuMy0oJkk
F7j5zpjCs5s,5,5,concat,6,https://www.youtube.com/watch?v=F7j5zpjCs5s
F7kyjMpSrIw,5,5,concat,6,https://www.youtube.com/watch?v=F7kyjMpSrIw
F8O6rmBxKl8,5,5,concat,6,https://www.youtube.com/watch?v=F8O6rmBxKl8
F9RCkTHi19c,5,5,concat,6,https://www.youtube.com/watch?v=F9RCkTHi19c
FD3Fk1_I-GM,5,5,concat,6,https://www.youtube.com/watch?v=FD3Fk1_I-GM
FFn_1yqWK6M,5,5,concat,6,https://www.youtube.com/watch?v=FFn_1yqWK6M
FHWngUUkwtM,5,5,concat,6,https://www.youtube.com/watch?v=FHWngUUkwtM
FJ5AMEbuwBU,5,5,concat,6,https://www.youtube.com/watch?v=FJ5AMEbuwBU
FM1yMM0yzcg,5,5,concat,6,https://www.youtube.com/watch?v=FM1yMM0yzcg
FOEPQRMrlDs,5,5,concat,6,https://www.youtube.com/watch?v=FOEPQRMrlDs
FOQKgXSnMR4,5,5,concat,6,https://www.youtube.com/watch?v=FOQKgXSnMR4
FRzgHFhAD5k,5,5,concat,6,https://www.youtube.com/watch?v=FRzgHFhAD5k
FSxGUpbbJm4,5,5,concat,6,https://www.youtube.com/watch?v=FSxGUpbbJm4
FT6wb4rEmWU,5,5,concat,6,https://www.youtube.com/watch?v=FT6wb4rEmWU
FY6JvS7ac0c,5,5,concat,6,https://www.youtube.com/watch?v=FY6JvS7ac0c
FYXzVM9643E,5,5,concat,6,https://www.youtube.com/watch?v=FYXzVM9643E
FZGwJtbSYpI,5,5,concat,6,https://www.youtube.com/watch?v=FZGwJtbSYpI
FjGFuGdGfd8,5,5,concat,6,https://www.youtube.com/watch?v=FjGFuGdGfd8
FjN_to-EYLo,5,5,concat,6,https://www.youtube.com/watch?v=FjN_to-EYLo
Fk1nhVnxodE,5,5,concat,6,https://www.youtube.com/watch?v=Fk1nhVnxodE
FmuGzpWHV-8,5,5,concat,6,https://www.youtube.com/watch?v=FmuGzpWHV-8
FqqcR7JK_BE,5,5,concat,6,https://www.youtube.com/watch?v=FqqcR7JK_BE
FsPN0QZmUNU,5,5,concat,6,https://www.youtube.com/watch?v=FsPN0QZmUNU
Fu5vBeCXKTI,5,5,concat,6,https://www.youtube.com/watch?v=Fu5vBeCXKTI
FzY8yRuAiA0,5,5,concat,6,https://www.youtube.com/watch?v=FzY8yRuAiA0
G0lRkSyL-iQ,5,5,concat,6,https://www.youtube.com/watch?v=G0lRkSyL-iQ
G4ap-C9cRH8,5,5,concat,6,https://www.youtube.com/watch?v=G4ap-C9cRH8
G7RrBFEkycM,5,5,concat,6,https://www.youtube.com/watch?v=G7RrBFEkycM
G7evTkrHlsw,5,5,concat,6,https://www.youtube.com/watch?v=G7evTkrHlsw
G8L_r1p292U,5,5,concat,6,https://www.youtube.com/watch?v=G8L_r1p292U
G8kgwlMw2S8,5,5,concat,6,https://www.youtube.com/watch?v=G8kgwlMw2S8
GA-1JObV_a8,5,5,concat,6,https://www.youtube.com/watch?v=GA-1JObV_a8
GBWlOAtLFCE,5,5,concat,6,https://www.youtube.com/watch?v=GBWlOAtLFCE
GCTM622NCxI,5,5,concat,6,https://www.youtube.com/watch?v=GCTM622NCxI
GFkFwu7BQ8M,5,5,concat,6,https://www.youtube.com/watch?v=GFkFwu7BQ8M
GGTW0X4vvcc,5,5,concat,6,https://www.youtube.com/watch?v=GGTW0X4vvcc
GI-6bAVSX7Y,5,5,concat,6,https://www.youtube.com/watch?v=GI-6bAVSX7Y
GI5TGen4s9I,5,5,concat,6,https://www.youtube.com/watch?v=GI5TGen4s9I
GLiL8RfFGj8,5,5,concat,6,https://www.youtube.com/watch?v=GLiL8RfFGj8
GNL07RtCUzo,5,5,concat,6,https://www.youtube.com/watch?v=GNL07RtCUzo
GNkpwHTiZs4,5,5,concat,6,https://www.youtube.com/watch?v=GNkpwHTiZs4
GQJueUXNRoI,5,5,concat,6,https://www.youtube.com/watch?v=GQJueUXNRoI
GRQGEmCVaM4,5,5,concat,6,https://www.youtube.com/watch?v=GRQGEmCVaM4
GZiuWjJNs7o,5,5,concat,6,https://www.youtube.com/watch?v=GZiuWjJNs7o
GZpIM3ajPs8,5,5,concat,6,https://www.youtube.com/watch?v=GZpIM3ajPs8
GaNBeCE2QMA,5,5,concat,6,https://www.youtube.com/watch?v=GaNBeCE2QMA
GaamegHh8KE,5,5,concat,6,https://www.youtube.com/watch?v=GaamegHh8KE
GalbD8ye8vE,5,5,concat,6,https://www.youtube.com/watch?v=GalbD8ye8vE
GcMVky1f7uA,5,5,concat,6,https://www.youtube.com/watch?v=GcMVky1f7uA
GjuT7xpxYe4,5,5,concat,6,https://www.youtube.com/watch?v=GjuT7xpxYe4
GmE5EoOOGe4,5,5,concat,6,https://www.youtube.com/watch?v=GmE5EoOOGe4
GsyPiXX7_e4,5,5,concat,6,https://www.youtube.com/watch?v=GsyPiXX7_e4
H0up-fVptFQ,5,5,concat,6,https://www.youtube.com/watch?v=H0up-fVptFQ
H212aGN7Ab0,5,5,concat,6,https://www.youtube.com/watch?v=H212aGN7Ab0
H2OB4TiSRQU,5,5,concat,6,https://www.youtube.com/watch?v=H2OB4TiSRQU
H4Z36dnDlFw,5,5,concat,6,https://www.youtube.com/watch?v=H4Z36dnDlFw
H61PvGbew7s,5,5,concat,6,https://www.youtube.com/watch?v=H61PvGbew7s
H6ayHCqhvC4,5,5,concat,6,https://www.youtube.com/watch?v=H6ayHCqhvC4
HAp18WWgy3s,5,5,concat,6,https://www.youtube.com/watch?v=HAp18WWgy3s
HBun6VuVaEw,5,5,concat,6,https://www.youtube.com/watch?v=HBun6VuVaEw
HC7E8TO6zE0,5,5,concat,6,https://www.youtube.com/watch?v=HC7E8TO6zE0
HDLsJs4_Qf4,5,5,concat,6,https://www.youtube.com/watch?v=HDLsJs4_Qf4
HFCcuNefkk4,5,5,concat,6,https://www.youtube.com/watch?v=HFCcuNefkk4
HG8NcspFaCY,5,5,concat,6,https://www.youtube.com/watch?v=HG8NcspFaCY
HHCakrll09A,5,5,concat,6,https://www.youtube.com/watch?v=HHCakrll09A
HI5cwClG5nE,5,5,concat,6,https://www.youtube.com/watch?v=HI5cwClG5nE
HK8H4MS7VqQ,5,5,concat,6,https://www.youtube.com/watch?v=HK8H4MS7VqQ
HKMVMJ9Q9Z8,5,5,concat,6,https://www.youtube.com/watch?v=HKMVMJ9Q9Z8
HRY0b66VLsw,5,5,concat,6,https://www.youtube.com/watch?v=HRY0b66VLsw
HZNQJgnGzvA,5,5,concat,6,https://www.youtube.com/watch?v=HZNQJgnGzvA
H_m2zQY7RUs,5,5,concat,6,https://www.youtube.com/watch?v=H_m2zQY7RUs
HcFQrFAfagI,5,5,concat,6,https://www.youtube.com/watch?v=HcFQrFAfagI
Hcxb8oo_PL8,5,5,concat,6,https://www.youtube.com/watch?v=Hcxb8oo_PL8
He-P9mCkxRc,5,5,concat,6,https://www.youtube.com/watch?v=He-P9mCkxRc
HeM4S_ZWnHM,5,5,concat,6,https://www.youtube.com/watch?v=HeM4S_ZWnHM
HeqvvEjXex4,5,5,concat,6,https://www.youtube.com/watch?v=HeqvvEjXex4
Hf_t-6lXx14,5,5,concat,6,https://www.youtube.com/watch?v=Hf_t-6lXx14
Hg09P_xTPt0,5,5,concat,6,https://www.youtube.com/watch?v=Hg09P_xTPt0
HhF7x6dsc-E,5,5,concat,6,https://www.youtube.com/watch?v=HhF7x6dsc-E
HhRr9lPTxHE,5,5,concat,6,https://www.youtube.com/watch?v=HhRr9lPTxHE
HkAU19Gb0yc,5,5,concat,6,https://www.youtube.com/watch?v=HkAU19Gb0yc
Hp98ujqIBHA,5,5,concat,6,https://www.youtube.com/watch?v=Hp98ujqIBHA
HqQUgwQVZcQ,5,5,concat,6,https://www.youtube.com/watch?v=HqQUgwQVZcQ
HrQJ2qpKF9U,5,5,concat,6,https://www.youtube.com/watch?v=HrQJ2qpKF9U
HtQO9CW53l8,5,5,concat,6,https://www.youtube.com/watch?v=HtQO9CW53l8
HvYmHmdaa8c,5,5,concat,6,https://www.youtube.com/watch?v=HvYmHmdaa8c
HwSxkl3JSSA,5,5,concat,6,https://www.youtube.com/watch?v=HwSxkl3JSSA
Hxu3AeNlP0U,5,5,concat,6,https://www.youtube.com/watch?v=Hxu3AeNlP0U
I-zmrbPT-9Q,5,5,concat,6,https://www.youtube.com/watch?v=I-zmrbPT-9Q
I2lRMBp9BVg,5,5,concat,6,https://www.youtube.com/watch?v=I2lRMBp9BVg
I3zcvq2rs6Y,5,5,concat,6,https://www.youtube.com/watch?v=I3zcvq2rs6Y
I5FdJXi_Dss,5,5,concat,6,https://www.youtube.com/watch?v=I5FdJXi_Dss
I5Y_mYS2HI4,5,5,concat,6,https://www.youtube.com/watch?v=I5Y_mYS2HI4
I5ouT1ssCnc,5,5,concat,6,https://www.youtube.com/watch?v=I5ouT1ssCnc
IDEmvXUQEf4,5,5,concat,6,https://www.youtube.com/watch?v=IDEmvXUQEf4
IDtSKNHVdEc,5,5,concat,6,https://www.youtube.com/watch?v=IDtSKNHVdEc
IHb7JcC4U-Q,5,5,concat,6,https://www.youtube.com/watch?v=IHb7JcC4U-Q
IN0X6n8zQOs,5,5,concat,6,https://www.youtube.com/watch?v=IN0X6n8zQOs
IONtiLWigYQ,5,5,concat,6,https://www.youtube.com/watch?v=IONtiLWigYQ
IOglacEuW18,5,5,concat,6,https://www.youtube.com/watch?v=IOglacEuW18
IPTo4NLpl20,5,5,concat,6,https://www.youtube.com/watch?v=IPTo4NLpl20
IPaLLbJh4bs,5,5,concat,6,https://www.youtube.com/watch?v=IPaLLbJh4bs
IUx5uKFxVqI,5,5,concat,6,https://www.youtube.com/watch?v=IUx5uKFxVqI
IYRZ9hjuhY8,5,5,concat,6,https://www.youtube.com/watch?v=IYRZ9hjuhY8
IbErfZkxvq8,5,5,concat,6,https://www.youtube.com/watch?v=IbErfZkxvq8
IbtXNv_KrN4,5,5,concat,6,https://www.youtube.com/watch?v=IbtXNv_KrN4
IeNCpAheakc,5,5,concat,6,https://www.youtube.com/watch?v=IeNCpAheakc
IiL-uCsn3f0,5,5,concat,6,https://www.youtube.com/watch?v=IiL-uCsn3f0
IlVcZpGBO4k,5,5,concat,6,https://www.youtube.com/watch?v=IlVcZpGBO4k
Im3_P6RsqpE,5,5,concat,6,https://www.youtube.com/watch?v=Im3_P6RsqpE
In61cA5i2Po,5,5,concat,6,https://www.youtube.com/watch?v=In61cA5i2Po
Ir2XVKeRQjM,5,5,concat,6,https://www.youtube.com/watch?v=Ir2XVKeRQjM
ItFXfXNgd5U,5,5,concat,6,https://www.youtube.com/watch?v=ItFXfXNgd5U
ItTlSDDUJVc,5,5,concat,6,https://www.youtube.com/watch?v=ItTlSDDUJVc
IuXfLmIZl88,5,5,concat,6,https://www.youtube.com/watch?v=IuXfLmIZl88
IvP6IHMdDzA,5,5,concat,6,https://www.youtube.com/watch?v=IvP6IHMdDzA
Izgjd6ktoEw,5,5,concat,6,https://www.youtube.com/watch?v=Izgjd6ktoEw
J-Sv-lXqC6I,5,5,concat,6,https://www.youtube.com/watch?v=J-Sv-lXqC6I
J02qF1kFvdU,5,5,concat,6,https://www.youtube.com/watch?v=J02qF1kFvdU
J24pRN8Rm7A,5,5,concat,6,https://www.youtube.com/watch?v=J24pRN8Rm7A
J2j39v9nkiE,5,5,concat,6,https://www.youtube.com/watch?v=J2j39v9nkiE
J4zaJj_uaHY,5,5,concat,6,https://www.youtube.com/watch?v=J4zaJj_uaHY
J7IPmQXR28k,5,5,concat,6,https://www.youtube.com/watch?v=J7IPmQXR28k
J7xLWK2apKw,5,5,concat,6,https://www.youtube.com/watch?v=J7xLWK2apKw
J8MhG22tpE0,5,5,concat,6,https://www.youtube.com/watch?v=J8MhG22tpE0
JDWliI3kNRY,5,5,concat,6,https://www.youtube.com/watch?v=JDWliI3kNRY
JGekj8Pf0e8,5,5,concat,6,https://www.youtube.com/watch?v=JGekj8Pf0e8
JIO7hAKa1TQ,5,5,concat,6,https://www.youtube.com/watch?v=JIO7hAKa1TQ
JM5KYZOs6RA,5,5,concat,6,https://www.youtube.com/watch?v=JM5KYZOs6RA
JOpHYgSYq14,5,5,concat,6,https://www.youtube.com/watch?v=JOpHYgSYq14
JPbjkppnOZg,5,5,concat,6,https://www.youtube.com/watch?v=JPbjkppnOZg
JRC3GaDMz3k,5,5,concat,6,https://www.youtube.com/watch?v=JRC3GaDMz3k
JRZ-bLrbqvY,5,5,concat,6,https://www.youtube.com/watch?v=JRZ-bLrbqvY
JSCXG49_xvs,5,5,concat,6,https://www.youtube.com/watch?v=JSCXG49_xvs
JSvZMObCMPQ,5,5,concat,6,https://www.youtube.com/watch?v=JSvZMObCMPQ
JV4qt9rqUB0,5,5,concat,6,https://www.youtube.com/watch?v=JV4qt9rqUB0
JVJAXdHrZf8,5,5,concat,6,https://www.youtube.com/watch?v=JVJAXdHrZf8
JXTR0R8lstc,5,5,concat,6,https://www.youtube.com/watch?v=JXTR0R8lstc
JXrm_HDyqQM,5,5,concat,6,https://www.youtube.com/watch?v=JXrm_HDyqQM
JYz2KgD1WVU,5,5,concat,6,https://www.youtube.com/watch?v=JYz2KgD1WVU
JZZ-SHq3IUI,5,5,concat,6,https://www.youtube.com/watch?v=JZZ-SHq3IUI
JZw0XqleSaY,5,5,concat,6,https://www.youtube.com/watch?v=JZw0XqleSaY
JfJwzz-A6Rs,5,5,concat,6,https://www.youtube.com/watch?v=JfJwzz-A6Rs
JhAHJTqHEUo,5,5,concat,6,https://www.youtube.com/watch?v=JhAHJTqHEUo
JhXjUtTohUQ,5,5,concat,6,https://www.youtube.com/watch?v=JhXjUtTohUQ
JiZs9YZkSQE,5,5,concat,6,https://www.youtube.com/watch?v=JiZs9YZkSQE
Jj70SbfLDxw,5,5,concat,6,https://www.youtube.com/watch?v=Jj70SbfLDxw
JnxHlENwzZE,5,5,concat,6,https://www.youtube.com/watch?v=JnxHlENwzZE
JpBKYORrUCI,5,5,concat,6,https://www.youtube.com/watch?v=JpBKYORrUCI
Jts0ohZnvCc,5,5,concat,6,https://www.youtube.com/watch?v=Jts0ohZnvCc
Ju9wedP8ezY,5,5,concat,6,https://www.youtube.com/watch?v=Ju9wedP8ezY
JuKBjjXSVok,5,5,concat,6,https://www.youtube.com/watch?v=JuKBjjXSVok
JvMkP59C1Xo,5,5,concat,6,https://www.youtube.com/watch?v=JvMkP59C1Xo
Jxil11-gp0Y,5,5,concat,6,https://www.youtube.com/watch?v=Jxil11-gp0Y
K0eRfa9z1aw,5,5,concat,6,https://www.youtube.com/watch?v=K0eRfa9z1aw
K3POJbLYIfA,5,5,concat,6,https://www.youtube.com/watch?v=K3POJbLYIfA
KAWv2EBShz4,5,5,concat,6,https://www.youtube.com/watch?v=KAWv2EBShz4
KC9oXcg--QQ,5,5,concat,6,https://www.youtube.com/watch?v=KC9oXcg--QQ
KCKED87cgNs,5,5,concat,6,https://www.youtube.com/watch?v=KCKED87cgNs
KCUHBXQP4Zk,5,5,concat,6,https://www.youtube.com/watch?v=KCUHBXQP4Zk
KChEWxZmTUo,5,5,concat,6,https://www.youtube.com/watch?v=KChEWxZmTUo
KDv5M5EihXk,5,5,concat,6,https://www.youtube.com/watch?v=KDv5M5EihXk
KFnpID0c8lA,5,5,concat,6,https://www.youtube.com/watch?v=KFnpID0c8lA
KIVjIjFOu4M,5,5,concat,6,https://www.youtube.com/watch?v=KIVjIjFOu4M
KIeuSZFOeoE,5,5,concat,6,https://www.youtube.com/watch?v=KIeuSZFOeoE
KPg2QKoUo8I,5,5,concat,6,https://www.youtube.com/watch?v=KPg2QKoUo8I
KS2SZ10rhBs,5,5,concat,6,https://www.youtube.com/watch?v=KS2SZ10rhBs
KWMDzUV6s8k,5,5,concat,6,https://www.youtube.com/watch?v=KWMDzUV6s8k
KWSS6tfwO74,5,5,concat,6,https://www.youtube.com/watch?v=KWSS6tfwO74
KaeW6wIESCM,5,5,concat,6,https://www.youtube.com/watch?v=KaeW6wIESCM
KagMskb0yVA,5,5,concat,6,https://www.youtube.com/watch?v=KagMskb0yVA
KcVS7R_p8tQ,5,5,concat,6,https://www.youtube.com/watch?v=KcVS7R_p8tQ
KeTrjXfOP0U,5,5,concat,6,https://www.youtube.com/watch?v=KeTrjXfOP0U
KhdTlLH2WX8,5,5,concat,6,https://www.youtube.com/watch?v=KhdTlLH2WX8
Klbh67s_svw,5,5,concat,6,https://www.youtube.com/watch?v=Klbh67s_svw
KlkMGW1KzJ8,5,5,concat,6,https://www.youtube.com/watch?v=KlkMGW1KzJ8
KnYCFv0oowY,5,5,concat,6,https://www.youtube.com/watch?v=KnYCFv0oowY
Kp90psEN26A,5,5,concat,6,https://www.youtube.com/watch?v=Kp90psEN26A
KplU3cQJ4Jk,5,5,concat,6,https://www.youtube.com/watch?v=KplU3cQJ4Jk
KqjJFszhJYo,5,5,concat,6,https://www.youtube.com/watch?v=KqjJFszhJYo
Kr_GdSnml4k,5,5,concat,6,https://www.youtube.com/watch?v=Kr_GdSnml4k
Kuf_h6FqB90,5,5,concat,6,https://www.youtube.com/watch?v=Kuf_h6FqB90
KvDMqcNSy-U,5,5,concat,6,https://www.youtube.com/watch?v=KvDMqcNSy-U
KygyDhmwR4Q,5,5,concat,6,https://www.youtube.com/watch?v=KygyDhmwR4Q
KyuyDD0KK1A,5,5,concat,6,https://www.youtube.com/watch?v=KyuyDD0KK1A
L2hhlZdVrN8,5,5,concat,6,https://www.youtube.com/watch?v=L2hhlZdVrN8
L5lyTI0f0zw,5,5,concat,6,https://www.youtube.com/watch?v=L5lyTI0f0zw
L8P4wtZbO5Y,5,5,concat,6,https://www.youtube.com/watch?v=L8P4wtZbO5Y
L9LurGodYMM,5,5,concat,6,https://www.youtube.com/watch?v=L9LurGodYMM
L9f_w34co_Y,5,5,concat,6,https://www.youtube.com/watch?v=L9f_w34co_Y
LAP9t6Ymn1w,5,5,concat,6,https://www.youtube.com/watch?v=LAP9t6Ymn1w
LBhB85E8wxY,5,5,concat,6,https://www.youtube.com/watch?v=LBhB85E8wxY
LBhbQsgZ0lY,5,5,concat,6,https://www.youtube.com/watch?v=LBhbQsgZ0lY
LDLRj5vyD-g,5,5,concat,6,https://www.youtube.com/watch?v=LDLRj5vyD-g
LDiPxZY3Jzw,5,5,concat,6,https://www.youtube.com/watch?v=LDiPxZY3Jzw
LFMmb1erdWc,5,5,concat,6,https://www.youtube.com/watch?v=LFMmb1erdWc
LI8loNkhR9s,5,5,concat,6,https://www.youtube.com/watch?v=LI8loNkhR9s
LQfZhw4bhqA,5,5,concat,6,https://www.youtube.com/watch?v=LQfZhw4bhqA
LRrJCnuiq7A,5,5,concat,6,https://www.youtube.com/watch?v=LRrJCnuiq7A
LYZooD4UtE0,5,5,concat,6,https://www.youtube.com/watch?v=LYZooD4UtE0
LfAp5L3KGk4,5,5,concat,6,https://www.youtube.com/watch?v=LfAp5L3KGk4
Lhh9tLVqILk,5,5,concat,6,https://www.youtube.com/watch?v=Lhh9tLVqILk
LiS7sbLnNWI,5,5,concat,6,https://www.youtube.com/watch?v=LiS7sbLnNWI
LlEGkShR0I4,5,5,concat,6,https://www.youtube.com/watch?v=LlEGkShR0I4
Lp-ylKu-ysY,5,5,concat,6,https://www.youtube.com/watch?v=Lp-ylKu-ysY
LqK5bHE6y5I,5,5,concat,6,https://www.youtube.com/watch?v=LqK5bHE6y5I
LrxEmztC-6g,5,5,concat,6,https://www.youtube.com/watch?v=LrxEmztC-6g
LsdilZtT4pY,5,5,concat,6,https://www.youtube.com/watch?v=LsdilZtT4pY
LzJ0MgPwoCE,5,5,concat,6,https://www.youtube.com/watch?v=LzJ0MgPwoCE
M0sBQk8ssoM,5,5,concat,6,https://www.youtube.com/watch?v=M0sBQk8ssoM
M31ldtUDndc,5,5,concat,6,https://www.youtube.com/watch?v=M31ldtUDndc
M4QJ1gVnvAI,5,5,concat,6,https://www.youtube.com/watch?v=M4QJ1gVnvAI
M8PTuEunXns,5,5,concat,6,https://www.youtube.com/watch?v=M8PTuEunXns
M9X8BxgheP4,5,5,concat,6,https://www.youtube.com/watch?v=M9X8BxgheP4
MBJ9cXFuQ4A,5,5,concat,6,https://www.youtube.com/watch?v=MBJ9cXFuQ4A
MLUPXFUY608,5,5,concat,6,https://www.youtube.com/watch?v=MLUPXFUY608
MLgUEnIHELY,5,5,concat,6,https://www.youtube.com/watch?v=MLgUEnIHELY
MMYzCvp6b6M,5,5,concat,6,https://www.youtube.com/watch?v=MMYzCvp6b6M
MOnvjT8xQVg,5,5,concat,6,https://www.youtube.com/watch?v=MOnvjT8xQVg
MSpRt2RjPdA,5,5,concat,6,https://www.youtube.com/watch?v=MSpRt2RjPdA
MUy1RMsog5Q,5,5,concat,6,https://www.youtube.com/watch?v=MUy1RMsog5Q
MXkf66N8Amc,5,5,concat,6,https://www.youtube.com/watch?v=MXkf66N8Amc
MYE59J-3T3M,5,5,concat,6,https://www.youtube.com/watch?v=MYE59J-3T3M
MZWnF3IEp8A,5,5,concat,6,https://www.youtube.com/watch?v=MZWnF3IEp8A
MbVLyoMf1Zw,5,5,concat,6,https://www.youtube.com/watch?v=MbVLyoMf1Zw
MbvjV72mkXg,5,5,concat,6,https://www.youtube.com/watch?v=MbvjV72mkXg
Md4vkMWi0N0,5,5,concat,6,https://www.youtube.com/watch?v=Md4vkMWi0N0
MennUi4qLVU,5,5,concat,6,https://www.youtube.com/watch?v=MennUi4qLVU
MfzfH9sl63A,5,5,concat,6,https://www.youtube.com/watch?v=MfzfH9sl63A
MhOwKxXEZvo,5,5,concat,6,https://www.youtube.com/watch?v=MhOwKxXEZvo
Mi7SC6EOPOs,5,5,concat,6,https://www.youtube.com/watch?v=Mi7SC6EOPOs
Mj4ACiKcy-k,5,5,concat,6,https://www.youtube.com/watch?v=Mj4ACiKcy-k
Ml2vgpaJZ90,5,5,concat,6,https://www.youtube.com/watch?v=Ml2vgpaJZ90
Mlqqhb5fnXY,5,5,concat,6,https://www.youtube.com/watch?v=Mlqqhb5fnXY
MoMqU3_FGZY,5,5,concat,6,https://www.youtube.com/watch?v=MoMqU3_FGZY
MpKzbtktKhU,5,5,concat,6,https://www.youtube.com/watch?v=MpKzbtktKhU
MqHqjha_77c,5,5,concat,6,https://www.youtube.com/watch?v=MqHqjha_77c
Mqv7O6igFUM,5,5,concat,6,https://www.youtube.com/watch?v=Mqv7O6igFUM
MsXTopk6prI,5,5,concat,6,https://www.youtube.com/watch?v=MsXTopk6prI
Muxfte_cnyA,5,5,concat,6,https://www.youtube.com/watch?v=Muxfte_cnyA
Mwl3knEOlwY,5,5,concat,6,https://www.youtube.com/watch?v=Mwl3knEOlwY
N0tj0KfAkHo,5,5,concat,6,https://www.youtube.com/watch?v=N0tj0KfAkHo
N1VL4B8faWY,5,5,concat,6,https://www.youtube.com/watch?v=N1VL4B8faWY
N2XA4RrknAk,5,5,concat,6,https://www.youtube.com/watch?v=N2XA4RrknAk
N5d5uqbZAzs,5,5,concat,6,https://www.youtube.com/watch?v=N5d5uqbZAzs
N9Nfb-xXMCA,5,5,concat,6,https://www.youtube.com/watch?v=N9Nfb-xXMCA
N9WQopjkQK4,5,5,concat,6,https://www.youtube.com/watch?v=N9WQopjkQK4
NGC-aK21Ljg,5,5,concat,6,https://www.youtube.com/watch?v=NGC-aK21Ljg
NJ7QoECESBo,5,5,concat,6,https://www.youtube.com/watch?v=NJ7QoECESBo
NJF8-oGakTw,5,5,concat,6,https://www.youtube.com/watch?v=NJF8-oGakTw
NKUv6WzaHtw,5,5,concat,6,https://www.youtube.com/watch?v=NKUv6WzaHtw
NKg6pZAYtYo,5,5,concat,6,https://www.youtube.com/watch?v=NKg6pZAYtYo
NXImHf41VOo,5,5,concat,6,https://www.youtube.com/watch?v=NXImHf41VOo
NcfvJE1Mqmg,5,5,concat,6,https://www.youtube.com/watch?v=NcfvJE1Mqmg
NdTiTOHhCck,5,5,concat,6,https://www.youtube.com/watch?v=NdTiTOHhCck
Ng1tsKTzIk4,5,5,concat,6,https://www.youtube.com/watch?v=Ng1tsKTzIk4
NoQ36wiQH_o,5,5,concat,6,https://www.youtube.com/watch?v=NoQ36wiQH_o
Nr27aZUlHiM,5,5,concat,6,https://www.youtube.com/watch?v=Nr27aZUlHiM
NtGzkyFUcEg,5,5,concat,6,https://www.youtube.com/watch?v=NtGzkyFUcEg
Nv3kulb7S_A,5,5,concat,6,https://www.youtube.com/watch?v=Nv3kulb7S_A
NwiyxUJtTNk,5,5,concat,6,https://www.youtube.com/watch?v=NwiyxUJtTNk
NxD9H27qPu4,5,5,concat,6,https://www.youtube.com/watch?v=NxD9H27qPu4
NxYEhucbquE,5,5,concat,6,https://www.youtube.com/watch?v=NxYEhucbquE
O-gsYIz-kXQ,5,5,concat,6,https://www.youtube.com/watch?v=O-gsYIz-kXQ
O21qUBddpe4,5,5,concat,6,https://www.youtube.com/watch?v=O21qUBddpe4
O5OITUqWJJE,5,5,concat,6,https://www.youtube.com/watch?v=O5OITUqWJJE
O6n2wWjryfY,5,5,concat,6,https://www.youtube.com/watch?v=O6n2wWjryfY
O83dTfC9Xzc,5,5,concat,6,https://www.youtube.com/watch?v=O83dTfC9Xzc
ODJZrqHycqI,5,5,concat,6,https://www.youtube.com/watch?v=ODJZrqHycqI
OE5_gFWrVBQ,5,5,concat,6,https://www.youtube.com/watch?v=OE5_gFWrVBQ
OF1EOVVFrfE,5,5,concat,6,https://www.youtube.com/watch?v=OF1EOVVFrfE
OGbJ0DVg-Q0,5,5,concat,6,https://www.youtube.com/watch?v=OGbJ0DVg-Q0
OGlfu3Nqftw,5,5,concat,6,https://www.youtube.com/watch?v=OGlfu3Nqftw
OK5eXDktPQA,5,5,concat,6,https://www.youtube.com/watch?v=OK5eXDktPQA
OKAZCQ0-OUA,5,5,concat,6,https://www.youtube.com/watch?v=OKAZCQ0-OUA
OMe1S3djGjM,5,5,concat,6,https://www.youtube.com/watch?v=OMe1S3djGjM
OPqnc03F0go,5,5,concat,6,https://www.youtube.com/watch?v=OPqnc03F0go
OQZx7KBc0fI,5,5,concat,6,https://www.youtube.com/watch?v=OQZx7KBc0fI
OW2qvhsqieo,5,5,concat,6,https://www.youtube.com/watch?v=OW2qvhsqieo
OXEYs59qHvQ,5,5,concat,6,https://www.youtube.com/watch?v=OXEYs59qHvQ
OZcDA6fw8Fo,5,5,concat,6,https://www.youtube.com/watch?v=OZcDA6fw8Fo
OZzbkDhtRvU,5,5,concat,6,https://www.youtube.com/watch?v=OZzbkDhtRvU
O_rZCKOk1a4,5,5,concat,6,https://www.youtube.com/watch?v=O_rZCKOk1a4
ObB8SpUe-7E,5,5,concat,6,https://www.youtube.com/watch?v=ObB8SpUe-7E
Oi6VcSgrgeE,5,5,concat,6,https://www.youtube.com/watch?v=Oi6VcSgrgeE
OiRlBxdBzoQ,5,5,concat,6,https://www.youtube.com/watch?v=OiRlBxdBzoQ
Ok23cSryFp0,5,5,concat,6,https://www.youtube.com/watch?v=Ok23cSryFp0
OqcXw223L6k,5,5,concat,6,https://www.youtube.com/watch?v=OqcXw223L6k
OrRCHN5TCgc,5,5,concat,6,https://www.youtube.com/watch?v=OrRCHN5TCgc
OsXON7_Sv9I,5,5,concat,6,https://www.youtube.com/watch?v=OsXON7_Sv9I
OvA4ZgUx7aU,5,5,concat,6,https://www.youtube.com/watch?v=OvA4ZgUx7aU
Ovdk5Swlc1A,5,5,concat,6,https://www.youtube.com/watch?v=Ovdk5Swlc1A
OzD_1VUWaS4,5,5,concat,6,https://www.youtube.com/watch?v=OzD_1VUWaS4
P25AnHL3tTo,5,5,concat,6,https://www.youtube.com/watch?v=P25AnHL3tTo
P26ue-fWkoI,5,5,concat,6,https://www.youtube.com/watch?v=P26ue-fWkoI
P71YAi87n4g,5,5,concat,6,https://www.youtube.com/watch?v=P71YAi87n4g
P7ZpA_zH7_c,5,5,concat,6,https://www.youtube.com/watch?v=P7ZpA_zH7_c
PAwwMRNKxiI,5,5,concat,6,https://www.youtube.com/watch?v=PAwwMRNKxiI
PGIluEAecb4,5,5,concat,6,https://www.youtube.com/watch?v=PGIluEAecb4
PHFcFgr_0Ec,5,5,concat,6,https://www.youtube.com/watch?v=PHFcFgr_0Ec
PHPkfKqqjsE,5,5,concat,6,https://www.youtube.com/watch?v=PHPkfKqqjsE
PHqTRDo5KdA,5,5,concat,6,https://www.youtube.com/watch?v=PHqTRDo5KdA
PJghWgNzivw,5,5,concat,6,https://www.youtube.com/watch?v=PJghWgNzivw
PMenWSr_SVI,5,5,concat,6,https://www.youtube.com/watch?v=PMenWSr_SVI
PN3C0-2SCi4,5,5,concat,6,https://www.youtube.com/watch?v=PN3C0-2SCi4
POLfv0EEyvc,5,5,concat,6,https://www.youtube.com/watch?v=POLfv0EEyvc
PPRDexivZcs,5,5,concat,6,https://www.youtube.com/watch?v=PPRDexivZcs
PQNZ9nV9DXY,5,5,concat,6,https://www.youtube.com/watch?v=PQNZ9nV9DXY
PQiWSp4KyxM,5,5,concat,6,https://www.youtube.com/watch?v=PQiWSp4KyxM
PTiWOw4ACw4,5,5,concat,6,https://www.youtube.com/watch?v=PTiWOw4ACw4
PVOjPOaBu3o,5,5,concat,6,https://www.youtube.com/watch?v=PVOjPOaBu3o
PVQMWbMxLWk,5,5,concat,6,https://www.youtube.com/watch?v=PVQMWbMxLWk
Pc0700f9hS4,5,5,concat,6,https://www.youtube.com/watch?v=Pc0700f9hS4
PcZX-gZMZwo,5,5,concat,6,https://www.youtube.com/watch?v=PcZX-gZMZwo
PcaSxitlJok,5,5,concat,6,https://www.youtube.com/watch?v=PcaSxitlJok
PcsB7Ho8fFI,5,5,concat,6,https://www.youtube.com/watch?v=PcsB7Ho8fFI
PdKaEf34-cg,5,5,concat,6,https://www.youtube.com/watch?v=PdKaEf34-cg
PflG8MsKXRg,5,5,concat,6,https://www.youtube.com/watch?v=PflG8MsKXRg
PhPG4mf-xro,5,5,concat,6,https://www.youtube.com/watch?v=PhPG4mf-xro
PmnlLVS_8Eg,5,5,concat,6,https://www.youtube.com/watch?v=PmnlLVS_8Eg
PnC1K-qY7v4,5,5,concat,6,https://www.youtube.com/watch?v=PnC1K-qY7v4
Pu4JJFAXKsY,5,5,concat,6,https://www.youtube.com/watch?v=Pu4JJFAXKsY
PuV9xMdoOms,5,5,concat,6,https://www.youtube.com/watch?v=PuV9xMdoOms
PvKx9qyxIMw,5,5,concat,6,https://www.youtube.com/watch?v=PvKx9qyxIMw
PwApbNOxwg4,5,5,concat,6,https://www.youtube.com/watch?v=PwApbNOxwg4
PwW6wSu9MIY,5,5,concat,6,https://www.youtube.com/watch?v=PwW6wSu9MIY
PxOMUvJpgV8,5,5,concat,6,https://www.youtube.com/watch?v=PxOMUvJpgV8
PyPySF08Hko,5,5,concat,6,https://www.youtube.com/watch?v=PyPySF08Hko
Q5X1onY9aRQ,5,5,concat,6,https://www.youtube.com/watch?v=Q5X1onY9aRQ
Q9j-Kx5X_ok,5,5,concat,6,https://www.youtube.com/watch?v=Q9j-Kx5X_ok
QAc2jIk9PTY,5,5,concat,6,https://www.youtube.com/watch?v=QAc2jIk9PTY
QCAHWhqI_2A,5,5,concat,6,https://www.youtube.com/watch?v=QCAHWhqI_2A
QFnlOvlKZZQ,5,5,concat,6,https://www.youtube.com/watch?v=QFnlOvlKZZQ
QJiAW-MJPHw,5,5,concat,6,https://www.youtube.com/watch?v=QJiAW-MJPHw
QJj8LigrENw,5,5,concat,6,https://www.youtube.com/watch?v=QJj8LigrENw
QLy399DX46U,5,5,concat,6,https://www.youtube.com/watch?v=QLy399DX46U
QPUGqRQVVlQ,5,5,concat,6,https://www.youtube.com/watch?v=QPUGqRQVVlQ
QPefymVH_BU,5,5,concat,6,https://www.youtube.com/watch?v=QPefymVH_BU
QPoNQDa30iU,5,5,concat,6,https://www.youtube.com/watch?v=QPoNQDa30iU
QPz6TPibfsI,5,5,concat,6,https://www.youtube.com/watch?v=QPz6TPibfsI
QRYRE92Trng,5,5,concat,6,https://www.youtube.com/watch?v=QRYRE92Trng
QSTL0kcNWsY,5,5,concat,6,https://www.youtube.com/watch?v=QSTL0kcNWsY
QVhYqgKPrO4,5,5,concat,6,https://www.youtube.com/watch?v=QVhYqgKPrO4
QWAkzbwRwbg,5,5,concat,6,https://www.youtube.com/watch?v=QWAkzbwRwbg
Qa0Uu4nnMuA,5,5,concat,6,https://www.youtube.com/watch?v=Qa0Uu4nnMuA
QcOdVGMV7YI,5,5,concat,6,https://www.youtube.com/watch?v=QcOdVGMV7YI
QeIFiwPr1Y4,5,5,concat,6,https://www.youtube.com/watch?v=QeIFiwPr1Y4
QfpKKN5mvfw,5,5,concat,6,https://www.youtube.com/watch?v=QfpKKN5mvfw
QhV7DfBMlNI,5,5,concat,6,https://www.youtube.com/watch?v=QhV7DfBMlNI
Qi4J6ikZBuY,5,5,concat,6,https://www.youtube.com/watch?v=Qi4J6ikZBuY
QlSUo1s5YKg,5,5,concat,6,https://www.youtube.com/watch?v=QlSUo1s5YKg
QmH6lOXGJXs,5,5,concat,6,https://www.youtube.com/watch?v=QmH6lOXGJXs
Qrp_3E_OM20,5,5,concat,6,https://www.youtube.com/watch?v=Qrp_3E_OM20
QsaMIMTo2H0,5,5,concat,6,https://www.youtube.com/watch?v=QsaMIMTo2H0
QwFGEvAbvUM,5,5,concat,6,https://www.youtube.com/watch?v=QwFGEvAbvUM
QwiNCkbJ3_U,5,5,concat,6,https://www.youtube.com/watch?v=QwiNCkbJ3_U
Qzs4Mv13Jb8,5,5,concat,6,https://www.youtube.com/watch?v=Qzs4Mv13Jb8
R0nTR6Q908k,5,5,concat,6,https://www.youtube.com/watch?v=R0nTR6Q908k
R3Q16iXQSJ0,5,5,concat,6,https://www.youtube.com/watch?v=R3Q16iXQSJ0
R495_Cr8Wfk,5,5,concat,6,https://www.youtube.com/watch?v=R495_Cr8Wfk
R4gf7blgKww,5,5,concat,6,https://www.youtube.com/watch?v=R4gf7blgKww
RB9zFM25eT0,5,5,concat,6,https://www.youtube.com/watch?v=RB9zFM25eT0
RE2Taao_1u0,5,5,concat,6,https://www.youtube.com/watch?v=RE2Taao_1u0
RGrsTmv1xKQ,5,5,concat,6,https://www.youtube.com/watch?v=RGrsTmv1xKQ
RHOWdUdA-HQ,5,5,concat,6,https://www.youtube.com/watch?v=RHOWdUdA-HQ
RHiBzqumzS0,5,5,concat,6,https://www.youtube.com/watch?v=RHiBzqumzS0
RMDV-TZm4lw,5,5,concat,6,https://www.youtube.com/watch?v=RMDV-TZm4lw
RSAxAfw7CxA,5,5,concat,6,https://www.youtube.com/watch?v=RSAxAfw7CxA
RWAO0511jKw,5,5,concat,6,https://www.youtube.com/watch?v=RWAO0511jKw
R_QHTKiyNY8,5,5,concat,6,https://www.youtube.com/watch?v=R_QHTKiyNY8
RcOkqhLIUDY,5,5,concat,6,https://www.youtube.com/watch?v=RcOkqhLIUDY
RdE1Fm4H0Eo,5,5,concat,6,https://www.youtube.com/watch?v=RdE1Fm4H0Eo
Ri3MfbmTzw8,5,5,concat,6,https://www.youtube.com/watch?v=Ri3MfbmTzw8
RiwNqaZa4eE,5,5,concat,6,https://www.youtube.com/watch?v=RiwNqaZa4eE
RkAYwtwYOcw,5,5,concat,6,https://www.youtube.com/watch?v=RkAYwtwYOcw
RmoRfbj_ZdM,5,5,concat,6,https://www.youtube.com/watch?v=RmoRfbj_ZdM
Rq8bVW5kl34,5,5,concat,6,https://www.youtube.com/watch?v=Rq8bVW5kl34
RtSZLGaRSBc,5,5,concat,6,https://www.youtube.com/watch?v=RtSZLGaRSBc
Rtm-z2mEJr0,5,5,concat,6,https://www.youtube.com/watch?v=Rtm-z2mEJr0
RuORq1jBXwg,5,5,concat,6,https://www.youtube.com/watch?v=RuORq1jBXwg
RvORh8gY6mk,5,5,concat,6,https://www.youtube.com/watch?v=RvORh8gY6mk
RvpY1be2hkA,5,5,concat,6,https://www.youtube.com/watch?v=RvpY1be2hkA
Rx7x-44Kmlg,5,5,concat,6,https://www.youtube.com/watch?v=Rx7x-44Kmlg
S-TjonAoZhU,5,5,concat,6,https://www.youtube.com/watch?v=S-TjonAoZhU
S1CfMjwm6Ds,5,5,concat,6,https://www.youtube.com/watch?v=S1CfMjwm6Ds
S1LG_r_o7lo,5,5,concat,6,https://www.youtube.com/watch?v=S1LG_r_o7lo
S7FYUzdkuEo,5,5,concat,6,https://www.youtube.com/watch?v=S7FYUzdkuEo
SA2PL1ZAd1A,5,5,concat,6,https://www.youtube.com/watch?v=SA2PL1ZAd1A
SAnMDDR2hIc,5,5,concat,6,https://www.youtube.com/watch?v=SAnMDDR2hIc
SBTnYD6d-gU,5,5,concat,6,https://www.youtube.com/watch?v=SBTnYD6d-gU
SF6A5QWlZwA,5,5,concat,6,https://www.youtube.com/watch?v=SF6A5QWlZwA
SK24FaKbNUQ,5,5,concat,6,https://www.youtube.com/watch?v=SK24FaKbNUQ
SMZqQGW90ts,5,5,concat,6,https://www.youtube.com/watch?v=SMZqQGW90ts
SOd0D0B5Kcw,5,5,concat,6,https://www.youtube.com/watch?v=SOd0D0B5Kcw
SQ9WmXEQkVE,5,5,concat,6,https://www.youtube.com/watch?v=SQ9WmXEQkVE
SQ_F_cCsOX0,5,5,concat,6,https://www.youtube.com/watch?v=SQ_F_cCsOX0
SRyWmJM6gKI,5,5,concat,6,https://www.youtube.com/watch?v=SRyWmJM6gKI
SSA29HDMp5Q,5,5,concat,6,https://www.youtube.com/watch?v=SSA29HDMp5Q
SVCcxQQA-9A,5,5,concat,6,https://www.youtube.com/watch?v=SVCcxQQA-9A
S_8BWoSor48,5,5,concat,6,https://www.youtube.com/watch?v=S_8BWoSor48
SbbnRo8N6h4,5,5,concat,6,https://www.youtube.com/watch?v=SbbnRo8N6h4
SeJd_5PbyDE,5,5,concat,6,https://www.youtube.com/watch?v=SeJd_5PbyDE
SefkDTG03NA,5,5,concat,6,https://www.youtube.com/watch?v=SefkDTG03NA
SlqJVm6G64E,5,5,concat,6,https://www.youtube.com/watch?v=SlqJVm6G64E
SnNy-YsB_sY,5,5,concat,6,https://www.youtube.com/watch?v=SnNy-YsB_sY
SnfwvhR9-mc,5,5,concat,6,https://www.youtube.com/watch?v=SnfwvhR9-mc
SoRJaX4POck,5,5,concat,6,https://www.youtube.com/watch?v=SoRJaX4POck
SpI-75YzO4g,5,5,concat,6,https://www.youtube.com/watch?v=SpI-75YzO4g
SvVpdtynuO8,5,5,concat,6,https://www.youtube.com/watch?v=SvVpdtynuO8
SzCVfoAfU18,5,5,concat,6,https://www.youtube.com/watch?v=SzCVfoAfU18
SzybD0sbwnY,5,5,concat,6,https://www.youtube.com/watch?v=SzybD0sbwnY
T0ACQJUIeHs,5,5,concat,6,https://www.youtube.com/watch?v=T0ACQJUIeHs
T2DO9Cvuj58,5,5,concat,6,https://www.youtube.com/watch?v=T2DO9Cvuj58
T2t4g9NxDgY,5,5,concat,6,https://www.youtube.com/watch?v=T2t4g9NxDgY
T8IBZ_0Vl08,5,5,concat,6,https://www.youtube.com/watch?v=T8IBZ_0Vl08
T9ZVztbJYBk,5,5,concat,6,https://www.youtube.com/watch?v=T9ZVztbJYBk
T9_TxnRU7HU,5,5,concat,6,https://www.youtube.com/watch?v=T9_TxnRU7HU
TCy9blMSRek,5,5,concat,6,https://www.youtube.com/watch?v=TCy9blMSRek
TEUqJbcAcps,5,5,concat,6,https://www.youtube.com/watch?v=TEUqJbcAcps
TGG7hayCgnY,5,5,concat,6,https://www.youtube.com/watch?v=TGG7hayCgnY
TGb3UAMNIto,5,5,concat,6,https://www.youtube.com/watch?v=TGb3UAMNIto
TJC1arfSw40,5,5,concat,6,https://www.youtube.com/watch?v=TJC1arfSw40
TJMId61Dmzo,5,5,concat,6,https://www.youtube.com/watch?v=TJMId61Dmzo
TKGV2vqRIE0,5,5,concat,6,https://www.youtube.com/watch?v=TKGV2vqRIE0
TLdwiQ5VZ4g,5,5,concat,6,https://www.youtube.com/watch?v=TLdwiQ5VZ4g
TMiP8pKVXw8,5,5,concat,6,https://www.youtube.com/watch?v=TMiP8pKVXw8
TMwJPJbL3BU,5,5,concat,6,https://www.youtube.com/watch?v=TMwJPJbL3BU
TQ3sdxEsBEA,5,5,concat,6,https://www.youtube.com/watch?v=TQ3sdxEsBEA
TQUfnnh7Lk0,5,5,concat,6,https://www.youtube.com/watch?v=TQUfnnh7Lk0
TR2SYxrGK6k,5,5,concat,6,https://www.youtube.com/watch?v=TR2SYxrGK6k
TV4SUe7H2Mw,5,5,concat,6,https://www.youtube.com/watch?v=TV4SUe7H2Mw
TW986GosV2k,5,5,concat,6,https://www.youtube.com/watch?v=TW986GosV2k
TXQBoZRjsMY,5,5,concat,6,https://www.youtube.com/watch?v=TXQBoZRjsMY
TYwQolZlX_k,5,5,concat,6,https://www.youtube.com/watch?v=TYwQolZlX_k
TZ2u0hJ-eHg,5,5,concat,6,https://www.youtube.com/watch?v=TZ2u0hJ-eHg
T_AyvXXE_oU,5,5,concat,6,https://www.youtube.com/watch?v=T_AyvXXE_oU
TdRC7piJswA,5,5,concat,6,https://www.youtube.com/watch?v=TdRC7piJswA
Tdbt39TEW30,5,5,concat,6,https://www.youtube.com/watch?v=Tdbt39TEW30
TfP0PSIJbaA,5,5,concat,6,https://www.youtube.com/watch?v=TfP0PSIJbaA
TinaDYAYAb4,5,5,concat,6,https://www.youtube.com/watch?v=TinaDYAYAb4
Tktyk7vO9io,5,5,concat,6,https://www.youtube.com/watch?v=Tktyk7vO9io
ToYtZkL1CZE,5,5,concat,6,https://www.youtube.com/watch?v=ToYtZkL1CZE
TqEzXL8lcek,5,5,concat,6,https://www.youtube.com/watch?v=TqEzXL8lcek
TyOhnMeP1Pw,5,5,concat,6,https://www.youtube.com/watch?v=TyOhnMeP1Pw
U-PeqAOyWik,5,5,concat,6,https://www.youtube.com/watch?v=U-PeqAOyWik
U16Oc5ttXOY,5,5,concat,6,https://www.youtube.com/watch?v=U16Oc5ttXOY
U1BWydwWfPU,5,5,concat,6,https://www.youtube.com/watch?v=U1BWydwWfPU
U1QjLMg9_6o,5,5,concat,6,https://www.youtube.com/watch?v=U1QjLMg9_6o
U3RYWSmHtsU,5,5,concat,6,https://www.youtube.com/watch?v=U3RYWSmHtsU
U53xy0VEJWg,5,5,concat,6,https://www.youtube.com/watch?v=U53xy0VEJWg
U5DDTQZZU8c,5,5,concat,6,https://www.youtube.com/watch?v=U5DDTQZZU8c
U8rx9gbxpM0,5,5,concat,6,https://www.youtube.com/watch?v=U8rx9gbxpM0
U9krcR8lJYU,5,5,concat,6,https://www.youtube.com/watch?v=U9krcR8lJYU
U9rzD-T3qBg,5,5,concat,6,https://www.youtube.com/watch?v=U9rzD-T3qBg
UAFsjtipzOs,5,5,concat,6,https://www.youtube.com/watch?v=UAFsjtipzOs
UBcLqkNSc5A,5,5,concat,6,https://www.youtube.com/watch?v=UBcLqkNSc5A
UCZ6z5n194M,5,5,concat,6,https://www.youtube.com/watch?v=UCZ6z5n194M
UE9eu0pqHUI,5,5,concat,6,https://www.youtube.com/watch?v=UE9eu0pqHUI
ULIQGwL3BgE,5,5,concat,6,https://www.youtube.com/watch?v=ULIQGwL3BgE
ULKycKzxhUY,5,5,concat,6,https://www.youtube.com/watch?v=ULKycKzxhUY
ULP-L_paaJY,5,5,concat,6,https://www.youtube.com/watch?v=ULP-L_paaJY
UPWF_kSJUws,5,5,concat,6,https://www.youtube.com/watch?v=UPWF_kSJUws
UQKBizdBGo0,5,5,concat,6,https://www.youtube.com/watch?v=UQKBizdBGo0
URcuSFHqDSE,5,5,concat,6,https://www.youtube.com/watch?v=URcuSFHqDSE
URkMw5Mc4dI,5,5,concat,6,https://www.youtube.com/watch?v=URkMw5Mc4dI
USuK6F9E3oY,5,5,concat,6,https://www.youtube.com/watch?v=USuK6F9E3oY
UWPmO43tPwA,5,5,concat,6,https://www.youtube.com/watch?v=UWPmO43tPwA
UXvNE09hNhw,5,5,concat,6,https://www.youtube.com/watch?v=UXvNE09hNhw
UZojIOm-mhk,5,5,concat,6,https://www.youtube.com/watch?v=UZojIOm-mhk
U_7aNgzrurc,5,5,concat,6,https://www.youtube.com/watch?v=U_7aNgzrurc
Uf2G8XaER-c,5,5,concat,6,https://www.youtube.com/watch?v=Uf2G8XaER-c
Uk_p05fnizs,5,5,concat,6,https://www.youtube.com/watch?v=Uk_p05fnizs
Ul8IYdZYWCE,5,5,concat,6,https://www.youtube.com/watch?v=Ul8IYdZYWCE
UlPMinl0APk,5,5,concat,6,https://www.youtube.com/watch?v=UlPMinl0APk
Ulm1OWo20_U,5,5,concat,6,https://www.youtube.com/watch?v=Ulm1OWo20_U
Un5WWSorfok,5,5,concat,6,https://www.youtube.com/watch?v=Un5WWSorfok
UovyF1tcNW8,5,5,concat,6,https://www.youtube.com/watch?v=UovyF1tcNW8
UpuHZzMHF0s,5,5,concat,6,https://www.youtube.com/watch?v=UpuHZzMHF0s
UqG86p0vCOI,5,5,concat,6,https://www.youtube.com/watch?v=UqG86p0vCOI
Ur28khn7ODI,5,5,concat,6,https://www.youtube.com/watch?v=Ur28khn7ODI
UrUXzwp0hwQ,5,5,concat,6,https://www.youtube.com/watch?v=UrUXzwp0hwQ
UtDkfhdQD78,5,5,concat,6,https://www.youtube.com/watch?v=UtDkfhdQD78
Ux1CTqGLdrg,5,5,concat,6,https://www.youtube.com/watch?v=Ux1CTqGLdrg
V00kC869_aI,5,5,concat,6,https://www.youtube.com/watch?v=V00kC869_aI
V3Ht5Uy_1dI,5,5,concat,6,https://www.youtube.com/watch?v=V3Ht5Uy_1dI
V3etaTU-LnQ,5,5,concat,6,https://www.youtube.com/watch?v=V3etaTU-LnQ
V3qKDtazXhs,5,5,concat,6,https://www.youtube.com/watch?v=V3qKDtazXhs
V4TT7LTLdDY,5,5,concat,6,https://www.youtube.com/watch?v=V4TT7LTLdDY
V5sW5UMqZS8,5,5,concat,6,https://www.youtube.com/watch?v=V5sW5UMqZS8
V5zS7fcrmXI,5,5,concat,6,https://www.youtube.com/watch?v=V5zS7fcrmXI
V6DjElyC5ZA,5,5,concat,6,https://www.youtube.com/watch?v=V6DjElyC5ZA
V7iyN7PZUK8,5,5,concat,6,https://www.youtube.com/watch?v=V7iyN7PZUK8
VGQDs-c3Rrk,5,5,concat,6,https://www.youtube.com/watch?v=VGQDs-c3Rrk
VHSBjhhr0w4,5,5,concat,6,https://www.youtube.com/watch?v=VHSBjhhr0w4
VKSxAkv5DdQ,5,5,concat,6,https://www.youtube.com/watch?v=VKSxAkv5DdQ
VKnC6UcQ35w,5,5,concat,6,https://www.youtube.com/watch?v=VKnC6UcQ35w
VQqn9xXGTMg,5,5,concat,6,https://www.youtube.com/watch?v=VQqn9xXGTMg
VSnW4vaRu9g,5,5,concat,6,https://www.youtube.com/watch?v=VSnW4vaRu9g
VTNazLEpUfk,5,5,concat,6,https://www.youtube.com/watch?v=VTNazLEpUfk
VUW0VFHfjFE,5,5,concat,6,https://www.youtube.com/watch?v=VUW0VFHfjFE
VVkAVZE1TQs,5,5,concat,6,https://www.youtube.com/watch?v=VVkAVZE1TQs
VZlzjNOuPhw,5,5,concat,6,https://www.youtube.com/watch?v=VZlzjNOuPhw
V_hXa3YcKig,5,5,concat,6,https://www.youtube.com/watch?v=V_hXa3YcKig
VbFuNbdpl7Q,5,5,concat,6,https://www.youtube.com/watch?v=VbFuNbdpl7Q
VbTpr0BRAWg,5,5,concat,6,https://www.youtube.com/watch?v=VbTpr0BRAWg
VdkyvHzPPeQ,5,5,concat,6,https://www.youtube.com/watch?v=VdkyvHzPPeQ
Vico2TosUWI,5,5,concat,6,https://www.youtube.com/watch?v=Vico2TosUWI
VjJlxYTtPnk,5,5,concat,6,https://www.youtube.com/watch?v=VjJlxYTtPnk
Vp7Rgx-U7bc,5,5,concat,6,https://www.youtube.com/watch?v=Vp7Rgx-U7bc
VpREZYt2fho,5,5,concat,6,https://www.youtube.com/watch?v=VpREZYt2fho
VpagcSKZ4ZA,5,5,concat,6,https://www.youtube.com/watch?v=VpagcSKZ4ZA
Vq7l6Z01mnY,5,5,concat,6,https://www.youtube.com/watch?v=Vq7l6Z01mnY
VqfBcVrdWFw,5,5,concat,6,https://www.youtube.com/watch?v=VqfBcVrdWFw
VqtVg8UD3tM,5,5,concat,6,https://www.youtube.com/watch?v=VqtVg8UD3tM
VsCVFm6mGEY,5,5,concat,6,https://www.youtube.com/watch?v=VsCVFm6mGEY
VvUkosqw3jU,5,5,concat,6,https://www.youtube.com/watch?v=VvUkosqw3jU
VzKBkA2h2ek,5,5,concat,6,https://www.youtube.com/watch?v=VzKBkA2h2ek
W-jvyRUilAk,5,5,concat,6,https://www.youtube.com/watch?v=W-jvyRUilAk
W0vrLvZKRSY,5,5,concat,6,https://www.youtube.com/watch?v=W0vrLvZKRSY
W39FGPzYxMA,5,5,concat,6,https://www.youtube.com/watch?v=W39FGPzYxMA
W3YiKvilN3A,5,5,concat,6,https://www.youtube.com/watch?v=W3YiKvilN3A
W5h-dYCTsoA,5,5,concat,6,https://www.youtube.com/watch?v=W5h-dYCTsoA
W5maESccAuA,5,5,concat,6,https://www.youtube.com/watch?v=W5maESccAuA
WAZ-A32YMOA,5,5,concat,6,https://www.youtube.com/watch?v=WAZ-A32YMOA
WB8FVmRmCjQ,5,5,concat,6,https://www.youtube.com/watch?v=WB8FVmRmCjQ
WCOe0fb81iw,5,5,concat,6,https://www.youtube.com/watch?v=WCOe0fb81iw
WDNg_9RNth8,5,5,concat,6,https://www.youtube.com/watch?v=WDNg_9RNth8
WFkogVhwK3E,5,5,concat,6,https://www.youtube.com/watch?v=WFkogVhwK3E
WGNNmLbGbs0,5,5,concat,6,https://www.youtube.com/watch?v=WGNNmLbGbs0
WI1OwFE2a6I,5,5,concat,6,https://www.youtube.com/watch?v=WI1OwFE2a6I
WKCoXlygMgQ,5,5,concat,6,https://www.youtube.com/watch?v=WKCoXlygMgQ
WL6LCXGH4zU,5,5,concat,6,https://www.youtube.com/watch?v=WL6LCXGH4zU
WNnoBwATl6g,5,5,concat,6,https://www.youtube.com/watch?v=WNnoBwATl6g
WROHSgADXZ0,5,5,concat,6,https://www.youtube.com/watch?v=WROHSgADXZ0
WSoXe0mRtng,5,5,concat,6,https://www.youtube.com/watch?v=WSoXe0mRtng
WTM1476g7JQ,5,5,concat,6,https://www.youtube.com/watch?v=WTM1476g7JQ
WUXJTYuyRuY,5,5,concat,6,https://www.youtube.com/watch?v=WUXJTYuyRuY
WWVeCmOymMI,5,5,concat,6,https://www.youtube.com/watch?v=WWVeCmOymMI
WZ5n_8a_SZA,5,5,concat,6,https://www.youtube.com/watch?v=WZ5n_8a_SZA
WZbBj9HBjeM,5,5,concat,6,https://www.youtube.com/watch?v=WZbBj9HBjeM
WbD_GlwY5y4,5,5,concat,6,https://www.youtube.com/watch?v=WbD_GlwY5y4
WbqivueTcl8,5,5,concat,6,https://www.youtube.com/watch?v=WbqivueTcl8
WcDJtaBNj9I,5,5,concat,6,https://www.youtube.com/watch?v=WcDJtaBNj9I
WeL51exMcns,5,5,concat,6,https://www.youtube.com/watch?v=WeL51exMcns
WgLrlz6wCUI,5,5,concat,6,https://www.youtube.com/watch?v=WgLrlz6wCUI
WiVIXpL-vN0,5,5,concat,6,https://www.youtube.com/watch?v=WiVIXpL-vN0
WjyQwVozvSg,5,5,concat,6,https://www.youtube.com/watch?v=WjyQwVozvSg
WmsO4YhOr9A,5,5,concat,6,https://www.youtube.com/watch?v=WmsO4YhOr9A
Wq60NfDvGHw,5,5,concat,6,https://www.youtube.com/watch?v=Wq60NfDvGHw
WqqNqhd87H8,5,5,concat,6,https://www.youtube.com/watch?v=WqqNqhd87H8
WrhzMAOWKdg,5,5,concat,6,https://www.youtube.com/watch?v=WrhzMAOWKdg
Ws7Mi_79OvM,5,5,concat,6,https://www.youtube.com/watch?v=Ws7Mi_79OvM
Wtt9TnuwTA4,5,5,concat,6,https://www.youtube.com/watch?v=Wtt9TnuwTA4
WuPuQAagkMQ,5,5,concat,6,https://www.youtube.com/watch?v=WuPuQAagkMQ
Wzorxdasl4w,5,5,concat,6,https://www.youtube.com/watch?v=Wzorxdasl4w
X0LfitbG4Hc,5,5,concat,6,https://www.youtube.com/watch?v=X0LfitbG4Hc
X3LH6HxrP6E,5,5,concat,6,https://www.youtube.com/watch?v=X3LH6HxrP6E
X4XMDECSssQ,5,5,concat,6,https://www.youtube.com/watch?v=X4XMDECSssQ
X7mV2fuVzMY,5,5,concat,6,https://www.youtube.com/watch?v=X7mV2fuVzMY
X9UvIiecSSI,5,5,concat,6,https://www.youtube.com/watch?v=X9UvIiecSSI
XKlFCEvIXTU,5,5,concat,6,https://www.youtube.com/watch?v=XKlFCEvIXTU
XLrjH8Xpd8M,5,5,concat,6,https://www.youtube.com/watch?v=XLrjH8Xpd8M
XP7EUZ7gACU,5,5,concat,6,https://www.youtube.com/watch?v=XP7EUZ7gACU
XRoVnEGkcAQ,5,5,concat,6,https://www.youtube.com/watch?v=XRoVnEGkcAQ
XRqXz5oY3LQ,5,5,concat,6,https://www.youtube.com/watch?v=XRqXz5oY3LQ
XZ1Fyr749Lw,5,5,concat,6,https://www.youtube.com/watch?v=XZ1Fyr749Lw
XZvyRBu2HUA,5,5,concat,6,https://www.youtube.com/watch?v=XZvyRBu2HUA
Xa8Kia7-NPI,5,5,concat,6,https://www.youtube.com/watch?v=Xa8Kia7-NPI
XdwYXdcxGyw,5,5,concat,6,https://www.youtube.com/watch?v=XdwYXdcxGyw
Xeuy7DQZux8,5,5,concat,6,https://www.youtube.com/watch?v=Xeuy7DQZux8
Xo9LVCjjLr8,5,5,concat,6,https://www.youtube.com/watch?v=Xo9LVCjjLr8
XpptSbLkY9w,5,5,concat,6,https://www.youtube.com/watch?v=XpptSbLkY9w
XrKmrNTEMxk,5,5,concat,6,https://www.youtube.com/watch?v=XrKmrNTEMxk
XsQhCnrBrPg,5,5,concat,6,https://www.youtube.com/watch?v=XsQhCnrBrPg
Xxk5JTWkmaE,5,5,concat,6,https://www.youtube.com/watch?v=Xxk5JTWkmaE
XxsmArG8C5M,5,5,concat,6,https://www.youtube.com/watch?v=XxsmArG8C5M
XyiQ2Qas0x0,5,5,concat,6,https://www.youtube.com/watch?v=XyiQ2Qas0x0
Y3qFHrOA1cI,5,5,concat,6,https://www.youtube.com/watch?v=Y3qFHrOA1cI
Y4fvEje61zI,5,5,concat,6,https://www.youtube.com/watch?v=Y4fvEje61zI
Y5sRXSEYOi0,5,5,concat,6,https://www.youtube.com/watch?v=Y5sRXSEYOi0
YAlj3g-uoqw,5,5,concat,6,https://www.youtube.com/watch?v=YAlj3g-uoqw
YCFgpsUsjlE,5,5,concat,6,https://www.youtube.com/watch?v=YCFgpsUsjlE
YHaCb2k-YCw,5,5,concat,6,https://www.youtube.com/watch?v=YHaCb2k-YCw
YLdTQgfvozg,5,5,concat,6,https://www.youtube.com/watch?v=YLdTQgfvozg
YMEhc89pUi8,5,5,concat,6,https://www.youtube.com/watch?v=YMEhc89pUi8
YMeTknJGxAI,5,5,concat,6,https://www.youtube.com/watch?v=YMeTknJGxAI
YNS0-gBuabU,5,5,concat,6,https://www.youtube.com/watch?v=YNS0-gBuabU
YQryxNTwW18,5,5,concat,6,https://www.youtube.com/watch?v=YQryxNTwW18
YR3VwQt8Nlg,5,5,concat,6,https://www.youtube.com/watch?v=YR3VwQt8Nlg
YYPYijrN5UI,5,5,concat,6,https://www.youtube.com/watch?v=YYPYijrN5UI
YYSZoRN7_mY,5,5,concat,6,https://www.youtube.com/watch?v=YYSZoRN7_mY
YdBuEgu-AJ0,5,5,concat,6,https://www.youtube.com/watch?v=YdBuEgu-AJ0
YdW95_qWUAY,5,5,concat,6,https://www.youtube.com/watch?v=YdW95_qWUAY
Ydlew44isyM,5,5,concat,6,https://www.youtube.com/watch?v=Ydlew44isyM
Yfwcqyji0t4,5,5,concat,6,https://www.youtube.com/watch?v=Yfwcqyji0t4
YgOlGKoz9UA,5,5,concat,6,https://www.youtube.com/watch?v=YgOlGKoz9UA
Yiy4kvLI4AE,5,5,concat,6,https://www.youtube.com/watch?v=Yiy4kvLI4AE
YkMii3v9Dio,5,5,concat,6,https://www.youtube.com/watch?v=YkMii3v9Dio
YlrToWYx_Ic,5,5,concat,6,https://www.youtube.com/watch?v=YlrToWYx_Ic
Ym2unOQW4XU,5,5,concat,6,https://www.youtube.com/watch?v=Ym2unOQW4XU
YoCIdgGyaGY,5,5,concat,6,https://www.youtube.com/watch?v=YoCIdgGyaGY
Yp9BmynL0Q4,5,5,concat,6,https://www.youtube.com/watch?v=Yp9BmynL0Q4
YpMZ_ZOWkec,5,5,concat,6,https://www.youtube.com/watch?v=YpMZ_ZOWkec
Ytz9dKwajXM,5,5,concat,6,https://www.youtube.com/watch?v=Ytz9dKwajXM
YuHdXeilhDU,5,5,concat,6,https://www.youtube.com/watch?v=YuHdXeilhDU
YutOk12BkvQ,5,5,concat,6,https://www.youtube.com/watch?v=YutOk12BkvQ
YwjMXlLjVaQ,5,5,concat,6,https://www.youtube.com/watch?v=YwjMXlLjVaQ
YzZOHEKIbSM,5,5,concat,6,https://www.youtube.com/watch?v=YzZOHEKIbSM
Z-Ix7sGsjb8,5,5,concat,6,https://www.youtube.com/watch?v=Z-Ix7sGsjb8
Z0gEURBIAC0,5,5,concat,6,https://www.youtube.com/watch?v=Z0gEURBIAC0
Z0gGlUph-L8,5,5,concat,6,https://www.youtube.com/watch?v=Z0gGlUph-L8
Z1iaY0xIAo0,5,5,concat,6,https://www.youtube.com/watch?v=Z1iaY0xIAo0
Z1swXOE2qh8,5,5,concat,6,https://www.youtube.com/watch?v=Z1swXOE2qh8
Z3SRbak0HHw,5,5,concat,6,https://www.youtube.com/watch?v=Z3SRbak0HHw
Z3X1uW0Rpn8,5,5,concat,6,https://www.youtube.com/watch?v=Z3X1uW0Rpn8
Z4yX_tn4Oy8,5,5,concat,6,https://www.youtube.com/watch?v=Z4yX_tn4Oy8
Z63FDStFPRs,5,5,concat,6,https://www.youtube.com/watch?v=Z63FDStFPRs
Z76cTifrnQg,5,5,concat,6,https://www.youtube.com/watch?v=Z76cTifrnQg
Z8MzwsW8wsk,5,5,concat,6,https://www.youtube.com/watch?v=Z8MzwsW8wsk
ZAh8fw18e9E,5,5,concat,6,https://www.youtube.com/watch?v=ZAh8fw18e9E
ZAqlAUuZj_E,5,5,concat,6,https://www.youtube.com/watch?v=ZAqlAUuZj_E
ZBfRWHgdS2s,5,5,concat,6,https://www.youtube.com/watch?v=ZBfRWHgdS2s
ZDXUBPnZhnM,5,5,concat,6,https://www.youtube.com/watch?v=ZDXUBPnZhnM
ZF-HcUXdseE,5,5,concat,6,https://www.youtube.com/watch?v=ZF-HcUXdseE
ZIIW0VpY9-s,5,5,concat,6,https://www.youtube.com/watch?v=ZIIW0VpY9-s
ZJX3kvsEkLg,5,5,concat,6,https://www.youtube.com/watch?v=ZJX3kvsEkLg
ZJwPZrsumco,5,5,concat,6,https://www.youtube.com/watch?v=ZJwPZrsumco
ZK88D9QaTz4,5,5,concat,6,https://www.youtube.com/watch?v=ZK88D9QaTz4
ZKdWCpBeSBc,5,5,concat,6,https://www.youtube.com/watch?v=ZKdWCpBeSBc
ZKiXj67_MZI,5,5,concat,6,https://www.youtube.com/watch?v=ZKiXj67_MZI
ZOSeoez1-sI,5,5,concat,6,https://www.youtube.com/watch?v=ZOSeoez1-sI
ZRQSIxz2-4E,5,5,concat,6,https://www.youtube.com/watch?v=ZRQSIxz2-4E
ZSgs86P4Lik,5,5,concat,6,https://www.youtube.com/watch?v=ZSgs86P4Lik
ZSpi2YCFK6s,5,5,concat,6,https://www.youtube.com/watch?v=ZSpi2YCFK6s
ZSq_O3Qhp9Y,5,5,concat,6,https://www.youtube.com/watch?v=ZSq_O3Qhp9Y
ZT_nBdhJjW8,5,5,concat,6,https://www.youtube.com/watch?v=ZT_nBdhJjW8
ZW4rVuSMqo0,5,5,concat,6,https://www.youtube.com/watch?v=ZW4rVuSMqo0
ZXyE31F0MCY,5,5,concat,6,https://www.youtube.com/watch?v=ZXyE31F0MCY
ZbrJ7unqroE,5,5,concat,6,https://www.youtube.com/watch?v=ZbrJ7unqroE
ZeLh0HpBEyc,5,5,concat,6,https://www.youtube.com/watch?v=ZeLh0HpBEyc
ZfL7O_CCuvA,5,5,concat,6,https://www.youtube.com/watch?v=ZfL7O_CCuvA
Zf_ejeEpbqs,5,5,concat,6,https://www.youtube.com/watch?v=Zf_ejeEpbqs
ZpsSW7FJxYU,5,5,concat,6,https://www.youtube.com/watch?v=ZpsSW7FJxYU
ZrB7GPNHqR8,5,5,concat,6,https://www.youtube.com/watch?v=ZrB7GPNHqR8
Zv1GCsWxBZI,5,5,concat,6,https://www.youtube.com/watch?v=Zv1GCsWxBZI
ZvFFfDx5L-k,5,5,concat,6,https://www.youtube.com/watch?v=ZvFFfDx5L-k
ZvnWuaMFE-U,5,5,concat,6,https://www.youtube.com/watch?v=ZvnWuaMFE-U
ZysXXqNCt8w,5,5,concat,6,https://www.youtube.com/watch?v=ZysXXqNCt8w
_1iJi_zUu4Y,5,5,concat,6,https://www.youtube.com/watch?v=_1iJi_zUu4Y
_3bLdE6eoao,5,5,concat,6,https://www.youtube.com/watch?v=_3bLdE6eoao
_4Jln2s5Z_s,5,5,concat,6,https://www.youtube.com/watch?v=_4Jln2s5Z_s
_7P8_plWhkc,5,5,concat,6,https://www.youtube.com/watch?v=_7P8_plWhkc
_AaGPe-vFfU,5,5,concat,6,https://www.youtube.com/watch?v=_AaGPe-vFfU
_C7EcbLhfOQ,5,5,concat,6,https://www.youtube.com/watch?v=_C7EcbLhfOQ
_CLvU-p5Iog,5,5,concat,6,https://www.youtube.com/watch?v=_CLvU-p5Iog
_D74w6aKpfM,5,5,concat,6,https://www.youtube.com/watch?v=_D74w6aKpfM
_DC0vNW0IMM,5,5,concat,6,https://www.youtube.com/watch?v=_DC0vNW0IMM
_GDl4-ARXG8,5,5,concat,6,https://www.youtube.com/watch?v=_GDl4-ARXG8
_Gim31DUGXU,5,5,concat,6,https://www.youtube.com/watch?v=_Gim31DUGXU
_Hs1HxDEsXc,5,5,concat,6,https://www.youtube.com/watch?v=_Hs1HxDEsXc
_IGK_tmpJj4,5,5,concat,6,https://www.youtube.com/watch?v=_IGK_tmpJj4
_IjjXw_Ql8w,5,5,concat,6,https://www.youtube.com/watch?v=_IjjXw_Ql8w
_Ix7d7a5OP4,5,5,concat,6,https://www.youtube.com/watch?v=_Ix7d7a5OP4
_KbSbsOd9dA,5,5,concat,6,https://www.youtube.com/watch?v=_KbSbsOd9dA
_Q9ZLCjbRlk,5,5,concat,6,https://www.youtube.com/watch?v=_Q9ZLCjbRlk
_QIAnyZkw4s,5,5,concat,6,https://www.youtube.com/watch?v=_QIAnyZkw4s
_WEdBuiiZr8,5,5,concat,6,https://www.youtube.com/watch?v=_WEdBuiiZr8
_fqBCSgPzCs,5,5,concat,6,https://www.youtube.com/watch?v=_fqBCSgPzCs
_j77kC3OdAc,5,5,concat,6,https://www.youtube.com/watch?v=_j77kC3OdAc
_jT2PgnS1TM,5,5,concat,6,https://www.youtube.com/watch?v=_jT2PgnS1TM
_ksjtFqERIc,5,5,concat,6,https://www.youtube.com/watch?v=_ksjtFqERIc
_pzqITVxNsQ,5,5,concat,6,https://www.youtube.com/watch?v=_pzqITVxNsQ
_uKtVysfObY,5,5,concat,6,https://www.youtube.com/watch?v=_uKtVysfObY
_uMughdtOb0,5,5,concat,6,https://www.youtube.com/watch?v=_uMughdtOb0
_z9Crx0a1Xg,5,5,concat,6,https://www.youtube.com/watch?v=_z9Crx0a1Xg
a0Tx6pSsCec,5,5,concat,6,https://www.youtube.com/watch?v=a0Tx6pSsCec
a42cxjtxJ4Q,5,5,concat,6,https://www.youtube.com/watch?v=a42cxjtxJ4Q
a4VgyvnX0_U,5,5,concat,6,https://www.youtube.com/watch?v=a4VgyvnX0_U
a54EYHs4xgA,5,5,concat,6,https://www.youtube.com/watch?v=a54EYHs4xgA
aFUfEH-LrRQ,5,5,concat,6,https://www.youtube.com/watch?v=aFUfEH-LrRQ
aGGeznHZkMI,5,5,concat,6,https://www.youtube.com/watch?v=aGGeznHZkMI
aGjzGuhH-Bg,5,5,concat,6,https://www.youtube.com/watch?v=aGjzGuhH-Bg
aJCDvsc6Zeo,5,5,concat,6,https://www.youtube.com/watch?v=aJCDvsc6Zeo
aMYlie3kzYg,5,5,concat,6,https://www.youtube.com/watch?v=aMYlie3kzYg
aMbFTM6vJaY,5,5,concat,6,https://www.youtube.com/watch?v=aMbFTM6vJaY
aN8czal89JM,5,5,concat,6,https://www.youtube.com/watch?v=aN8czal89JM
aO1hEBB5UKI,5,5,concat,6,https://www.youtube.com/watch?v=aO1hEBB5UKI
aYw9_-m8bP0,5,5,concat,6,https://www.youtube.com/watch?v=aYw9_-m8bP0
aZYx8JchUFo,5,5,concat,6,https://www.youtube.com/watch?v=aZYx8JchUFo
adtLYN4EGlE,5,5,concat,6,https://www.youtube.com/watch?v=adtLYN4EGlE
agUPTDAfFIc,5,5,concat,6,https://www.youtube.com/watch?v=agUPTDAfFIc
ahRZCRAyE14,5,5,concat,6,https://www.youtube.com/watch?v=ahRZCRAyE14
ajFl5Idvh3s,5,5,concat,6,https://www.youtube.com/watch?v=ajFl5Idvh3s
akboqKFh5b0,5,5,concat,6,https://www.youtube.com/watch?v=akboqKFh5b0
am-BRLrQbz4,5,5,concat,6,https://www.youtube.com/watch?v=am-BRLrQbz4
amRdxJiDsRQ,5,5,concat,6,https://www.youtube.com/watch?v=amRdxJiDsRQ
astsxmKCQt4,5,5,concat,6,https://www.youtube.com/watch?v=astsxmKCQt4
auFWWea1S8A,5,5,concat,6,https://www.youtube.com/watch?v=auFWWea1S8A
augW6GT2KFw,5,5,concat,6,https://www.youtube.com/watch?v=augW6GT2KFw
avFDMWxAyNY,5,5,concat,6,https://www.youtube.com/watch?v=avFDMWxAyNY
ayqMVQpDhIQ,5,5,concat,6,https://www.youtube.com/watch?v=ayqMVQpDhIQ
azZedX51pHs,5,5,concat,6,https://www.youtube.com/watch?v=azZedX51pHs
b16Ey7Gc7Gw,5,5,concat,6,https://www.youtube.com/watch?v=b16Ey7Gc7Gw
b3h07BDuuy0,5,5,concat,6,https://www.youtube.com/watch?v=b3h07BDuuy0
b6g_nNUcVAc,5,5,concat,6,https://www.youtube.com/watch?v=b6g_nNUcVAc
b77WTeKeTGw,5,5,concat,6,https://www.youtube.com/watch?v=b77WTeKeTGw
bDpPJXQwGGY,5,5,concat,6,https://www.youtube.com/watch?v=bDpPJXQwGGY
bDuSqrd1kks,5,5,concat,6,https://www.youtube.com/watch?v=bDuSqrd1kks
bElhk631FX4,5,5,concat,6,https://www.youtube.com/watch?v=bElhk631FX4
bIHhVQ8MAJ0,5,5,concat,6,https://www.youtube.com/watch?v=bIHhVQ8MAJ0
bL9od7M3Yew,5,5,concat,6,https://www.youtube.com/watch?v=bL9od7M3Yew
bLZkDug3jyA,5,5,concat,6,https://www.youtube.com/watch?v=bLZkDug3jyA
bL_uGgKiLKU,5,5,concat,6,https://www.youtube.com/watch?v=bL_uGgKiLKU
bOS9IW5X4fs,5,5,concat,6,https://www.youtube.com/watch?v=bOS9IW5X4fs
bS-7-lMx70s,5,5,concat,6,https://www.youtube.com/watch?v=bS-7-lMx70s
bTVCquvRNdk,5,5,concat,6,https://www.youtube.com/watch?v=bTVCquvRNdk
bU7PyyyWLrU,5,5,concat,6,https://www.youtube.com/watch?v=bU7PyyyWLrU
bb_oEATZ7u4,5,5,concat,6,https://www.youtube.com/watch?v=bb_oEATZ7u4
bbbiMXKQrKk,5,5,concat,6,https://www.youtube.com/watch?v=bbbiMXKQrKk
bfs1-MBlDAY,5,5,concat,6,https://www.youtube.com/watch?v=bfs1-MBlDAY
biNRnD4Ft3A,5,5,concat,6,https://www.youtube.com/watch?v=biNRnD4Ft3A
biXVbOaHf7Q,5,5,concat,6,https://www.youtube.com/watch?v=biXVbOaHf7Q
bnllGsvqyMs,5,5,concat,6,https://www.youtube.com/watch?v=bnllGsvqyMs
boZSMM5ZKyA,5,5,concat,6,https://www.youtube.com/watch?v=boZSMM5ZKyA
bowEhdCn4Mg,5,5,concat,6,https://www.youtube.com/watch?v=bowEhdCn4Mg
bpOfjfg7gFc,5,5,concat,6,https://www.youtube.com/watch?v=bpOfjfg7gFc
bppybDApJ-g,5,5,concat,6,https://www.youtube.com/watch?v=bppybDApJ-g
bsQUMhKm4fc,5,5,concat,6,https://www.youtube.com/watch?v=bsQUMhKm4fc
bvJAJiONtc0,5,5,concat,6,https://www.youtube.com/watch?v=bvJAJiONtc0
bwzjMY2GW68,5,5,concat,6,https://www.youtube.com/watch?v=bwzjMY2GW68
bx3QV4C8UN0,5,5,concat,6,https://www.youtube.com/watch?v=bx3QV4C8UN0
bxn_KXyo8us,5,5,concat,6,https://www.youtube.com/watch?v=bxn_KXyo8us
bzRY33ijQa4,5,5,concat,6,https://www.youtube.com/watch?v=bzRY33ijQa4
bzv7_ebs4gU,5,5,concat,6,https://www.youtube.com/watch?v=bzv7_ebs4gU
c3cuC_TA2Uk,5,5,concat,6,https://www.youtube.com/watch?v=c3cuC_TA2Uk
c4b9zuDXtfo,5,5,concat,6,https://www.youtube.com/watch?v=c4b9zuDXtfo
c6cWCG-DK40,5,5,concat,6,https://www.youtube.com/watch?v=c6cWCG-DK40
c6lIoGFcuzk,5,5,concat,6,https://www.youtube.com/watch?v=c6lIoGFcuzk
c762yomcUvU,5,5,concat,6,https://www.youtube.com/watch?v=c762yomcUvU
c8ZMObbDpw4,5,5,concat,6,https://www.youtube.com/watch?v=c8ZMObbDpw4
cB_CvqCNx4Q,5,5,concat,6,https://www.youtube.com/watch?v=cB_CvqCNx4Q
cBflJZghGrg,5,5,concat,6,https://www.youtube.com/watch?v=cBflJZghGrg
cEAn6QTC2jU,5,5,concat,6,https://www.youtube.com/watch?v=cEAn6QTC2jU
cEQKLyM1BZI,5,5,concat,6,https://www.youtube.com/watch?v=cEQKLyM1BZI
cEugjVW30_A,5,5,concat,6,https://www.youtube.com/watch?v=cEugjVW30_A
cGhyy_QkUJ0,5,5,concat,6,https://www.youtube.com/watch?v=cGhyy_QkUJ0
cH1AwDiCsXQ,5,5,concat,6,https://www.youtube.com/watch?v=cH1AwDiCsXQ
cMQh5Uj_Uz8,5,5,concat,6,https://www.youtube.com/watch?v=cMQh5Uj_Uz8
cNENu_qM-Iw,5,5,concat,6,https://www.youtube.com/watch?v=cNENu_qM-Iw
cOXMvjWZ_b8,5,5,concat,6,https://www.youtube.com/watch?v=cOXMvjWZ_b8
cPaz1jGGWfM,5,5,concat,6,https://www.youtube.com/watch?v=cPaz1jGGWfM
cTOQh_bStwA,5,5,concat,6,https://www.youtube.com/watch?v=cTOQh_bStwA
cUG1bBaJUjM,5,5,concat,6,https://www.youtube.com/watch?v=cUG1bBaJUjM
cW32BsaXYd0,5,5,concat,6,https://www.youtube.com/watch?v=cW32BsaXYd0
cYZDNorZZ5U,5,5,concat,6,https://www.youtube.com/watch?v=cYZDNorZZ5U
cZXcaaOqiXc,5,5,concat,6,https://www.youtube.com/watch?v=cZXcaaOqiXc
c_06MH809vs,5,5,concat,6,https://www.youtube.com/watch?v=c_06MH809vs
c_OenzYOE0I,5,5,concat,6,https://www.youtube.com/watch?v=c_OenzYOE0I
c_QWEZVERdA,5,5,concat,6,https://www.youtube.com/watch?v=c_QWEZVERdA
caPjhlNIboM,5,5,concat,6,https://www.youtube.com/watch?v=caPjhlNIboM
cbHQfa39yx4,5,5,concat,6,https://www.youtube.com/watch?v=cbHQfa39yx4
cbiRckF3ejA,5,5,concat,6,https://www.youtube.com/watch?v=cbiRckF3ejA
cgJDiVSdFOo,5,5,concat,6,https://www.youtube.com/watch?v=cgJDiVSdFOo
chnDzxrUXgw,5,5,concat,6,https://www.youtube.com/watch?v=chnDzxrUXgw
ckc0HOwbhA0,5,5,concat,6,https://www.youtube.com/watch?v=ckc0HOwbhA0
clh2Vi3S-gs,5,5,concat,6,https://www.youtube.com/watch?v=clh2Vi3S-gs
cmrzG2eAUmQ,5,5,concat,6,https://www.youtube.com/watch?v=cmrzG2eAUmQ
coA0x3tVZXo,5,5,concat,6,https://www.youtube.com/watch?v=coA0x3tVZXo
coQaIEpJT0U,5,5,concat,6,https://www.youtube.com/watch?v=coQaIEpJT0U
coj-cHocDuo,5,5,concat,6,https://www.youtube.com/watch?v=coj-cHocDuo
crqmTJymq0Y,5,5,concat,6,https://www.youtube.com/watch?v=crqmTJymq0Y
ctcEBzyHFCg,5,5,concat,6,https://www.youtube.com/watch?v=ctcEBzyHFCg
cwcETfcJtRk,5,5,concat,6,https://www.youtube.com/watch?v=cwcETfcJtRk
czJ-ZVIXc0w,5,5,concat,6,https://www.youtube.com/watch?v=czJ-ZVIXc0w
d4RD90lUb0c,5,5,concat,6,https://www.youtube.com/watch?v=d4RD90lUb0c
d8q4xbaDskI,5,5,concat,6,https://www.youtube.com/watch?v=d8q4xbaDskI
dAWuS3iDuwc,5,5,concat,6,https://www.youtube.com/watch?v=dAWuS3iDuwc
dC8J6lSTuek,5,5,concat,6,https://www.youtube.com/watch?v=dC8J6lSTuek
dGcJ3dQmw1U,5,5,concat,6,https://www.youtube.com/watch?v=dGcJ3dQmw1U
dIFC9a9XFO8,5,5,concat,6,https://www.youtube.com/watch?v=dIFC9a9XFO8
dJWS9ncoI80,5,5,concat,6,https://www.youtube.com/watch?v=dJWS9ncoI80
dK5-mMej6sw,5,5,concat,6,https://www.youtube.com/watch?v=dK5-mMej6sw
dNYxruV_yig,5,5,concat,6,https://www.youtube.com/watch?v=dNYxruV_yig
dSQ98SN-Tcc,5,5,concat,6,https://www.youtube.com/watch?v=dSQ98SN-Tcc
dXstAYpoEb8,5,5,concat,6,https://www.youtube.com/watch?v=dXstAYpoEb8
dYS53Hl-wyo,5,5,concat,6,https://www.youtube.com/watch?v=dYS53Hl-wyo
dYThAX_xm68,5,5,concat,6,https://www.youtube.com/watch?v=dYThAX_xm68
daS2LrtSlE4,5,5,concat,6,https://www.youtube.com/watch?v=daS2LrtSlE4
dgb-COCIwNk,5,5,concat,6,https://www.youtube.com/watch?v=dgb-COCIwNk
dhBORirvIi0,5,5,concat,6,https://www.youtube.com/watch?v=dhBORirvIi0
diRXSMIMC78,5,5,concat,6,https://www.youtube.com/watch?v=diRXSMIMC78
doEQw9BApv8,5,5,concat,6,https://www.youtube.com/watch?v=doEQw9BApv8
dpMFT6IxkzY,5,5,concat,6,https://www.youtube.com/watch?v=dpMFT6IxkzY
dpPxCCplCP0,5,5,concat,6,https://www.youtube.com/watch?v=dpPxCCplCP0
dsG_3xi1c-M,5,5,concat,6,https://www.youtube.com/watch?v=dsG_3xi1c-M
dxIvYDRIf8w,5,5,concat,6,https://www.youtube.com/watch?v=dxIvYDRIf8w
dzrQ-56pMAQ,5,5,concat,6,https://www.youtube.com/watch?v=dzrQ-56pMAQ
e2uHeqixwyY,5,5,concat,6,https://www.youtube.com/watch?v=e2uHeqixwyY
e4KDBwfUop4,5,5,concat,6,https://www.youtube.com/watch?v=e4KDBwfUop4
e6RFfdh8cnY,5,5,concat,6,https://www.youtube.com/watch?v=e6RFfdh8cnY
e8pNBEcMkSw,5,5,concat,6,https://www.youtube.com/watch?v=e8pNBEcMkSw
e92U_MGrMq4,5,5,concat,6,https://www.youtube.com/watch?v=e92U_MGrMq4
eADSkPSHzts,5,5,concat,6,https://www.youtube.com/watch?v=eADSkPSHzts
eAmzTkDfzwo,5,5,concat,6,https://www.youtube.com/watch?v=eAmzTkDfzwo
eCG29NqcIiA,5,5,concat,6,https://www.youtube.com/watch?v=eCG29NqcIiA
eDXTPoZvovs,5,5,concat,6,https://www.youtube.com/watch?v=eDXTPoZvovs
eE-RVA6uWDo,5,5,concat,6,https://www.youtube.com/watch?v=eE-RVA6uWDo
eE88GuCSgDI,5,5,concat,6,https://www.youtube.com/watch?v=eE88GuCSgDI
eJke10MoPlM,5,5,concat,6,https://www.youtube.com/watch?v=eJke10MoPlM
eKqHV2Sv_iE,5,5,concat,6,https://www.youtube.com/watch?v=eKqHV2Sv_iE
eQ49Ew9MjNU,5,5,concat,6,https://www.youtube.com/watch?v=eQ49Ew9MjNU
eQnun2yWSEk,5,5,concat,6,https://www.youtube.com/watch?v=eQnun2yWSEk
eRrLkc5h-Pg,5,5,concat,6,https://www.youtube.com/watch?v=eRrLkc5h-Pg
eV1w0pViXW4,5,5,concat,6,https://www.youtube.com/watch?v=eV1w0pViXW4
eXKikyJYQ_A,5,5,concat,6,https://www.youtube.com/watch?v=eXKikyJYQ_A
eZCBZtuAxEY,5,5,concat,6,https://www.youtube.com/watch?v=eZCBZtuAxEY
ebqO_hs3XFE,5,5,concat,6,https://www.youtube.com/watch?v=ebqO_hs3XFE
eduIxQQcTqI,5,5,concat,6,https://www.youtube.com/watch?v=eduIxQQcTqI
eeLBgYcvdYw,5,5,concat,6,https://www.youtube.com/watch?v=eeLBgYcvdYw
em-jXbBLBPs,5,5,concat,6,https://www.youtube.com/watch?v=em-jXbBLBPs
em1iTDOWCCY,5,5,concat,6,https://www.youtube.com/watch?v=em1iTDOWCCY
em3NUiM-eAE,5,5,concat,6,https://www.youtube.com/watch?v=em3NUiM-eAE
emlj20m2k9U,5,5,concat,6,https://www.youtube.com/watch?v=emlj20m2k9U
enkq7FSUEu8,5,5,concat,6,https://www.youtube.com/watch?v=enkq7FSUEu8
eqCkcLn4zTk,5,5,concat,6,https://www.youtube.com/watch?v=eqCkcLn4zTk
eqDcpuLpHxI,5,5,concat,6,https://www.youtube.com/watch?v=eqDcpuLpHxI
ere92fSdhjI,5,5,concat,6,https://www.youtube.com/watch?v=ere92fSdhjI
f-duFberj1c,5,5,concat,6,https://www.youtube.com/watch?v=f-duFberj1c
f-o6PiFKyiY,5,5,concat,6,https://www.youtube.com/watch?v=f-o6PiFKyiY
f06KoOJat5E,5,5,concat,6,https://www.youtube.com/watch?v=f06KoOJat5E
f2mnnzIHxEI,5,5,concat,6,https://www.youtube.com/watch?v=f2mnnzIHxEI
f4Krt4J6wXY,5,5,concat,6,https://www.youtube.com/watch?v=f4Krt4J6wXY
f5X_6J4c9oM,5,5,concat,6,https://www.youtube.com/watch?v=f5X_6J4c9oM
f99VAOs7JjQ,5,5,concat,6,https://www.youtube.com/watch?v=f99VAOs7JjQ
f9hj8z-NduM,5,5,concat,6,https://www.youtube.com/watch?v=f9hj8z-NduM
fBVbEdU5uNI,5,5,concat,6,https://www.youtube.com/watch?v=fBVbEdU5uNI
fDl5QC03Ow0,5,5,concat,6,https://www.youtube.com/watch?v=fDl5QC03Ow0
fEp08LlO8EM,5,5,concat,6,https://www.youtube.com/watch?v=fEp08LlO8EM
fGhu3UkHkJA,5,5,concat,6,https://www.youtube.com/watch?v=fGhu3UkHkJA
fMU0iNnyw08,5,5,concat,6,https://www.youtube.com/watch?v=fMU0iNnyw08
fMjmNPJHB28,5,5,concat,6,https://www.youtube.com/watch?v=fMjmNPJHB28
fRuiyH5lC-E,5,5,concat,6,https://www.youtube.com/watch?v=fRuiyH5lC-E
fVIo5JslPJY,5,5,concat,6,https://www.youtube.com/watch?v=fVIo5JslPJY
fWBY-eCZ4mI,5,5,concat,6,https://www.youtube.com/watch?v=fWBY-eCZ4mI
fWYiRigf324,5,5,concat,6,https://www.youtube.com/watch?v=fWYiRigf324
fXJirpNokGM,5,5,concat,6,https://www.youtube.com/watch?v=fXJirpNokGM
fXOJmjYg1Kg,5,5,concat,6,https://www.youtube.com/watch?v=fXOJmjYg1Kg
fXdgZwf5I3E,5,5,concat,6,https://www.youtube.com/watch?v=fXdgZwf5I3E
f_3Jqe7cYcE,5,5,concat,6,https://www.youtube.com/watch?v=f_3Jqe7cYcE
fe3t7uLUFyI,5,5,concat,6,https://www.youtube.com/watch?v=fe3t7uLUFyI
fgrGq8lME-0,5,5,concat,6,https://www.youtube.com/watch?v=fgrGq8lME-0
fk0pfbR-SyU,5,5,concat,6,https://www.youtube.com/watch?v=fk0pfbR-SyU
fkWsZV3Xm-w,5,5,concat,6,https://www.youtube.com/watch?v=fkWsZV3Xm-w
fl5p1Ct96CQ,5,5,concat,6,https://www.youtube.com/watch?v=fl5p1Ct96CQ
fqESaOx09yw,5,5,concat,6,https://www.youtube.com/watch?v=fqESaOx09yw
fsXAJ6xj2m0,5,5,concat,6,https://www.youtube.com/watch?v=fsXAJ6xj2m0
fsqWVVa2uWE,5,5,concat,6,https://www.youtube.com/watch?v=fsqWVVa2uWE
fvmCspC8Os8,5,5,concat,6,https://www.youtube.com/watch?v=fvmCspC8Os8
fzD2kE_UV1g,5,5,concat,6,https://www.youtube.com/watch?v=fzD2kE_UV1g
fziWjZoW4_4,5,5,concat,6,https://www.youtube.com/watch?v=fziWjZoW4_4
g673z6cyPL8,5,5,concat,6,https://www.youtube.com/watch?v=g673z6cyPL8
g75OfB02o_8,5,5,concat,6,https://www.youtube.com/watch?v=g75OfB02o_8
g8KjVQTntsU,5,5,concat,6,https://www.youtube.com/watch?v=g8KjVQTntsU
g8n_WzFKNr0,5,5,concat,6,https://www.youtube.com/watch?v=g8n_WzFKNr0
gGIPdzdXpIQ,5,5,concat,6,https://www.youtube.com/watch?v=gGIPdzdXpIQ
gGmzxjs0a7Y,5,5,concat,6,https://www.youtube.com/watch?v=gGmzxjs0a7Y
gIYG4vhE4N4,5,5,concat,6,https://www.youtube.com/watch?v=gIYG4vhE4N4
gK0ywpgi8-8,5,5,concat,6,https://www.youtube.com/watch?v=gK0ywpgi8-8
gQj_GnpZdOE,5,5,concat,6,https://www.youtube.com/watch?v=gQj_GnpZdOE
gRW46Rr58kY,5,5,concat,6,https://www.youtube.com/watch?v=gRW46Rr58kY
gS2F486uiP4,5,5,concat,6,https://www.youtube.com/watch?v=gS2F486uiP4
gT4RgsbCk48,5,5,concat,6,https://www.youtube.com/watch?v=gT4RgsbCk48
gTkT2WMC1jY,5,5,concat,6,https://www.youtube.com/watch?v=gTkT2WMC1jY
gUKkdwL7PyI,5,5,concat,6,https://www.youtube.com/watch?v=gUKkdwL7PyI
gUXc9I0UOsg,5,5,concat,6,https://www.youtube.com/watch?v=gUXc9I0UOsg
gUnqAyvYN9c,5,5,concat,6,https://www.youtube.com/watch?v=gUnqAyvYN9c
gUt1FXo-X3w,5,5,concat,6,https://www.youtube.com/watch?v=gUt1FXo-X3w
gVIRGDA1fqw,5,5,concat,6,https://www.youtube.com/watch?v=gVIRGDA1fqw
gX0P-SHufvE,5,5,concat,6,https://www.youtube.com/watch?v=gX0P-SHufvE
g_SOkCvbJfM,5,5,concat,6,https://www.youtube.com/watch?v=g_SOkCvbJfM
ghk-TD91P00,5,5,concat,6,https://www.youtube.com/watch?v=ghk-TD91P00
gijrwUC6ux0,5,5,concat,6,https://www.youtube.com/watch?v=gijrwUC6ux0
gjfiqBTUlOA,5,5,concat,6,https://www.youtube.com/watch?v=gjfiqBTUlOA
gjhA2B3YURI,5,5,concat,6,https://www.youtube.com/watch?v=gjhA2B3YURI
gkmMW2hSkaE,5,5,concat,6,https://www.youtube.com/watch?v=gkmMW2hSkaE
goZk8TYReCs,5,5,concat,6,https://www.youtube.com/watch?v=goZk8TYReCs
gokrsXotA6w,5,5,concat,6,https://www.youtube.com/watch?v=gokrsXotA6w
gpATpjgeB2M,5,5,concat,6,https://www.youtube.com/watch?v=gpATpjgeB2M
grdImJvRsik,5,5,concat,6,https://www.youtube.com/watch?v=grdImJvRsik
griD79izymw,5,5,concat,6,https://www.youtube.com/watch?v=griD79izymw
gthqzSJDWrU,5,5,concat,6,https://www.youtube.com/watch?v=gthqzSJDWrU
gvpHkl1uV6Q,5,5,concat,6,https://www.youtube.com/watch?v=gvpHkl1uV6Q
h-mPlLYG4dY,5,5,concat,6,https://www.youtube.com/watch?v=h-mPlLYG4dY
h3J4fVUD5uM,5,5,concat,6,https://www.youtube.com/watch?v=h3J4fVUD5uM
h5o9u4KCP8E,5,5,concat,6,https://www.youtube.com/watch?v=h5o9u4KCP8E
h8f6dX-ejvU,5,5,concat,6,https://www.youtube.com/watch?v=h8f6dX-ejvU
hB5uFp1J8lM,5,5,concat,6,https://www.youtube.com/watch?v=hB5uFp1J8lM
hDjfhNa6KSg,5,5,concat,6,https://www.youtube.com/watch?v=hDjfhNa6KSg
hFimiawnwiQ,5,5,concat,6,https://www.youtube.com/watch?v=hFimiawnwiQ
hGTYjMh9UXo,5,5,concat,6,https://www.youtube.com/watch?v=hGTYjMh9UXo
hLCviWTfZ3c,5,5,concat,6,https://www.youtube.com/watch?v=hLCviWTfZ3c
hLwUIdMyxI4,5,5,concat,6,https://www.youtube.com/watch?v=hLwUIdMyxI4
hO4vk7zjTEI,5,5,concat,6,https://www.youtube.com/watch?v=hO4vk7zjTEI
hObBdQv6meg,5,5,concat,6,https://www.youtube.com/watch?v=hObBdQv6meg
hP5E67Iees4,5,5,concat,6,https://www.youtube.com/watch?v=hP5E67Iees4
hQ9af89lXgc,5,5,concat,6,https://www.youtube.com/watch?v=hQ9af89lXgc
hQenBPdl038,5,5,concat,6,https://www.youtube.com/watch?v=hQenBPdl038
hQlyz_pMguk,5,5,concat,6,https://www.youtube.com/watch?v=hQlyz_pMguk
hR70awDM2Yc,5,5,concat,6,https://www.youtube.com/watch?v=hR70awDM2Yc
hRFLuBNLSDw,5,5,concat,6,https://www.youtube.com/watch?v=hRFLuBNLSDw
hRPJK1QD1qk,5,5,concat,6,https://www.youtube.com/watch?v=hRPJK1QD1qk
hRU6aexGCG8,5,5,concat,6,https://www.youtube.com/watch?v=hRU6aexGCG8
hRzXl_oND6s,5,5,concat,6,https://www.youtube.com/watch?v=hRzXl_oND6s
hUGFwzBmQsY,5,5,concat,6,https://www.youtube.com/watch?v=hUGFwzBmQsY
hVOlqKXudi0,5,5,concat,6,https://www.youtube.com/watch?v=hVOlqKXudi0
hWXGKEwa810,5,5,concat,6,https://www.youtube.com/watch?v=hWXGKEwa810
hckVUe3xCvo,5,5,concat,6,https://www.youtube.com/watch?v=hckVUe3xCvo
hdR4Od-7jHM,5,5,concat,6,https://www.youtube.com/watch?v=hdR4Od-7jHM
hfVxms2DIX4,5,5,concat,6,https://www.youtube.com/watch?v=hfVxms2DIX4
hjkbqeWQAM8,5,5,concat,6,https://www.youtube.com/watch?v=hjkbqeWQAM8
hm_D6nstwQc,5,5,concat,6,https://www.youtube.com/watch?v=hm_D6nstwQc
hnlYZkvtj5w,5,5,concat,6,https://www.youtube.com/watch?v=hnlYZkvtj5w
hoEAazo6hXc,5,5,concat,6,https://www.youtube.com/watch?v=hoEAazo6hXc
hocp9ASy3A0,5,5,concat,6,https://www.youtube.com/watch?v=hocp9ASy3A0
hp-ZncmAicc,5,5,concat,6,https://www.youtube.com/watch?v=hp-ZncmAicc
hpRKUSISXLg,5,5,concat,6,https://www.youtube.com/watch?v=hpRKUSISXLg
hr9DZcvPHIE,5,5,concat,6,https://www.youtube.com/watch?v=hr9DZcvPHIE
huT-1gdiJRk,5,5,concat,6,https://www.youtube.com/watch?v=huT-1gdiJRk
i4PqY-SYSxA,5,5,concat,6,https://www.youtube.com/watch?v=i4PqY-SYSxA
i4VjPxnh2wY,5,5,concat,6,https://www.youtube.com/watch?v=i4VjPxnh2wY
i6iCPrV0aiM,5,5,concat,6,https://www.youtube.com/watch?v=i6iCPrV0aiM
i9LaPbcMZJM,5,5,concat,6,https://www.youtube.com/watch?v=i9LaPbcMZJM
iAYzHy4wlE0,5,5,concat,6,https://www.youtube.com/watch?v=iAYzHy4wlE0
iAode_PVvlM,5,5,concat,6,https://www.youtube.com/watch?v=iAode_PVvlM
iB3UJH0XkxA,5,5,concat,6,https://www.youtube.com/watch?v=iB3UJH0XkxA
iCHGKIPcv2s,5,5,concat,6,https://www.youtube.com/watch?v=iCHGKIPcv2s
iCShRw3IFKk,5,5,concat,6,https://www.youtube.com/watch?v=iCShRw3IFKk
iDS7w3RbKDo,5,5,concat,6,https://www.youtube.com/watch?v=iDS7w3RbKDo
iDSWGGmqcuo,5,5,concat,6,https://www.youtube.com/watch?v=iDSWGGmqcuo
iDSwRqrV5Q4,5,5,concat,6,https://www.youtube.com/watch?v=iDSwRqrV5Q4
iE9vY8Vywas,5,5,concat,6,https://www.youtube.com/watch?v=iE9vY8Vywas
iEhZ8xVRe0s,5,5,concat,6,https://www.youtube.com/watch?v=iEhZ8xVRe0s
iGFYQfXLPFM,5,5,concat,6,https://www.youtube.com/watch?v=iGFYQfXLPFM
iIHlqMLeTxo,5,5,concat,6,https://www.youtube.com/watch?v=iIHlqMLeTxo
iJdhou-EhpQ,5,5,concat,6,https://www.youtube.com/watch?v=iJdhou-EhpQ
iLKQnNkfl-c,5,5,concat,6,https://www.youtube.com/watch?v=iLKQnNkfl-c
iLXsBpIRU0Y,5,5,concat,6,https://www.youtube.com/watch?v=iLXsBpIRU0Y
iLdZMACCPRE,5,5,concat,6,https://www.youtube.com/watch?v=iLdZMACCPRE
iMm2lhGZog8,5,5,concat,6,https://www.youtube.com/watch?v=iMm2lhGZog8
iOgR7hi90Ac,5,5,concat,6,https://www.youtube.com/watch?v=iOgR7hi90Ac
iQ8ERAkb9P8,5,5,concat,6,https://www.youtube.com/watch?v=iQ8ERAkb9P8
iQP9-Dp2reI,5,5,concat,6,https://www.youtube.com/watch?v=iQP9-Dp2reI
iUbDHj0M2IY,5,5,concat,6,https://www.youtube.com/watch?v=iUbDHj0M2IY
iVWP9KjjbVg,5,5,concat,6,https://www.youtube.com/watch?v=iVWP9KjjbVg
iW0MTvbVE3I,5,5,concat,6,https://www.youtube.com/watch?v=iW0MTvbVE3I
iY_Ij5Hkma8,5,5,concat,6,https://www.youtube.com/watch?v=iY_Ij5Hkma8
iZWDnIF_uLk,5,5,concat,6,https://www.youtube.com/watch?v=iZWDnIF_uLk
i_CxU1RL6j4,5,5,concat,6,https://www.youtube.com/watch?v=i_CxU1RL6j4
i_ptKFx1DxI,5,5,concat,6,https://www.youtube.com/watch?v=i_ptKFx1DxI
iaiHckq0Hrg,5,5,concat,6,https://www.youtube.com/watch?v=iaiHckq0Hrg
ibT-P_Xm6JA,5,5,concat,6,https://www.youtube.com/watch?v=ibT-P_Xm6JA
idLIfLWioXY,5,5,concat,6,https://www.youtube.com/watch?v=idLIfLWioXY
ifk7Pk4mFoM,5,5,concat,6,https://www.youtube.com/watch?v=ifk7Pk4mFoM
ijaopBX45Zw,5,5,concat,6,https://www.youtube.com/watch?v=ijaopBX45Zw
ikK1TRV5GF4,5,5,concat,6,https://www.youtube.com/watch?v=ikK1TRV5GF4
ikn5NFXMzD4,5,5,concat,6,https://www.youtube.com/watch?v=ikn5NFXMzD4
inPVElngCko,5,5,concat,6,https://www.youtube.com/watch?v=inPVElngCko
ip5H756TG2A,5,5,concat,6,https://www.youtube.com/watch?v=ip5H756TG2A
ir7czSwWGts,5,5,concat,6,https://www.youtube.com/watch?v=ir7czSwWGts
ivYnOqOKwgE,5,5,concat,6,https://www.youtube.com/watch?v=ivYnOqOKwgE
j-4MMPheUjk,5,5,concat,6,https://www.youtube.com/watch?v=j-4MMPheUjk
j-DAIWWlWJo,5,5,concat,6,https://www.youtube.com/watch?v=j-DAIWWlWJo
j1vKwpzcB_o,5,5,concat,6,https://www.youtube.com/watch?v=j1vKwpzcB_o
j2epmSjirsQ,5,5,concat,6,https://www.youtube.com/watch?v=j2epmSjirsQ
j9LdIjHH1_U,5,5,concat,6,https://www.youtube.com/watch?v=j9LdIjHH1_U
j9PP4SFMCtk,5,5,concat,6,https://www.youtube.com/watch?v=j9PP4SFMCtk
jAaVsgOsZ-o,5,5,concat,6,https://www.youtube.com/watch?v=jAaVsgOsZ-o
jCTKugKkJyQ,5,5,concat,6,https://www.youtube.com/watch?v=jCTKugKkJyQ
jEkBSBz2-So,5,5,concat,6,https://www.youtube.com/watch?v=jEkBSBz2-So
jGc80XEJTYQ,5,5,concat,6,https://www.youtube.com/watch?v=jGc80XEJTYQ
jIbvywmehVA,5,5,concat,6,https://www.youtube.com/watch?v=jIbvywmehVA
jKQcJIF6pmM,5,5,concat,6,https://www.youtube.com/watch?v=jKQcJIF6pmM
jKm-Cd2ne_w,5,5,concat,6,https://www.youtube.com/watch?v=jKm-Cd2ne_w
jN0T9H1kiNQ,5,5,concat,6,https://www.youtube.com/watch?v=jN0T9H1kiNQ
jWdM0fLo578,5,5,concat,6,https://www.youtube.com/watch?v=jWdM0fLo578
j_Q3Db77F3A,5,5,concat,6,https://www.youtube.com/watch?v=j_Q3Db77F3A
je569BukeSE,5,5,concat,6,https://www.youtube.com/watch?v=je569BukeSE
jl2kGHYpBXk,5,5,concat,6,https://www.youtube.com/watch?v=jl2kGHYpBXk
joEEjCxhlTc,5,5,concat,6,https://www.youtube.com/watch?v=joEEjCxhlTc
jouJVPv8i0o,5,5,concat,6,https://www.youtube.com/watch?v=jouJVPv8i0o
jppB5_D1xW0,5,5,concat,6,https://www.youtube.com/watch?v=jppB5_D1xW0
jrp3rAV4FYA,5,5,concat,6,https://www.youtube.com/watch?v=jrp3rAV4FYA
jtfsPMTIRl0,5,5,concat,6,https://www.youtube.com/watch?v=jtfsPMTIRl0
jtsJVgCX5W4,5,5,concat,6,https://www.youtube.com/watch?v=jtsJVgCX5W4
jvfwhMyxKmU,5,5,concat,6,https://www.youtube.com/watch?v=jvfwhMyxKmU
jyX9nQks5ek,5,5,concat,6,https://www.youtube.com/watch?v=jyX9nQks5ek
k-asaoNYyUw,5,5,concat,6,https://www.youtube.com/watch?v=k-asaoNYyUw
k0_WvflO4xo,5,5,concat,6,https://www.youtube.com/watch?v=k0_WvflO4xo
k2rBJiq0tnA,5,5,concat,6,https://www.youtube.com/watch?v=k2rBJiq0tnA
k3k-bnxlHKg,5,5,concat,6,https://www.youtube.com/watch?v=k3k-bnxlHKg
k5OWSzK1pSw,5,5,concat,6,https://www.youtube.com/watch?v=k5OWSzK1pSw
k5dUByESftQ,5,5,concat,6,https://www.youtube.com/watch?v=k5dUByESftQ
k6_qCzOXbjo,5,5,concat,6,https://www.youtube.com/watch?v=k6_qCzOXbjo
k7B45K6pNQw,5,5,concat,6,https://www.youtube.com/watch?v=k7B45K6pNQw
k8vSf6rqhPE,5,5,concat,6,https://www.youtube.com/watch?v=k8vSf6rqhPE
kDAoPv6yOAQ,5,5,concat,6,https://www.youtube.com/watch?v=kDAoPv6yOAQ
kEThxtqF6iU,5,5,concat,6,https://www.youtube.com/watch?v=kEThxtqF6iU
kFMx3Jd0XgI,5,5,concat,6,https://www.youtube.com/watch?v=kFMx3Jd0XgI
kHWwaSFZf6M,5,5,concat,6,https://www.youtube.com/watch?v=kHWwaSFZf6M
kJkffEgeuHg,5,5,concat,6,https://www.youtube.com/watch?v=kJkffEgeuHg
kQlAgYW7g7s,5,5,concat,6,https://www.youtube.com/watch?v=kQlAgYW7g7s
kR5oU_clpmc,5,5,concat,6,https://www.youtube.com/watch?v=kR5oU_clpmc
kR6oAZwRUJc,5,5,concat,6,https://www.youtube.com/watch?v=kR6oAZwRUJc
kRKRZYQPZeQ,5,5,concat,6,https://www.youtube.com/watch?v=kRKRZYQPZeQ
kRRxRTEOY5Q,5,5,concat,6,https://www.youtube.com/watch?v=kRRxRTEOY5Q
kRd75jiSN-U,5,5,concat,6,https://www.youtube.com/watch?v=kRd75jiSN-U
kTBUHwRHXNM,5,5,concat,6,https://www.youtube.com/watch?v=kTBUHwRHXNM
kUVUFO0yWcc,5,5,concat,6,https://www.youtube.com/watch?v=kUVUFO0yWcc
kZ0yasdiBsw,5,5,concat,6,https://www.youtube.com/watch?v=kZ0yasdiBsw
kb8-eXaHies,5,5,concat,6,https://www.youtube.com/watch?v=kb8-eXaHies
khXWNfE8g5Y,5,5,concat,6,https://www.youtube.com/watch?v=khXWNfE8g5Y
kmH4JJr2rDE,5,5,concat,6,https://www.youtube.com/watch?v=kmH4JJr2rDE
ktPwKsFmV9k,5,5,concat,6,https://www.youtube.com/watch?v=ktPwKsFmV9k
kti_QkxoSys,5,5,concat,6,https://www.youtube.com/watch?v=kti_QkxoSys
kyLLUsDNocc,5,5,concat,6,https://www.youtube.com/watch?v=kyLLUsDNocc
l6NC1oUV9kY,5,5,concat,6,https://www.youtube.com/watch?v=l6NC1oUV9kY
l6xkGZcVXPQ,5,5,concat,6,https://www.youtube.com/watch?v=l6xkGZcVXPQ
l8dx5VnlAPw,5,5,concat,6,https://www.youtube.com/watch?v=l8dx5VnlAPw
lGgptu7klVA,5,5,concat,6,https://www.youtube.com/watch?v=lGgptu7klVA
lGp6GR5ADlI,5,5,concat,6,https://www.youtube.com/watch?v=lGp6GR5ADlI
lJ0wQH1912k,5,5,concat,6,https://www.youtube.com/watch?v=lJ0wQH1912k
lJtoKjoKmgo,5,5,concat,6,https://www.youtube.com/watch?v=lJtoKjoKmgo
lNhBYEwu8vg,5,5,concat,6,https://www.youtube.com/watch?v=lNhBYEwu8vg
lQ7f_JpK2Dg,5,5,concat,6,https://www.youtube.com/watch?v=lQ7f_JpK2Dg
lTASsL2YSI4,5,5,concat,6,https://www.youtube.com/watch?v=lTASsL2YSI4
lTRI_d9tVuM,5,5,concat,6,https://www.youtube.com/watch?v=lTRI_d9tVuM
lUF4kFRrKrc,5,5,concat,6,https://www.youtube.com/watch?v=lUF4kFRrKrc
lV1EM4teuOI,5,5,concat,6,https://www.youtube.com/watch?v=lV1EM4teuOI
lW5sl6qgxzg,5,5,concat,6,https://www.youtube.com/watch?v=lW5sl6qgxzg
lYEHeV5CnWM,5,5,concat,6,https://www.youtube.com/watch?v=lYEHeV5CnWM
l_9nMDEXT1A,5,5,concat,6,https://www.youtube.com/watch?v=l_9nMDEXT1A
lai0QjVdq0k,5,5,concat,6,https://www.youtube.com/watch?v=lai0QjVdq0k
lccID7Kr0AE,5,5,concat,6,https://www.youtube.com/watch?v=lccID7Kr0AE
lgRR4kLDi_w,5,5,concat,6,https://www.youtube.com/watch?v=lgRR4kLDi_w
li82DswzatI,5,5,concat,6,https://www.youtube.com/watch?v=li82DswzatI
lmT_KhCrNmg,5,5,concat,6,https://www.youtube.com/watch?v=lmT_KhCrNmg
lmzACgrZOXg,5,5,concat,6,https://www.youtube.com/watch?v=lmzACgrZOXg
lnvhZ6v-HUs,5,5,concat,6,https://www.youtube.com/watch?v=lnvhZ6v-HUs
lswDd4_3SMo,5,5,concat,6,https://www.youtube.com/watch?v=lswDd4_3SMo
lswSPRcRM0U,5,5,concat,6,https://www.youtube.com/watch?v=lswSPRcRM0U
ltVz4El9H7I,5,5,concat,6,https://www.youtube.com/watch?v=ltVz4El9H7I
luN9r-BNq3Y,5,5,concat,6,https://www.youtube.com/watch?v=luN9r-BNq3Y
lx2NV_1mI68,5,5,concat,6,https://www.youtube.com/watch?v=lx2NV_1mI68
m38_-ZYrAmo,5,5,concat,6,https://www.youtube.com/watch?v=m38_-ZYrAmo
m3__6vgYxro,5,5,concat,6,https://www.youtube.com/watch?v=m3__6vgYxro
m4ys9fFPj3M,5,5,concat,6,https://www.youtube.com/watch?v=m4ys9fFPj3M
m5BbkIyMm04,5,5,concat,6,https://www.youtube.com/watch?v=m5BbkIyMm04
m7wjuAFymxo,5,5,concat,6,https://www.youtube.com/watch?v=m7wjuAFymxo
m9Wv0VyH4ck,5,5,concat,6,https://www.youtube.com/watch?v=m9Wv0VyH4ck
mD8JGG9uN10,5,5,concat,6,https://www.youtube.com/watch?v=mD8JGG9uN10
mL43nKZzdE4,5,5,concat,6,https://www.youtube.com/watch?v=mL43nKZzdE4
mNUbW_afD30,5,5,concat,6,https://www.youtube.com/watch?v=mNUbW_afD30
mOrGlWJ40LQ,5,5,concat,6,https://www.youtube.com/watch?v=mOrGlWJ40LQ
mP_JPviys0A,5,5,concat,6,https://www.youtube.com/watch?v=mP_JPviys0A
mTMZdCQGUPo,5,5,concat,6,https://www.youtube.com/watch?v=mTMZdCQGUPo
mUsMzELwchY,5,5,concat,6,https://www.youtube.com/watch?v=mUsMzELwchY
mVubzsxZW7o,5,5,concat,6,https://www.youtube.com/watch?v=mVubzsxZW7o
mW6xWfBtr_k,5,5,concat,6,https://www.youtube.com/watch?v=mW6xWfBtr_k
mWiBEyJcW7s,5,5,concat,6,https://www.youtube.com/watch?v=mWiBEyJcW7s
mbSAaSxbx_U,5,5,concat,6,https://www.youtube.com/watch?v=mbSAaSxbx_U
meFMnHr4F-E,5,5,concat,6,https://www.youtube.com/watch?v=meFMnHr4F-E
mk4oXSScqWI,5,5,concat,6,https://www.youtube.com/watch?v=mk4oXSScqWI
ml8HgEwflfU,5,5,concat,6,https://www.youtube.com/watch?v=ml8HgEwflfU
mntznoTyyl4,5,5,concat,6,https://www.youtube.com/watch?v=mntznoTyyl4
mo6c6gs6Ato,5,5,concat,6,https://www.youtube.com/watch?v=mo6c6gs6Ato
mo7OZFUYC2g,5,5,concat,6,https://www.youtube.com/watch?v=mo7OZFUYC2g
mpwwc_9R4-g,5,5,concat,6,https://www.youtube.com/watch?v=mpwwc_9R4-g
mq6Y29t4Eqg,5,5,concat,6,https://www.youtube.com/watch?v=mq6Y29t4Eqg
mv4ctlkK-RY,5,5,concat,6,https://www.youtube.com/watch?v=mv4ctlkK-RY
mvkv6VQ39R4,5,5,concat,6,https://www.youtube.com/watch?v=mvkv6VQ39R4
mwEFS0Q1-Qo,5,5,concat,6,https://www.youtube.com/watch?v=mwEFS0Q1-Qo
mxaZJ0xulLY,5,5,concat,6,https://www.youtube.com/watch?v=mxaZJ0xulLY
n2R9QCA8kow,5,5,concat,6,https://www.youtube.com/watch?v=n2R9QCA8kow
n3ItIMZAF2A,5,5,concat,6,https://www.youtube.com/watch?v=n3ItIMZAF2A
nA2OuKaQF6E,5,5,concat,6,https://www.youtube.com/watch?v=nA2OuKaQF6E
nCZyE38KK9k,5,5,concat,6,https://www.youtube.com/watch?v=nCZyE38KK9k
nD3CCJwxsVQ,5,5,concat,6,https://www.youtube.com/watch?v=nD3CCJwxsVQ
nFHtycqrNm0,5,5,concat,6,https://www.youtube.com/watch?v=nFHtycqrNm0
nG6RJwWEeLE,5,5,concat,6,https://www.youtube.com/watch?v=nG6RJwWEeLE
nGAH8zCQbBg,5,5,concat,6,https://www.youtube.com/watch?v=nGAH8zCQbBg
nH1831KhlXw,5,5,concat,6,https://www.youtube.com/watch?v=nH1831KhlXw
nHASEFvynFs,5,5,concat,6,https://www.youtube.com/watch?v=nHASEFvynFs
nISOFjOqX20,5,5,concat,6,https://www.youtube.com/watch?v=nISOFjOqX20
nIcxXAfIe9g,5,5,concat,6,https://www.youtube.com/watch?v=nIcxXAfIe9g
nKBl2-qp9XU,5,5,concat,6,https://www.youtube.com/watch?v=nKBl2-qp9XU
nLkpduNfnTI,5,5,concat,6,https://www.youtube.com/watch?v=nLkpduNfnTI
nQLPlMfB8fU,5,5,concat,6,https://www.youtube.com/watch?v=nQLPlMfB8fU
nRTUvHpvK4w,5,5,concat,6,https://www.youtube.com/watch?v=nRTUvHpvK4w
nSArIKaWxRo,5,5,concat,6,https://www.youtube.com/watch?v=nSArIKaWxRo
nTtT3hVJKKw,5,5,concat,6,https://www.youtube.com/watch?v=nTtT3hVJKKw
nWAjAYFLYmw,5,5,concat,6,https://www.youtube.com/watch?v=nWAjAYFLYmw
nZbiNyI5R4M,5,5,concat,6,https://www.youtube.com/watch?v=nZbiNyI5R4M
n_En0vFenK0,5,5,concat,6,https://www.youtube.com/watch?v=n_En0vFenK0
nbgKs-dMZkg,5,5,concat,6,https://www.youtube.com/watch?v=nbgKs-dMZkg
nf7-4ekzr3g,5,5,concat,6,https://www.youtube.com/watch?v=nf7-4ekzr3g
ngSjEs8anjw,5,5,concat,6,https://www.youtube.com/watch?v=ngSjEs8anjw
ngwjs5usfkY,5,5,concat,6,https://www.youtube.com/watch?v=ngwjs5usfkY
nkcbxohDcbU,5,5,concat,6,https://www.youtube.com/watch?v=nkcbxohDcbU
nkk8J5FUPsc,5,5,concat,6,https://www.youtube.com/watch?v=nkk8J5FUPsc
nlIXZdrQsrA,5,5,concat,6,https://www.youtube.com/watch?v=nlIXZdrQsrA
nmzlWWSYLJ4,5,5,concat,6,https://www.youtube.com/watch?v=nmzlWWSYLJ4
nnLze6m8EvI,5,5,concat,6,https://www.youtube.com/watch?v=nnLze6m8EvI
nnVQXvrq1Bc,5,5,concat,6,https://www.youtube.com/watch?v=nnVQXvrq1Bc
nuMp6iPySdc,5,5,concat,6,https://www.youtube.com/watch?v=nuMp6iPySdc
nzXzswYsUn4,5,5,concat,6,https://www.youtube.com/watch?v=nzXzswYsUn4
o1CdVtk0ms0,5,5,concat,6,https://www.youtube.com/watch?v=o1CdVtk0ms0
o5G021W0ijs,5,5,concat,6,https://www.youtube.com/watch?v=o5G021W0ijs
o5loHBrZWk4,5,5,concat,6,https://www.youtube.com/watch?v=o5loHBrZWk4
o7E9DweGGFg,5,5,concat,6,https://www.youtube.com/watch?v=o7E9DweGGFg
o9vNFd5hQes,5,5,concat,6,https://www.youtube.com/watch?v=o9vNFd5hQes
oA1RhnFE1sU,5,5,concat,6,https://www.youtube.com/watch?v=oA1RhnFE1sU
oCK3dnN-Cnk,5,5,concat,6,https://www.youtube.com/watch?v=oCK3dnN-Cnk
oEpZ6wmXW88,5,5,concat,6,https://www.youtube.com/watch?v=oEpZ6wmXW88
oJUR73fAf7k,5,5,concat,6,https://www.youtube.com/watch?v=oJUR73fAf7k
oK0uG4WVhMY,5,5,concat,6,https://www.youtube.com/watch?v=oK0uG4WVhMY
oOXLjUaZUNM,5,5,concat,6,https://www.youtube.com/watch?v=oOXLjUaZUNM
oRIUQzFM9t8,5,5,concat,6,https://www.youtube.com/watch?v=oRIUQzFM9t8
oRmlD1RNlGA,5,5,concat,6,https://www.youtube.com/watch?v=oRmlD1RNlGA
oTBdYFp9l2o,5,5,concat,6,https://www.youtube.com/watch?v=oTBdYFp9l2o
oUegE9LfCUQ,5,5,concat,6,https://www.youtube.com/watch?v=oUegE9LfCUQ
oV8Ho-DgAyc,5,5,concat,6,https://www.youtube.com/watch?v=oV8Ho-DgAyc
oXLiazS8gf0,5,5,concat,6,https://www.youtube.com/watch?v=oXLiazS8gf0
o_QAN74HG6Y,5,5,concat,6,https://www.youtube.com/watch?v=o_QAN74HG6Y
obIJpCleT1g,5,5,concat,6,https://www.youtube.com/watch?v=obIJpCleT1g
ojqwCLmqrs8,5,5,concat,6,https://www.youtube.com/watch?v=ojqwCLmqrs8
okdtf2Y8Tj8,5,5,concat,6,https://www.youtube.com/watch?v=okdtf2Y8Tj8
ooBuwqYljrQ,5,5,concat,6,https://www.youtube.com/watch?v=ooBuwqYljrQ
ooYVcJlIgkc,5,5,concat,6,https://www.youtube.com/watch?v=ooYVcJlIgkc
oomzcwAOuaA,5,5,concat,6,https://www.youtube.com/watch?v=oomzcwAOuaA
orrDEtCvwL8,5,5,concat,6,https://www.youtube.com/watch?v=orrDEtCvwL8
owkH2On9VGs,5,5,concat,6,https://www.youtube.com/watch?v=owkH2On9VGs
oymLcrW20Lc,5,5,concat,6,https://www.youtube.com/watch?v=oymLcrW20Lc
p2n2q2rv5Qc,5,5,concat,6,https://www.youtube.com/watch?v=p2n2q2rv5Qc
p4HK7MwKFUE,5,5,concat,6,https://www.youtube.com/watch?v=p4HK7MwKFUE
p6Ap4tXB4xM,5,5,concat,6,https://www.youtube.com/watch?v=p6Ap4tXB4xM
p6H_LAWABrk,5,5,concat,6,https://www.youtube.com/watch?v=p6H_LAWABrk
p9IMe6g0KiA,5,5,concat,6,https://www.youtube.com/watch?v=p9IMe6g0KiA
p9tHecDqsVg,5,5,concat,6,https://www.youtube.com/watch?v=p9tHecDqsVg
pCfw9DYsuYk,5,5,concat,6,https://www.youtube.com/watch?v=pCfw9DYsuYk
pDlwDkfJMBU,5,5,concat,6,https://www.youtube.com/watch?v=pDlwDkfJMBU
pHkZSJnHcZY,5,5,concat,6,https://www.youtube.com/watch?v=pHkZSJnHcZY
pHrsCi0A_Ss,5,5,concat,6,https://www.youtube.com/watch?v=pHrsCi0A_Ss
pJ3Nq6MuUE0,5,5,concat,6,https://www.youtube.com/watch?v=pJ3Nq6MuUE0
pKzvl4cRt_A,5,5,concat,6,https://www.youtube.com/watch?v=pKzvl4cRt_A
pThpM64kuD4,5,5,concat,6,https://www.youtube.com/watch?v=pThpM64kuD4
pVqkcUGo5rA,5,5,concat,6,https://www.youtube.com/watch?v=pVqkcUGo5rA
pZtV1JzRs4Y,5,5,concat,6,https://www.youtube.com/watch?v=pZtV1JzRs4Y
pbyx_HA_6UY,5,5,concat,6,https://www.youtube.com/watch?v=pbyx_HA_6UY
pcm1CFNjmLg,5,5,concat,6,https://www.youtube.com/watch?v=pcm1CFNjmLg
peQ425I3Kjs,5,5,concat,6,https://www.youtube.com/watch?v=peQ425I3Kjs
ph8edrRS3XY,5,5,concat,6,https://www.youtube.com/watch?v=ph8edrRS3XY
phfruzkGXPM,5,5,concat,6,https://www.youtube.com/watch?v=phfruzkGXPM
piDXAobghFY,5,5,concat,6,https://www.youtube.com/watch?v=piDXAobghFY
pj7tGpieJY8,5,5,concat,6,https://www.youtube.com/watch?v=pj7tGpieJY8
pliWkbiPEYA,5,5,concat,6,https://www.youtube.com/watch?v=pliWkbiPEYA
polUB3GdcYY,5,5,concat,6,https://www.youtube.com/watch?v=polUB3GdcYY
ppz4EiGh3_U,5,5,concat,6,https://www.youtube.com/watch?v=ppz4EiGh3_U
pr51JHwPDLs,5,5,concat,6,https://www.youtube.com/watch?v=pr51JHwPDLs
psUafFE6kFI,5,5,concat,6,https://www.youtube.com/watch?v=psUafFE6kFI
psbfOVdtzEI,5,5,concat,6,https://www.youtube.com/watch?v=psbfOVdtzEI
ptpln1nGXt4,5,5,concat,6,https://www.youtube.com/watch?v=ptpln1nGXt4
pvOwuC37mpw,5,5,concat,6,https://www.youtube.com/watch?v=pvOwuC37mpw
pviz9sQQyRo,5,5,concat,6,https://www.youtube.com/watch?v=pviz9sQQyRo
pz8ffpYnaTI,5,5,concat,6,https://www.youtube.com/watch?v=pz8ffpYnaTI
q-fvXypyNWQ,5,5,concat,6,https://www.youtube.com/watch?v=q-fvXypyNWQ
q-i_t0WOEMg,5,5,concat,6,https://www.youtube.com/watch?v=q-i_t0WOEMg
q7DDCRTCsDE,5,5,concat,6,https://www.youtube.com/watch?v=q7DDCRTCsDE
q9DSO2C2VgM,5,5,concat,6,https://www.youtube.com/watch?v=q9DSO2C2VgM
qCpM4yuxS1k,5,5,concat,6,https://www.youtube.com/watch?v=qCpM4yuxS1k
qDHRQ8IOjxI,5,5,concat,6,https://www.youtube.com/watch?v=qDHRQ8IOjxI
qDShV5VrAwg,5,5,concat,6,https://www.youtube.com/watch?v=qDShV5VrAwg
qEPorufOq1o,5,5,concat,6,https://www.youtube.com/watch?v=qEPorufOq1o
qFvZH9y1cL8,5,5,concat,6,https://www.youtube.com/watch?v=qFvZH9y1cL8
qHGwoKW-yU8,5,5,concat,6,https://www.youtube.com/watch?v=qHGwoKW-yU8
qHaW4YLQWwA,5,5,concat,6,https://www.youtube.com/watch?v=qHaW4YLQWwA
qJ_MAkSY6zU,5,5,concat,6,https://www.youtube.com/watch?v=qJ_MAkSY6zU
qLmeJTd1FLw,5,5,concat,6,https://www.youtube.com/watch?v=qLmeJTd1FLw
qMsuNON6L14,5,5,concat,6,https://www.youtube.com/watch?v=qMsuNON6L14
qPS9KLvfyZQ,5,5,concat,6,https://www.youtube.com/watch?v=qPS9KLvfyZQ
qRuGpqqdhcA,5,5,concat,6,https://www.youtube.com/watch?v=qRuGpqqdhcA
qUVHl2qFE64,5,5,concat,6,https://www.youtube.com/watch?v=qUVHl2qFE64
qWuBwITMXcg,5,5,concat,6,https://www.youtube.com/watch?v=qWuBwITMXcg
qXqjdljWaC4,5,5,concat,6,https://www.youtube.com/watch?v=qXqjdljWaC4
qXum2z26bgY,5,5,concat,6,https://www.youtube.com/watch?v=qXum2z26bgY
qZ36leiBFbQ,5,5,concat,6,https://www.youtube.com/watch?v=qZ36leiBFbQ
qaZxdoMPqgc,5,5,concat,6,https://www.youtube.com/watch?v=qaZxdoMPqgc
qaaE0gGqjbw,5,5,concat,6,https://www.youtube.com/watch?v=qaaE0gGqjbw
qb4wKqhzlZc,5,5,concat,6,https://www.youtube.com/watch?v=qb4wKqhzlZc
qb9ZFruBWbs,5,5,concat,6,https://www.youtube.com/watch?v=qb9ZFruBWbs
qc-7NCnjMQo,5,5,concat,6,https://www.youtube.com/watch?v=qc-7NCnjMQo
qcEN6iDRumM,5,5,concat,6,https://www.youtube.com/watch?v=qcEN6iDRumM
qdwrX5qXh8M,5,5,concat,6,https://www.youtube.com/watch?v=qdwrX5qXh8M
qe6JCeu2pzo,5,5,concat,6,https://www.youtube.com/watch?v=qe6JCeu2pzo
qeVTKiy_uxc,5,5,concat,6,https://www.youtube.com/watch?v=qeVTKiy_uxc
qjd8x6iPnrs,5,5,concat,6,https://www.youtube.com/watch?v=qjd8x6iPnrs
qnBJKqd-QRQ,5,5,concat,6,https://www.youtube.com/watch?v=qnBJKqd-QRQ
qnvrHCbAGTg,5,5,concat,6,https://www.youtube.com/watch?v=qnvrHCbAGTg
qo2Bx5HeF9g,5,5,concat,6,https://www.youtube.com/watch?v=qo2Bx5HeF9g
qob8NXhPVnQ,5,5,concat,6,https://www.youtube.com/watch?v=qob8NXhPVnQ
qp76kkpbS3E,5,5,concat,6,https://www.youtube.com/watch?v=qp76kkpbS3E
qqi8zMQyZ8Y,5,5,concat,6,https://www.youtube.com/watch?v=qqi8zMQyZ8Y
qqmemQIdTFo,5,5,concat,6,https://www.youtube.com/watch?v=qqmemQIdTFo
qraZrNPN68s,5,5,concat,6,https://www.youtube.com/watch?v=qraZrNPN68s
qskZv7gnPYg,5,5,concat,6,https://www.youtube.com/watch?v=qskZv7gnPYg
qteA2Q6PSWI,5,5,concat,6,https://www.youtube.com/watch?v=qteA2Q6PSWI
qwfQtaMdobM,5,5,concat,6,https://www.youtube.com/watch?v=qwfQtaMdobM
qxsR18W6RVg,5,5,concat,6,https://www.youtube.com/watch?v=qxsR18W6RVg
qyqcbVonzKc,5,5,concat,6,https://www.youtube.com/watch?v=qyqcbVonzKc
r032HAspshI,5,5,concat,6,https://www.youtube.com/watch?v=r032HAspshI
r0NhZqtqiNw,5,5,concat,6,https://www.youtube.com/watch?v=r0NhZqtqiNw
r0zVf8oSGmQ,5,5,concat,6,https://www.youtube.com/watch?v=r0zVf8oSGmQ
r1GO6ALZQX4,5,5,concat,6,https://www.youtube.com/watch?v=r1GO6ALZQX4
r4My0_n7uQ0,5,5,concat,6,https://www.youtube.com/watch?v=r4My0_n7uQ0
r7GkTFtlP-Y,5,5,concat,6,https://www.youtube.com/watch?v=r7GkTFtlP-Y
r99wIj7dZ04,5,5,concat,6,https://www.youtube.com/watch?v=r99wIj7dZ04
rCbCzpozPPk,5,5,concat,6,https://www.youtube.com/watch?v=rCbCzpozPPk
rETEUYoaPo8,5,5,concat,6,https://www.youtube.com/watch?v=rETEUYoaPo8
rGCFXO_fF1w,5,5,concat,6,https://www.youtube.com/watch?v=rGCFXO_fF1w
rH2u0qUyLQI,5,5,concat,6,https://www.youtube.com/watch?v=rH2u0qUyLQI
rORyITY_oxw,5,5,concat,6,https://www.youtube.com/watch?v=rORyITY_oxw
rSaDJ8pDT3c,5,5,concat,6,https://www.youtube.com/watch?v=rSaDJ8pDT3c
rU9z1s9UQ1k,5,5,concat,6,https://www.youtube.com/watch?v=rU9z1s9UQ1k
rY9GWqX3BZ4,5,5,concat,6,https://www.youtube.com/watch?v=rY9GWqX3BZ4
rYNStqkilYA,5,5,concat,6,https://www.youtube.com/watch?v=rYNStqkilYA
rY_ntYSCSTY,5,5,concat,6,https://www.youtube.com/watch?v=rY_ntYSCSTY
rZFKaxzlcx8,5,5,concat,6,https://www.youtube.com/watch?v=rZFKaxzlcx8
r_lCtaE2hNE,5,5,concat,6,https://www.youtube.com/watch?v=r_lCtaE2hNE
raYktxLEYzE,5,5,concat,6,https://www.youtube.com/watch?v=raYktxLEYzE
rd85EfbF88M,5,5,concat,6,https://www.youtube.com/watch?v=rd85EfbF88M
rds-AG67tew,5,5,concat,6,https://www.youtube.com/watch?v=rds-AG67tew
rfAeERziunY,5,5,concat,6,https://www.youtube.com/watch?v=rfAeERziunY
rfAt_uQvOQ0,5,5,concat,6,https://www.youtube.com/watch?v=rfAt_uQvOQ0
rl5e_ndjpYc,5,5,concat,6,https://www.youtube.com/watch?v=rl5e_ndjpYc
rrkEte7sFfg,5,5,concat,6,https://www.youtube.com/watch?v=rrkEte7sFfg
rrtIpXbGd1s,5,5,concat,6,https://www.youtube.com/watch?v=rrtIpXbGd1s
rsZL9mtQyxE,5,5,concat,6,https://www.youtube.com/watch?v=rsZL9mtQyxE
rues0eXjG8A,5,5,concat,6,https://www.youtube.com/watch?v=rues0eXjG8A
ruxohkT-bVA,5,5,concat,6,https://www.youtube.com/watch?v=ruxohkT-bVA
rvFQn4WznVU,5,5,concat,6,https://www.youtube.com/watch?v=rvFQn4WznVU
rx2I0rCgfW4,5,5,concat,6,https://www.youtube.com/watch?v=rx2I0rCgfW4
rxLN8yXagSk,5,5,concat,6,https://www.youtube.com/watch?v=rxLN8yXagSk
rxmsqzrp2Mo,5,5,concat,6,https://www.youtube.com/watch?v=rxmsqzrp2Mo
ryRL7aUjMxc,5,5,concat,6,https://www.youtube.com/watch?v=ryRL7aUjMxc
s1f5f6hrxdU,5,5,concat,6,https://www.youtube.com/watch?v=s1f5f6hrxdU
s1ga924tVqM,5,5,concat,6,https://www.youtube.com/watch?v=s1ga924tVqM
s3kj1Wr6i-c,5,5,concat,6,https://www.youtube.com/watch?v=s3kj1Wr6i-c
s4sSbZePLck,5,5,concat,6,https://www.youtube.com/watch?v=s4sSbZePLck
s6cvNg6TRc0,5,5,concat,6,https://www.youtube.com/watch?v=s6cvNg6TRc0
s7TfUqUqVaI,5,5,concat,6,https://www.youtube.com/watch?v=s7TfUqUqVaI
s9VJY4xpo7A,5,5,concat,6,https://www.youtube.com/watch?v=s9VJY4xpo7A
s9cDgrHzlco,5,5,concat,6,https://www.youtube.com/watch?v=s9cDgrHzlco
sBILsIAJS9c,5,5,concat,6,https://www.youtube.com/watch?v=sBILsIAJS9c
sCAHTcaYcJ4,5,5,concat,6,https://www.youtube.com/watch?v=sCAHTcaYcJ4
sCYe1a6V_JM,5,5,concat,6,https://www.youtube.com/watch?v=sCYe1a6V_JM
sFGFZftu7C0,5,5,concat,6,https://www.youtube.com/watch?v=sFGFZftu7C0
sK2KX8cwu_0,5,5,concat,6,https://www.youtube.com/watch?v=sK2KX8cwu_0
sLTvgrVqTkE,5,5,concat,6,https://www.youtube.com/watch?v=sLTvgrVqTkE
sOLy3ZCN8KU,5,5,concat,6,https://www.youtube.com/watch?v=sOLy3ZCN8KU
sR9AOOS9DPY,5,5,concat,6,https://www.youtube.com/watch?v=sR9AOOS9DPY
sTFOEpyHcnU,5,5,concat,6,https://www.youtube.com/watch?v=sTFOEpyHcnU
sUMPLCHfDys,5,5,concat,6,https://www.youtube.com/watch?v=sUMPLCHfDys
sUqwO91zbdc,5,5,concat,6,https://www.youtube.com/watch?v=sUqwO91zbdc
s_n2N-GaefA,5,5,concat,6,https://www.youtube.com/watch?v=s_n2N-GaefA
scRiq3L8A74,5,5,concat,6,https://www.youtube.com/watch?v=scRiq3L8A74
shtOB8MI_FQ,5,5,concat,6,https://www.youtube.com/watch?v=shtOB8MI_FQ
sir9NCfg5ig,5,5,concat,6,https://www.youtube.com/watch?v=sir9NCfg5ig
sivQbHoNhh0,5,5,concat,6,https://www.youtube.com/watch?v=sivQbHoNhh0
sl0y8vC64mc,5,5,concat,6,https://www.youtube.com/watch?v=sl0y8vC64mc
spO5I6cVYZc,5,5,concat,6,https://www.youtube.com/watch?v=spO5I6cVYZc
sxU5g5bzXNc,5,5,concat,6,https://www.youtube.com/watch?v=sxU5g5bzXNc
sxbAc5DIBL0,5,5,concat,6,https://www.youtube.com/watch?v=sxbAc5DIBL0
t2KG1sLRaGk,5,5,concat,6,https://www.youtube.com/watch?v=t2KG1sLRaGk
t3KrndFYhS4,5,5,concat,6,https://www.youtube.com/watch?v=t3KrndFYhS4
tA1neN5Op6s,5,5,concat,6,https://www.youtube.com/watch?v=tA1neN5Op6s
tD3mhik8My8,5,5,concat,6,https://www.youtube.com/watch?v=tD3mhik8My8
tLWXq0a9mgo,5,5,concat,6,https://www.youtube.com/watch?v=tLWXq0a9mgo
tNQOQZBWW_Y,5,5,concat,6,https://www.youtube.com/watch?v=tNQOQZBWW_Y
tPAeez8Xm2Q,5,5,concat,6,https://www.youtube.com/watch?v=tPAeez8Xm2Q
tQSYoZA-7_Q,5,5,concat,6,https://www.youtube.com/watch?v=tQSYoZA-7_Q
tR0ifUFR008,5,5,concat,6,https://www.youtube.com/watch?v=tR0ifUFR008
tRbaW--NEMk,5,5,concat,6,https://www.youtube.com/watch?v=tRbaW--NEMk
tV38OWB5VUU,5,5,concat,6,https://www.youtube.com/watch?v=tV38OWB5VUU
tVCk7SmgXbE,5,5,concat,6,https://www.youtube.com/watch?v=tVCk7SmgXbE
tVCrCpuGXY8,5,5,concat,6,https://www.youtube.com/watch?v=tVCrCpuGXY8
tVSXP_1tukg,5,5,concat,6,https://www.youtube.com/watch?v=tVSXP_1tukg
tWfNLO-dlcw,5,5,concat,6,https://www.youtube.com/watch?v=tWfNLO-dlcw
tXQeiXl3Sxs,5,5,concat,6,https://www.youtube.com/watch?v=tXQeiXl3Sxs
t_Ut47p6O-U,5,5,concat,6,https://www.youtube.com/watch?v=t_Ut47p6O-U
tapgKsYaXJI,5,5,concat,6,https://www.youtube.com/watch?v=tapgKsYaXJI
tauVv3R5IZE,5,5,concat,6,https://www.youtube.com/watch?v=tauVv3R5IZE
tdw_rD2m55s,5,5,concat,6,https://www.youtube.com/watch?v=tdw_rD2m55s
tf36ug1V9Ts,5,5,concat,6,https://www.youtube.com/watch?v=tf36ug1V9Ts
thLCgHpLTio,5,5,concat,6,https://www.youtube.com/watch?v=thLCgHpLTio
tirvO2D1q7g,5,5,concat,6,https://www.youtube.com/watch?v=tirvO2D1q7g
tkmAtJBBWEo,5,5,concat,6,https://www.youtube.com/watch?v=tkmAtJBBWEo
tmWR-UUF_-0,5,5,concat,6,https://www.youtube.com/watch?v=tmWR-UUF_-0
tpJRaLSNyQg,5,5,concat,6,https://www.youtube.com/watch?v=tpJRaLSNyQg
tqDPV8wZht4,5,5,concat,6,https://www.youtube.com/watch?v=tqDPV8wZht4
tqQG7b1mX8Y,5,5,concat,6,https://www.youtube.com/watch?v=tqQG7b1mX8Y
tsgUUTacGV4,5,5,concat,6,https://www.youtube.com/watch?v=tsgUUTacGV4
tu_TZqUDbhQ,5,5,concat,6,https://www.youtube.com/watch?v=tu_TZqUDbhQ
tvfVGZa6INE,5,5,concat,6,https://www.youtube.com/watch?v=tvfVGZa6INE
tx_KhJrDyd4,5,5,concat,6,https://www.youtube.com/watch?v=tx_KhJrDyd4
txosZqW5CBk,5,5,concat,6,https://www.youtube.com/watch?v=txosZqW5CBk
u46nGG3-f3M,5,5,concat,6,https://www.youtube.com/watch?v=u46nGG3-f3M
uCUUx14o04I,5,5,concat,6,https://www.youtube.com/watch?v=uCUUx14o04I
uCk1I6iXC48,5,5,concat,6,https://www.youtube.com/watch?v=uCk1I6iXC48
uD94UsOPDeY,5,5,concat,6,https://www.youtube.com/watch?v=uD94UsOPDeY
uHhNOky2zAU,5,5,concat,6,https://www.youtube.com/watch?v=uHhNOky2zAU
uJ3okYAFRUU,5,5,concat,6,https://www.youtube.com/watch?v=uJ3okYAFRUU
uJGv8wAGhk0,5,5,concat,6,https://www.youtube.com/watch?v=uJGv8wAGhk0
uJg-Y7u8Fj8,5,5,concat,6,https://www.youtube.com/watch?v=uJg-Y7u8Fj8
uOv9ICodqEU,5,5,concat,6,https://www.youtube.com/watch?v=uOv9ICodqEU
uTgfsA6Fd_k,5,5,concat,6,https://www.youtube.com/watch?v=uTgfsA6Fd_k
uW6OEunaIQQ,5,5,concat,6,https://www.youtube.com/watch?v=uW6OEunaIQQ
uWo8abCDaxM,5,5,concat,6,https://www.youtube.com/watch?v=uWo8abCDaxM
uY7-oW4M-ks,5,5,concat,6,https://www.youtube.com/watch?v=uY7-oW4M-ks
uYbPR-iCXMc,5,5,concat,6,https://www.youtube.com/watch?v=uYbPR-iCXMc
u_d5dV2lEL0,5,5,concat,6,https://www.youtube.com/watch?v=u_d5dV2lEL0
ucPQatPwNhw,5,5,concat,6,https://www.youtube.com/watch?v=ucPQatPwNhw
ucsJZH1PAuw,5,5,concat,6,https://www.youtube.com/watch?v=ucsJZH1PAuw
ue74wpnhWsw,5,5,concat,6,https://www.youtube.com/watch?v=ue74wpnhWsw
uerf1Pn-SRM,5,5,concat,6,https://www.youtube.com/watch?v=uerf1Pn-SRM
ugt7TM0fem0,5,5,concat,6,https://www.youtube.com/watch?v=ugt7TM0fem0
uhQd_p7NpGA,5,5,concat,6,https://www.youtube.com/watch?v=uhQd_p7NpGA
ui8IqPJhcw8,5,5,concat,6,https://www.youtube.com/watch?v=ui8IqPJhcw8
ulhORNKjS6U,5,5,concat,6,https://www.youtube.com/watch?v=ulhORNKjS6U
ung98qtQGYc,5,5,concat,6,https://www.youtube.com/watch?v=ung98qtQGYc
uqBh6-JIxa4,5,5,concat,6,https://www.youtube.com/watch?v=uqBh6-JIxa4
uutpEB8AJhA,5,5,concat,6,https://www.youtube.com/watch?v=uutpEB8AJhA
uvPT5_eAtM0,5,5,concat,6,https://www.youtube.com/watch?v=uvPT5_eAtM0
uwXseJ_MkA0,5,5,concat,6,https://www.youtube.com/watch?v=uwXseJ_MkA0
v-FAlei30S8,5,5,concat,6,https://www.youtube.com/watch?v=v-FAlei30S8
v-fsOmNOzQw,5,5,concat,6,https://www.youtube.com/watch?v=v-fsOmNOzQw
v1pcQIZKo0E,5,5,concat,6,https://www.youtube.com/watch?v=v1pcQIZKo0E
v21Oey0Shsg,5,5,concat,6,https://www.youtube.com/watch?v=v21Oey0Shsg
v38mv4zV3xI,5,5,concat,6,https://www.youtube.com/watch?v=v38mv4zV3xI
v3zenHYWD74,5,5,concat,6,https://www.youtube.com/watch?v=v3zenHYWD74
v5RY_KCye94,5,5,concat,6,https://www.youtube.com/watch?v=v5RY_KCye94
v5lUqAggk6E,5,5,concat,6,https://www.youtube.com/watch?v=v5lUqAggk6E
v6xo9pFVKRA,5,5,concat,6,https://www.youtube.com/watch?v=v6xo9pFVKRA
v74V5cYS-Ao,5,5,concat,6,https://www.youtube.com/watch?v=v74V5cYS-Ao
vCxIqBii8rQ,5,5,concat,6,https://www.youtube.com/watch?v=vCxIqBii8rQ
vHKVREY25XM,5,5,concat,6,https://www.youtube.com/watch?v=vHKVREY25XM
vHkj32q1L2Q,5,5,concat,6,https://www.youtube.com/watch?v=vHkj32q1L2Q
vNaq9Ygh4Ek,5,5,concat,6,https://www.youtube.com/watch?v=vNaq9Ygh4Ek
vPtNgA-4cAM,5,5,concat,6,https://www.youtube.com/watch?v=vPtNgA-4cAM
vQJsPKQHBic,5,5,concat,6,https://www.youtube.com/watch?v=vQJsPKQHBic
vQOPcS7JTug,5,5,concat,6,https://www.youtube.com/watch?v=vQOPcS7JTug
vQsQJvg9J2E,5,5,concat,6,https://www.youtube.com/watch?v=vQsQJvg9J2E
vS2efMokSZQ,5,5,concat,6,https://www.youtube.com/watch?v=vS2efMokSZQ
vVzqh7GVokw,5,5,concat,6,https://www.youtube.com/watch?v=vVzqh7GVokw
v_PoK3nEMbU,5,5,concat,6,https://www.youtube.com/watch?v=v_PoK3nEMbU
v_rWTZp6x4c,5,5,concat,6,https://www.youtube.com/watch?v=v_rWTZp6x4c
vlGjlMJdW98,5,5,concat,6,https://www.youtube.com/watch?v=vlGjlMJdW98
vlRlGqDqUa4,5,5,concat,6,https://www.youtube.com/watch?v=vlRlGqDqUa4
vne8D3ubrW0,5,5,concat,6,https://www.youtube.com/watch?v=vne8D3ubrW0
vo4YMJGyM-M,5,5,concat,6,https://www.youtube.com/watch?v=vo4YMJGyM-M
voRC84vCELs,5,5,concat,6,https://www.youtube.com/watch?v=voRC84vCELs
vpHi0gGcpto,5,5,concat,6,https://www.youtube.com/watch?v=vpHi0gGcpto
vpmQwtF14bM,5,5,concat,6,https://www.youtube.com/watch?v=vpmQwtF14bM
vrk6JO8hTEM,5,5,concat,6,https://www.youtube.com/watch?v=vrk6JO8hTEM
vyKOdoRCRC4,5,5,concat,6,https://www.youtube.com/watch?v=vyKOdoRCRC4
w-pjnvV7jB4,5,5,concat,6,https://www.youtube.com/watch?v=w-pjnvV7jB4
w8DkCbFwAv0,5,5,concat,6,https://www.youtube.com/watch?v=w8DkCbFwAv0
w91Z0YPHXig,5,5,concat,6,https://www.youtube.com/watch?v=w91Z0YPHXig
w9GS1lljjaw,5,5,concat,6,https://www.youtube.com/watch?v=w9GS1lljjaw
wAWyvVMhtyg,5,5,concat,6,https://www.youtube.com/watch?v=wAWyvVMhtyg
wAdP3F5LiTQ,5,5,concat,6,https://www.youtube.com/watch?v=wAdP3F5LiTQ
wCyEO_Guqh4,5,5,concat,6,https://www.youtube.com/watch?v=wCyEO_Guqh4
wEwXBbf8JN0,5,5,concat,6,https://www.youtube.com/watch?v=wEwXBbf8JN0
wFYVrb-WC74,5,5,concat,6,https://www.youtube.com/watch?v=wFYVrb-WC74
wG9xYv_k39Q,5,5,concat,6,https://www.youtube.com/watch?v=wG9xYv_k39Q
wHrOe_Uhs0c,5,5,concat,6,https://www.youtube.com/watch?v=wHrOe_Uhs0c
wLEIxOy8py8,5,5,concat,6,https://www.youtube.com/watch?v=wLEIxOy8py8
wNGycITNGtI,5,5,concat,6,https://www.youtube.com/watch?v=wNGycITNGtI
wQJwR58Rv4o,5,5,concat,6,https://www.youtube.com/watch?v=wQJwR58Rv4o
wS2nzuiXbGs,5,5,concat,6,https://www.youtube.com/watch?v=wS2nzuiXbGs
wUO5GN9l-70,5,5,concat,6,https://www.youtube.com/watch?v=wUO5GN9l-70
wX6r1CEOHi0,5,5,concat,6,https://www.youtube.com/watch?v=wX6r1CEOHi0
wYIPLbvU7ks,5,5,concat,6,https://www.youtube.com/watch?v=wYIPLbvU7ks
w_finSEQUpA,5,5,concat,6,https://www.youtube.com/watch?v=w_finSEQUpA
wgeZ0iUA_ok,5,5,concat,6,https://www.youtube.com/watch?v=wgeZ0iUA_ok
wiXGngyaU7k,5,5,concat,6,https://www.youtube.com/watch?v=wiXGngyaU7k
witeYkETvXk,5,5,concat,6,https://www.youtube.com/watch?v=witeYkETvXk
wjMBVb8dFiE,5,5,concat,6,https://www.youtube.com/watch?v=wjMBVb8dFiE
wjSzlCZT1NM,5,5,concat,6,https://www.youtube.com/watch?v=wjSzlCZT1NM
wk8BRR6fYf0,5,5,concat,6,https://www.youtube.com/watch?v=wk8BRR6fYf0
wkHQED5e3Do,5,5,concat,6,https://www.youtube.com/watch?v=wkHQED5e3Do
wnu81XfW_qw,5,5,concat,6,https://www.youtube.com/watch?v=wnu81XfW_qw
wroYx2LfwG4,5,5,concat,6,https://www.youtube.com/watch?v=wroYx2LfwG4
wuC5m4DDuTw,5,5,concat,6,https://www.youtube.com/watch?v=wuC5m4DDuTw
wuX3F0DttwU,5,5,concat,6,https://www.youtube.com/watch?v=wuX3F0DttwU
wvJXTMJaJP0,5,5,concat,6,https://www.youtube.com/watch?v=wvJXTMJaJP0
wvvvd-oFrxc,5,5,concat,6,https://www.youtube.com/watch?v=wvvvd-oFrxc
wwH0pDibjW0,5,5,concat,6,https://www.youtube.com/watch?v=wwH0pDibjW0
wxSaqwiSnuw,5,5,concat,6,https://www.youtube.com/watch?v=wxSaqwiSnuw
wy5ibKQImJY,5,5,concat,6,https://www.youtube.com/watch?v=wy5ibKQImJY
wyrB8Rpzik0,5,5,concat,6,https://www.youtube.com/watch?v=wyrB8Rpzik0
x3DhNcSyDsM,5,5,concat,6,https://www.youtube.com/watch?v=x3DhNcSyDsM
x474UbI0-jQ,5,5,concat,6,https://www.youtube.com/watch?v=x474UbI0-jQ
x4i4iFghKIQ,5,5,concat,6,https://www.youtube.com/watch?v=x4i4iFghKIQ
x5X2F-69_6Y,5,5,concat,6,https://www.youtube.com/watch?v=x5X2F-69_6Y
x6QiZBanH8s,5,5,concat,6,https://www.youtube.com/watch?v=x6QiZBanH8s
x7DexJPXkeQ,5,5,concat,6,https://www.youtube.com/watch?v=x7DexJPXkeQ
xATu_AJj5hU,5,5,concat,6,https://www.youtube.com/watch?v=xATu_AJj5hU
xCEEZld64PE,5,5,concat,6,https://www.youtube.com/watch?v=xCEEZld64PE
xFHDBZy1_Aw,5,5,concat,6,https://www.youtube.com/watch?v=xFHDBZy1_Aw
xFtwbqUM55E,5,5,concat,6,https://www.youtube.com/watch?v=xFtwbqUM55E
xGVKA8zH5RY,5,5,concat,6,https://www.youtube.com/watch?v=xGVKA8zH5RY
xHUqrTULVhc,5,5,concat,6,https://www.youtube.com/watch?v=xHUqrTULVhc
xPXouW5qyu0,5,5,concat,6,https://www.youtube.com/watch?v=xPXouW5qyu0
xTGQ-Ru0P5U,5,5,concat,6,https://www.youtube.com/watch?v=xTGQ-Ru0P5U
xVSlvdnBmzw,5,5,concat,6,https://www.youtube.com/watch?v=xVSlvdnBmzw
xWoP4Zw8S_U,5,5,concat,6,https://www.youtube.com/watch?v=xWoP4Zw8S_U
xXiUYZclrww,5,5,concat,6,https://www.youtube.com/watch?v=xXiUYZclrww
xZFXMuivCPc,5,5,concat,6,https://www.youtube.com/watch?v=xZFXMuivCPc
xZJvtG0qSF0,5,5,concat,6,https://www.youtube.com/watch?v=xZJvtG0qSF0
xZhKlD4QdlQ,5,5,concat,6,https://www.youtube.com/watch?v=xZhKlD4QdlQ
xbgMSdfE9hQ,5,5,concat,6,https://www.youtube.com/watch?v=xbgMSdfE9hQ
xe3kdQ1tNW0,5,5,concat,6,https://www.youtube.com/watch?v=xe3kdQ1tNW0
xf5j98WbTyc,5,5,concat,6,https://www.youtube.com/watch?v=xf5j98WbTyc
xfTHekFCLM8,5,5,concat,6,https://www.youtube.com/watch?v=xfTHekFCLM8
xffEwpoEOYI,5,5,concat,6,https://www.youtube.com/watch?v=xffEwpoEOYI
xhg4AEf-uH0,5,5,concat,6,https://www.youtube.com/watch?v=xhg4AEf-uH0
xi612qwKis8,5,5,concat,6,https://www.youtube.com/watch?v=xi612qwKis8
xjKgU3xxhYQ,5,5,concat,6,https://www.youtube.com/watch?v=xjKgU3xxhYQ
xjL_7iSqH1g,5,5,concat,6,https://www.youtube.com/watch?v=xjL_7iSqH1g
xmJCj-9eALU,5,5,concat,6,https://www.youtube.com/watch?v=xmJCj-9eALU
xpMh3NfmMOA,5,5,concat,6,https://www.youtube.com/watch?v=xpMh3NfmMOA
xrEfi6CQddw,5,5,concat,6,https://www.youtube.com/watch?v=xrEfi6CQddw
xrKwcnf1awo,5,5,concat,6,https://www.youtube.com/watch?v=xrKwcnf1awo
xt_1z4r7t_g,5,5,concat,6,https://www.youtube.com/watch?v=xt_1z4r7t_g
xtbAx8SvxqM,5,5,concat,6,https://www.youtube.com/watch?v=xtbAx8SvxqM
xtwBpoNHd_0,5,5,concat,6,https://www.youtube.com/watch?v=xtwBpoNHd_0
xvvAPJQ-gJo,5,5,concat,6,https://www.youtube.com/watch?v=xvvAPJQ-gJo
xwuWiKyEd9A,5,5,concat,6,https://www.youtube.com/watch?v=xwuWiKyEd9A
xyZmrMlTsns,5,5,concat,6,https://www.youtube.com/watch?v=xyZmrMlTsns
xzUEuPFyXnE,5,5,concat,6,https://www.youtube.com/watch?v=xzUEuPFyXnE
y1U3jJeqerU,5,5,concat,6,https://www.youtube.com/watch?v=y1U3jJeqerU
y1eHshD7mMM,5,5,concat,6,https://www.youtube.com/watch?v=y1eHshD7mMM
y3Cx-dNTwMc,5,5,concat,6,https://www.youtube.com/watch?v=y3Cx-dNTwMc
y3dYoSS4dUA,5,5,concat,6,https://www.youtube.com/watch?v=y3dYoSS4dUA
yB7tv1wfqfM,5,5,concat,6,https://www.youtube.com/watch?v=yB7tv1wfqfM
yCwHKTELCVs,5,5,concat,6,https://www.youtube.com/watch?v=yCwHKTELCVs
yGP1hG3NUYo,5,5,concat,6,https://www.youtube.com/watch?v=yGP1hG3NUYo
yIuAQJwt7ak,5,5,concat,6,https://www.youtube.com/watch?v=yIuAQJwt7ak
yL0eBiP7j2Q,5,5,concat,6,https://www.youtube.com/watch?v=yL0eBiP7j2Q
yLn5DdNAeTA,5,5,concat,6,https://www.youtube.com/watch?v=yLn5DdNAeTA
yNtl8JcxiQY,5,5,concat,6,https://www.youtube.com/watch?v=yNtl8JcxiQY
yTL-9cHc6b0,5,5,concat,6,https://www.youtube.com/watch?v=yTL-9cHc6b0
yUe57eRdoRA,5,5,concat,6,https://www.youtube.com/watch?v=yUe57eRdoRA
yVv_udR7AwA,5,5,concat,6,https://www.youtube.com/watch?v=yVv_udR7AwA
yW1WZzYfFMg,5,5,concat,6,https://www.youtube.com/watch?v=yW1WZzYfFMg
yZeuF74Q7Mk,5,5,concat,6,https://www.youtube.com/watch?v=yZeuF74Q7Mk
yaw3PJK9EEs,5,5,concat,6,https://www.youtube.com/watch?v=yaw3PJK9EEs
yb9GkmZZ7oo,5,5,concat,6,https://www.youtube.com/watch?v=yb9GkmZZ7oo
ydbHAYFZgNw,5,5,concat,6,https://www.youtube.com/watch?v=ydbHAYFZgNw
yebGh3Qo0oQ,5,5,concat,6,https://www.youtube.com/watch?v=yebGh3Qo0oQ
ygezLA0cKIc,5,5,concat,6,https://www.youtube.com/watch?v=ygezLA0cKIc
yjADtmPPaEw,5,5,concat,6,https://www.youtube.com/watch?v=yjADtmPPaEw
ykL4CAlzcYQ,5,5,concat,6,https://www.youtube.com/watch?v=ykL4CAlzcYQ
ylsyTchhTjc,5,5,concat,6,https://www.youtube.com/watch?v=ylsyTchhTjc
yofe2wbyBe8,5,5,concat,6,https://www.youtube.com/watch?v=yofe2wbyBe8
ypUHxQMZZD8,5,5,concat,6,https://www.youtube.com/watch?v=ypUHxQMZZD8
yqAC28IMZjw,5,5,concat,6,https://www.youtube.com/watch?v=yqAC28IMZjw
yqEnWQgHoDI,5,5,concat,6,https://www.youtube.com/watch?v=yqEnWQgHoDI
yqyt230e_nY,5,5,concat,6,https://www.youtube.com/watch?v=yqyt230e_nY
yvSOGQSbKaU,5,5,concat,6,https://www.youtube.com/watch?v=yvSOGQSbKaU
yxXh1L-7MtQ,5,5,concat,6,https://www.youtube.com/watch?v=yxXh1L-7MtQ
yyw6BaN9Jkg,5,5,concat,6,https://www.youtube.com/watch?v=yyw6BaN9Jkg
z1Z5QFwZal4,5,5,concat,6,https://www.youtube.com/watch?v=z1Z5QFwZal4
z2kzijeu_Gk,5,5,concat,6,https://www.youtube.com/watch?v=z2kzijeu_Gk
z7xWPLu63FY,5,5,concat,6,https://www.youtube.com/watch?v=z7xWPLu63FY
zCU1X-y4XJ8,5,5,concat,6,https://www.youtube.com/watch?v=zCU1X-y4XJ8
zIDMimsr8TU,5,5,concat,6,https://www.youtube.com/watch?v=zIDMimsr8TU
zOu5vhxHhN8,5,5,concat,6,https://www.youtube.com/watch?v=zOu5vhxHhN8
zS2komK6ZCY,5,5,concat,6,https://www.youtube.com/watch?v=zS2komK6ZCY
zUhxeiUA82w,5,5,concat,6,https://www.youtube.com/watch?v=zUhxeiUA82w
zbvJEITCnyM,5,5,concat,6,https://www.youtube.com/watch?v=zbvJEITCnyM
zc5LhS0RW90,5,5,concat,6,https://www.youtube.com/watch?v=zc5LhS0RW90
zc8UleyWnhA,5,5,concat,6,https://www.youtube.com/watch?v=zc8UleyWnhA
zcOlSwoad1g,5,5,concat,6,https://www.youtube.com/watch?v=zcOlSwoad1g
zca-GVm04Fs,5,5,concat,6,https://www.youtube.com/watch?v=zca-GVm04Fs
zcuWdGuImEk,5,5,concat,6,https://www.youtube.com/watch?v=zcuWdGuImEk
zfO9EUwkoks,5,5,concat,6,https://www.youtube.com/watch?v=zfO9EUwkoks
zfTCNkJAjh8,5,5,concat,6,https://www.youtube.com/watch?v=zfTCNkJAjh8
zfoca2hZSQ4,5,5,concat,6,https://www.youtube.com/watch?v=zfoca2hZSQ4
zg_D18fKPdE,5,5,concat,6,https://www.youtube.com/watch?v=zg_D18fKPdE
zggeu0Edr9M,5,5,concat,6,https://www.youtube.com/watch?v=zggeu0Edr9M
zgxzGiI0Xo8,5,5,concat,6,https://www.youtube.com/watch?v=zgxzGiI0Xo8
zh0IV_w4iCg,5,5,concat,6,https://www.youtube.com/watch?v=zh0IV_w4iCg
znJQZ7eQZ1E,5,5,concat,6,https://www.youtube.com/watch?v=znJQZ7eQZ1E
zoayq1Ezmio,5,5,concat,6,https://www.youtube.com/watch?v=zoayq1Ezmio
zri5Q3Cjm2A,5,5,concat,6,https://www.youtube.com/watch?v=zri5Q3Cjm2A
zsA_zscf_Jc,5,5,concat,6,https://www.youtube.com/watch?v=zsA_zscf_Jc
zucu2l1-Hpg,5,5,concat,6,https://www.youtube.com/watch?v=zucu2l1-Hpg
zujcz2BuCIo,5,5,concat,6,https://www.youtube.com/watch?v=zujcz2BuCIo
zwIzj1jGktI,5,5,concat,6,https://www.youtube.com/watch?v=zwIzj1jGktI
zx8irD_r2h0,5,5,concat,6,https://www.youtube.com/watch?v=zx8irD_r2h0
zyZJBMnzKOg,5,5,concat,6,https://www.youtube.com/watch?v=zyZJBMnzKOg
zyubISCO9Sg,5,5,concat,6,https://www.youtube.com/watch?v=zyubISCO9Sg
zzNaimKzn0I,5,5,concat,6,https://www.youtube.com/watch?v=zzNaimKzn0I
zzz3a_11-tY,5,5,concat,6,https://www.youtube.com/watch?v=zzz3a_11-tY
