video_id,cluster,cluster_id,fusion_strategy,k_selected
-0otyLUKU-c,0,0,concat,6
-3U_meoY_zg,0,0,concat,6
-4NGVSZlZAw,0,0,concat,6
-7ACV1s1RGw,0,0,concat,6
-8sNtdGMJ6A,0,0,concat,6
-A7SldGQ6vU,0,0,concat,6
-DSuGJqlSvs,0,0,concat,6
-DiNjT1CVEU,0,0,concat,6
-G6PZx3relE,0,0,concat,6
-HVZqE4TDwM,0,0,concat,6
-IKtoAyJ1kk,0,0,concat,6
-IPlEGsoclQ,0,0,concat,6
-JLTSiqhqCs,0,0,concat,6
-JyRn5BO_mA,0,0,concat,6
-QwMuybo2co,0,0,concat,6
-ZVAdAydyU0,0,0,concat,6
-aoiyXx9oxE,0,0,concat,6
-lDUNGfGzSk,0,0,concat,6
-ptf9bae9mA,0,0,concat,6
-sH0lllmAnI,0,0,concat,6
00L2OwzAAnY,0,0,concat,6
07GzTqywZLY,0,0,concat,6
0HbZ0M8fpwA,0,0,concat,6
0IJNhIt2TSs,0,0,concat,6
0JYgbC5a0sY,0,0,concat,6
0Ve7xCDPq_U,0,0,concat,6
0d_yd7AUx3g,0,0,concat,6
0grCwQilvVg,0,0,concat,6
0jMSePw8YQ4,0,0,concat,6
0s74-EGxPCQ,0,0,concat,6
0sG5knvQaeA,0,0,concat,6
0yzT9b9uGHE,0,0,concat,6
0z2gYFnt6Ok,0,0,concat,6
10nzkQwvY10,0,0,concat,6
12rW2QafrfQ,0,0,concat,6
15P2pYBXcj4,0,0,concat,6
1Binz_hxbvY,0,0,concat,6
1D0UNnmfNFc,0,0,concat,6
1I77sO2_0uM,0,0,concat,6
1IiLd_fQwCc,0,0,concat,6
1Ld-AKZLpVw,0,0,concat,6
1NiRyG0dShQ,0,0,concat,6
1PTTnmM1tec,0,0,concat,6
1Rli05-zarE,0,0,concat,6
1SDkOObEGuc,0,0,concat,6
1T7JTaYaRpM,0,0,concat,6
1XKsIcGxCIs,0,0,concat,6
1ddS3ksUXmw,0,0,concat,6
1inNvnYFzuY,0,0,concat,6
1jBQZoPCdoQ,0,0,concat,6
1qu69aDti4c,0,0,concat,6
1r0FOpkAt4Q,0,0,concat,6
1wbRB8GIepw,0,0,concat,6
1wdwaMFLemU,0,0,concat,6
22YSIgm1NIc,0,0,concat,6
27_W_CQJIKA,0,0,concat,6
29qrez2YuYI,0,0,concat,6
2Bka_mZ9SnY,0,0,concat,6
2DQOlCrQZwI,0,0,concat,6
2H3Sqtk8Nno,0,0,concat,6
2JFg1dLdufY,0,0,concat,6
2L2_kmmLa_A,0,0,concat,6
2LEYMKRKnG4,0,0,concat,6
2MYeUkgQezo,0,0,concat,6
2OtYn2xN-tU,0,0,concat,6
2OtqkvubdVk,0,0,concat,6
2P9Qw4Pje5I,0,0,concat,6
2Sv1UXTrZjc,0,0,concat,6
2VlAQJ0nqIU,0,0,concat,6
2Whf_n9kwOg,0,0,concat,6
2YTfyoHjIIA,0,0,concat,6
2aU_cAz9YHo,0,0,concat,6
2mreQKcsL6E,0,0,concat,6
2nr5DwNjlAc,0,0,concat,6
2qTGM4P6d-g,0,0,concat,6
2u4S6P9AHws,0,0,concat,6
2uKjZ6o_NsM,0,0,concat,6
30F_U-cDSqQ,0,0,concat,6
32bP0aHIg1o,0,0,concat,6
3A7OO0ySG-U,0,0,concat,6
3AblHVSj54s,0,0,concat,6
3Bf2mCX5f4o,0,0,concat,6
3D5gK53jOHg,0,0,concat,6
3I63SZSV_LM,0,0,concat,6
3IzpzGfHVw0,0,0,concat,6
3QQX157pHwc,0,0,concat,6
3SUFKsehock,0,0,concat,6
3Xe9cpH4rRs,0,0,concat,6
3dYJAFEGN1A,0,0,concat,6
3ew8l3fXdWo,0,0,concat,6
3fkQLqcgXD8,0,0,concat,6
3gvdTW0YIKg,0,0,concat,6
3onX0FH6WIE,0,0,concat,6
3tC1iCHOrok,0,0,concat,6
43XtY9N-ARQ,0,0,concat,6
4GTwgXcaYgo,0,0,concat,6
4KsY-RE4AfU,0,0,concat,6
4RZSx02_iVM,0,0,concat,6
4TAie1o1QB0,0,0,concat,6
4U21oVh-WUE,0,0,concat,6
4XtXrzOH6ww,0,0,concat,6
4ZFgVn_UQew,0,0,concat,6
4amnQaqz_YQ,0,0,concat,6
4fEajnENiZs,0,0,concat,6
4qZjsEEWbYQ,0,0,concat,6
4xOVFWth5OI,0,0,concat,6
50PfwrxqU9I,0,0,concat,6
50y3blheT5o,0,0,concat,6
563uS8SINjA,0,0,concat,6
56Q4kO8gRKo,0,0,concat,6
5FB4F3ZZ3CY,0,0,concat,6
5GwQGmQB-u4,0,0,concat,6
5L4305Ctclc,0,0,concat,6
5QKFdwwgu9U,0,0,concat,6
5SXunteEnBs,0,0,concat,6
5VxgqAXCpG4,0,0,concat,6
5jqpTuN4sWo,0,0,concat,6
5o2lpjFDgaI,0,0,concat,6
5uwxD-fnU-I,0,0,concat,6
5vC6KWS-N-c,0,0,concat,6
5w9GtTLEW4E,0,0,concat,6
5wxvCUJF_SU,0,0,concat,6
62eYpPEMnfU,0,0,concat,6
62uU6XaLru4,0,0,concat,6
63-e-oIv2uc,0,0,concat,6
64LJnjkZsLs,0,0,concat,6
68-nvAck_Pc,0,0,concat,6
6CoWMGFvHp0,0,0,concat,6
6DVXvnanjiI,0,0,concat,6
6IsmwFn1BvE,0,0,concat,6
6NRXQlmKyJA,0,0,concat,6
6VoIP6WRfrg,0,0,concat,6
6XyTZj66PL8,0,0,concat,6
6YkCffAtHZA,0,0,concat,6
6hHw2mrn5Uc,0,0,concat,6
6hnGJWxjQPY,0,0,concat,6
6pB3LKIxFrM,0,0,concat,6
6pNcQoKA84s,0,0,concat,6
6sXgwWp4KAQ,0,0,concat,6
6tg3zrA1gM8,0,0,concat,6
72fZdONsg24,0,0,concat,6
73rT3h_Iyso,0,0,concat,6
75RJwrYtHfI,0,0,concat,6
7928x3YcOyA,0,0,concat,6
79cKP6NdbIc,0,0,concat,6
79sJ4RWYjeg,0,0,concat,6
7G0M3G2kFQI,0,0,concat,6
7IyMtjJ7-Wc,0,0,concat,6
7JeFqJI9Cag,0,0,concat,6
7LHBDwDgQqc,0,0,concat,6
7M9UtPHumvk,0,0,concat,6
7NUV1FAXmPU,0,0,concat,6
7QMHV83ITTw,0,0,concat,6
7Rhrz4FK5mA,0,0,concat,6
7V2wAcpQfb0,0,0,concat,6
7WECP_QwiSk,0,0,concat,6
7Yzw-cw6MN8,0,0,concat,6
7ll9xN35P7Q,0,0,concat,6
7mhWa0PgYZ0,0,0,concat,6
7p2G4voYPwM,0,0,concat,6
7pbFXBuiLYE,0,0,concat,6
7qe0fcoE1wY,0,0,concat,6
7srnga3dzlY,0,0,concat,6
7t0PyqYsac8,0,0,concat,6
7uPkrYjz_NQ,0,0,concat,6
8Es5IlASoOI,0,0,concat,6
8M4E2AT1-g0,0,0,concat,6
8QiLWVB9Zto,0,0,concat,6
8_JefUS1o_w,0,0,concat,6
8h5bi0EY-lM,0,0,concat,6
8qeMOvX_yL4,0,0,concat,6
8slK1M-pka0,0,0,concat,6
92KdNJHFRCI,0,0,concat,6
94ie7wZj7ZY,0,0,concat,6
96St-G_Ry8o,0,0,concat,6
9F-VnfH8juI,0,0,concat,6
9KhLJYlab5A,0,0,concat,6
9LiAcR6Vcuo,0,0,concat,6
9Qlfy9AqEZc,0,0,concat,6
9S-dTbIk7nA,0,0,concat,6
9TdpHfLJou8,0,0,concat,6
9_CNeufdSA4,0,0,concat,6
9aIBy96GQ1o,0,0,concat,6
9b5BKFZoBVo,0,0,concat,6
9gb4alzN5PA,0,0,concat,6
9j4pBKXOcvk,0,0,concat,6
9vsi7NHgD1w,0,0,concat,6
9xQZcGRExbk,0,0,concat,6
A-JCJOSlStQ,0,0,concat,6
A4WHUWEkB_c,0,0,concat,6
AAxCglz-dSo,0,0,concat,6
ACMfratUm5I,0,0,concat,6
AHDBPktGPrg,0,0,concat,6
AKwFBgDKE64,0,0,concat,6
AMHfjh-VgDg,0,0,concat,6
AQCU2EhTl2s,0,0,concat,6
AVvMZafbYZU,0,0,concat,6
AWQT_JUz-e8,0,0,concat,6
AgLKWZnIYVQ,0,0,concat,6
AgLbDOOm7eE,0,0,concat,6
AsR9gEDDTN0,0,0,concat,6
AwtXF1272bk,0,0,concat,6
AyPb0xDmG70,0,0,concat,6
B-sup3_89kU,0,0,concat,6
B4XNRakFY9o,0,0,concat,6
B8ohd5bNogs,0,0,concat,6
B9Uc0FKUQE0,0,0,concat,6
B9Yg7KFrtRo,0,0,concat,6
BICIijkw2CA,0,0,concat,6
BJzmtcxqVrU,0,0,concat,6
BUQArCvAtO0,0,0,concat,6
BVirD3fIHSM,0,0,concat,6
Bhn7ni4ibGE,0,0,concat,6
Bklkq9pncL4,0,0,concat,6
Brw7rKZf6Uo,0,0,concat,6
Buh8Y3CwPu0,0,0,concat,6
Bw0RNBdHq1A,0,0,concat,6
BwMZd7iy_sc,0,0,concat,6
C1NXc_isx3E,0,0,concat,6
C4p4xrvsK5w,0,0,concat,6
C5yV4X7x96E,0,0,concat,6
C8X6GPzz4lU,0,0,concat,6
C9fOT2w771M,0,0,concat,6
CC2umLijZLE,0,0,concat,6
CPP17TABJHg,0,0,concat,6
CRWR13BAIEs,0,0,concat,6
CVfXpY1UdjU,0,0,concat,6
CX90iZVIwjw,0,0,concat,6
C_rF2XQWTCA,0,0,concat,6
Ccii3FRYXLE,0,0,concat,6
CgrojExyb_s,0,0,concat,6
CjLPlHJhaLQ,0,0,concat,6
Cok9pKqhlIU,0,0,concat,6
CtL__8JCU20,0,0,concat,6
CzD0G4Ee7k0,0,0,concat,6
D-IXCi8WqSE,0,0,concat,6
D-P6FwNNP3M,0,0,concat,6
D16EiQc25Aw,0,0,concat,6
DDqJVQfCDks,0,0,concat,6
DFHesPqEiwE,0,0,concat,6
DHoIICtSohQ,0,0,concat,6
DJVBGQvhFEc,0,0,concat,6
DO6rVx86u0k,0,0,concat,6
DS_scl2l7HM,0,0,concat,6
DSinMYWMZtI,0,0,concat,6
DTPGALkbTTg,0,0,concat,6
DTlGX2jgWPk,0,0,concat,6
DWJqy0wfs9E,0,0,concat,6
DaojTx9oBus,0,0,concat,6
DgfnrQVe8Nk,0,0,concat,6
DhA8r8b-Noc,0,0,concat,6
Dj5W_0BVePw,0,0,concat,6
DpINuLH9Thw,0,0,concat,6
Dpe0v7NztTM,0,0,concat,6
Ds9Er27Ijg0,0,0,concat,6
Dtkmq2v2rR4,0,0,concat,6
Dx-u0kGPQX0,0,0,concat,6
E1BDiwGMlPU,0,0,concat,6
EB6p-aN4HY0,0,0,concat,6
ECxo4mIzAD8,0,0,concat,6
ECyiveGv1S4,0,0,concat,6
ERuvhnvaB2M,0,0,concat,6
EW3aW5ekv7o,0,0,concat,6
Ec5f5477MHA,0,0,concat,6
Ehb-C2MhAlU,0,0,concat,6
EijqufYWprU,0,0,concat,6
EkWxF4pfg7M,0,0,concat,6
EmR6dAW79hk,0,0,concat,6
EnoZl4iHEog,0,0,concat,6
EpzWhTr5pWs,0,0,concat,6
Eqb7W-nQsk4,0,0,concat,6
EuLtgE5W63c,0,0,concat,6
EvSYN4txbp0,0,0,concat,6
EvxiM8zkwpY,0,0,concat,6
F2gpQAXf4Zw,0,0,concat,6
F2pIxPOITHs,0,0,concat,6
F61MyoU0cDo,0,0,concat,6
F6XW2eBvI8Q,0,0,concat,6
F6d6NW1RX-0,0,0,concat,6
FFAsXPQG3nk,0,0,concat,6
FHY0P5_xaP8,0,0,concat,6
FHcu9qsgwOo,0,0,concat,6
FI5tDXN3_bs,0,0,concat,6
FOgxsoKPViM,0,0,concat,6
FQBCnnXhx4Y,0,0,concat,6
FUhVN5D1ihE,0,0,concat,6
FaXDsD4If7g,0,0,concat,6
FaXOSACbRfw,0,0,concat,6
FaXamHgXEto,0,0,concat,6
FeyAhx_8VuE,0,0,concat,6
FnsXnPgF8kY,0,0,concat,6
Fq8Aea2ZYfg,0,0,concat,6
G4_pXCyA-g0,0,0,concat,6
G9wvXNMyzVA,0,0,concat,6
GBHHfIo_cb4,0,0,concat,6
GFPYUbfWn38,0,0,concat,6
GK4AJmF_hgE,0,0,concat,6
GeX2PfPEPQg,0,0,concat,6
Gedi2E-CpKk,0,0,concat,6
GhSaopRNRfc,0,0,concat,6
GneQdiJLBzs,0,0,concat,6
GtgZSS5kXG0,0,0,concat,6
GyBEhini_Dc,0,0,concat,6
Gzn1fV-RmwQ,0,0,concat,6
H1CBqr6kacA,0,0,concat,6
H1xLpoVDp_Q,0,0,concat,6
H2aPu8hutYM,0,0,concat,6
H4pIwkz2_FA,0,0,concat,6
HBzg8Lnu2rk,0,0,concat,6
HF5k2u7jgDk,0,0,concat,6
HG-lsXn__cs,0,0,concat,6
HJCm4w4SshI,0,0,concat,6
HMc0NhsnHeU,0,0,concat,6
HN9P4qI7aBU,0,0,concat,6
HOCjM8T4-QI,0,0,concat,6
HPHYBzgqyV0,0,0,concat,6
HPaoihE95n0,0,0,concat,6
HWfrfdumycs,0,0,concat,6
HgKwwrRKhU0,0,0,concat,6
HoCPXO33c48,0,0,concat,6
Hr-QvUm8Crc,0,0,concat,6
HufeVnpEVx0,0,0,concat,6
I0F4DKpFJ6k,0,0,concat,6
I0YiKXMRD4w,0,0,concat,6
I3QMIzQLFFw,0,0,concat,6
I52U6ROLz7Y,0,0,concat,6
I7tFIDAiPTE,0,0,concat,6
I953mMSe2-o,0,0,concat,6
I9nKTsf4tg8,0,0,concat,6
ICy7kMWvqoY,0,0,concat,6
IG9HjOO1uEY,0,0,concat,6
IKMq1TB_MZA,0,0,concat,6
ILD-8vvUYFY,0,0,concat,6
ILqsCL7ZnI0,0,0,concat,6
IQEZ7Q0DSbQ,0,0,concat,6
IQGyNT770GQ,0,0,concat,6
IVCVCxOQpJo,0,0,concat,6
IXYyfi-hpko,0,0,concat,6
Ic8OHSz3D8g,0,0,concat,6
IfuV_GWTZS8,0,0,concat,6
Ifx5z8EJYqg,0,0,concat,6
Ig1rAUAirTo,0,0,concat,6
IgSGoUhjers,0,0,concat,6
Iie40m3mLmc,0,0,concat,6
InASSPfs9vk,0,0,concat,6
InnG9lXMcPY,0,0,concat,6
IoFSbouFdH8,0,0,concat,6
IowyzwWhZzE,0,0,concat,6
IpkLkqKXEzk,0,0,concat,6
Iq5x8xUi8dg,0,0,concat,6
IqZHFVXe2MQ,0,0,concat,6
IrA0xDWa7E0,0,0,concat,6
IrxEUZIiCz0,0,0,concat,6
J-lwMCYJyQ8,0,0,concat,6
J6hTLWGqbhs,0,0,concat,6
JDX3zBA-TiE,0,0,concat,6
JJDcbGpsnbE,0,0,concat,6
JVk1d6WWVAw,0,0,concat,6
J_HjXWlKzWE,0,0,concat,6
Jaox7PS30Ls,0,0,concat,6
JeIZnoQJRNM,0,0,concat,6
Jn_a1CugHpA,0,0,concat,6
JuU0oGdQ41A,0,0,concat,6
JucRn-etd-Q,0,0,concat,6
Jynl0B_8cjg,0,0,concat,6
K4ZNjpyJBHo,0,0,concat,6
KAoM7D-opGA,0,0,concat,6
KC5Ev1-NNoE,0,0,concat,6
KHUW3YJSB30,0,0,concat,6
KNefMOwKGtw,0,0,concat,6
KOkio3P5AqQ,0,0,concat,6
KPsubQyprwI,0,0,concat,6
KVBJklaTTrs,0,0,concat,6
KVBLlM3x0X8,0,0,concat,6
KYVxWtdTmrA,0,0,concat,6
KZRpxDtv5Xo,0,0,concat,6
KffgIW_Jlc8,0,0,concat,6
KjXXvPj753M,0,0,concat,6
KpfLAJxhxEU,0,0,concat,6
KzGnBoAmjPg,0,0,concat,6
L6XsksBGcVw,0,0,concat,6
LCqnc_SNUp4,0,0,concat,6
LN5iGyRq6HQ,0,0,concat,6
LSdivsnHlv0,0,0,concat,6
LTit4dN9TXQ,0,0,concat,6
LfWVcHOJHt4,0,0,concat,6
Lis0RH3mLS8,0,0,concat,6
LkDC6lk5nz4,0,0,concat,6
LobAFGCimwg,0,0,concat,6
LqRDlszW8t8,0,0,concat,6
LtizxH8PAQs,0,0,concat,6
LuQgW1G7aDE,0,0,concat,6
LxTzNzsDR38,0,0,concat,6
M0xfq1J6F60,0,0,concat,6
M24rg70Kbgc,0,0,concat,6
M9gUuiqCubI,0,0,concat,6
MBw3E-OWRec,0,0,concat,6
ME76YA5nqt8,0,0,concat,6
MI1ht731gQE,0,0,concat,6
MRVqkaiYxII,0,0,concat,6
MTjj6sraNJw,0,0,concat,6
MUtlSdtIFgE,0,0,concat,6
M_WVlMVe9lI,0,0,concat,6
MdHZWvKm1ZY,0,0,concat,6
MfI7a7mHjBE,0,0,concat,6
MlW1vg5sEJ0,0,0,concat,6
Mnr87Bdjn7M,0,0,concat,6
Mo73QasuZUY,0,0,concat,6
Mq9g6pa8H-w,0,0,concat,6
MuOkK9rksCs,0,0,concat,6
MweOA3THp2o,0,0,concat,6
N00aik_wfno,0,0,concat,6
N2w9ALFqBo0,0,0,concat,6
NAh-ciCqi4w,0,0,concat,6
NBLBKQjSSi4,0,0,concat,6
NGFVtZgvbrY,0,0,concat,6
NLy-FmbsA0Q,0,0,concat,6
NOuanTmeC4M,0,0,concat,6
NPsZxC0EMDY,0,0,concat,6
NQqtfIzqiww,0,0,concat,6
NbRTWw8KsW4,0,0,concat,6
NgTvtfbuzqE,0,0,concat,6
NhJNgwfXdfU,0,0,concat,6
NpNxDgn-_FI,0,0,concat,6
Nq84lH--RFo,0,0,concat,6
NqJe83sOJrU,0,0,concat,6
Ns4mfg6MpGg,0,0,concat,6
NtCHyGWtxnU,0,0,concat,6
NtMvei0BqOI,0,0,concat,6
Nw09YqVFdj4,0,0,concat,6
O-7yGydDnlY,0,0,concat,6
O05zaxZvnFw,0,0,concat,6
O3FCmTwI1KA,0,0,concat,6
O9Kgj-nT9Z0,0,0,concat,6
OD-Og9xVy4s,0,0,concat,6
OM-RWHkPY4c,0,0,concat,6
OVwDNxx41R8,0,0,concat,6
OW3PYwzBR7Q,0,0,concat,6
OW4_vdSbIrA,0,0,concat,6
OZAxeZoW2nA,0,0,concat,6
Oa3U5ikHock,0,0,concat,6
Oh5XYTtEtJk,0,0,concat,6
Oi0WBHxczV4,0,0,concat,6
Ol5pu6WQLco,0,0,concat,6
OylMEy1vRUw,0,0,concat,6
P1ciR0S6HoY,0,0,concat,6
P5BrcdhWCnI,0,0,concat,6
PDlrgDdafFU,0,0,concat,6
PFN-Eq4hEa4,0,0,concat,6
PGUTF5LcJXQ,0,0,concat,6
PJhLarZSYl0,0,0,concat,6
PJoPU48p2oc,0,0,concat,6
PS_oPXjlV_w,0,0,concat,6
PXIABNoPBdA,0,0,concat,6
PZCLq-lOdKc,0,0,concat,6
PczrYD1rrw8,0,0,concat,6
PeTHS4MivaE,0,0,concat,6
Pk4XIUjGsUQ,0,0,concat,6
PkEpVIcwg20,0,0,concat,6
PmEh4Jj-fkk,0,0,concat,6
Ppbyum-28aE,0,0,concat,6
Ptk3EmUZ40o,0,0,concat,6
Q1rw5KFgVP0,0,0,concat,6
Q9DDN5-lrfs,0,0,concat,6
QHogekWyxQg,0,0,concat,6
QVuGz9sqnwY,0,0,concat,6
QYUN9Ds63RE,0,0,concat,6
QdkZvRm32n8,0,0,concat,6
Qvm8D_ctQ7o,0,0,concat,6
QwKX7iOsFrw,0,0,concat,6
QwOUZSEsd6s,0,0,concat,6
R0g-VkQSRV8,0,0,concat,6
R6IYZS8QcpU,0,0,concat,6
RECZH0O0p2M,0,0,concat,6
RFGn8Ukg33E,0,0,concat,6
RHTLf30yBcg,0,0,concat,6
RPL6coDZJvg,0,0,concat,6
RQV5eSnnyBs,0,0,concat,6
RXnizW2mdds,0,0,concat,6
RYkWpYtHYE8,0,0,concat,6
Re5GJrVGblA,0,0,concat,6
RhXfNUqippQ,0,0,concat,6
RhuSFGH0fB8,0,0,concat,6
Rnd7phU4FpE,0,0,concat,6
Rr6GsmrmJ7Q,0,0,concat,6
RrdFFiKqfoM,0,0,concat,6
RwMZY61jkhg,0,0,concat,6
RxxudglXO9I,0,0,concat,6
SABMh0Uj20g,0,0,concat,6
SABYtdu8lBY,0,0,concat,6
SBujs8mFc6Y,0,0,concat,6
SKNspex5oTw,0,0,concat,6
SQbCL294Yi8,0,0,concat,6
SW-AVF5W4Ow,0,0,concat,6
SaKJo5Nh87U,0,0,concat,6
ScOZD5MpWqo,0,0,concat,6
SdPbRXD0yr0,0,0,concat,6
Sdi8VQxHD_Y,0,0,concat,6
SfmPi4kFXqk,0,0,concat,6
Sh-gwqpVUTE,0,0,concat,6
ShrnZI2ABj0,0,0,concat,6
SiLpUzjE8iY,0,0,concat,6
SiUziFhdpOc,0,0,concat,6
SlhFvFk5hYo,0,0,concat,6
T5zoDf31YaU,0,0,concat,6
TIM6eNlIdMg,0,0,concat,6
TKdeNlAqhns,0,0,concat,6
TOfZAGimO9o,0,0,concat,6
TSoDKO4dd9s,0,0,concat,6
TUT7kOsbT2s,0,0,concat,6
TX1sQRIDxhQ,0,0,concat,6
TidR4wmrST4,0,0,concat,6
Tkdw6XqnQXo,0,0,concat,6
Tllw-8VGv1k,0,0,concat,6
ToVylXis3WY,0,0,concat,6
ToksGhZz5uc,0,0,concat,6
TxIL_AHmUDA,0,0,concat,6
TxV-0c_n4Uk,0,0,concat,6
TzNjnU6h33U,0,0,concat,6
U-vl4Q1PKbk,0,0,concat,6
U3E0u1YEuYs,0,0,concat,6
U3SbBFbkPbA,0,0,concat,6
U6c8WIYiSCI,0,0,concat,6
UFhjEc8J_p0,0,0,concat,6
ULWrb-qnA6Y,0,0,concat,6
UNMruLLcKdo,0,0,concat,6
URNEsgsmstI,0,0,concat,6
URqO2QpWJLw,0,0,concat,6
US7BUl0GAVw,0,0,concat,6
UToy9DFnl-8,0,0,concat,6
UX45BaMG51k,0,0,concat,6
UY6JLdg21Cc,0,0,concat,6
U_e0uEKdHjw,0,0,concat,6
U_uQpUvLk4c,0,0,concat,6
Uh3Ivk1Mwmg,0,0,concat,6
UhguIORPNOg,0,0,concat,6
UiRkNMHF7Xk,0,0,concat,6
UjyTtnL2oK0,0,0,concat,6
UoRczchfYII,0,0,concat,6
UxBuO_0zFag,0,0,concat,6
UxgauJ6Aspg,0,0,concat,6
V-1CRJP9FiQ,0,0,concat,6
V-_VIId4F20,0,0,concat,6
V1synzyOknI,0,0,concat,6
V6Tm9cxh07I,0,0,concat,6
V92SZvvQjwo,0,0,concat,6
V9cKmpW-HkY,0,0,concat,6
VDRZc9aTx0s,0,0,concat,6
VDb5XPPMe6A,0,0,concat,6
VE9vwzlGShM,0,0,concat,6
VGfuox2zOgc,0,0,concat,6
VIyQ7co-WFg,0,0,concat,6
VQwDWLourEg,0,0,concat,6
VTGPmOkaCMg,0,0,concat,6
VXTP1B7QrqM,0,0,concat,6
VYHjkAcUtk8,0,0,concat,6
V_8rKuvlfXk,0,0,concat,6
Vb4lQuS4R0w,0,0,concat,6
VhQ-OBx9FkE,0,0,concat,6
Vilhzgm4Z1I,0,0,concat,6
VkSFWj0e_Us,0,0,concat,6
VkxhIhs6mMw,0,0,concat,6
Vt8Tj5BkD9w,0,0,concat,6
Vu1ui5dtQ7U,0,0,concat,6
W7eExfDdNr8,0,0,concat,6
WAQJPo6PGV4,0,0,concat,6
WAzy1xM3lsE,0,0,concat,6
WB1RVlrvYMU,0,0,concat,6
WCBhTcSsKlo,0,0,concat,6
WEluaQh2Rnw,0,0,concat,6
WL7HjEyWgQQ,0,0,concat,6
WLb96e3kyLg,0,0,concat,6
WOfAPCINUTE,0,0,concat,6
WPQob5_EK8E,0,0,concat,6
WUNMktDmkhA,0,0,concat,6
WWoAN2iP0_k,0,0,concat,6
WYwmHsDgJSE,0,0,concat,6
Wgis64nMCQk,0,0,concat,6
WoNhsm4rTE0,0,0,concat,6
Wpya-rZt4Y4,0,0,concat,6
WsU5zAOGVQA,0,0,concat,6
X-hD8nZOAbo,0,0,concat,6
X0OZhxdGYGw,0,0,concat,6
X3mzxYFYfgQ,0,0,concat,6
X7AEtwah80k,0,0,concat,6
XBp0sonaWH4,0,0,concat,6
XCzGmzrHI20,0,0,concat,6
XDBLgxZSLQg,0,0,concat,6
XHIS7Qj0WFM,0,0,concat,6
XHgb4EHBBd8,0,0,concat,6
XQ06ljstGog,0,0,concat,6
XTUwxIc9WKc,0,0,concat,6
XX8MHws3-5E,0,0,concat,6
Xdoxvtzx3z0,0,0,concat,6
XeDo4CCgDmQ,0,0,concat,6
XhJIlKQ-M5Y,0,0,concat,6
XpAVZnGcMIo,0,0,concat,6
XqdAW6BSxtI,0,0,concat,6
Xr9WeAxEYAk,0,0,concat,6
XugnsfxOHCY,0,0,concat,6
Xv6Fi3-HdX4,0,0,concat,6
XyioAB3kUjA,0,0,concat,6
XyrsrmFZ5jM,0,0,concat,6
Y1Sy67bOuVw,0,0,concat,6
Y8FLo32Gky0,0,0,concat,6
YJ6Ec4CtrnI,0,0,concat,6
YJuuONNroNo,0,0,concat,6
YN4rfmzs2Pc,0,0,concat,6
YPukcFB_Sl8,0,0,concat,6
YRezvQL63uw,0,0,concat,6
YSkYv3_kspk,0,0,concat,6
YZRxHg-lZDk,0,0,concat,6
Ys5phJ56Kn4,0,0,concat,6
Ysimo6cNrPE,0,0,concat,6
YtoAYfpSZ8c,0,0,concat,6
Z0YaxdbTQdY,0,0,concat,6
ZCg4o37iYw0,0,0,concat,6
ZImM6Enk4C8,0,0,concat,6
ZLM-43ueEZY,0,0,concat,6
ZTTxENTGhSc,0,0,concat,6
ZTfGtrdbEvA,0,0,concat,6
ZUbz95IaZy0,0,0,concat,6
ZVKNhC70pTI,0,0,concat,6
ZW--Fm_HaNs,0,0,concat,6
Z_f3mxa1R98,0,0,concat,6
ZbbFbgfPi4U,0,0,concat,6
ZfdEqxXQfmc,0,0,concat,6
ZgSja8-w5mU,0,0,concat,6
ZgyvUs1Fju0,0,0,concat,6
ZiJ7M-zfVow,0,0,concat,6
ZiVvbzEEPSE,0,0,concat,6
Znq56taiN7E,0,0,concat,6
ZwJ7cAhR-AQ,0,0,concat,6
ZxqjOYGcriA,0,0,concat,6
ZymDC2Lt6Qo,0,0,concat,6
ZzAj2Sa5V9g,0,0,concat,6
_15hA_US02U,0,0,concat,6
_4tDGH-Jm18,0,0,concat,6
_DcZDvE7stc,0,0,concat,6
_JV4MCAC-HI,0,0,concat,6
_KDR4pftGX0,0,0,concat,6
_L7BnXaFoMg,0,0,concat,6
_M1QqgVSU24,0,0,concat,6
_Oe33S4h6HQ,0,0,concat,6
_Q-QIl2EBOs,0,0,concat,6
_Sf_gm9W6Lo,0,0,concat,6
_aKWH8i1Als,0,0,concat,6
_bE7E5Pcuts,0,0,concat,6
_e8c6AMIc0c,0,0,concat,6
_llGhqw-ViE,0,0,concat,6
_mZb9Uet2EA,0,0,concat,6
_sceYcrl7ZU,0,0,concat,6
_tDu2TubVOA,0,0,concat,6
_w_JWT7Qme0,0,0,concat,6
_wqTuLJyXHU,0,0,concat,6
a8gsA3AqFTY,0,0,concat,6
aDYKqopoJL8,0,0,concat,6
aG5bDOylnjw,0,0,concat,6
aL9OlyoLFbQ,0,0,concat,6
aXBBKNSiZsw,0,0,concat,6
aaVjKV_8ZFE,0,0,concat,6
adnnN6OlYjo,0,0,concat,6
adyam9bXO0U,0,0,concat,6
aeBWiTMyqHE,0,0,concat,6
agr35QJ3fLQ,0,0,concat,6
ariirlftlPg,0,0,concat,6
b7ju3kx7CEA,0,0,concat,6
b7uC2n_3mvA,0,0,concat,6
bIu5PeWhS54,0,0,concat,6
bPoKcVGDm_4,0,0,concat,6
bWRMvGmbmYg,0,0,concat,6
b_ruNwzMNWo,0,0,concat,6
bacrLsnGIJw,0,0,concat,6
bi-yvvwtbcc,0,0,concat,6
brJVJLxUfDE,0,0,concat,6
btYS7DhrvOU,0,0,concat,6
bumSOxZmyAA,0,0,concat,6
c2viABkuLKo,0,0,concat,6
c7NS-mf331U,0,0,concat,6
cIzYgH-8LfQ,0,0,concat,6
cJQpVw8gkoA,0,0,concat,6
cNhAlWwVBiM,0,0,concat,6
cSBwwwp3Kpc,0,0,concat,6
c_2EcHLC6FE,0,0,concat,6
c_4xr53_sLM,0,0,concat,6
cfZ_8GxZi2g,0,0,concat,6
cg_x-b02jTw,0,0,concat,6
ckLk0EJqLpk,0,0,concat,6
cqaGzKLDhGY,0,0,concat,6
d1ZLAcqivSs,0,0,concat,6
d25wGtyR_Ew,0,0,concat,6
dCm5RZ09Dy4,0,0,concat,6
dEKcthJv4tQ,0,0,concat,6
dHpl94cCttc,0,0,concat,6
dK1AJ48vJoE,0,0,concat,6
diCKOZN55ao,0,0,concat,6
dlcnA_i7D00,0,0,concat,6
dsLfZdxJCoE,0,0,concat,6
du4iwMe5JE8,0,0,concat,6
dzwi8XaBK7M,0,0,concat,6
e0Qa1RoCqZE,0,0,concat,6
e1B0BbA6r4g,0,0,concat,6
e2SrvpSjDV4,0,0,concat,6
e6M0MxclhOI,0,0,concat,6
eC3GKbqf6Co,0,0,concat,6
eGG0pnUtFtY,0,0,concat,6
eT_d6o8EfKs,0,0,concat,6
eVOaqwhtoy4,0,0,concat,6
eXDA-dSZPNM,0,0,concat,6
eXiPLeLG1O0,0,0,concat,6
eYPUMZdUT5o,0,0,concat,6
eZ2cYbVQJv8,0,0,concat,6
eaQJFh6kDkg,0,0,concat,6
ecLKXboXOTo,0,0,concat,6
ecS1N-0xzEM,0,0,concat,6
ejOSW3rRDD8,0,0,concat,6
emVbg6hQdPk,0,0,concat,6
eoIBk4is1W0,0,0,concat,6
esTzkZtFIE0,0,0,concat,6
exR690_LyHs,0,0,concat,6
ezvWN6HWmt8,0,0,concat,6
f-95j3RO-Tw,0,0,concat,6
f-Ds_sJUoa4,0,0,concat,6
f1UyMSuIQRY,0,0,concat,6
fJ2bgodI3GY,0,0,concat,6
fJbCdC43gvk,0,0,concat,6
fKMIHZD9S98,0,0,concat,6
fMzokwDr7u8,0,0,concat,6
fN3Ex7P0oGs,0,0,concat,6
fNiWzrtPQqI,0,0,concat,6
fUbYqouoGYY,0,0,concat,6
f_xIQkH4kGo,0,0,concat,6
fkBuJSNFaWs,0,0,concat,6
fkaSZwZFa98,0,0,concat,6
fkr9azwfTGU,0,0,concat,6
flN7Hi74UAQ,0,0,concat,6
ftszbfp6low,0,0,concat,6
g44DUDVNxcI,0,0,concat,6
g5RnUHa_IBs,0,0,concat,6
gJ6_kq3iXTA,0,0,concat,6
gO6GqJrTmxE,0,0,concat,6
geQk1DpqGoI,0,0,concat,6
giI7Ctwx2oc,0,0,concat,6
gsyNZHmI3Po,0,0,concat,6
gy6CNNFizG0,0,0,concat,6
hBOkjQ3k2ao,0,0,concat,6
hFOe8vXrnUg,0,0,concat,6
hISN5PwQ-54,0,0,concat,6
hM108R9evWI,0,0,concat,6
hMddSouquBA,0,0,concat,6
hPZpJBSEO2Y,0,0,concat,6
hR5ws5jwQY0,0,0,concat,6
hSvJ-u2r2_8,0,0,concat,6
hWi6t9fdzCU,0,0,concat,6
ha5OFmgwIec,0,0,concat,6
hfCUQ6UU47k,0,0,concat,6
hlJt_jO85pg,0,0,concat,6
hlg3b71JEdU,0,0,concat,6
hyooEaeUH30,0,0,concat,6
i2DZDr7yC_U,0,0,concat,6
i2Ekbt5BC3o,0,0,concat,6
iBaypg1QrNc,0,0,concat,6
iCWXJprR7Ck,0,0,concat,6
iGUULwnIf0w,0,0,concat,6
iJMCfgxsejA,0,0,concat,6
iMagd13nBf8,0,0,concat,6
iPly6BPtTlU,0,0,concat,6
iSMKgWYdab4,0,0,concat,6
iSPXu_L8kcg,0,0,concat,6
iVV4aMNoBLg,0,0,concat,6
iYRzpNHt-GM,0,0,concat,6
ibdko62gE7I,0,0,concat,6
ilTpJZehs-c,0,0,concat,6
inLHfhb649U,0,0,concat,6
ioT0zNMYLBo,0,0,concat,6
ispzvo0-UkM,0,0,concat,6
iuZNon_3eTs,0,0,concat,6
izq0bysSbe4,0,0,concat,6
j1OEhga-Z3o,0,0,concat,6
j2TdbJSUtXs,0,0,concat,6
j63nKB8wOJc,0,0,concat,6
j7akITTcm_4,0,0,concat,6
j7ilKks2spg,0,0,concat,6
j9pig0y0qd4,0,0,concat,6
jAJ2yxjp748,0,0,concat,6
jBqMeagL-Cs,0,0,concat,6
jMJHEZukyBw,0,0,concat,6
jPGGxdIiTqo,0,0,concat,6
jTNCsB7gRy0,0,0,concat,6
jdoTMUs7g-E,0,0,concat,6
jfZon2dIr6w,0,0,concat,6
jfelV2sDEtQ,0,0,concat,6
jhOOZzsc_J8,0,0,concat,6
jj5arRNShHw,0,0,concat,6
jjgtu1d4AzY,0,0,concat,6
jkB_KzciPC8,0,0,concat,6
jkfzlOLGNk0,0,0,concat,6
jpPL5dRXrvU,0,0,concat,6
jt6qJafrhqw,0,0,concat,6
jtxBCMRzwsQ,0,0,concat,6
jw2gxagxTuY,0,0,concat,6
k0pn7kGsT0E,0,0,concat,6
k6Y3aqTAkoQ,0,0,concat,6
k7qGbr8pOwM,0,0,concat,6
kBqg--jMSOA,0,0,concat,6
kG5SuMuYzDk,0,0,concat,6
kG5oUegLc64,0,0,concat,6
kIf-McZ9twg,0,0,concat,6
kIvoh6WyWK4,0,0,concat,6
kJRh7HG6qac,0,0,concat,6
kNJ7dHskhR4,0,0,concat,6
kOMJUvbBxVE,0,0,concat,6
kThvEzzleCY,0,0,concat,6
kWeQcvyk_i0,0,0,concat,6
kbgl4uCkFNg,0,0,concat,6
kfjnrk-v_2g,0,0,concat,6
kgjqXgNzT_Q,0,0,concat,6
khHv7gIcbO4,0,0,concat,6
kzpvl9vi1Jw,0,0,concat,6
l-jd0AIFTEE,0,0,concat,6
l4UnCuS6Ne8,0,0,concat,6
l6Yrf8Mg9cY,0,0,concat,6
l7GR3KgxYPQ,0,0,concat,6
l9vE0mfUEwQ,0,0,concat,6
lDRkQm_j7d4,0,0,concat,6
lK60qHXbseM,0,0,concat,6
lMt-qyHvfU4,0,0,concat,6
lPPU_1VhOZ4,0,0,concat,6
lRhvpA5-X3s,0,0,concat,6
lVPnX0J7DVI,0,0,concat,6
lWeTGgNAxN8,0,0,concat,6
lc3jIf7Sbqw,0,0,concat,6
lcTXa6bVO0Q,0,0,concat,6
lcpmKxExXw4,0,0,concat,6
lekqGAB8Siw,0,0,concat,6
lkWR0TBqaKU,0,0,concat,6
lrGXkErngCs,0,0,concat,6
lsXnivq_m18,0,0,concat,6
lvgqyxEOljg,0,0,concat,6
m4n8xbfQ9hY,0,0,concat,6
mF5DDxIMhlc,0,0,concat,6
mFKAQfjHCbI,0,0,concat,6
mIoiAxiZQxE,0,0,concat,6
mSkog2Ed3Hc,0,0,concat,6
mTgQFlDGq5I,0,0,concat,6
mfpGl9nBW18,0,0,concat,6
mo6JlM2HEEY,0,0,concat,6
mppWfE3BcaA,0,0,concat,6
mptm-sX-rNI,0,0,concat,6
mpy-SOopAOo,0,0,concat,6
mwDYjEGnBAk,0,0,concat,6
mzd9-dL0uWs,0,0,concat,6
n33IDum2Dhg,0,0,concat,6
nCeN-k5Nf9c,0,0,concat,6
nICPrj6FpxY,0,0,concat,6
nOCmkUqEnx0,0,0,concat,6
nPzuOL1vU1w,0,0,concat,6
nRDH4S9F-sg,0,0,concat,6
nTv9u06bsAE,0,0,concat,6
nU0KWURvxo4,0,0,concat,6
nUeXNrQXT6I,0,0,concat,6
nVwPxtplAIo,0,0,concat,6
neEL7OR73Q0,0,0,concat,6
neskOFdMplQ,0,0,concat,6
o0PEOXurMl4,0,0,concat,6
o6sXJq-jN_E,0,0,concat,6
oH5VG7gOrrM,0,0,concat,6
oI0v4FvOL2Q,0,0,concat,6
oJfjwk4NwPI,0,0,concat,6
oKPtc4ll4RI,0,0,concat,6
oO31jlu2VaA,0,0,concat,6
oOH4x5P4vA8,0,0,concat,6
oSFVZ7jieW8,0,0,concat,6
oTlufIBvp7k,0,0,concat,6
oUPeZfuSy7A,0,0,concat,6
oZ-qgVXrJD8,0,0,concat,6
oaReaahDnKM,0,0,concat,6
ocGb4EB-T04,0,0,concat,6
odLyt62c0Wk,0,0,concat,6
ojTIWMJ1WEU,0,0,concat,6
ojoVEHORKPs,0,0,concat,6
ol2kjTVq0s0,0,0,concat,6
opWrSc99PLU,0,0,concat,6
oydlVo4SQyA,0,0,concat,6
p-mmTnFUhkQ,0,0,concat,6
p9mYH3BkQAw,0,0,concat,6
pBY9eupY8bY,0,0,concat,6
pI95zoCxkCQ,0,0,concat,6
pNDmgUOz52o,0,0,concat,6
pNWmcfsljrs,0,0,concat,6
pQz2W1sEfI0,0,0,concat,6
pTuK0HCWi3k,0,0,concat,6
pa6poPTbtos,0,0,concat,6
paLwz9lkTC4,0,0,concat,6
pdasLWX4BvI,0,0,concat,6
pgTAk7RGDAo,0,0,concat,6
ppMBBbnCSNE,0,0,concat,6
ppqx6OZbpLI,0,0,concat,6
pqyvJr5kWIY,0,0,concat,6
puJBQ9hb1y4,0,0,concat,6
pzTwTEhxLmU,0,0,concat,6
q3H_OcQ7UWI,0,0,concat,6
qDIP-X60ZcM,0,0,concat,6
qIQ8TsCNT9o,0,0,concat,6
qTKdoh5NbSQ,0,0,concat,6
qWjtAPwemFY,0,0,concat,6
qYeLwmd0-Bg,0,0,concat,6
qb8YDvLmKyU,0,0,concat,6
qe2o_MPTRiw,0,0,concat,6
qfIhS7Sgm6I,0,0,concat,6
qhGAJRWkgBY,0,0,concat,6
qlv2TntwL6I,0,0,concat,6
qrOOrV8zss8,0,0,concat,6
qtjovDgirNE,0,0,concat,6
qvpmiBs8dk8,0,0,concat,6
qxI7RTrHppw,0,0,concat,6
qxIO6vW2Flo,0,0,concat,6
qxnuelkqF48,0,0,concat,6
qxynt98nly0,0,0,concat,6
r0ds_e71hMI,0,0,concat,6
r1jGynUjB9M,0,0,concat,6
r6jlibvRLeg,0,0,concat,6
r9ayE5M8JtY,0,0,concat,6
rA4zzh4Hw6c,0,0,concat,6
rDlO2XvN0EM,0,0,concat,6
rEM2_enFj0U,0,0,concat,6
rIXwgj9HkU8,0,0,concat,6
rIhq6ryySpU,0,0,concat,6
rMjjuaD14Ko,0,0,concat,6
rNAtqD2gAE8,0,0,concat,6
rTiO929c3fg,0,0,concat,6
riHybtFkjxU,0,0,concat,6
rkT6FcCEMXo,0,0,concat,6
rm_LVvBEg0Y,0,0,concat,6
rpby61bG2zY,0,0,concat,6
rpchdDMY4qE,0,0,concat,6
rrrCCWq498g,0,0,concat,6
rv2Rl3DQyEg,0,0,concat,6
rvS1u1pkXPM,0,0,concat,6
rvUkuC33iWw,0,0,concat,6
rzzfNTNKoVY,0,0,concat,6
s5CBUvRMLYM,0,0,concat,6
sBWfEeL0wpI,0,0,concat,6
sDuChqo_ws0,0,0,concat,6
sE6qPzgBoq8,0,0,concat,6
sIkpIoensmo,0,0,concat,6
sM099mNLnls,0,0,concat,6
sMB3du4l3nQ,0,0,concat,6
sMKJ7Zd1QOU,0,0,concat,6
sMQXhn7QhFw,0,0,concat,6
sNXTpBpliIo,0,0,concat,6
sS3sJ5XRj8U,0,0,concat,6
sj47SP4NA4Y,0,0,concat,6
sjtjHWoYJco,0,0,concat,6
smlOkdRStP4,0,0,concat,6
srVKkv937V8,0,0,concat,6
t-hk4bdLtsk,0,0,concat,6
t6DqR6klBVo,0,0,concat,6
t6SQ2DgGAxo,0,0,concat,6
t7ZKZeMiHqk,0,0,concat,6
tGQjKcCRpDI,0,0,concat,6
tKu33a7HpdQ,0,0,concat,6
tLVHrL84ylA,0,0,concat,6
tQKSUGW-mGw,0,0,concat,6
tTAdrEDYtqk,0,0,concat,6
tTyYIfCfI6k,0,0,concat,6
tU9egXgr-HQ,0,0,concat,6
tX4x08vPlD4,0,0,concat,6
tXqckSG-5yU,0,0,concat,6
tddS2lbymV4,0,0,concat,6
tm5vfYekwXk,0,0,concat,6
tmDtFmgakPU,0,0,concat,6
tnSJFeKTkLA,0,0,concat,6
toXszdnHxXE,0,0,concat,6
tprTa-DQsAQ,0,0,concat,6
trqRZNsDoEM,0,0,concat,6
tt2nxTBRVrI,0,0,concat,6
tw6WGOiicDE,0,0,concat,6
u6Pq4i8pRP4,0,0,concat,6
uB51PLp37GA,0,0,concat,6
uFMgl6Tn7B4,0,0,concat,6
uKqr7yYgO8Y,0,0,concat,6
uLU8eIOhsU8,0,0,concat,6
uW_Wrz8A2oA,0,0,concat,6
ubsxjH1GI5g,0,0,concat,6
uhvRt4m2JHw,0,0,concat,6
ujmRzmAaIuY,0,0,concat,6
up_jnT_1eOY,0,0,concat,6
us8xifTo91w,0,0,concat,6
uvS-o9uG1Yg,0,0,concat,6
uxI0qYtNVCs,0,0,concat,6
uzGeyqYGyeY,0,0,concat,6
vAl2CjBJzak,0,0,concat,6
vBN--WG2x4g,0,0,concat,6
vCylBRSL3no,0,0,concat,6
vEuRDZ0lF9w,0,0,concat,6
vKvaWQtYlEM,0,0,concat,6
vMt4HwCsKWk,0,0,concat,6
vNDwh9dLUoo,0,0,concat,6
vPYtI6R8ynw,0,0,concat,6
vQeDJSV7J0c,0,0,concat,6
vRtZ58R9WMc,0,0,concat,6
vTi2vvihTPo,0,0,concat,6
vXyY3umFvek,0,0,concat,6
vmHI9Ut10YE,0,0,concat,6
vpy9lX9xK9s,0,0,concat,6
vu2Z5mDlkdM,0,0,concat,6
w21C7bzAL5M,0,0,concat,6
w5EAqoFaVLU,0,0,concat,6
w5oc6VZOvJ8,0,0,concat,6
w7cYBQTkaDI,0,0,concat,6
wGYVaVVQzsI,0,0,concat,6
wL2mFvj7WJQ,0,0,concat,6
wLYvxL2kJw8,0,0,concat,6
wMxgotzQi8o,0,0,concat,6
wPN94qJNcFM,0,0,concat,6
wRZrosHRKkU,0,0,concat,6
wXXIybQ1_4Q,0,0,concat,6
wnRrluzaZ5A,0,0,concat,6
wpQulfgb9S0,0,0,concat,6
wwknn-Jb69E,0,0,concat,6
wxxWP9E27gQ,0,0,concat,6
x1hOusyR3CE,0,0,concat,6
x3FVutaR9QA,0,0,concat,6
x4HQm6Opg38,0,0,concat,6
x6nw9WWo-FM,0,0,concat,6
x9PIWKLhi0c,0,0,concat,6
xHgEaclPxvY,0,0,concat,6
xJK5qb80Dl0,0,0,concat,6
xO9rG7evSHQ,0,0,concat,6
xV4exxy-D-8,0,0,concat,6
xVuDroQsHPg,0,0,concat,6
xWwlLbV5yMI,0,0,concat,6
xXKrnfd42og,0,0,concat,6
xZzofvs3u-Q,0,0,concat,6
xdOatBq91MQ,0,0,concat,6
xeC7ZN5KFak,0,0,concat,6
xese5RXGqzg,0,0,concat,6
xke9VoDs7m4,0,0,concat,6
xsTVLeccYH0,0,0,concat,6
xuU6L7Utft0,0,0,concat,6
xucIDAP89GI,0,0,concat,6
xufVmLf7tZ0,0,0,concat,6
xvY4edt3H6c,0,0,concat,6
xzelMoFIyL8,0,0,concat,6
y6Jy5LLqDG4,0,0,concat,6
y82SIHgDkvY,0,0,concat,6
yAsmjdMseoM,0,0,concat,6
yBcTts-PMB4,0,0,concat,6
yENHJ0fQjZM,0,0,concat,6
yEiKPlyapKQ,0,0,concat,6
yIDXzo6x6_A,0,0,concat,6
yIoOwKHq--M,0,0,concat,6
yKg4qJ1sX1Q,0,0,concat,6
yM-3GELOIU0,0,0,concat,6
yM6MFzpefoU,0,0,concat,6
yN_eizCcwW4,0,0,concat,6
yNiG-YhVybc,0,0,concat,6
ySMWG4-n1OI,0,0,concat,6
yTuJ-d99qZ4,0,0,concat,6
yh4iJXGD990,0,0,concat,6
yhaFIjlYFVE,0,0,concat,6
ykxlUqHeP14,0,0,concat,6
youk4y1FR04,0,0,concat,6
yq52LcXPBtE,0,0,concat,6
yuYrmcJT7Jk,0,0,concat,6
yv8JTNgwtfc,0,0,concat,6
yvD36vUo1T8,0,0,concat,6
ywa7h31oPNg,0,0,concat,6
yxikwuXxX5M,0,0,concat,6
yyR2Ybwdhr8,0,0,concat,6
yyrBWlwIW24,0,0,concat,6
z8fvWwWslRQ,0,0,concat,6
zA5Mc1HQFHo,0,0,concat,6
zK1t-OKlPM0,0,0,concat,6
zLHoqsf6UDk,0,0,concat,6
zREI7Xp7KYc,0,0,concat,6
zSxQy8gQjZU,0,0,concat,6
zT9hxnvWrjc,0,0,concat,6
zXyZbtEOXKI,0,0,concat,6
zZ_b99G8tDo,0,0,concat,6
zaEbcpqKnN0,0,0,concat,6
zd7czHJm_8I,0,0,concat,6
zd_nRYHA1G8,0,0,concat,6
ze_cJUeqCVM,0,0,concat,6
zhhLU_oxmkQ,0,0,concat,6
zj7YwNIXRPY,0,0,concat,6
zjyuBHZ8w8Y,0,0,concat,6
zt-p8sJK9c0,0,0,concat,6
--w87mgXKe0,1,1,concat,6
-0mEuUsN_gk,1,1,concat,6
-1fDIXoCf7E,1,1,concat,6
-3-Kui6g1jI,1,1,concat,6
-30AXPaW-9U,1,1,concat,6
-3bX4xHR0KY,1,1,concat,6
-3rjYGP0dEk,1,1,concat,6
-6Y9lEwH2BA,1,1,concat,6
-8Gs_qnW5c0,1,1,concat,6
-CFdhHpP4RQ,1,1,concat,6
-CrAXaRNIjU,1,1,concat,6
-DbRc0yXjyc,1,1,concat,6
-DoUeR42FIs,1,1,concat,6
-DrNlEuifdc,1,1,concat,6
-Eoc-7gI1_k,1,1,concat,6
-EpCFGPjxlY,1,1,concat,6
-F7Flj8tZ8s,1,1,concat,6
-GPfuMauCWw,1,1,concat,6
-MBKou5qjQY,1,1,concat,6
-Qe50u4-UIs,1,1,concat,6
-R8Wfu0AnXA,1,1,concat,6
-XNII_Rg6cM,1,1,concat,6
-XVZMuKdy9I,1,1,concat,6
-fdL9_tEFXk,1,1,concat,6
-gDIXbQqK3w,1,1,concat,6
-mKoitBpWRY,1,1,concat,6
-mNmBKB112Y,1,1,concat,6
-mgXtD-FKkg,1,1,concat,6
-pZpXa_82LQ,1,1,concat,6
-q_IlR2pK7c,1,1,concat,6
-rTzza5nYdA,1,1,concat,6
-s2pRElsQSA,1,1,concat,6
-starXzzHFE,1,1,concat,6
-sxuJuzDLGo,1,1,concat,6
-u7PqJ1mwsY,1,1,concat,6
-xUHKJiegeQ,1,1,concat,6
-xVKCbLjOIs,1,1,concat,6
01eVZCe4Y10,1,1,concat,6
035rsWPH47M,1,1,concat,6
03u6vEIw5RI,1,1,concat,6
0493Ha8oofE,1,1,concat,6
078TwOb-hLY,1,1,concat,6
07pL6m8M_hQ,1,1,concat,6
089wYcnGyNI,1,1,concat,6
09UtJdKG1V0,1,1,concat,6
0B9lwuN3eew,1,1,concat,6
0CvnoZbyRPw,1,1,concat,6
0E0uB63airg,1,1,concat,6
0GhFr4O1ae4,1,1,concat,6
0GjB7Wm8Ljo,1,1,concat,6
0H-QH9R87vw,1,1,concat,6
0HUF3caIgcM,1,1,concat,6
0LUVpf1KYWY,1,1,concat,6
0MNpXo_-Baw,1,1,concat,6
0PZIb-jX7KU,1,1,concat,6
0R0MARFCYlw,1,1,concat,6
0RkySU_0Pj4,1,1,concat,6
0UAGPpu2EYs,1,1,concat,6
0X_m0UER36Q,1,1,concat,6
0YhPwWpFkxo,1,1,concat,6
0bYg79rQOY0,1,1,concat,6
0cGM_6uUcCo,1,1,concat,6
0gtcXVP0OHo,1,1,concat,6
0httRPq0UlY,1,1,concat,6
0i1S67XLHNo,1,1,concat,6
0ipB1rQcntU,1,1,concat,6
0lUk-IMMFtc,1,1,concat,6
0lvId6vtAvs,1,1,concat,6
0mZoOGQXSa0,1,1,concat,6
0nLuWdC54iI,1,1,concat,6
0rT8VfiFlOA,1,1,concat,6
0ve8l5uyLIw,1,1,concat,6
0wSwQlhKXcU,1,1,concat,6
0wdq0mgKGh8,1,1,concat,6
0x_43dyrUGk,1,1,concat,6
1-lnz0NfzIo,1,1,concat,6
12FNL421nxI,1,1,concat,6
16IZnUzhh3Y,1,1,concat,6
17wce9-0_Ag,1,1,concat,6
1DosH-a_TG8,1,1,concat,6
1E9MbKOytYo,1,1,concat,6
1G_--AaWX88,1,1,concat,6
1HLy2EAcnvc,1,1,concat,6
1LCDs4TZOoA,1,1,concat,6
1LloA_pOV68,1,1,concat,6
1M-DZlBknT0,1,1,concat,6
1MAlUEypSZ0,1,1,concat,6
1NUrGMWIUQI,1,1,concat,6
1U3WQ9pYtJc,1,1,concat,6
1VJ_Qct312c,1,1,concat,6
1Zg5CHWrOcU,1,1,concat,6
1ZxWTtGKmPg,1,1,concat,6
1_jOa393kpI,1,1,concat,6
1_polwQgBHg,1,1,concat,6
1aIn9RSEKIw,1,1,concat,6
1bOJhZ_Aal4,1,1,concat,6
1buc4EJjiuU,1,1,concat,6
1cYTVoWOokw,1,1,concat,6
1dWoYfUQUCI,1,1,concat,6
1e_1IhoZmoE,1,1,concat,6
1hJXGOayED4,1,1,concat,6
1lPrke48-gI,1,1,concat,6
1nYlhAcOjrc,1,1,concat,6
1ngGTOe1Zvg,1,1,concat,6
1nxKYMFf2mY,1,1,concat,6
1sZsVJWZkPg,1,1,concat,6
1tHhpwx8akc,1,1,concat,6
1xoQdJ-3Tqs,1,1,concat,6
1zTKzNADoJM,1,1,concat,6
21B1hbBYmhg,1,1,concat,6
29MLgX8Fu6Y,1,1,concat,6
2Ae9_uU5-kI,1,1,concat,6
2BVWX1tQE04,1,1,concat,6
2Fn8uXo95pE,1,1,concat,6
2GrZGtBr560,1,1,concat,6
2Ich-gJYk9E,1,1,concat,6
2JAxmSDffsk,1,1,concat,6
2Mdhhtd9VJA,1,1,concat,6
2Mj49mpYHNM,1,1,concat,6
2QLLeOK9I2s,1,1,concat,6
2SoHE3e76rk,1,1,concat,6
2TADRWstXcg,1,1,concat,6
2U2mxJkE7wo,1,1,concat,6
2W2JDVFY9Xc,1,1,concat,6
2XjFEq_oBNQ,1,1,concat,6
2Yw73uU-5JU,1,1,concat,6
2_7l4yguV3g,1,1,concat,6
2_cJj2Q9vF4,1,1,concat,6
2dEX9o8QFik,1,1,concat,6
2hW2C4wZHds,1,1,concat,6
2lDs2-6zsVU,1,1,concat,6
2lP6Myds04Q,1,1,concat,6
2nR_QP2VDs0,1,1,concat,6
2nUZ0khIs2Y,1,1,concat,6
2qq3tEmLkeE,1,1,concat,6
2quvJoRR52E,1,1,concat,6
2rhUXeqdE0Q,1,1,concat,6
2syIlzwpsTc,1,1,concat,6
2ven7XjZM_Y,1,1,concat,6
2y16mtJ52KM,1,1,concat,6
33Yffii9zUw,1,1,concat,6
35_5VoOWeZE,1,1,concat,6
37mkTtqqruE,1,1,concat,6
38OWVmXOpMo,1,1,concat,6
39AWeiOwOMg,1,1,concat,6
3CVgzfmk6Jw,1,1,concat,6
3CYdDFiyzPc,1,1,concat,6
3E4oQoLqlHU,1,1,concat,6
3NIpEnahQxw,1,1,concat,6
3PljPinHH-s,1,1,concat,6
3Zu7iC07CMQ,1,1,concat,6
3aA2rkE5ckU,1,1,concat,6
3bWI49bXMc0,1,1,concat,6
3dlW7AMHYew,1,1,concat,6
3lyptcekk1w,1,1,concat,6
3nXpBTaZwjI,1,1,concat,6
3pY0UG6NQR0,1,1,concat,6
3sEByuqOdaA,1,1,concat,6
3tHWMrGNXJ8,1,1,concat,6
4-BFZ1R9Nq0,1,1,concat,6
45B_fZMsb5Y,1,1,concat,6
46p6iUh6cN0,1,1,concat,6
48ZKz_m2YcE,1,1,concat,6
4ANlYFHQnBU,1,1,concat,6
4BEFJejTkrw,1,1,concat,6
4BHW0vaSWP4,1,1,concat,6
4BLVwiEX6-g,1,1,concat,6
4BtVg3qhvbY,1,1,concat,6
4C9jIUtBaj8,1,1,concat,6
4HTsIrj5m8Y,1,1,concat,6
4Jenev-g15c,1,1,concat,6
4KGPN2RGc9M,1,1,concat,6
4KI8VfYpqhY,1,1,concat,6
4MqgE0Aks6E,1,1,concat,6
4NjBpm9A-D8,1,1,concat,6
4Oo-WIECyDE,1,1,concat,6
4QiUh5_V1Rw,1,1,concat,6
4SC5KejB-Co,1,1,concat,6
4TBhrUwTWuY,1,1,concat,6
4TGShN_RCSg,1,1,concat,6
4Tbmnj8zOpc,1,1,concat,6
4VUaFJIfsls,1,1,concat,6
4Vz6aJ3ru6Y,1,1,concat,6
4WIBaGI8LTM,1,1,concat,6
4YIiesY7Naw,1,1,concat,6
4ZDpezCfetA,1,1,concat,6
4dk0JVAVS7k,1,1,concat,6
4f7JJf_nnxE,1,1,concat,6
4fzdzp-DEt0,1,1,concat,6
4jMdwVpY2V4,1,1,concat,6
4kxPX9AR4Nk,1,1,concat,6
4mfBxkg_3TU,1,1,concat,6
4n4trH7gJQ0,1,1,concat,6
4n8rn9bvBco,1,1,concat,6
4nhsv8o28xA,1,1,concat,6
4ok0VfJnjBg,1,1,concat,6
4rx6X6OxSN8,1,1,concat,6
4rzRlBjQu0M,1,1,concat,6
4t1J28vn1Us,1,1,concat,6
4ugtOCfEyh8,1,1,concat,6
4wB03NNv9U4,1,1,concat,6
4xm67sdCa5M,1,1,concat,6
50FD4tamjZc,1,1,concat,6
53ROVbiQj_8,1,1,concat,6
5401JuteY0U,1,1,concat,6
54eM1impPss,1,1,concat,6
58_cMVPUqm0,1,1,concat,6
59k27AoWmmI,1,1,concat,6
5CKUHIjJcLM,1,1,concat,6
5DYp58ult1M,1,1,concat,6
5NGAbI3GKBw,1,1,concat,6
5NeXlkJP9JU,1,1,concat,6
5Or7UIbcd6w,1,1,concat,6
5Pn-yM20gbY,1,1,concat,6
5TxURNw0Tp4,1,1,concat,6
5UF_ynvz754,1,1,concat,6
5XSWJbIO7f0,1,1,concat,6
5YTwQM3ZtoA,1,1,concat,6
5ZPPVPm2v1A,1,1,concat,6
5avxeU97UVc,1,1,concat,6
5dH6AdgdbK8,1,1,concat,6
5dc5WOv8Vgg,1,1,concat,6
5fqyvETPSxY,1,1,concat,6
5gDirkp1JDM,1,1,concat,6
5gu5IIIOoFQ,1,1,concat,6
5ma7i2F3vOs,1,1,concat,6
5mb_vlj46M4,1,1,concat,6
5mnJzDd77aU,1,1,concat,6
5q2W5daRIPI,1,1,concat,6
5qxh_xdFQ5E,1,1,concat,6
5rp06X7O-Gk,1,1,concat,6
5saRhhy8ydw,1,1,concat,6
5ummdsQGKB0,1,1,concat,6
5zJKNJYh9LQ,1,1,concat,6
6-nWZHTz2yc,1,1,concat,6
63I_jmip6c4,1,1,concat,6
63PjInAXFvQ,1,1,concat,6
660iNQyBedQ,1,1,concat,6
675v4IUH96g,1,1,concat,6
68-iic6CEvg,1,1,concat,6
6CuJ6S5sFEk,1,1,concat,6
6Els9g8cenU,1,1,concat,6
6HPE8V2ws_s,1,1,concat,6
6HgBFyIm82E,1,1,concat,6
6KliQBXdk3c,1,1,concat,6
6M6KmmX_Uy4,1,1,concat,6
6M6N0Neqvnc,1,1,concat,6
6NjU6gKilL0,1,1,concat,6
6QclqPJx8j0,1,1,concat,6
6VBnxkUmRAk,1,1,concat,6
6WQNqdljEsM,1,1,concat,6
6YioNstBnVg,1,1,concat,6
6ZQ_GUWw2aI,1,1,concat,6
6aUtB2rnoL4,1,1,concat,6
6dH6MC2DBg0,1,1,concat,6
6e9HQ7gp5yQ,1,1,concat,6
6ed_gPOWm3c,1,1,concat,6
6f0_3T6TnpQ,1,1,concat,6
6jNJjEyL6r0,1,1,concat,6
6kwFm9_Q-to,1,1,concat,6
6p5xDONZBaA,1,1,concat,6
6qddjZpD60k,1,1,concat,6
6uayJ-HXmgg,1,1,concat,6
6ukE7z8Z4D4,1,1,concat,6
6v6Tk8JsluY,1,1,concat,6
6wMRWsYzQbk,1,1,concat,6
6xcMocyIXAs,1,1,concat,6
6z7ooZ0XuO4,1,1,concat,6
6zsn1sCZ-2g,1,1,concat,6
73aR_afN5rA,1,1,concat,6
77TuWEkbe0w,1,1,concat,6
77luM3UMrpI,1,1,concat,6
79rIBwPl1EE,1,1,concat,6
7ACZhfRfSNg,1,1,concat,6
7CTEyxLn6Uw,1,1,concat,6
7D372dLCDo0,1,1,concat,6
7LSa25SmEZI,1,1,concat,6
7PV2_St8ZQM,1,1,concat,6
7R3HCBokhNc,1,1,concat,6
7UVCDLy2AzA,1,1,concat,6
7VHrCeg_4CI,1,1,concat,6
7XP-G5K-3Eg,1,1,concat,6
7YFupQMpOuk,1,1,concat,6
7YykLKEIXHg,1,1,concat,6
7azvePbz1-Y,1,1,concat,6
7h8ChL7pQQE,1,1,concat,6
7hSYeG6EAxk,1,1,concat,6
7iMexJXqUXk,1,1,concat,6
7mW2mWH4jvM,1,1,concat,6
7nWHAYwk42I,1,1,concat,6
7q_uZavThHQ,1,1,concat,6
7rsjpluYUN4,1,1,concat,6
7saEN5PuIr8,1,1,concat,6
7tLmsJFnZfc,1,1,concat,6
7u9WXzTrvEo,1,1,concat,6
7v4y1XVp_do,1,1,concat,6
7wf8I494AGI,1,1,concat,6
7zCp98O-WwM,1,1,concat,6
8-87aKsIkqw,1,1,concat,6
8-KUA7Q0Cqw,1,1,concat,6
80jmt7HXF4U,1,1,concat,6
81O-NrdOEV4,1,1,concat,6
81PE-qZBZZc,1,1,concat,6
81hlgev2-A0,1,1,concat,6
83VWeAvNS8Q,1,1,concat,6
850Q5m5udAw,1,1,concat,6
86Aq6txd4s8,1,1,concat,6
87-QNfn9lOY,1,1,concat,6
89QvoE0jXnI,1,1,concat,6
8BQfTZpgT28,1,1,concat,6
8DSIk18Nlxc,1,1,concat,6
8ETG8xm4ArQ,1,1,concat,6
8EXEL3SptS0,1,1,concat,6
8FwGqJtHupQ,1,1,concat,6
8GEJUjQTRuQ,1,1,concat,6
8HFm--orgrk,1,1,concat,6
8ImCN3MGSK8,1,1,concat,6
8ItGuobYTj0,1,1,concat,6
8JNA5OfiOnw,1,1,concat,6
8JxZvG-emSA,1,1,concat,6
8KWyFg-K7Z0,1,1,concat,6
8KXTFuG6jJU,1,1,concat,6
8KiqYK2z0Nc,1,1,concat,6
8LhEqCszo6g,1,1,concat,6
8NixAgvmUsQ,1,1,concat,6
8OASiDu7w6M,1,1,concat,6
8QTcwkxwDRw,1,1,concat,6
8U5onpT70nE,1,1,concat,6
8Yy0HxHc6l4,1,1,concat,6
8ZxuXGuIVo0,1,1,concat,6
8aOrNues1bU,1,1,concat,6
8bnCvCFv4D8,1,1,concat,6
8dL0AJ-_JFg,1,1,concat,6
8dvVT-h2C0Q,1,1,concat,6
8gbCg3h63Kc,1,1,concat,6
8glw7gAt9E8,1,1,concat,6
8lQc4s_3Cxs,1,1,concat,6
8mgkliPiJ0w,1,1,concat,6
8ncvlaucMK0,1,1,concat,6
8pTvOf_Y4K4,1,1,concat,6
8qq7aGL5n-8,1,1,concat,6
8sLKnMSwu1w,1,1,concat,6
8sf4XyZnv2o,1,1,concat,6
8tpfiNLZcXw,1,1,concat,6
8uxFRT2iYQI,1,1,concat,6
8xA-1thsmJw,1,1,concat,6
93Chq8Nv2b8,1,1,concat,6
98MhkQJkaco,1,1,concat,6
9EzVQfFa4B4,1,1,concat,6
9F7T_ZZJzV0,1,1,concat,6
9F9Rq1Rzsk0,1,1,concat,6
9J9fvxOz9gU,1,1,concat,6
9KU1fpCpxeE,1,1,concat,6
9NZDF0p7E4w,1,1,concat,6
9Ncf_iwU6BM,1,1,concat,6
9UyJXnq7vPs,1,1,concat,6
9W_-QKxL0pg,1,1,concat,6
9ZUTYB8Lv9Q,1,1,concat,6
9Zxi3YXU494,1,1,concat,6
9bY8MTwXexw,1,1,concat,6
9cws_ifynSk,1,1,concat,6
9fEIYQSEmWQ,1,1,concat,6
9fbG1NM_jjw,1,1,concat,6
9fn4eZiQIss,1,1,concat,6
9h6HBrHJip8,1,1,concat,6
9i0I-oRbxac,1,1,concat,6
9ipY40_WpaQ,1,1,concat,6
9ltuNmWgD_k,1,1,concat,6
9mE4iuxdY4g,1,1,concat,6
9meI5KVMrGs,1,1,concat,6
9npWJ2CgUNg,1,1,concat,6
9oTCTRLHJ5s,1,1,concat,6
9oTkUcSuTh0,1,1,concat,6
9pmWoQTpFdE,1,1,concat,6
9sdmTRbQT6A,1,1,concat,6
9t3dfWtVdLA,1,1,concat,6
9tQRxBkojMA,1,1,concat,6
9uRpcwG4CfU,1,1,concat,6
9wIuQ3H--6g,1,1,concat,6
9z2dBAtepxw,1,1,concat,6
A0ER_NgB0A4,1,1,concat,6
A1EaDbBs044,1,1,concat,6
A1YAtCd76Wg,1,1,concat,6
A1fc4AH3nRk,1,1,concat,6
A2dIwzmkAhM,1,1,concat,6
A2etbdwfNhA,1,1,concat,6
A4mF14qYKuw,1,1,concat,6
A85Nr1k0edo,1,1,concat,6
A9NNfoGYCZs,1,1,concat,6
AAB57mFk1HM,1,1,concat,6
ACz-z14I97k,1,1,concat,6
AEEM0pXh38w,1,1,concat,6
AOfMBvqCc1o,1,1,concat,6
AQue3i4ZBdw,1,1,concat,6
ARBUw_seUh4,1,1,concat,6
ARUcNUWDcrA,1,1,concat,6
AUWFWj8vHRk,1,1,concat,6
AWDHAqqOatY,1,1,concat,6
AXLs944weZQ,1,1,concat,6
AYcEZIdiOZ4,1,1,concat,6
AZ4KByrAuAU,1,1,concat,6
AZmVyFrmxqM,1,1,concat,6
A_hhQMtWC2Q,1,1,concat,6
AaWt2Lugf9E,1,1,concat,6
AdUTXgcIkTM,1,1,concat,6
AepqX4ge6wg,1,1,concat,6
Af6rhGYykuk,1,1,concat,6
AhOAUkixlPY,1,1,concat,6
AhRLWhSe7A0,1,1,concat,6
Al22rdnHKNA,1,1,concat,6
Ap2oRGUOhUA,1,1,concat,6
AtlMDzp5CEs,1,1,concat,6
Auu00vB2wHY,1,1,concat,6
AvH7NeIE6MI,1,1,concat,6
AyhmswUWdiw,1,1,concat,6
Az7sEBNp1hU,1,1,concat,6
B17neLsaQiQ,1,1,concat,6
B3cFZhUH7_o,1,1,concat,6
B485X-fsQKM,1,1,concat,6
B8KfsRFwfcU,1,1,concat,6
B9B_U-5oQW8,1,1,concat,6
BB_XqSp3rXA,1,1,concat,6
BDYIwsq34cY,1,1,concat,6
BF5hOHv9caE,1,1,concat,6
BFc1pOYkaq4,1,1,concat,6
BGCSE6db-kU,1,1,concat,6
BGZiEpPfCMQ,1,1,concat,6
BH7SzcA4NYE,1,1,concat,6
BHOo9CFr3hQ,1,1,concat,6
BInM0g0IMwg,1,1,concat,6
BJbZLSMjxSo,1,1,concat,6
BKihiZGWEvY,1,1,concat,6
BL_-Ieg65hw,1,1,concat,6
BLjzt7xlt5Y,1,1,concat,6
BNfbktk0Oz8,1,1,concat,6
BNvlCrEq8B4,1,1,concat,6
BRaABtLhEH0,1,1,concat,6
BRcLHDKy8Iw,1,1,concat,6
BTRxCYRbEPo,1,1,concat,6
BXbkab3kHWI,1,1,concat,6
B_dul5fuaNM,1,1,concat,6
BaViYOR7S_w,1,1,concat,6
BdbGL9pDSIQ,1,1,concat,6
BdtRWSIvo00,1,1,concat,6
BfKmaBYN9rg,1,1,concat,6
Bg4rnFrkXj8,1,1,concat,6
BgiZjzR1iIo,1,1,concat,6
BiuVEMoTDF4,1,1,concat,6
BivPxBJCqF8,1,1,concat,6
Bj-QgT59xKY,1,1,concat,6
BliRiY9sCnc,1,1,concat,6
Bmo4oaL2oAY,1,1,concat,6
Bmo7mq_3xPg,1,1,concat,6
BqjfKYY_rf4,1,1,concat,6
BrNiTwEHfEE,1,1,concat,6
BsFjnVfJOxk,1,1,concat,6
Bsf5drCbqgg,1,1,concat,6
Bu5dzXHwQ7Q,1,1,concat,6
Bu73y2brU_Y,1,1,concat,6
BuM8_OsQTA4,1,1,concat,6
But3SCoM04U,1,1,concat,6
BvI8iqqQva0,1,1,concat,6
Bx2sYV_4Yro,1,1,concat,6
BxMOCXYhbdg,1,1,concat,6
C1pMizWQhvU,1,1,concat,6
C32BeNGh2-o,1,1,concat,6
C8IsvNUbikY,1,1,concat,6
CA-XWavFVHo,1,1,concat,6
CBg-NOB37BI,1,1,concat,6
CEAk8NsIbVc,1,1,concat,6
CEfVyGWZANs,1,1,concat,6
CJE6YMA1ndc,1,1,concat,6
CL1Ki-MWlwM,1,1,concat,6
CL_nchVMcps,1,1,concat,6
CO2J2aeexg0,1,1,concat,6
CO5auuQh3bg,1,1,concat,6
COVuZ7b-KMk,1,1,concat,6
COk-p0876do,1,1,concat,6
COqfrH4VT04,1,1,concat,6
CPJRXhDpRAQ,1,1,concat,6
CQ0-YGQLpcU,1,1,concat,6
CQYVqtZdSZQ,1,1,concat,6
CR9afL2ekFI,1,1,concat,6
CRIu19UXTNU,1,1,concat,6
CRh1yW0FvRQ,1,1,concat,6
CZvmzyXU_ZY,1,1,concat,6
C_G1_qY-vZY,1,1,concat,6
Caa8tD3QqnA,1,1,concat,6
CfRN7OVrR24,1,1,concat,6
Ch9YadUqJ1Q,1,1,concat,6
Ck1r06UFj3k,1,1,concat,6
Ckm8WDronuk,1,1,concat,6
CmHj_R740v8,1,1,concat,6
CogrB_tpWP4,1,1,concat,6
Cs_nG9FZgVk,1,1,concat,6
CtBek3TwqTI,1,1,concat,6
CvK4ukFfHdY,1,1,concat,6
CxPNE0cmMaU,1,1,concat,6
Cy1Qjasg-G0,1,1,concat,6
D7nfF-GTrBM,1,1,concat,6
D8ilttqEW2k,1,1,concat,6
D8kYJw-FikU,1,1,concat,6
DCcsF6DQWQI,1,1,concat,6
DKofH4sDDKM,1,1,concat,6
DKw7R1ifqOQ,1,1,concat,6
DPT6UzleuxE,1,1,concat,6
DQ6zMvYGEUQ,1,1,concat,6
DSl4MmwjwVg,1,1,concat,6
DVAZys-pZFo,1,1,concat,6
DVMOe8uELNI,1,1,concat,6
DWS-0bxfgQ4,1,1,concat,6
DXSihmseL9M,1,1,concat,6
D_zZJmTtcOY,1,1,concat,6
DaPoN7xnGbc,1,1,concat,6
DdKd6UbRcQY,1,1,concat,6
DdSwOE3IHuA,1,1,concat,6
DhHncmrRVZU,1,1,concat,6
DiNa2Wjyo-4,1,1,concat,6
DjwlMMMjcbM,1,1,concat,6
Dk5q15lFsRI,1,1,concat,6
DlSvSqaa6LY,1,1,concat,6
DlcoSoKNrCE,1,1,concat,6
Dlg2gEih9lo,1,1,concat,6
DnOvVsFp5f4,1,1,concat,6
Dp4MkzZFCWM,1,1,concat,6
DpU9ziBDhYQ,1,1,concat,6
DqAc-vfMXU8,1,1,concat,6
Dt28UK-ySG0,1,1,concat,6
DuW2Q-kFEdE,1,1,concat,6
DwCYyay68Gg,1,1,concat,6
Dy7Ci6QJsBc,1,1,concat,6
E2FMd9xpWSI,1,1,concat,6
E4qqdSn85eo,1,1,concat,6
E5Ik6VYe4Gc,1,1,concat,6
E8lIamq3wDQ,1,1,concat,6
EF9_cZF-PGU,1,1,concat,6
EGaGVYVwYI8,1,1,concat,6
EHYCSm_nbBo,1,1,concat,6
EHlQotVElew,1,1,concat,6
EN5GOkkS7yk,1,1,concat,6
ENsNtN7fTBM,1,1,concat,6
ETyc6a3unIg,1,1,concat,6
EU9UOY8Jo0E,1,1,concat,6
EVmtGOW5pzY,1,1,concat,6
EWwjROuqGjU,1,1,concat,6
EXgP5iEK0R8,1,1,concat,6
EaKd_9zpb4c,1,1,concat,6
Eajj71ChHzU,1,1,concat,6
EgvoBbYtdl0,1,1,concat,6
EhV4WI25hHI,1,1,concat,6
Ejay_0H-0Is,1,1,concat,6
ElUklvukyJU,1,1,concat,6
Elbec_sLo_Q,1,1,concat,6
En69lJa2y7Q,1,1,concat,6
En_AtuEZXAE,1,1,concat,6
Eoks2Q5pDQY,1,1,concat,6
EtZOyEAUyjo,1,1,concat,6
Eu_QQMBQFx8,1,1,concat,6
Ew9ee6Sob1o,1,1,concat,6
EyFFpfpgzx0,1,1,concat,6
EzL2nCTAOaw,1,1,concat,6
EzQUpyd__Nw,1,1,concat,6
EzbGQGAE9CM,1,1,concat,6
F13_AOAKZ20,1,1,concat,6
F2rxkK2AP44,1,1,concat,6
F88Vj2McZ5o,1,1,concat,6
FDBONdjCy6o,1,1,concat,6
FDfPpuKd_Vc,1,1,concat,6
FHAITlyaTgM,1,1,concat,6
FHEjcphPvJM,1,1,concat,6
FHmF9yHxvHY,1,1,concat,6
FICxi-uBfq8,1,1,concat,6
FJ6PetNeKdY,1,1,concat,6
FN_S18qgl24,1,1,concat,6
FRvLGI2B2gk,1,1,concat,6
FVD-5dgJQ4Y,1,1,concat,6
F_d98eGgPNE,1,1,concat,6
FbmT4SKe6XA,1,1,concat,6
FclY-0UBktY,1,1,concat,6
FeaWmWccWm4,1,1,concat,6
FfurIf36rpc,1,1,concat,6
FgPxrpeFhZw,1,1,concat,6
Fjcm-ualacY,1,1,concat,6
Fjos9zUVXa4,1,1,concat,6
FmcsqqIn3d0,1,1,concat,6
Fo5Z4SJB5_8,1,1,concat,6
Fop7V3qsV_4,1,1,concat,6
FqosicS-ai0,1,1,concat,6
Fs5uR_QXOM4,1,1,concat,6
FtoPqHz88d8,1,1,concat,6
FvmylslFsCM,1,1,concat,6
Fx6GpD1Gb04,1,1,concat,6
Fxl_9bH_PDw,1,1,concat,6
G3bHNCSfTNA,1,1,concat,6
G6sSVyLnudc,1,1,concat,6
G7a5Y3uwtIo,1,1,concat,6
G8lz9wLM1RA,1,1,concat,6
GAaokRPQvvQ,1,1,concat,6
GBkP_st1j1M,1,1,concat,6
GIDN7X2IAqc,1,1,concat,6
GJHWezcWKP8,1,1,concat,6
GJvUNv4qoDI,1,1,concat,6
GMDqHt6X5yg,1,1,concat,6
GMvozt71g54,1,1,concat,6
GOIUMBSbDwc,1,1,concat,6
GUBMEo8EVlc,1,1,concat,6
GWkjO6q4M1o,1,1,concat,6
GXMp1sA4jC8,1,1,concat,6
GYeF8PQSxH8,1,1,concat,6
GZ0_jlDzqWo,1,1,concat,6
GZPiClPkwNY,1,1,concat,6
GZSJ1E07rVA,1,1,concat,6
G_emWOHVitc,1,1,concat,6
Gai0A3xmmpE,1,1,concat,6
GbhleB4N2io,1,1,concat,6
Gd1L71eXduo,1,1,concat,6
GdaAaBG9gUI,1,1,concat,6
GdiwzjwuPaI,1,1,concat,6
GgubexMXL34,1,1,concat,6
GjINcUICaAE,1,1,concat,6
GoZywXMBm7s,1,1,concat,6
GsJXMYXhRks,1,1,concat,6
Gvk3lNF4UkI,1,1,concat,6
GwQKKjQuMYg,1,1,concat,6
GwpTKLxJsmc,1,1,concat,6
GxFYH6oQ2Vc,1,1,concat,6
GzIFisArFGY,1,1,concat,6
H-gJii3r0kg,1,1,concat,6
H-rIoqdGwpQ,1,1,concat,6
H3eGyDS3pFY,1,1,concat,6
H6-dNd0KkLo,1,1,concat,6
H6DBEeJiYIc,1,1,concat,6
H7f5XqPffpI,1,1,concat,6
H8KxnRBQajQ,1,1,concat,6
H8fZM1Gs9IA,1,1,concat,6
H8rJXgdGI8k,1,1,concat,6
HCDhqS73F6c,1,1,concat,6
HI3XSiGDVsQ,1,1,concat,6
HID8S8WRJ3Q,1,1,concat,6
HIlLC37qgtY,1,1,concat,6
HK3Yv6ix1ss,1,1,concat,6
HL0slNlHVpM,1,1,concat,6
HM9aOZJ3C_s,1,1,concat,6
HQaH_vkpKo0,1,1,concat,6
HRTOWpDc-ws,1,1,concat,6
HUn6H-ciVm0,1,1,concat,6
HZaNel7UVhc,1,1,concat,6
Hb0oPL5vFlI,1,1,concat,6
HgmtUHiqxgQ,1,1,concat,6
Hli91JUw4Lg,1,1,concat,6
HnjTKHs09iY,1,1,concat,6
HorPEBLRfN4,1,1,concat,6
HpduHDk7DCY,1,1,concat,6
HsteA_oGoak,1,1,concat,6
Htx11SmAlVA,1,1,concat,6
Hu5cwA8cA1s,1,1,concat,6
HusbNmjERCo,1,1,concat,6
Hwxhapk4BhY,1,1,concat,6
HxwOxxJjLTM,1,1,concat,6
I2KSGKLltgw,1,1,concat,6
I2r0-3m3SJI,1,1,concat,6
I4gsqiUW1Ro,1,1,concat,6
I5ROl9bber0,1,1,concat,6
I5mppNm_vSY,1,1,concat,6
IFSRX93Pl_U,1,1,concat,6
IG9R5Thc7y8,1,1,concat,6
IHWFLpSM3Tc,1,1,concat,6
IHmJ18RBQww,1,1,concat,6
IIjJcmdrb2U,1,1,concat,6
ILsFFwXi3zU,1,1,concat,6
IObwHsBkQfM,1,1,concat,6
IOkVqHFyayM,1,1,concat,6
IP4BAOP9PMg,1,1,concat,6
IUlYZX1fN0o,1,1,concat,6
IV5oXpwletk,1,1,concat,6
IV_vnYxfyHY,1,1,concat,6
IX0pObAqgHA,1,1,concat,6
Iag_X8BkcmI,1,1,concat,6
Ib2MolJdaTc,1,1,concat,6
Ibmi8YSqc8U,1,1,concat,6
Ica8vZvbpWE,1,1,concat,6
Ifcx27_dIOc,1,1,concat,6
IjdlZr9ImpY,1,1,concat,6
IjqioURi-o8,1,1,concat,6
IkXC0c9CNBo,1,1,concat,6
IlX6ZVr0Rpo,1,1,concat,6
IonGn85Rf-I,1,1,concat,6
IosP9Pe_jW0,1,1,concat,6
IrWXlQO60M8,1,1,concat,6
Ir_ORPKrLxA,1,1,concat,6
Iu2nb_N_9GI,1,1,concat,6
IvVy9XQmHSI,1,1,concat,6
Iwh-2MAFgos,1,1,concat,6
IwrKGwXD1NA,1,1,concat,6
IyzfqjOIGRo,1,1,concat,6
J4m3L0L-0FI,1,1,concat,6
J6ibyXaUREA,1,1,concat,6
J7_i83zJd3k,1,1,concat,6
J7axQHRCT50,1,1,concat,6
J8rHxhUCyWk,1,1,concat,6
JAuzBcI3ako,1,1,concat,6
JIR4pcEyQrk,1,1,concat,6
JQb-q2P-UxE,1,1,concat,6
JTzg0-6LgUc,1,1,concat,6
JW1MQFVpSPI,1,1,concat,6
JWYYrZpKmpk,1,1,concat,6
JXscZuuoWwQ,1,1,concat,6
JYQull3jx9w,1,1,concat,6
JYWurRUbAuI,1,1,concat,6
JYZOqxuhaWM,1,1,concat,6
JZqd3ZndL-Y,1,1,concat,6
JbUeHbquf4o,1,1,concat,6
JeTVRF-ZnYo,1,1,concat,6
JjkhWlqGIP4,1,1,concat,6
JlHzBlhVoOQ,1,1,concat,6
JmF9rIieLkg,1,1,concat,6
JqCWPPVQk2o,1,1,concat,6
JqQxVuiWLSA,1,1,concat,6
JsCHL1fcwVQ,1,1,concat,6
Jwjvvfuz5Y4,1,1,concat,6
Jyz4XzuRsvc,1,1,concat,6
K-w_QxZjQu0,1,1,concat,6
K0dkiVgIN8E,1,1,concat,6
K2OpcgRNL3s,1,1,concat,6
K3kdXOt7Ab4,1,1,concat,6
K4TNTz8osk0,1,1,concat,6
K72rd44PTvM,1,1,concat,6
K7KgDQ28GCk,1,1,concat,6
K7jo6uhUfXU,1,1,concat,6
K9x6gCV-_E0,1,1,concat,6
KA7ctTuL7Mc,1,1,concat,6
KD4RLExjNjQ,1,1,concat,6
KEX2U6YuyeA,1,1,concat,6
KI-moyBMYzE,1,1,concat,6
KJ6VLWAKlfs,1,1,concat,6
KJNzhOCHD3s,1,1,concat,6
KNRRL8JyuxU,1,1,concat,6
KOdBY5ZyznM,1,1,concat,6
KOowWt3BG2U,1,1,concat,6
KRRHHLxtfXM,1,1,concat,6
KT7vi09Hv7w,1,1,concat,6
KYs6kyKs0Fk,1,1,concat,6
KdWzwJY3UxI,1,1,concat,6
KgeJnAwS-zQ,1,1,concat,6
KhwWj1FVDh8,1,1,concat,6
KiefKb6166w,1,1,concat,6
KkfzooA4WQk,1,1,concat,6
KmKzTu1rSkw,1,1,concat,6
KmTeF66iRb4,1,1,concat,6
KoUG2T2rwuY,1,1,concat,6
KofQRGqMBN8,1,1,concat,6
KtswjadciDU,1,1,concat,6
KvDjcbLfxPE,1,1,concat,6
KxozKCHKbhw,1,1,concat,6
KyuagC7BTSw,1,1,concat,6
L0G0I9i3jWs,1,1,concat,6
L0L3EAuTcww,1,1,concat,6
L1kb07UfgJU,1,1,concat,6
L1wTnW0yhFA,1,1,concat,6
L3mjro1-T9g,1,1,concat,6
L3wl2ClBW3o,1,1,concat,6
L6aSfBHq7ao,1,1,concat,6
L6d8k5mD7Fo,1,1,concat,6
L7Gu0aisDgI,1,1,concat,6
L7ZE4AWe8Rk,1,1,concat,6
L8NhD8fZAQ4,1,1,concat,6
LBRugzYt_ag,1,1,concat,6
LD5OIEIJUKg,1,1,concat,6
LDlPjJXNy_w,1,1,concat,6
LE67GMnFNck,1,1,concat,6
LEpwMGNXkmc,1,1,concat,6
LFERj5ogdLc,1,1,concat,6
LH8uxv4tO_E,1,1,concat,6
LKWMigl3JRU,1,1,concat,6
LLuJoMdQe5w,1,1,concat,6
LMh9zgu1XqE,1,1,concat,6
LNIBo4x8Xzg,1,1,concat,6
LO1Yl9uzTtI,1,1,concat,6
LOFNRVXMYoI,1,1,concat,6
LRPiC2CrK24,1,1,concat,6
LUMOT35DU44,1,1,concat,6
LWkVyiHSNLA,1,1,concat,6
LYMZIavCpOo,1,1,concat,6
LdYm7G5is1U,1,1,concat,6
Lj7xdcELIlk,1,1,concat,6
Lj7yv7tINqc,1,1,concat,6
LmWxtY9RdT8,1,1,concat,6
LyblRffGbKg,1,1,concat,6
M1qEe5AvK5c,1,1,concat,6
M5b4rqvTHMY,1,1,concat,6
M5vRIW2PGUY,1,1,concat,6
M6IK8ME_3Io,1,1,concat,6
M7YvFzOJUiQ,1,1,concat,6
MAshgKEwm2w,1,1,concat,6
MDI3UzKBPu8,1,1,concat,6
MFORTCcR7wE,1,1,concat,6
MFz1yycnRLU,1,1,concat,6
MG9UfqFXbzc,1,1,concat,6
MGUWWmXr2l4,1,1,concat,6
MIXZZZH-p8Q,1,1,concat,6
MLQ2JT7HKmc,1,1,concat,6
MOxAApnij-8,1,1,concat,6
MQ04-x_jWHM,1,1,concat,6
MQdsR7Yydw0,1,1,concat,6
MWnerCemFZ4,1,1,concat,6
MWwEu8TFcMI,1,1,concat,6
MXCFxTWBcBE,1,1,concat,6
MYswfTB1CIs,1,1,concat,6
M_jGtnAg16o,1,1,concat,6
MbTIX5K3Jvg,1,1,concat,6
McZxlqXGuxg,1,1,concat,6
MctgS6STp4g,1,1,concat,6
MdCFYXDOhIU,1,1,concat,6
MdcHHDRj8kE,1,1,concat,6
Me3sPpexHd4,1,1,concat,6
MghqWkRhVkE,1,1,concat,6
Mh1VbfIQyOY,1,1,concat,6
MinBAp8s6fI,1,1,concat,6
Mnai5tJV4dg,1,1,concat,6
MqSZpAp2pc8,1,1,concat,6
Mqf4l39maBc,1,1,concat,6
Msbnm9etF6M,1,1,concat,6
Mu_fNEjgy6g,1,1,concat,6
Muq5BxeBqMY,1,1,concat,6
Mwlsu7602NU,1,1,concat,6
MyMQRhVaETE,1,1,concat,6
N-rujlYy0bw,1,1,concat,6
N1vOxwBLgMo,1,1,concat,6
N2467TEyS48,1,1,concat,6
N4W8_6t8CUE,1,1,concat,6
N4ii1N2tGoY,1,1,concat,6
N76kfkF6Wpo,1,1,concat,6
N7bPuV4vKAQ,1,1,concat,6
NAuz4jDF4bE,1,1,concat,6
NB2JH3P9454,1,1,concat,6
NIYlmR7HwNI,1,1,concat,6
NIc0wmBH9eo,1,1,concat,6
NKqYKANqdoY,1,1,concat,6
NMS9WfZ-zTc,1,1,concat,6
NNb84ctRIEU,1,1,concat,6
NOFplol64ss,1,1,concat,6
NP5e6LSzUjY,1,1,concat,6
NV_tITJrJpw,1,1,concat,6
NVaMzVKLzi8,1,1,concat,6
NWhyAv-JquE,1,1,concat,6
N_iyEOhXmHo,1,1,concat,6
NcP9IWlyNqU,1,1,concat,6
NeErgu1H78M,1,1,concat,6
NgEDT7QqSVI,1,1,concat,6
NhDbeOeu6Lc,1,1,concat,6
NiFnvI8nuRc,1,1,concat,6
NkFrDeiIGkU,1,1,concat,6
NkHbrdq9a-U,1,1,concat,6
NkWw_SyTWyA,1,1,concat,6
NnfNglDNV10,1,1,concat,6
NrfsOng6DS0,1,1,concat,6
NsOaNxLwiac,1,1,concat,6
NuSaUUw7NLo,1,1,concat,6
NuefcOkt1FQ,1,1,concat,6
NwxZDgj8X4I,1,1,concat,6
O0sIwvjd0-M,1,1,concat,6
O5F5hNkxlU0,1,1,concat,6
O8ZuDK4BbkY,1,1,concat,6
OA2XLsExFys,1,1,concat,6
OA8uxnI9PfM,1,1,concat,6
OAzuA7718ys,1,1,concat,6
OBBCQyLH-OE,1,1,concat,6
OCLQv1uVFTY,1,1,concat,6
ODe81xr63FM,1,1,concat,6
OFpwCM_4mYc,1,1,concat,6
OJHREw94C6U,1,1,concat,6
ONJuwlmlHoE,1,1,concat,6
OPAgEjMUE8Q,1,1,concat,6
OPVHkRIRFyQ,1,1,concat,6
ORKJ3Q_o5GI,1,1,concat,6
OTCGM1AkXL4,1,1,concat,6
OTfsIye3BPg,1,1,concat,6
OUmJFMS941I,1,1,concat,6
OVlYIQQTl6E,1,1,concat,6
OXxE014p4xY,1,1,concat,6
O_UuaKJTpGk,1,1,concat,6
OfdXGgVqcsg,1,1,concat,6
Oga4UleFa1s,1,1,concat,6
OkFbq4fcJl4,1,1,concat,6
OlTIqJkpJBM,1,1,concat,6
OoBh6D16RZQ,1,1,concat,6
OrR5iL9vi28,1,1,concat,6
OtS1vqRUfV4,1,1,concat,6
OtnipKDlGgw,1,1,concat,6
OwtIIic-Ono,1,1,concat,6
OxOZRmnhBkQ,1,1,concat,6
P08jHzGk2gs,1,1,concat,6
P2YUGILOLmk,1,1,concat,6
P3L0GxVmsAU,1,1,concat,6
P5n_GybLedk,1,1,concat,6
PA0c1mk9Iao,1,1,concat,6
PCRZWubgJfY,1,1,concat,6
PFyf2qMFJPk,1,1,concat,6
PGWaxnI28zw,1,1,concat,6
PGxuRSVpxhc,1,1,concat,6
PGz4lAuYtjk,1,1,concat,6
PHvVSYYV81E,1,1,concat,6
PIt6Hf7CjUw,1,1,concat,6
PPVxJ6bVLxE,1,1,concat,6
PRQV1eup3RM,1,1,concat,6
PRul8ynpZbk,1,1,concat,6
PT41ksWunBc,1,1,concat,6
P_tKdTaGYUs,1,1,concat,6
PcCXVoULeAw,1,1,concat,6
PflvvPK8A-I,1,1,concat,6
PgJRsz9l-Cw,1,1,concat,6
PljvHrOK5fk,1,1,concat,6
PmQkhyPZJC8,1,1,concat,6
PnBTq2GdLGc,1,1,concat,6
Pnn4qeXUv0U,1,1,concat,6
PryJ55l8nRk,1,1,concat,6
PvLGCztB4ng,1,1,concat,6
PwLD6qVEpTc,1,1,concat,6
Q26raUkhWQE,1,1,concat,6
Q5hv0MxCtQ4,1,1,concat,6
Q7nEygaUYnw,1,1,concat,6
QBamKMqUWyQ,1,1,concat,6
QCQlukDmVdk,1,1,concat,6
QEw8nNy4W8k,1,1,concat,6
QMhaxyj9Y8c,1,1,concat,6
QNRIj-n51Ss,1,1,concat,6
QOs2XhCPvAQ,1,1,concat,6
QQWJzxSMqhA,1,1,concat,6
QSGBsxNO7ek,1,1,concat,6
QXBLDb_QD74,1,1,concat,6
QYCEZmG7VaI,1,1,concat,6
QaeAo8440VY,1,1,concat,6
Qax2XTCjmt4,1,1,concat,6
QcaEQ1xes3M,1,1,concat,6
QexHCEDP1Tk,1,1,concat,6
Qf4mO9db4lw,1,1,concat,6
QgSvdgpg32c,1,1,concat,6
QhNIjvnMT00,1,1,concat,6
QhvbzmBFGQM,1,1,concat,6
QlBmFEcQ7l0,1,1,concat,6
QnKlr_WFYL0,1,1,concat,6
Qqc6qwhgy_4,1,1,concat,6
Qr-1g7ud74Y,1,1,concat,6
Qt0k22r56Kw,1,1,concat,6
QvrKnPYHy-I,1,1,concat,6
QyykOVCkmc8,1,1,concat,6
Qz1Nh-ZasTI,1,1,concat,6
R0iGy0e99Ek,1,1,concat,6
R5Xd34D1eT4,1,1,concat,6
R6VDAH6URwU,1,1,concat,6
R7yrTPu4Q54,1,1,concat,6
RBgfB6Tdqog,1,1,concat,6
RCAF-YWFTSU,1,1,concat,6
RCS1ayo-u4k,1,1,concat,6
RCqDSCVBzPg,1,1,concat,6
RDUGjmX0HBM,1,1,concat,6
RF76UnhCtyU,1,1,concat,6
RGD3YlTQFCg,1,1,concat,6
RKDRY7qNYKw,1,1,concat,6
RM835pDMj4w,1,1,concat,6
RMB_KGVKCgc,1,1,concat,6
RMP1Weu4eLI,1,1,concat,6
RQeyppZ1SRI,1,1,concat,6
RRMvtMJvTXs,1,1,concat,6
RRtT8KV8xac,1,1,concat,6
RSLqM-oIY54,1,1,concat,6
RTgLTTchzNA,1,1,concat,6
RX05JIVL6v8,1,1,concat,6
Ra_6gfh0OLQ,1,1,concat,6
Rbb7PLnya9o,1,1,concat,6
RbmI4hM9RP0,1,1,concat,6
Rc0BgKfHiqM,1,1,concat,6
RcRZahJo3xw,1,1,concat,6
RdFgUcCN8pk,1,1,concat,6
RkpfxqAEruc,1,1,concat,6
RlAwpFtukWw,1,1,concat,6
Rlk3ShiigWE,1,1,concat,6
Rnvt9-htpVQ,1,1,concat,6
RqPR6QlZDWM,1,1,concat,6
Rr0cJ4-R9KI,1,1,concat,6
Rr5E3oal1QQ,1,1,concat,6
Rz9wkN9a46Q,1,1,concat,6
RztjJUN0wFE,1,1,concat,6
S-TfPUcrLv0,1,1,concat,6
S0EeFOID6Ls,1,1,concat,6
S0NNVghw-6k,1,1,concat,6
S2dxxRQiZy8,1,1,concat,6
S3oNZ4AT1sI,1,1,concat,6
S4RsntvABrE,1,1,concat,6
S5bZBl_tdsM,1,1,concat,6
S5jdGfooyRM,1,1,concat,6
S88BCYkHi5E,1,1,concat,6
S9d454kBvkA,1,1,concat,6
SBBAVO5psT8,1,1,concat,6
SGS8Wtj28Lg,1,1,concat,6
SHFcAnlFl04,1,1,concat,6
SKIIvPnHOig,1,1,concat,6
SKN3wySkuaI,1,1,concat,6
SNhpa45mW1A,1,1,concat,6
SPymKAnvInQ,1,1,concat,6
SS_eGcFyVcc,1,1,concat,6
SWOPiW4Yi3Y,1,1,concat,6
SYIlxvmZE_w,1,1,concat,6
S_uWlr-ywWM,1,1,concat,6
SkuBemREhRE,1,1,concat,6
Sl0zDtM8zpc,1,1,concat,6
SpapPeTtFeE,1,1,concat,6
Spo-YSZQlVw,1,1,concat,6
SqYeFxj4jNM,1,1,concat,6
Sr2qYEHlsTc,1,1,concat,6
SuCJKw72emk,1,1,concat,6
Sxl61LWjdJE,1,1,concat,6
SzKFyCFxzTs,1,1,concat,6
SzbWCFPD6yQ,1,1,concat,6
T-KWtx4TPpU,1,1,concat,6
T0vFqax4c6I,1,1,concat,6
T0x654Ld4oI,1,1,concat,6
T1nF4xT71b4,1,1,concat,6
T2SELdcbemg,1,1,concat,6
T3MHh3LhhCY,1,1,concat,6
T3YFRAgiJIE,1,1,concat,6
T4ETQ4_mmNY,1,1,concat,6
T4VoZdrxrM4,1,1,concat,6
T5wN_8zekEA,1,1,concat,6
T6-61Y0WTVA,1,1,concat,6
T6spQ0Wuf-U,1,1,concat,6
T9GKrSvG2dk,1,1,concat,6
T9fcPS6uZBk,1,1,concat,6
TACpS_JqQYs,1,1,concat,6
TBBKYETQO94,1,1,concat,6
TEBRBHN2asY,1,1,concat,6
TFi7JVwlxb0,1,1,concat,6
TG5B8TQAlCE,1,1,concat,6
TGM7uzFMNXk,1,1,concat,6
THhgs-iJSFQ,1,1,concat,6
TIPslld1-a0,1,1,concat,6
TK2KSzy8slE,1,1,concat,6
TMw30WhTYfA,1,1,concat,6
TQD8DpbONuc,1,1,concat,6
TROFVicWrTE,1,1,concat,6
TTHpHl9iC-M,1,1,concat,6
TUST_mK7K8U,1,1,concat,6
TUTExkonfQs,1,1,concat,6
TUq3AifhEe8,1,1,concat,6
TYd4AuvHADw,1,1,concat,6
TcEHT3e5_VA,1,1,concat,6
Td0Gmabet4c,1,1,concat,6
Td_TpQtBuuc,1,1,concat,6
TitJFWdtCXE,1,1,concat,6
TjyZizYqAw0,1,1,concat,6
Tl3lNyv9edo,1,1,concat,6
TnQVWimuqS4,1,1,concat,6
TpdlTs7UsHc,1,1,concat,6
Tq3JphT7cBc,1,1,concat,6
TqAJ_QZAIFA,1,1,concat,6
TqN94sfXMz4,1,1,concat,6
TtE57HfUKj0,1,1,concat,6
TtTiAqZ-Wp8,1,1,concat,6
Tu0p5KPVnps,1,1,concat,6
Tu_aDZXRIs8,1,1,concat,6
Tvjfvg_YivQ,1,1,concat,6
TyM_dEdyBQs,1,1,concat,6
TyUuBjPYS6k,1,1,concat,6
TzQsVrMUYk4,1,1,concat,6
U-YlB5OrXTc,1,1,concat,6
U2CwT_ycKRc,1,1,concat,6
U3N1AA-8U2o,1,1,concat,6
U3ReEaL-YnI,1,1,concat,6
U4mZ_GanoL4,1,1,concat,6
UBEL4h2q_h8,1,1,concat,6
UClhtrjqRzU,1,1,concat,6
UHkEotZG4So,1,1,concat,6
UHlWVwmmNf4,1,1,concat,6
UJOVtfxUHQY,1,1,concat,6
UJyEXII7ORA,1,1,concat,6
UKEbi0wnOAQ,1,1,concat,6
UMq1x02C6fo,1,1,concat,6
UOWAgOYOgEM,1,1,concat,6
UP7sgho_diA,1,1,concat,6
UP8-MrAD11Q,1,1,concat,6
UR-izVSb1FM,1,1,concat,6
URrCJSBW79M,1,1,concat,6
USaX8kPuhK4,1,1,concat,6
UZEwULMoVYM,1,1,concat,6
UZu_Iw5475I,1,1,concat,6
UZzG_6t4DfA,1,1,concat,6
Uc4-uiDVg3I,1,1,concat,6
UfIi1SE5MIo,1,1,concat,6
UhezUg2Tfwk,1,1,concat,6
UnklwZga3gg,1,1,concat,6
UoSymJMrVZQ,1,1,concat,6
Uu7lR9bLrEU,1,1,concat,6
UvQaI_rUPlE,1,1,concat,6
UwMR0HXO-dM,1,1,concat,6
Uysw-KnGfzY,1,1,concat,6
UzHEavpEhzQ,1,1,concat,6
V-KwGkmvtW4,1,1,concat,6
V05TwJgaPs8,1,1,concat,6
V0S_SHrDofA,1,1,concat,6
V4tQFoxpO0g,1,1,concat,6
V6g6BWHn4ak,1,1,concat,6
V76PHGL-_tQ,1,1,concat,6
VAIKpZ2hJI8,1,1,concat,6
VD8X90_2IEo,1,1,concat,6
VDTFWnrGpU8,1,1,concat,6
VGx6jNR7JA0,1,1,concat,6
VJN5mJESVOg,1,1,concat,6
VNfVZzw5Vw0,1,1,concat,6
VNju7rYd6-8,1,1,concat,6
VP6guuJtrdI,1,1,concat,6
VQPDDMqczdQ,1,1,concat,6
VQkCTU6oMic,1,1,concat,6
VTjvavs4Aw0,1,1,concat,6
VXPKafhuVR0,1,1,concat,6
VYed9HW39go,1,1,concat,6
VZiKMICEPzQ,1,1,concat,6
VasqHMLcAbU,1,1,concat,6
VbJnk27dGDI,1,1,concat,6
VbMFL13ZZ-Y,1,1,concat,6
VbepqhwiNk4,1,1,concat,6
VcwAmRljvcc,1,1,concat,6
Vig3YfYGC2g,1,1,concat,6
VjflWL9X4ug,1,1,concat,6
VnceX7o7ms0,1,1,concat,6
VpLKyojJkhY,1,1,concat,6
Vv03Kqye5UQ,1,1,concat,6
VwHLrEhbCdU,1,1,concat,6
Vx10h2NNfQk,1,1,concat,6
VxPito6NrEY,1,1,concat,6
VxQILEQzwSg,1,1,concat,6
W0dxagNm7mk,1,1,concat,6
W1tESUXIpnI,1,1,concat,6
W2AvCv5MLOk,1,1,concat,6
W4_vVtCsEd8,1,1,concat,6
W4z7xKpYNM4,1,1,concat,6
W558z97amck,1,1,concat,6
W6nhnVf-kLk,1,1,concat,6
W74sPnwbVks,1,1,concat,6
WCoCvCBk3F4,1,1,concat,6
WEpQssDL1dQ,1,1,concat,6
WGcOQk68jSY,1,1,concat,6
WH-dbzmRLBQ,1,1,concat,6
WHHJASdV6rQ,1,1,concat,6
WI0HR8GerIk,1,1,concat,6
WLWq3N_lzkY,1,1,concat,6
WLqLb7hbLq4,1,1,concat,6
WNrqAGGau-s,1,1,concat,6
WQZ1GLB3XlY,1,1,concat,6
WQq3zOvk6so,1,1,concat,6
WT4F_A-TaYg,1,1,concat,6
WVD03A2dZds,1,1,concat,6
WWPqeQdUaCs,1,1,concat,6
WWYmXSXg8-0,1,1,concat,6
WYm9s4aoB4Y,1,1,concat,6
WerhWDADdzU,1,1,concat,6
Wp1XAgH7oJE,1,1,concat,6
WpSy9qMGgmc,1,1,concat,6
WqRKhHbA2mQ,1,1,concat,6
Wtmq5WrTeXw,1,1,concat,6
Wx5Xi7YaHxM,1,1,concat,6
WzHeu7VvDV4,1,1,concat,6
WzYwioaYmDY,1,1,concat,6
X-H-8yJ6lR0,1,1,concat,6
X03RX-_TJ7c,1,1,concat,6
X3OE4dk4Pb0,1,1,concat,6
X3qqCTiz7qk,1,1,concat,6
X7Uw6gLht6Y,1,1,concat,6
XAy7xKdtT6Q,1,1,concat,6
XDsWBczG09k,1,1,concat,6
XGgCyO45gTU,1,1,concat,6
XHLd3d0tMRg,1,1,concat,6
XIVM4kBU40Q,1,1,concat,6
XKSx1GVWcqs,1,1,concat,6
XL8kiQkJ3Jg,1,1,concat,6
XLb1g8qePow,1,1,concat,6
XMdOEdDsO_A,1,1,concat,6
XO2Qvscmuoo,1,1,concat,6
XOKHCbs6rkI,1,1,concat,6
XPHlxjRdFYA,1,1,concat,6
XPRC-Lq4qI8,1,1,concat,6
XPq7Tha19EE,1,1,concat,6
XPqDLzaidhw,1,1,concat,6
XSMRokKB3s4,1,1,concat,6
XSglOs1jBCI,1,1,concat,6
XUMumi5farA,1,1,concat,6
XV5vlrKEe8I,1,1,concat,6
XWAGjMz6bWY,1,1,concat,6
XYcqttHdAkA,1,1,concat,6
XdtRYvFbsww,1,1,concat,6
Xf7bglJOXa8,1,1,concat,6
XgQU8WBlckI,1,1,concat,6
Xhp6C5SZXAM,1,1,concat,6
Xj_UM17LlBo,1,1,concat,6
Xk-jlPLI4FE,1,1,concat,6
XneILp0MZek,1,1,concat,6
XqrheUJMLAk,1,1,concat,6
XrQwKEiBysg,1,1,concat,6
XshFRNVqBLQ,1,1,concat,6
Xtl7grMhPNg,1,1,concat,6
XubkvgYhOWw,1,1,concat,6
Xxrw4rAK9k4,1,1,concat,6
XzkiqGhTF9o,1,1,concat,6
Y1Kd-zxDTpU,1,1,concat,6
Y4sbqU237zY,1,1,concat,6
Y6BlaZClfiw,1,1,concat,6
Y6hQFir_YGc,1,1,concat,6
Y8MjqkqclkY,1,1,concat,6
Y8W2d8cZECs,1,1,concat,6
Y8Y8kPec7H8,1,1,concat,6
YBBw2r0O8W8,1,1,concat,6
YD8GmFqATPs,1,1,concat,6
YDSj6KGkBLU,1,1,concat,6
YFEXKye4XzI,1,1,concat,6
YH1UZhSwO80,1,1,concat,6
YH7uaJWOF4I,1,1,concat,6
YHws6Aq4eDM,1,1,concat,6
YLyawLy0xZY,1,1,concat,6
YN-_hYU4olQ,1,1,concat,6
YNGkRufI3dU,1,1,concat,6
YNeHoPUkSQA,1,1,concat,6
YOEaOw6ZP_k,1,1,concat,6
YPMoZxdAkLQ,1,1,concat,6
YQPUOtB1nac,1,1,concat,6
YQi7paXNitk,1,1,concat,6
YSKYuBsKHmY,1,1,concat,6
YV8zEC1EDnk,1,1,concat,6
YZ2-ceHVbBQ,1,1,concat,6
YahhvZuxLMs,1,1,concat,6
Yb94YtS0ZIk,1,1,concat,6
YbTLpCk_f5I,1,1,concat,6
YcLP1U8e1tQ,1,1,concat,6
Ye-AFVPpfOk,1,1,concat,6
Yj_ORABqYrU,1,1,concat,6
YkLlI9XybaE,1,1,concat,6
YmlP7fQGi48,1,1,concat,6
Yu-ZKgVahyY,1,1,concat,6
YuHTNDV53fg,1,1,concat,6
YuvceDEJRHI,1,1,concat,6
YvR9cgTRB1U,1,1,concat,6
YxDyhgnVbd4,1,1,concat,6
YxRfTXrz6FA,1,1,concat,6
Z0kja_pPnvU,1,1,concat,6
Z3IV-_hw71s,1,1,concat,6
Z5uAs7e9DVI,1,1,concat,6
Z6J5B-5iFOQ,1,1,concat,6
Z8VMO6rk4pE,1,1,concat,6
Z9uUHM28hKQ,1,1,concat,6
ZC3vG-ilP0w,1,1,concat,6
ZC4TBkt84mA,1,1,concat,6
ZCJoVLu1SGw,1,1,concat,6
ZFUmal6HAUo,1,1,concat,6
ZGk8-vCUXMc,1,1,concat,6
ZK28SSAPCFg,1,1,concat,6
ZKx-vosMUqk,1,1,concat,6
ZP_4ZwFkoTw,1,1,concat,6
ZUd5aPZc97o,1,1,concat,6
ZVZKiAXkiCc,1,1,concat,6
ZWNPna7Lz18,1,1,concat,6
ZXrcyFC-FV0,1,1,concat,6
ZZUAlSmrFK8,1,1,concat,6
Z_nbq84ycX4,1,1,concat,6
Za-y0IeKGDg,1,1,concat,6
ZaVHv29SUKw,1,1,concat,6
ZaqaQypZ_Eg,1,1,concat,6
ZdU_fKOb67I,1,1,concat,6
ZdjWQJDa7_8,1,1,concat,6
Zf0rHlvSp6w,1,1,concat,6
ZfOvjZBKU6Q,1,1,concat,6
ZjRIc9Pki4A,1,1,concat,6
Zn-zdjmFRho,1,1,concat,6
ZoHZhEsdJ5w,1,1,concat,6
Zp1Y6UhPoq4,1,1,concat,6
Zpka-S9CMag,1,1,concat,6
Zq0kkrlfgnE,1,1,concat,6
ZrVmr79ef_Y,1,1,concat,6
ZsxjD8hGAPA,1,1,concat,6
Ztm5XOzOZ-I,1,1,concat,6
ZtndEEs0yd8,1,1,concat,6
Zxm7Gh0hobg,1,1,concat,6
_-Cmyo3DexQ,1,1,concat,6
_-K2GykfZs8,1,1,concat,6
_06-rRZIfC4,1,1,concat,6
_3jTt090KCY,1,1,concat,6
_6FdMsFk2jk,1,1,concat,6
_DPLA2PN9h0,1,1,concat,6
_EoVKAgZwlw,1,1,concat,6
_GtoZsG9b2g,1,1,concat,6
_Gy2wlVRY6Q,1,1,concat,6
_HV_iwHNkow,1,1,concat,6
_I54HX4kG10,1,1,concat,6
_KQY3XFfB1k,1,1,concat,6
_Lzt9WiYmXU,1,1,concat,6
_NWqeaQWepQ,1,1,concat,6
_NXjm8atBV0,1,1,concat,6
_PPQasg4YhM,1,1,concat,6
_V54Fmst7Rg,1,1,concat,6
_XYj4IJrqI0,1,1,concat,6
_Yn_LvAf7SI,1,1,concat,6
__BjWUE1rt0,1,1,concat,6
_dbNwUa2hiI,1,1,concat,6
_fJ9_e4tO7w,1,1,concat,6
_fLky1nutQo,1,1,concat,6
_hGBoM0Ihwc,1,1,concat,6
_jKXS6OeqQg,1,1,concat,6
_jShWDT1Uag,1,1,concat,6
_kCLG_-XOhg,1,1,concat,6
_kLk2lqDhxI,1,1,concat,6
_ke7NVVYaRQ,1,1,concat,6
_poD-T08M94,1,1,concat,6
_s8uYplJKjo,1,1,concat,6
_sBRk9ADpK8,1,1,concat,6
_uLgwb8nvLI,1,1,concat,6
_uUvKwVn2Xk,1,1,concat,6
_w057ZoLbPU,1,1,concat,6
_xaY9WUDQyA,1,1,concat,6
_y19N6NS1rU,1,1,concat,6
_z5xpxz03-s,1,1,concat,6
a-6u2xJ2yYs,1,1,concat,6
a3j61B8LiOo,1,1,concat,6
a3kLXTcTsTc,1,1,concat,6
a5pFOB_6Gww,1,1,concat,6
a6ynJUnspdg,1,1,concat,6
a7-chMHiw-Q,1,1,concat,6
a7So4mL2E9Y,1,1,concat,6
a7TAwGKBgyQ,1,1,concat,6
aA5eKRInYI4,1,1,concat,6
aAUshfpVYMA,1,1,concat,6
aNu5Ah6cJ-Y,1,1,concat,6
aO6JFqBS5bs,1,1,concat,6
aThHntX97dU,1,1,concat,6
aWrK_l78dUA,1,1,concat,6
a_9uVjasSoo,1,1,concat,6
a_APMm4gY1I,1,1,concat,6
amZXZ_AT444,1,1,concat,6
amwknqjf7ZU,1,1,concat,6
aqfFAXrCYQU,1,1,concat,6
arflEM_fL6E,1,1,concat,6
b0GmcEURZ34,1,1,concat,6
b0gpoYNct5g,1,1,concat,6
b2iACGKsEJE,1,1,concat,6
b6Xwcb7UQgY,1,1,concat,6
b9W8VOhTsTc,1,1,concat,6
bCyCA8bahTU,1,1,concat,6
bE3ETTXdJgk,1,1,concat,6
bI46Dny1lM0,1,1,concat,6
bIBAOVglatI,1,1,concat,6
bIPS9DCdPV4,1,1,concat,6
bJF9GJFiRR4,1,1,concat,6
bNK3NKZ4n9w,1,1,concat,6
bRxFXEifano,1,1,concat,6
bTHx0n1nMbs,1,1,concat,6
bUuAeEvZet4,1,1,concat,6
bVd1C6P-YvQ,1,1,concat,6
b_HUGZtuw-0,1,1,concat,6
b_MWtxjRghU,1,1,concat,6
bc_SYq1InB0,1,1,concat,6
bdGDrCPZN0M,1,1,concat,6
bfJdo4vT4qc,1,1,concat,6
bgrYSidsvjk,1,1,concat,6
bjkFS1xl1vs,1,1,concat,6
bmxjzAFi9gQ,1,1,concat,6
bnHqyTlqsV4,1,1,concat,6
bnR43ivkziw,1,1,concat,6
boLvCbo7zaU,1,1,concat,6
bq8PBFbhyvY,1,1,concat,6
brLW-aVo_dQ,1,1,concat,6
brhgiKz0phs,1,1,concat,6
bs0w7fWveYI,1,1,concat,6
byrJRl4x3AM,1,1,concat,6
bzBlXF7HONA,1,1,concat,6
c-QjZtgsZ0I,1,1,concat,6
c0GUO4VSgQo,1,1,concat,6
c0gb23b0GpY,1,1,concat,6
c30oil5GNeo,1,1,concat,6
c42U2e9hAD4,1,1,concat,6
c5l6ib3l93Q,1,1,concat,6
cA9memYoDBw,1,1,concat,6
cAq5vuf9HLo,1,1,concat,6
cB-HuqHf5zQ,1,1,concat,6
cBQEbuuSb6s,1,1,concat,6
cJ152Gf2RZY,1,1,concat,6
cL5IOlnkaS8,1,1,concat,6
cLVmk52W78w,1,1,concat,6
cN84RsZhGt8,1,1,concat,6
cQtCDjfqf4Q,1,1,concat,6
cTVYu9uFl8E,1,1,concat,6
cTrFYXu7kQw,1,1,concat,6
cePtbPbBWmk,1,1,concat,6
cgFi5Vi4_bc,1,1,concat,6
clyDQ_QG32Y,1,1,concat,6
cmAK2NJQ83A,1,1,concat,6
co2NR7GraFw,1,1,concat,6
codypjNDPHU,1,1,concat,6
cov0hi4wo1Q,1,1,concat,6
cqeVbrN4TuY,1,1,concat,6
crRojZ4x31w,1,1,concat,6
ct2KdTlUufQ,1,1,concat,6
cuefdemfh18,1,1,concat,6
cvbvBBmu5UE,1,1,concat,6
cwHifG5HiEg,1,1,concat,6
cxkENicGxfU,1,1,concat,6
cy8RaZob4BQ,1,1,concat,6
cyCtePkP9rI,1,1,concat,6
czFENqmcBYk,1,1,concat,6
d3B2h8VOINc,1,1,concat,6
d5h5tJ4FXHo,1,1,concat,6
d8NmMwRpDkA,1,1,concat,6
d99UXbWnVd8,1,1,concat,6
d9dPOHj5wGY,1,1,concat,6
dCwyxqJQn0Q,1,1,concat,6
dHUQua2mNe8,1,1,concat,6
dLTAQj1Di2A,1,1,concat,6
dMKONlUAaZ4,1,1,concat,6
dNzAwvS5fFY,1,1,concat,6
dUGHLFvc7kU,1,1,concat,6
dVs35xOBhH8,1,1,concat,6
dVyaGnjKrpk,1,1,concat,6
dXsGaFZzTVc,1,1,concat,6
dYjlK9708U8,1,1,concat,6
d_DTV_KsM7E,1,1,concat,6
dfKQxWRt7yY,1,1,concat,6
dffWt0bBxvs,1,1,concat,6
dhLViNwn23U,1,1,concat,6
dhvxhN3WHVU,1,1,concat,6
djywCpvpvEc,1,1,concat,6
dkvjey9iWtI,1,1,concat,6
dnaP7Aqxdyg,1,1,concat,6
dobHrY5BAuE,1,1,concat,6
dtBgxNhMrjc,1,1,concat,6
dv799byI5Dw,1,1,concat,6
dxt4WUHiiew,1,1,concat,6
e25jWh1JJ3g,1,1,concat,6
e2TNCf2PEyw,1,1,concat,6
e5vaJXtIaaE,1,1,concat,6
e6Sins2Z2oY,1,1,concat,6
e6aqXU6FBnc,1,1,concat,6
e8B29vYkZG4,1,1,concat,6
e8Ie-rBUFrQ,1,1,concat,6
e8pg7Wig4zI,1,1,concat,6
eA-aDq1St38,1,1,concat,6
eA88Eti1jk0,1,1,concat,6
eFunauf2GP8,1,1,concat,6
eGKzhVn7ufU,1,1,concat,6
eH-gQ2E3C0I,1,1,concat,6
eJb3H8uF5aE,1,1,concat,6
eLxWXTj3vAE,1,1,concat,6
eNeKsutTlCE,1,1,concat,6
eRcH0UwtIIc,1,1,concat,6
eRwjAMFZuMY,1,1,concat,6
eSTPO-XjL9M,1,1,concat,6
eVgdLF9dFWQ,1,1,concat,6
ea8MzbAIXdU,1,1,concat,6
eaTnAr3AUko,1,1,concat,6
ebZIpij85VY,1,1,concat,6
ecVeC3zbJ7Y,1,1,concat,6
edXE0-avZLs,1,1,concat,6
edxPO7uXThg,1,1,concat,6
ee6GJA09SIs,1,1,concat,6
eeedkCfysy4,1,1,concat,6
ef0FTwNFeZU,1,1,concat,6
egH-TuzUs-k,1,1,concat,6
ehXsmPLT_KE,1,1,concat,6
eiL4DcsShOA,1,1,concat,6
ejWqKrTedUI,1,1,concat,6
ejzlR3v7UuQ,1,1,concat,6
ekdUgU9nOpE,1,1,concat,6
em7nu1mDZkE,1,1,concat,6
epBq1Vg4KkI,1,1,concat,6
epXCIwwBwWY,1,1,concat,6
eq8MyI0kc40,1,1,concat,6
ev_kWUtISiA,1,1,concat,6
evyVW18rQK8,1,1,concat,6
ex3csDHPyEY,1,1,concat,6
exutgWhQWtM,1,1,concat,6
f-AtuimMzfk,1,1,concat,6
f08aWm8vQVI,1,1,concat,6
f3PP9bQX-J0,1,1,concat,6
f4S2zVfffBs,1,1,concat,6
f7V3D6RVyUA,1,1,concat,6
f8jEJkpTHUU,1,1,concat,6
fD48DWjVYRE,1,1,concat,6
fGyaEESdY3Q,1,1,concat,6
fHbHoIh6O50,1,1,concat,6
fJ-VsiWq8Xw,1,1,concat,6
fJDU3bj40Jk,1,1,concat,6
fKgGsBP-NXI,1,1,concat,6
fKtx-GVVt74,1,1,concat,6
fOWcMzUPPhQ,1,1,concat,6
fTpDIiEhjJQ,1,1,concat,6
fYa5k98KZrs,1,1,concat,6
f_bUtopi104,1,1,concat,6
fcBpmihKSaQ,1,1,concat,6
fd0Iq_EEnY8,1,1,concat,6
ffWUB-bVc-c,1,1,concat,6
ffvOJ4mJUJQ,1,1,concat,6
fgJ7vu-EQdI,1,1,concat,6
fgpgXsfCRiw,1,1,concat,6
foFvn6o_qWI,1,1,concat,6
fpDJeG8yeYo,1,1,concat,6
fpfb5He25Ws,1,1,concat,6
fpvl8gK9J_w,1,1,concat,6
fqHSPRV076I,1,1,concat,6
fr5a7O3KN2k,1,1,concat,6
ftA4bl3VwO0,1,1,concat,6
fvw1eJeAB0I,1,1,concat,6
fxbM3jtFlrM,1,1,concat,6
fzFBiBiM1Mw,1,1,concat,6
g-LwFitWb2k,1,1,concat,6
g-eO8wgNLII,1,1,concat,6
g-sEVUd2qro,1,1,concat,6
g0wyFhI-4_M,1,1,concat,6
g5cTcMBES5I,1,1,concat,6
gB4QRg-dZ5M,1,1,concat,6
gCLn8o3Lq3A,1,1,concat,6
gDIX6uN6ZGA,1,1,concat,6
gD_oPXs8e7E,1,1,concat,6
gFehradZiFU,1,1,concat,6
gGFGUxLvWPs,1,1,concat,6
gKrolwGDrsg,1,1,concat,6
gLf_6NweOFE,1,1,concat,6
gNESV9H0Gfg,1,1,concat,6
gOcgh8YEb4U,1,1,concat,6
gRUkt84-8ag,1,1,concat,6
gU1JrysVUkk,1,1,concat,6
gW-klEItivg,1,1,concat,6
gWR3joUdip4,1,1,concat,6
gX6nYwmYbRM,1,1,concat,6
g_fouE_TPwc,1,1,concat,6
g_vaycAjQ_Y,1,1,concat,6
gbaDOQhtU00,1,1,concat,6
gd1wZm2Klk4,1,1,concat,6
gdeT_VBqPDA,1,1,concat,6
giX6u_O2FSE,1,1,concat,6
gj-vQxNHGcs,1,1,concat,6
go_xfBlgPl0,1,1,concat,6
gqCOH0vymXQ,1,1,concat,6
gqpb3hXZJYk,1,1,concat,6
grgsZ5FgkJE,1,1,concat,6
gs1EmercxW8,1,1,concat,6
gsthRskb8YI,1,1,concat,6
gtitR-oec-U,1,1,concat,6
guCJmO1c7-4,1,1,concat,6
guY85tQRC4M,1,1,concat,6
gvsCPy1tAnY,1,1,concat,6
gvsk_Lksumw,1,1,concat,6
gwPu4bk7Grs,1,1,concat,6
gx277_4OS1s,1,1,concat,6
gx5EXs8_e_w,1,1,concat,6
gzYobsR5dyU,1,1,concat,6
h-3NR-7bpSE,1,1,concat,6
h185iwcC3Ro,1,1,concat,6
h1H9T-iWscU,1,1,concat,6
h2B26ArS7EI,1,1,concat,6
h2UcNYRgYxY,1,1,concat,6
h33aoLd0_Do,1,1,concat,6
h8CK9dsQfYQ,1,1,concat,6
hAcsWYxNlzs,1,1,concat,6
hAvX1pgwAIY,1,1,concat,6
hBp6XCBBoWY,1,1,concat,6
hC-Qy2oFvpM,1,1,concat,6
hCrl2_MQ4Rk,1,1,concat,6
hDM7tQ2eQ1M,1,1,concat,6
hE6g1OQU-Ks,1,1,concat,6
hEYTpwGnVz0,1,1,concat,6
hG2FY4hqwVA,1,1,concat,6
hKQbJwUFkj8,1,1,concat,6
hLCk6KmcHsQ,1,1,concat,6
hLQ8liyEY-s,1,1,concat,6
hLeUZMdtpkU,1,1,concat,6
hNRNQP5ng8o,1,1,concat,6
hOYfMsBDHog,1,1,concat,6
hP9umPdX9zs,1,1,concat,6
hRJI-twzQaA,1,1,concat,6
hRfikvwdGa8,1,1,concat,6
hRwtsK_aTN8,1,1,concat,6
hS-trZK3Rbk,1,1,concat,6
hSAfEBQTSkI,1,1,concat,6
hTxOk_Bdzs0,1,1,concat,6
hUfSSjqLLvw,1,1,concat,6
hZN-PzibC1Q,1,1,concat,6
haQs_jp7MiU,1,1,concat,6
haj786AzMl0,1,1,concat,6
hanv5U5dNY0,1,1,concat,6
hasw-m6tAY8,1,1,concat,6
hb9Pxf0FGUA,1,1,concat,6
hbq9tO_aICA,1,1,concat,6
hcW-ygHI800,1,1,concat,6
hd2yZDqzfHw,1,1,concat,6
heyhydzBQPU,1,1,concat,6
hfYjPrDHJm0,1,1,concat,6
hhBmxHcWjZ0,1,1,concat,6
hhg9ktivlfQ,1,1,concat,6
hj_hBZW2Q6Q,1,1,concat,6
hkHrwNC7ss8,1,1,concat,6
hkgiQD1lmw8,1,1,concat,6
hlGw5z_qi1Q,1,1,concat,6
hnisdYrPCOA,1,1,concat,6
hqJfH8yvrNI,1,1,concat,6
hquCjov5aUc,1,1,concat,6
hu6UTDHKI_s,1,1,concat,6
hzla3JYgbr8,1,1,concat,6
hzwSzNV1nF0,1,1,concat,6
i-5-qdjtxJs,1,1,concat,6
i0XaOvAUDG8,1,1,concat,6
i0zI6KGgRfg,1,1,concat,6
i16ep3TCR2A,1,1,concat,6
i6QWGVaEogo,1,1,concat,6
iACoeYBuF7c,1,1,concat,6
iB4uixwKs4E,1,1,concat,6
iBUWw_NkGZc,1,1,concat,6
iEiqSl9Q0O0,1,1,concat,6
iFlwce3cNGk,1,1,concat,6
iFnP2qK1kIk,1,1,concat,6
iFtpIpAJCoI,1,1,concat,6
iGXxmtdCp58,1,1,concat,6
iGggD14HQZc,1,1,concat,6
iS5B7AojbKs,1,1,concat,6
iT5Acof7SkQ,1,1,concat,6
iVnCaCz-fAQ,1,1,concat,6
iWFnWFAihrw,1,1,concat,6
iXhT_GkKl2E,1,1,concat,6
iYtPOEnkg9M,1,1,concat,6
iZ_7b6NbQO4,1,1,concat,6
iaUDeZ4KUkQ,1,1,concat,6
ianPnBqMC5c,1,1,concat,6
ighhnTV4Zdc,1,1,concat,6
iix0WzYaN9A,1,1,concat,6
io6-zwjhazc,1,1,concat,6
ip8O_G9CBcU,1,1,concat,6
iph2SHwcVV0,1,1,concat,6
iqOean-YME0,1,1,concat,6
iqlEoMR5RlA,1,1,concat,6
itaZIa1G7G4,1,1,concat,6
j2G8gikxupw,1,1,concat,6
j5Sg_qtUz5s,1,1,concat,6
jBRl24YLv-o,1,1,concat,6
jDGa7cB5LOw,1,1,concat,6
jF1ruMBg_NI,1,1,concat,6
jG4ZGSU7VHk,1,1,concat,6
jIGjfffNRk4,1,1,concat,6
jJa52SPXxT4,1,1,concat,6
jL8nqQCW3Fk,1,1,concat,6
jLe6mYf5qdE,1,1,concat,6
jOGnmtit0fg,1,1,concat,6
jQ7L6VszIeM,1,1,concat,6
jQNd2smcPVs,1,1,concat,6
jRVyk4EuYxA,1,1,concat,6
jUGRnY-hgS0,1,1,concat,6
jUsUXZGkFuQ,1,1,concat,6
jaAjLFPRgEs,1,1,concat,6
jeAM_cAkgSk,1,1,concat,6
jgbNt8MPZF8,1,1,concat,6
jjn4r1ruu5E,1,1,concat,6
jlNkVeX0fn8,1,1,concat,6
jo5xZXkrwWc,1,1,concat,6
jq6dRvkKR2g,1,1,concat,6
k-SikbGbkPk,1,1,concat,6
k0UEU09h6Ec,1,1,concat,6
k0fQqMgttM0,1,1,concat,6
k12xwRms1w8,1,1,concat,6
k1dEbfu0v2w,1,1,concat,6
k3ELqFpk3-4,1,1,concat,6
k7eKOIjoSBs,1,1,concat,6
kA63ejUHP8c,1,1,concat,6
kCDrQtqw6iY,1,1,concat,6
kFaHoIiFLbA,1,1,concat,6
kGA07J3eu48,1,1,concat,6
kGiUBp7MK90,1,1,concat,6
kGph0UibSE4,1,1,concat,6
kIlfx0i4mww,1,1,concat,6
kK1lWFPhg_g,1,1,concat,6
kLatx6YvTII,1,1,concat,6
kMOnkej8k6A,1,1,concat,6
kMlBDtsRPqc,1,1,concat,6
kNE2SYnEMcA,1,1,concat,6
kO9UGhuqWYw,1,1,concat,6
kOh5OnGj6sQ,1,1,concat,6
kOmFQmsDJjY,1,1,concat,6
kShvImLq6ts,1,1,concat,6
kTXesuM4Svk,1,1,concat,6
kW5EblnPrkc,1,1,concat,6
kYRpBaLDMs0,1,1,concat,6
kmHuXHFqJFc,1,1,concat,6
kpC-Rg6QlIk,1,1,concat,6
ksPT4Z6z6os,1,1,concat,6
ktWX2LpGvT4,1,1,concat,6
kvGVecQHSvU,1,1,concat,6
kwSkhKSAkas,1,1,concat,6
l4jYaRNKgho,1,1,concat,6
lANji-BM0AU,1,1,concat,6
lFqTMWFQnIo,1,1,concat,6
lGZhnDiHwTA,1,1,concat,6
lGg0OTgnyxE,1,1,concat,6
lJkTv4oBdT4,1,1,concat,6
lL6GxCIfRmc,1,1,concat,6
lMAXFOLFLng,1,1,concat,6
lP3J3GBV57s,1,1,concat,6
lRAj7CUB2i0,1,1,concat,6
lSZBfjAtRvA,1,1,concat,6
lUl9e10y_UQ,1,1,concat,6
lUmNF427hcQ,1,1,concat,6
lVym3QhDAEk,1,1,concat,6
lYABx1IHcvk,1,1,concat,6
l_J62EV3oLY,1,1,concat,6
lavc39pySgU,1,1,concat,6
lf7z4kFWDQU,1,1,concat,6
lfNgLC-Wtg0,1,1,concat,6
lfwDLBO76F8,1,1,concat,6
lhxR7QPSX8g,1,1,concat,6
liMWf3ybEDA,1,1,concat,6
lkucO70Lqt0,1,1,concat,6
lndvM6d2Ypw,1,1,concat,6
lorVc-9KPKA,1,1,concat,6
luNTixO9zq0,1,1,concat,6
lyXHdlMW5M0,1,1,concat,6
m0qA96qFmGg,1,1,concat,6
m1wdOXUB7sk,1,1,concat,6
m4-gcitgECM,1,1,concat,6
m6F1Hq8MB_A,1,1,concat,6
m8phhDtgzyE,1,1,concat,6
mA0v3gewyFQ,1,1,concat,6
mAmCFI5tYaI,1,1,concat,6
mAurNqWYxCc,1,1,concat,6
mCo2nhCwR08,1,1,concat,6
mFwlQR1Lc8Q,1,1,concat,6
mGx6GG0_Vz4,1,1,concat,6
mIKVBoozlKw,1,1,concat,6
mL7VOSSYu6c,1,1,concat,6
mLq0xcxpRnM,1,1,concat,6
mMvK_DHXo9M,1,1,concat,6
mNxtBpFXeNE,1,1,concat,6
mQbk_f-b2o8,1,1,concat,6
mUglG5jRuCw,1,1,concat,6
mXkw057jpJ4,1,1,concat,6
mXunVuQXiyw,1,1,concat,6
mcdAbYdrz5c,1,1,concat,6
md5LpK8-0X8,1,1,concat,6
mdVnj81KdN4,1,1,concat,6
me-80_hKE30,1,1,concat,6
mi2nXPkyPus,1,1,concat,6
miiTrrG637U,1,1,concat,6
mktHQF3QPh8,1,1,concat,6
ml7UIkh6AL4,1,1,concat,6
mnSmUG7Dw7c,1,1,concat,6
mpRNqPSqX2s,1,1,concat,6
mrszBWsNGtc,1,1,concat,6
msDTJmoFzAE,1,1,concat,6
mtemUrhfLCU,1,1,concat,6
mtqk6pxCSn8,1,1,concat,6
mtrtMQI1oQ4,1,1,concat,6
muybq3KtaGc,1,1,concat,6
mvlBmJXkb7Y,1,1,concat,6
n--zlijV_ks,1,1,concat,6
n299PaP568k,1,1,concat,6
n2JfhdAcVEg,1,1,concat,6
n2_GiBbGsCk,1,1,concat,6
n4tlqemEIuQ,1,1,concat,6
n5HRajCn4J4,1,1,concat,6
n7SqWh9sdMs,1,1,concat,6
nBOPMV9eEy0,1,1,concat,6
nC91r252dd8,1,1,concat,6
nEuIrFdnbRQ,1,1,concat,6
nGuVOy52Pv8,1,1,concat,6
nH-q8lL6pmg,1,1,concat,6
nHPvYEmaMak,1,1,concat,6
nI_mQKzxIxU,1,1,concat,6
nOilRLswWDE,1,1,concat,6
nPgIiscuYgw,1,1,concat,6
nQ606lXWkDo,1,1,concat,6
nQZHCrK4RjI,1,1,concat,6
nTUNHdDmD-A,1,1,concat,6
nUSaFpnln8Q,1,1,concat,6
nVvaCe4esCQ,1,1,concat,6
nX1B72MXjwo,1,1,concat,6
nY3sydLbc50,1,1,concat,6
nYVOkljTF_k,1,1,concat,6
n_N5HhmdJkM,1,1,concat,6
naxWEVRi5h8,1,1,concat,6
nfXxGI7eP_c,1,1,concat,6
nojjgkgH9Wk,1,1,concat,6
nqGhmCrOPMM,1,1,concat,6
nsV8MiVlnMg,1,1,concat,6
ntLy_A0vESk,1,1,concat,6
nxGRKktzIoY,1,1,concat,6
nxcgVnPQayM,1,1,concat,6
nxzJKqlevBs,1,1,concat,6
nyXgPSL-TZw,1,1,concat,6
o5ydlYvLiB4,1,1,concat,6
o63X5IPgR50,1,1,concat,6
o7JfdSrO-xk,1,1,concat,6
oBktjuPVT-E,1,1,concat,6
oC2mY2kWCDE,1,1,concat,6
oFgyF5q7Etc,1,1,concat,6
oKKJluVP55g,1,1,concat,6
oKt_JcXzQAU,1,1,concat,6
oL_f0eOTh8Q,1,1,concat,6
oLqOdjd1f1k,1,1,concat,6
oOok29OcKZ8,1,1,concat,6
oQPU9dWvTIw,1,1,concat,6
oQeclRpNXKk,1,1,concat,6
oRKQsBRlamc,1,1,concat,6
oSOrNNZYpE0,1,1,concat,6
oTv_7rirmUc,1,1,concat,6
oWV3AXx-2zc,1,1,concat,6
oXkGJzlb3jE,1,1,concat,6
oYPkv1-uXGg,1,1,concat,6
oYmWIXzsRHk,1,1,concat,6
oZv6jyJBfTs,1,1,concat,6
ocep2tLHEiU,1,1,concat,6
odDxuS8lo8k,1,1,concat,6
oduu1CmyGkc,1,1,concat,6
oe4oUn2awWM,1,1,concat,6
oeD-gu47gvc,1,1,concat,6
ofrbMD2phso,1,1,concat,6
ogaBiHFPFBE,1,1,concat,6
ogvFbeYftEA,1,1,concat,6
oisJ73W47zI,1,1,concat,6
ojImQAei7_I,1,1,concat,6
ooIep8n4AkE,1,1,concat,6
os0y0Ojcoh8,1,1,concat,6
ot0D7lNYXy4,1,1,concat,6
otLMfbJzU8c,1,1,concat,6
ouQ6zMZHV1U,1,1,concat,6
ow3ITcry-nc,1,1,concat,6
owbHRi9aJSI,1,1,concat,6
ox5bDr8AbrA,1,1,concat,6
p-EqKzr2bJ0,1,1,concat,6
p1VUkDv57rk,1,1,concat,6
p1g-4X0v0Qw,1,1,concat,6
p3FFWCMsGo8,1,1,concat,6
p5NrDvJlP8o,1,1,concat,6
pCl7PGqs-MQ,1,1,concat,6
pI8HKI57kyY,1,1,concat,6
pNgyt4gXB0Q,1,1,concat,6
pO4AN0a9iFg,1,1,concat,6
pObQQqVhPbo,1,1,concat,6
pUB2616QCBA,1,1,concat,6
pUZKGk0JYiw,1,1,concat,6
pUiFySHQTLs,1,1,concat,6
pV3RGLmT7W4,1,1,concat,6
pY1DfAQbYIE,1,1,concat,6
pY9fm53olV0,1,1,concat,6
pZ5tc-smA9c,1,1,concat,6
paINabvxyQc,1,1,concat,6
pcD5twvdOaE,1,1,concat,6
pcMGuMipLbw,1,1,concat,6
pcdfWR7faic,1,1,concat,6
pdh4QwUTYKA,1,1,concat,6
pjKasgmfZB8,1,1,concat,6
pm_A5Q9ZZ2s,1,1,concat,6
pnEuBgsSQ1A,1,1,concat,6
pnjcNd2APfE,1,1,concat,6
ppLdZY98yX4,1,1,concat,6
ppfWQiJ8dew,1,1,concat,6
prJfvDwufs4,1,1,concat,6
pvcYY1XTvNM,1,1,concat,6
pvgOofub_To,1,1,concat,6
pvnTjGKjegQ,1,1,concat,6
q-XiZ1hXx4I,1,1,concat,6
q05tkaDwEkg,1,1,concat,6
q3s-YxvubE4,1,1,concat,6
q3wc4P_Q0aQ,1,1,concat,6
q67_a67T4xw,1,1,concat,6
q8yFw--vtjU,1,1,concat,6
q9_u_P5RwnM,1,1,concat,6
q9iQhDckL18,1,1,concat,6
qBQ5XJy9ss4,1,1,concat,6
qCAeMW410-A,1,1,concat,6
qCDe7tMCaco,1,1,concat,6
qDDzoKdxsIo,1,1,concat,6
qFDiLBcV968,1,1,concat,6
qIIRCcFvpkA,1,1,concat,6
qJ3i8su63_M,1,1,concat,6
qLMbacGKeFE,1,1,concat,6
qOiLWwS8GDw,1,1,concat,6
qPQdXXZLqtc,1,1,concat,6
qQGVYGdKD4I,1,1,concat,6
qQjrvyyfh3A,1,1,concat,6
qQpXTi4Gfg4,1,1,concat,6
qUMmdQ3Fdm4,1,1,concat,6
qWr_dM75hmM,1,1,concat,6
qXCjYqPQ2No,1,1,concat,6
q_mt0zk2mO0,1,1,concat,6
qj8oXuHDJyA,1,1,concat,6
qlAFn91EX7M,1,1,concat,6
quGuvM-WBQk,1,1,concat,6
qxgcCxdVLz8,1,1,concat,6
qyNKVnyVN60,1,1,concat,6
r-yySGMtSRA,1,1,concat,6
r05zCaRqnLE,1,1,concat,6
r3sNBeJKjak,1,1,concat,6
r4frGbhGw3o,1,1,concat,6
r9Af1LmlktA,1,1,concat,6
rA_1LiS2itI,1,1,concat,6
rKnAppSHYS8,1,1,concat,6
rLBm8pFBPnA,1,1,concat,6
rLJVJe9X2Ok,1,1,concat,6
rLuWR2UjxI4,1,1,concat,6
rO8XoyXWZN0,1,1,concat,6
rO_SSNGZDV8,1,1,concat,6
rPyz27GKUq8,1,1,concat,6
rQkvbxODvu8,1,1,concat,6
rRtv-EMOxI8,1,1,concat,6
rSKg3LhIkt4,1,1,concat,6
rTTFOkZwntA,1,1,concat,6
rUSYtsfsACo,1,1,concat,6
rVBsXiHbTxc,1,1,concat,6
rWN-V-k-TnU,1,1,concat,6
rWSSKwlWU58,1,1,concat,6
rWWEaiqVpPE,1,1,concat,6
rWlxVR8Zq9U,1,1,concat,6
rYnHCUIje-k,1,1,concat,6
rb3f-4Oa1bA,1,1,concat,6
rbbP2Ug6Ixs,1,1,concat,6
re1t55SE2U0,1,1,concat,6
reKBVkCMRpE,1,1,concat,6
rh3noQNEzCY,1,1,concat,6
rhm2K6zfkhg,1,1,concat,6
rjQSCEfbJrw,1,1,concat,6
rl7VwYOhXNQ,1,1,concat,6
rmMQ9HW6O9U,1,1,concat,6
rpSXKxS3VQA,1,1,concat,6
rqSN7SD6D84,1,1,concat,6
rsZFDKJhWEs,1,1,concat,6
rth2mwua9Bw,1,1,concat,6
ruGxzk_5a_k,1,1,concat,6
ruL1xMRgBJU,1,1,concat,6
ruSIi0DbCyo,1,1,concat,6
ryUOt3kK2Ow,1,1,concat,6
ryXYFJ7iqdM,1,1,concat,6
rzdP0_5xnWw,1,1,concat,6
rzxB0T6F2bg,1,1,concat,6
s-F_IQ5-IzM,1,1,concat,6
s-lP2l4bTQ0,1,1,concat,6
s06hHi7NssU,1,1,concat,6
s2t06RCz-zo,1,1,concat,6
s38EbImIh9o,1,1,concat,6
s3AHhmtVLQ4,1,1,concat,6
s3MghEur2ps,1,1,concat,6
s4BXTfGEbe0,1,1,concat,6
s72MUix9Lsw,1,1,concat,6
s7Jdr4m2RZo,1,1,concat,6
s8rWKf4kRNA,1,1,concat,6
s9UnUr_bGi8,1,1,concat,6
sAla205sQBw,1,1,concat,6
sCVXzviUk4M,1,1,concat,6
sHVvYtsRiSw,1,1,concat,6
sJT10x32OBU,1,1,concat,6
sL_OcKykegA,1,1,concat,6
sUqbOScjZIg,1,1,concat,6
sV1Q-inNEgU,1,1,concat,6
sVvW-Mm4eug,1,1,concat,6
sXS1IYVqkkg,1,1,concat,6
sXzEkgs1V_Y,1,1,concat,6
sYUhlikqJ3E,1,1,concat,6
s_63K9uaUPw,1,1,concat,6
s_PLwtd1r5E,1,1,concat,6
s_Zq2dpmwV4,1,1,concat,6
saSs6kMrlTI,1,1,concat,6
saVOkME9g58,1,1,concat,6
sd7ZV0RPHeI,1,1,concat,6
seN5dddtpBI,1,1,concat,6
sfQEKf3Tq4A,1,1,concat,6
sfmnYu1ANi4,1,1,concat,6
sh1fChe23as,1,1,concat,6
sjl9a0oZcZo,1,1,concat,6
suUvSetF8_U,1,1,concat,6
swS4uin1-ew,1,1,concat,6
sy5PNVe94Zw,1,1,concat,6
t0Zqkeg5aB0,1,1,concat,6
t3V9SGxuVeo,1,1,concat,6
t6M0jXeu9C0,1,1,concat,6
t6i85epn9s4,1,1,concat,6
t7x-tZF3Am8,1,1,concat,6
tC1MudUTZDU,1,1,concat,6
tC1bAx4pgzk,1,1,concat,6
tDmRSZt7rBk,1,1,concat,6
tGao8tD3oEY,1,1,concat,6
tIW9f_sNBPw,1,1,concat,6
tIo_q5biOMM,1,1,concat,6
tIqX8YQtxlA,1,1,concat,6
tJD-4s-8DKw,1,1,concat,6
tMoTShXcri8,1,1,concat,6
tMybyjV1fk8,1,1,concat,6
tOwX4dZDPT0,1,1,concat,6
tPWrVaNIjnE,1,1,concat,6
tQeI-lJCshY,1,1,concat,6
tSTMvxEkW50,1,1,concat,6
tSVk9KnyEfI,1,1,concat,6
tVi8r9S7Bvw,1,1,concat,6
tcJ4ExqOe7w,1,1,concat,6
tfrdSqHGnbE,1,1,concat,6
tpt-ZbzBF8M,1,1,concat,6
tptY1-zqKYw,1,1,concat,6
trAhvuOzLpg,1,1,concat,6
ts0VGKUM3n0,1,1,concat,6
ttqzXw2rBRE,1,1,concat,6
tujenaLYzKY,1,1,concat,6
tvFgCbXc95I,1,1,concat,6
twk1cuoe4wI,1,1,concat,6
tyVM3b_nF58,1,1,concat,6
tyYt9aHYvoI,1,1,concat,6
u-f_CUj5u0o,1,1,concat,6
u-lieLKwJvw,1,1,concat,6
u-lptUJBF1Q,1,1,concat,6
u0OFOxb7IWE,1,1,concat,6
u10OxA0kR_8,1,1,concat,6
u5ky5JCNGKE,1,1,concat,6
u9lZ1KE8ldA,1,1,concat,6
uCRfFtQMx1w,1,1,concat,6
uDztl_rEhHk,1,1,concat,6
uGjH208U3ec,1,1,concat,6
uGxBUK1n4lU,1,1,concat,6
uHfRuYIMFW4,1,1,concat,6
uIVPYZ4m3tk,1,1,concat,6
uJwY8ijEzTE,1,1,concat,6
uKun3Ga42_8,1,1,concat,6
uRskrmFFtiM,1,1,concat,6
uTb5daWC0d4,1,1,concat,6
uUNvbqyTvx8,1,1,concat,6
uUvKJ2FkkKs,1,1,concat,6
uVT4wA1tc3g,1,1,concat,6
uWqJo082OK0,1,1,concat,6
uY5uIXI08SA,1,1,concat,6
u_HSJWUjCjY,1,1,concat,6
u_WLfolhb2c,1,1,concat,6
ubc3JgfxEiU,1,1,concat,6
ugUD5XO7T8E,1,1,concat,6
uiquJHCQnIw,1,1,concat,6
ujI6Rp56EeU,1,1,concat,6
ulDA9JbfoQ0,1,1,concat,6
ulNWLDkiN-g,1,1,concat,6
umik4uvl2i0,1,1,concat,6
unPVlzvSx3U,1,1,concat,6
uoktFMS1S8s,1,1,concat,6
up4U8F5Rrlc,1,1,concat,6
upRhXCTp66c,1,1,concat,6
ur6egAiYMbU,1,1,concat,6
ut06ZEte6e4,1,1,concat,6
uu5oHyimI1w,1,1,concat,6
uvR3ZY91AGc,1,1,concat,6
uwI7vLQtbfs,1,1,concat,6
uy4RlXwj1zY,1,1,concat,6
v-Hd5jtODbM,1,1,concat,6
v1FFA2DPOhw,1,1,concat,6
v1ZCCTnVRWU,1,1,concat,6
v1jKHic71ps,1,1,concat,6
v6LTnSVP400,1,1,concat,6
v7D7z5nx62Q,1,1,concat,6
v92-s_ihaNs,1,1,concat,6
vBKHJKFLDjA,1,1,concat,6
vF-dU2pBuDI,1,1,concat,6
vGINOb6IvS0,1,1,concat,6
vGWHg0jx6tw,1,1,concat,6
vIkaRqT0n3M,1,1,concat,6
vPXtS4owC0E,1,1,concat,6
vUhF0rCD9QI,1,1,concat,6
vZQ11x62kB8,1,1,concat,6
v_5-dh0h3e4,1,1,concat,6
v_qKzY7-bwg,1,1,concat,6
vab8ecXDz1s,1,1,concat,6
vbtBG51EBAQ,1,1,concat,6
vcBk30EE3Rw,1,1,concat,6
vckbATuPeso,1,1,concat,6
vfxlP7TLSLQ,1,1,concat,6
vhoNCu7hF4k,1,1,concat,6
vjLZwEwJmk8,1,1,concat,6
vkG1VAb7T_o,1,1,concat,6
vnBc3MPvNTw,1,1,concat,6
vp4IahsAp80,1,1,concat,6
vpV-NATA3N4,1,1,concat,6
vqikkZ-pbBo,1,1,concat,6
vugQCYAtGQ8,1,1,concat,6
vvD9meKisvE,1,1,concat,6
w-634wYfODY,1,1,concat,6
w6J7pOfLRo8,1,1,concat,6
w78Zo8o8TVA,1,1,concat,6
w9rbrDUDXzU,1,1,concat,6
wAlRY0J2v6s,1,1,concat,6
wC4GyYMl6GU,1,1,concat,6
wDhODWhn_8w,1,1,concat,6
wGLP7zPMSBs,1,1,concat,6
wIjoDCpgHjw,1,1,concat,6
wJJ9ZvXoYoU,1,1,concat,6
wJNGGk3tz04,1,1,concat,6
wLrDrcyeIa0,1,1,concat,6
wV0CAa7laQw,1,1,concat,6
wVSe9M60gVw,1,1,concat,6
wVi61qvC1V8,1,1,concat,6
wVl5fdgZ2pQ,1,1,concat,6
wZWrS1nEPxo,1,1,concat,6
wZkUQh9aMnU,1,1,concat,6
w_1ypM2fupA,1,1,concat,6
w_q0ePfp7A4,1,1,concat,6
wcJQ-smPEGI,1,1,concat,6
wf5AmCi_Xck,1,1,concat,6
wg7YZkcF3wQ,1,1,concat,6
wgUDtg_yWmk,1,1,concat,6
wk0ZnvKSwn8,1,1,concat,6
wkk4QrLe_9s,1,1,concat,6
wlw4Xm9NgiY,1,1,concat,6
wmHpkK4T26c,1,1,concat,6
wnrXTSn-oVc,1,1,concat,6
woGsDa31W34,1,1,concat,6
wuEFUbKPKu4,1,1,concat,6
wuHWkxSpPF4,1,1,concat,6
wvF0nBo-zs4,1,1,concat,6
ww_HKkE5wmE,1,1,concat,6
x3Mw180cBGw,1,1,concat,6
x479kKK-L_A,1,1,concat,6
x4gUPW4n1WY,1,1,concat,6
x8pjra3n_wY,1,1,concat,6
xBKcrPUJ_SA,1,1,concat,6
xBVQMQjYu48,1,1,concat,6
xDfzUTy4nQU,1,1,concat,6
xDu44FFHClI,1,1,concat,6
xFKU2EmoKd4,1,1,concat,6
xG6jZHiMM_0,1,1,concat,6
xIfzQLIjNGU,1,1,concat,6
xJt0nVc6fAk,1,1,concat,6
xK5U8cG64dU,1,1,concat,6
xNBL2_CceEY,1,1,concat,6
xPNkI83FDtQ,1,1,concat,6
xQPHr-0Kq9o,1,1,concat,6
xTPdZBTcqAA,1,1,concat,6
xUmMR6IB7lo,1,1,concat,6
xWXtsrphX68,1,1,concat,6
xWgX5YbYQpM,1,1,concat,6
xXcOEglzdVM,1,1,concat,6
xYmxTUUiXMY,1,1,concat,6
xbaMJRs0zdg,1,1,concat,6
xd1SuAV5dUY,1,1,concat,6
xf7OmEkEh0Q,1,1,concat,6
xgDpynT46ZY,1,1,concat,6
xg_yP7cAMKg,1,1,concat,6
xhOZApM8PAg,1,1,concat,6
xkrwitAhYKU,1,1,concat,6
xlCpFXKeB-o,1,1,concat,6
xlLLgdKlq0c,1,1,concat,6
xoShBwrqjJI,1,1,concat,6
xq33Os8V2sU,1,1,concat,6
xreQ8w5wfJk,1,1,concat,6
xvJsQ5PxjPI,1,1,concat,6
xvpx34_j07Y,1,1,concat,6
xwnil5EpfK4,1,1,concat,6
xxZXY_m1oi8,1,1,concat,6
xy5xJ4sLzA0,1,1,concat,6
y-emRRVIhvI,1,1,concat,6
y1q1t28h5y4,1,1,concat,6
y36Ezvhc3Yg,1,1,concat,6
y3BvVWSidLQ,1,1,concat,6
y3Vz9tQLhxw,1,1,concat,6
y95-pJVwmfA,1,1,concat,6
y97BfLr97Zo,1,1,concat,6
yAPeBYS0pM8,1,1,concat,6
yD3-NNMy8sM,1,1,concat,6
yH-la5hXBDg,1,1,concat,6
yIpqdABrsZo,1,1,concat,6
yJCX7fQF12U,1,1,concat,6
yKyr0i0YwTA,1,1,concat,6
yMP-KxGEpAg,1,1,concat,6
yOid5JkZ62g,1,1,concat,6
yPo5WW41-UI,1,1,concat,6
yQ1NQLByKbs,1,1,concat,6
yQNS4ilw9og,1,1,concat,6
ySnq6jvUlBM,1,1,concat,6
ybVaRflGe7s,1,1,concat,6
ygCKsuKKSfw,1,1,concat,6
ygbaWC-b8i4,1,1,concat,6
yic0RnXcnl8,1,1,concat,6
yisGZN4rZMs,1,1,concat,6
ykPyNO2cjy4,1,1,concat,6
yktbZNx43Lg,1,1,concat,6
ylRi-LJNiMo,1,1,concat,6
ylUeuv2GUqA,1,1,concat,6
yp7fjj9AfBA,1,1,concat,6
ypGbm0AhuUE,1,1,concat,6
ypGveNmTuhQ,1,1,concat,6
ytVKdQR3bIk,1,1,concat,6
ywEy32AoEEY,1,1,concat,6
yylrltedjmk,1,1,concat,6
z1GOsQrHH9A,1,1,concat,6
z4ylzKxSbjs,1,1,concat,6
z62ugPRb4OY,1,1,concat,6
z6jZCG9_ARw,1,1,concat,6
z7qWehPs2CU,1,1,concat,6
z8SJtcG3saw,1,1,concat,6
z94NDl1SE9c,1,1,concat,6
z9ON_hax24A,1,1,concat,6
zABp2i8s10c,1,1,concat,6
zAQfueGLS4c,1,1,concat,6
zD76Qrf83mc,1,1,concat,6
zF7HEeyQ10A,1,1,concat,6
zF80I_yrKWw,1,1,concat,6
zFSGNaA6WIo,1,1,concat,6
zH1OvOMs-JY,1,1,concat,6
zHcsbv3WAZ4,1,1,concat,6
zKQJ_9aCUeo,1,1,concat,6
zKnNQbZkNhY,1,1,concat,6
zLcpkDuQsSg,1,1,concat,6
zR5R_AFxkUY,1,1,concat,6
zZV6krhJRWs,1,1,concat,6
zZzp5peouAQ,1,1,concat,6
zaI6llvEFw0,1,1,concat,6
zadUN_AHbrg,1,1,concat,6
zax-FFX9ZsE,1,1,concat,6
zeQaFzMZ1f0,1,1,concat,6
zfWnTz-v8f0,1,1,concat,6
zgaxLyb2jDs,1,1,concat,6
zhbxIXBV5hY,1,1,concat,6
zn2hB-Ja-P8,1,1,concat,6
zozJ3iiioy4,1,1,concat,6
zpNtIXdzzJ8,1,1,concat,6
zqh2qxKrCLo,1,1,concat,6
ztZQamRwWFw,1,1,concat,6
zuaJkJslFhA,1,1,concat,6
zun7bnYUQyE,1,1,concat,6
zxSZjY-Ag9M,1,1,concat,6
zxy_lKFfcVw,1,1,concat,6
zycjeaDfX4c,1,1,concat,6
zzRryAPb5lw,1,1,concat,6
zzkUYdM9HFE,1,1,concat,6
-1X5QO57SyQ,2,2,concat,6
-5tT3L1_-JU,2,2,concat,6
-9T7NoySdLo,2,2,concat,6
-OUTtKc8VHU,2,2,concat,6
-P_lrT5gQ0c,2,2,concat,6
-QUxi_7bKyg,2,2,concat,6
-S7_M0FCu4A,2,2,concat,6
-T_ZNAlKXEw,2,2,concat,6
-YrDdwkeIeg,2,2,concat,6
-apnLDAFtNY,2,2,concat,6
-c5rZ6sOwsc,2,2,concat,6
-ep-Qk4o11I,2,2,concat,6
-h9696jBkeY,2,2,concat,6
-nR0CQI0lis,2,2,concat,6
-oEYh_bVlcQ,2,2,concat,6
-u4GDA5dLvE,2,2,concat,6
0A9R-dQDuM0,2,2,concat,6
0AU8gfebaPc,2,2,concat,6
0BJnzMiKdls,2,2,concat,6
0EfnJ1AjTbc,2,2,concat,6
0Gjzr0P6thE,2,2,concat,6
0Mrl7IU-V3g,2,2,concat,6
0NRndJfMef4,2,2,concat,6
0OS6lK3q-iY,2,2,concat,6
0S4ukO9t3lc,2,2,concat,6
0SGWiWX9d9E,2,2,concat,6
0b1AGT6Ft3I,2,2,concat,6
0c1GJxa6E_U,2,2,concat,6
0dkdmhPudPs,2,2,concat,6
0kGx6HwE6k8,2,2,concat,6
0qXNdwGCckM,2,2,concat,6
0ykMeY91YOA,2,2,concat,6
1-3oK361ZVs,2,2,concat,6
1-umQYpIcJQ,2,2,concat,6
12F9SUQmBSs,2,2,concat,6
14m2pj0QZxI,2,2,concat,6
17p1UE69M-4,2,2,concat,6
1D1Zsym8JLc,2,2,concat,6
1HhKzX_dof4,2,2,concat,6
1HkWdJd05dA,2,2,concat,6
1J_9ZZhiKgw,2,2,concat,6
1NBvNERy5Ng,2,2,concat,6
1PTt_G4JEcU,2,2,concat,6
1R1C71k6rBQ,2,2,concat,6
1Rfi3laz2m4,2,2,concat,6
1Ub0680fnAU,2,2,concat,6
1YbLaphcAa4,2,2,concat,6
1h3vqTBcTak,2,2,concat,6
1iR7grey7uY,2,2,concat,6
1ob56p_z7_c,2,2,concat,6
1xfcGWIjnkE,2,2,concat,6
2-elFmxSbHY,2,2,concat,6
2252T-GmkKE,2,2,concat,6
22xqnFF5a1g,2,2,concat,6
24ln7EXn4TA,2,2,concat,6
28pHZt1dUvE,2,2,concat,6
2A8qMKZFiuI,2,2,concat,6
2Em6tkDE3ko,2,2,concat,6
2Jdd5HK7bRA,2,2,concat,6
2JwCH4Vn5qo,2,2,concat,6
2Rh-bu8f4Tk,2,2,concat,6
2SHOv4UEA8w,2,2,concat,6
2YifqtKCLfw,2,2,concat,6
2Z96B2qDGCY,2,2,concat,6
2ZT9xH9yCeU,2,2,concat,6
2a4oxyPr2Ek,2,2,concat,6
2aPSctrD8no,2,2,concat,6
2dSE31ZKdaQ,2,2,concat,6
2dhznHlfDvQ,2,2,concat,6
2eoIDNbzG20,2,2,concat,6
2fZ8JPCS3fg,2,2,concat,6
2jC6IYTIbA4,2,2,concat,6
2jI01jzy4dU,2,2,concat,6
2wfL6QZySbA,2,2,concat,6
31IJ63xbnqI,2,2,concat,6
32s8Wzr5rsE,2,2,concat,6
3DX98bceKjY,2,2,concat,6
3IZ_ySDyOOw,2,2,concat,6
3JgFKKDXPyY,2,2,concat,6
3KqUxPV0LV0,2,2,concat,6
3QSZwwIILyc,2,2,concat,6
3_WNnMiePe0,2,2,concat,6
3acM1UYbBhA,2,2,concat,6
3oUGXUfWNy0,2,2,concat,6
3qRycjpWpRs,2,2,concat,6
3sH9fJzQHJM,2,2,concat,6
3tCkOHKfHgE,2,2,concat,6
3vCXOQUr2bQ,2,2,concat,6
3zM5cQ36LMA,2,2,concat,6
41fM_RpLPlg,2,2,concat,6
42wgILNJp_c,2,2,concat,6
45FAhSCGkDY,2,2,concat,6
47AdEZ_pdto,2,2,concat,6
4Bk2RO0R6fY,2,2,concat,6
4MQGAwyVXAA,2,2,concat,6
4NMubI692RU,2,2,concat,6
4RpJFu0DhE0,2,2,concat,6
4Uun4yC1nkU,2,2,concat,6
4VbY0jB1ChE,2,2,concat,6
4XH7ULF4yfs,2,2,concat,6
4_mPFsw4bJU,2,2,concat,6
4b5a3i10bU4,2,2,concat,6
4bace7jTgSU,2,2,concat,6
4df3RjMEgZk,2,2,concat,6
4fonDUwOVoI,2,2,concat,6
4lftrIHOrnY,2,2,concat,6
4lsQbEojWrs,2,2,concat,6
4n8kmaOJeBM,2,2,concat,6
4ouK-hm9JC8,2,2,concat,6
4yESQrD1mFU,2,2,concat,6
53IcwrRsE-g,2,2,concat,6
53qJ7YNynVE,2,2,concat,6
59w6E-4ZNK0,2,2,concat,6
5CBOdy8S31M,2,2,concat,6
5HCzDjAJfGc,2,2,concat,6
5JOB1i7Z-e0,2,2,concat,6
5V3BncH6NTw,2,2,concat,6
5V9bqhUXrzQ,2,2,concat,6
5k40xwXS_5Y,2,2,concat,6
5lfeKFoXEuc,2,2,concat,6
5u6U2eAOZAc,2,2,concat,6
5vdmJ86umPA,2,2,concat,6
5xP0L-RkKHc,2,2,concat,6
5xantdT3StU,2,2,concat,6
63NLuFK_mz4,2,2,concat,6
6BJSkXKPAFQ,2,2,concat,6
6Iiqi1WOnJE,2,2,concat,6
6LVOQs6bSCQ,2,2,concat,6
6PNuxtKcxxI,2,2,concat,6
6YKagXmVdi0,2,2,concat,6
6ZCaDc0ww-Q,2,2,concat,6
6aOmFN6ayGY,2,2,concat,6
6bKCd-ByBec,2,2,concat,6
6df-i9ew7pE,2,2,concat,6
6kmzfhQXxok,2,2,concat,6
73WlUmHdb9U,2,2,concat,6
75GA4mIuGEQ,2,2,concat,6
7GQhndwanRM,2,2,concat,6
7KDcA1196_Q,2,2,concat,6
7Lome6s_pLU,2,2,concat,6
7LxdM6bDfTw,2,2,concat,6
7M1Znz4U614,2,2,concat,6
7N0Q5pOfCGk,2,2,concat,6
7NS1zuB4F0A,2,2,concat,6
7NjaVot8r18,2,2,concat,6
7QHejCm8x7g,2,2,concat,6
7QXKJC-PJUs,2,2,concat,6
7UoEQnGHy2Y,2,2,concat,6
7mvKfewYaCk,2,2,concat,6
7qGmUWNmELg,2,2,concat,6
7vpzY3sO_MA,2,2,concat,6
7z0_AAXr0KQ,2,2,concat,6
7zdUZb5se6I,2,2,concat,6
80WQCA-V6ZE,2,2,concat,6
84h82ft49Hc,2,2,concat,6
8618jre0lcA,2,2,concat,6
86567LeqnDI,2,2,concat,6
89FfxB2bg-A,2,2,concat,6
8DjaFbN8Cac,2,2,concat,6
8Dx5gPfBc_Y,2,2,concat,6
8Gmb2-AsTWw,2,2,concat,6
8NwmNNPOmfU,2,2,concat,6
8WoMBFcNRCQ,2,2,concat,6
8_TCy5FnH_M,2,2,concat,6
8cj4urTZOjo,2,2,concat,6
8dZcUbO17ck,2,2,concat,6
8gET6kFgy64,2,2,concat,6
8kcnLNF_rZk,2,2,concat,6
8sCIYuz9BHk,2,2,concat,6
8zetyMcuKls,2,2,concat,6
9-1YvzqeVZc,2,2,concat,6
9DbmvLX6GxU,2,2,concat,6
9EnkjJxvhCk,2,2,concat,6
9F0OzS8pFO8,2,2,concat,6
9G-OZl9vje4,2,2,concat,6
9ILqEEB2vmY,2,2,concat,6
9JdPPTb52J8,2,2,concat,6
9PvmZt1dH2s,2,2,concat,6
9XcU49-XFwY,2,2,concat,6
9f3HcE7hJ3k,2,2,concat,6
9ieDjn8XXWc,2,2,concat,6
9nAyiTfEzWY,2,2,concat,6
9vuAq-oQg3Q,2,2,concat,6
9xVrxE4BEok,2,2,concat,6
A5R87YMhZDs,2,2,concat,6
A6e6DLXE2ys,2,2,concat,6
ACgMJIht30M,2,2,concat,6
ALlJoKyTHv0,2,2,concat,6
AMT7MKra3vs,2,2,concat,6
AQj0CL2r_cc,2,2,concat,6
ATVhcG7nA40,2,2,concat,6
AVWvoqRWs-s,2,2,concat,6
AW8IHk3niHU,2,2,concat,6
AXWSWv2PJjM,2,2,concat,6
AYIM3LAINyc,2,2,concat,6
A_DzLGAssTE,2,2,concat,6
AcKQSCD5IXQ,2,2,concat,6
AdkLD9ovyzM,2,2,concat,6
AeQZGwudShc,2,2,concat,6
AfAMUKDg5rw,2,2,concat,6
Aq45JuGmYTY,2,2,concat,6
AtHtiSLlKMM,2,2,concat,6
AtkzBdYF1wo,2,2,concat,6
AxnvPzeD1hg,2,2,concat,6
AyLpUMCgm4o,2,2,concat,6
B-attNvge0Y,2,2,concat,6
B1-HYqFDjuo,2,2,concat,6
B4pnzUD9nQ8,2,2,concat,6
B5AJWWVPjwg,2,2,concat,6
B6fc4F3J9d4,2,2,concat,6
BExCUxGJ6t4,2,2,concat,6
BG5EwYiBP6Y,2,2,concat,6
BIYrMsyXnA4,2,2,concat,6
BRG3EU5TQp8,2,2,concat,6
BXEqrpOLgbg,2,2,concat,6
BXPW1dLqM_A,2,2,concat,6
Bl16sGgNV_E,2,2,concat,6
BswXDk8JFuY,2,2,concat,6
Bv5pGMQiduU,2,2,concat,6
C0GJF3tMkzI,2,2,concat,6
C2VgR3dbdk4,2,2,concat,6
C4FW1BFJEY0,2,2,concat,6
C6T-j-IpzAo,2,2,concat,6
CGSvWZAiZIg,2,2,concat,6
CHM6mP2vc18,2,2,concat,6
CL3XyxjHxKE,2,2,concat,6
COt5FntpDMg,2,2,concat,6
CRHC-PELInQ,2,2,concat,6
CRdD3LFjHUA,2,2,concat,6
CZ206PPrrtY,2,2,concat,6
CcyWWkY75Nw,2,2,concat,6
CiRplpSsiyU,2,2,concat,6
ClXCSophe9Q,2,2,concat,6
Cn1Q1bKf7T4,2,2,concat,6
CnRU6HF8heM,2,2,concat,6
CsWk-laQdZk,2,2,concat,6
Ct4dwG_TIXY,2,2,concat,6
D0SgxyPU0zA,2,2,concat,6
D3dnReia_FQ,2,2,concat,6
D5VHopgwHJE,2,2,concat,6
D6BLpwIcSoQ,2,2,concat,6
D6XpqEEbHU8,2,2,concat,6
D8GXc55RvAM,2,2,concat,6
DHVqrMsSX_k,2,2,concat,6
DHlxQiDV2rY,2,2,concat,6
DKAUjjkQDPw,2,2,concat,6
DLi6fz5pkgg,2,2,concat,6
DMPGT1_o_gY,2,2,concat,6
DPss6Xgq1dw,2,2,concat,6
DTjAv-0I5sI,2,2,concat,6
DVIVhTk-VdU,2,2,concat,6
DbRNWlZajuo,2,2,concat,6
DkKlZ3TA4kA,2,2,concat,6
Dm5LJWjv6oA,2,2,concat,6
DqTjx08vqM0,2,2,concat,6
DtJXZ86OBgw,2,2,concat,6
E3LJPbdMJWo,2,2,concat,6
E53XHWtp42c,2,2,concat,6
E9dIPsoWWBE,2,2,concat,6
E9eki0Jsh2g,2,2,concat,6
E9fyIJlXiJ4,2,2,concat,6
EG6pBYh6Eqs,2,2,concat,6
EHEMugZ0bD4,2,2,concat,6
EHk2j8VSFKw,2,2,concat,6
EOXmTZo1Ii8,2,2,concat,6
EQfhl3fQmWk,2,2,concat,6
ES9WGKrSDGk,2,2,concat,6
ET2MKQk3xsI,2,2,concat,6
EX7hTQVGUg0,2,2,concat,6
Ebarh3HEWnI,2,2,concat,6
EeV6RElqRa8,2,2,concat,6
EmyVLhK2SIU,2,2,concat,6
EqQCt9Fjocs,2,2,concat,6
EtYLRh-apag,2,2,concat,6
ExKETZ6mLHA,2,2,concat,6
F8CY3_0HPvk,2,2,concat,6
F9vtZFTF9C4,2,2,concat,6
FA8REt2no-k,2,2,concat,6
FDiXY2ZToEg,2,2,concat,6
FEZXrnxcvWc,2,2,concat,6
FGKZJpSd1X0,2,2,concat,6
FMtUc1h9eig,2,2,concat,6
FNkMpZe2MSw,2,2,concat,6
FP8uF3FAus4,2,2,concat,6
FUtHa_d_ke0,2,2,concat,6
FVVpYAZkOUI,2,2,concat,6
F_efd1OZI8g,2,2,concat,6
FoyFqG70YYI,2,2,concat,6
Ftbt4ehqAx4,2,2,concat,6
FwYx7qq71IE,2,2,concat,6
G-RlVurct-s,2,2,concat,6
G3LP0sJch1k,2,2,concat,6
GBlVkMazDro,2,2,concat,6
GCMISiV2LkA,2,2,concat,6
GDSX8p4841U,2,2,concat,6
GGaM1WYyeq0,2,2,concat,6
GRvd0UvD2hE,2,2,concat,6
GgVxnjPSaY0,2,2,concat,6
GhMZuH-fbxw,2,2,concat,6
GkzikgTGmss,2,2,concat,6
Gl9DkrqXzjg,2,2,concat,6
GpIdfvG7nn0,2,2,concat,6
Gy0LdpLw29A,2,2,concat,6
H5CNh6vrmPs,2,2,concat,6
H5uR6H4UuPc,2,2,concat,6
H6-AJ6rjU2g,2,2,concat,6
H8JXCZihFT8,2,2,concat,6
HCMMX5J_Imo,2,2,concat,6
HEVm8IGXBCs,2,2,concat,6
HEzk2WzLoKE,2,2,concat,6
HMogldJDk3k,2,2,concat,6
Heh4l86SIl4,2,2,concat,6
HgYLQV0SgUI,2,2,concat,6
HmfwxHHnUiQ,2,2,concat,6
HmrBntYo7gg,2,2,concat,6
HoeghMScLZI,2,2,concat,6
I-94CD0OjKo,2,2,concat,6
I-aSQSchxlk,2,2,concat,6
IAB4XNENULY,2,2,concat,6
IAf8_uZEAWE,2,2,concat,6
IBCwiYjGODU,2,2,concat,6
IKLcRP1gFuY,2,2,concat,6
IPFZcNOAEUs,2,2,concat,6
IQKP4FBCtuc,2,2,concat,6
IQrWltHI77U,2,2,concat,6
IWOKDOj0Yu8,2,2,concat,6
Ics5CtDa7Ds,2,2,concat,6
IdTfRaBIVqw,2,2,concat,6
IjGuU_TVzhU,2,2,concat,6
IjLF5OfgaWI,2,2,concat,6
ImeIu4HtZGM,2,2,concat,6
IuoEIPxmTeo,2,2,concat,6
J-1Q8CKLD74,2,2,concat,6
J92suL5rSuE,2,2,concat,6
JEG_jA2J60E,2,2,concat,6
JRWU_U4Z0dE,2,2,concat,6
JXXfu2kEKjo,2,2,concat,6
JbKwJD4eTHc,2,2,concat,6
JrhOh4Ir1tw,2,2,concat,6
JstFgPXhoQU,2,2,concat,6
JxfD1TvUpxQ,2,2,concat,6
Jzz8TPFXRoo,2,2,concat,6
K4F4PsWGdEU,2,2,concat,6
KFS3RdmUP_g,2,2,concat,6
KMRv_8ek8Fk,2,2,concat,6
KMaSjkLM-jQ,2,2,concat,6
KNgkBWUpKYQ,2,2,concat,6
KV1-XWGncZA,2,2,concat,6
KV_tmnH5cEI,2,2,concat,6
K_HBXG-eBZc,2,2,concat,6
K_iCwrAdmlo,2,2,concat,6
Kd3Yz0efBYY,2,2,concat,6
Kf5Gay0CjFY,2,2,concat,6
KffRuvYvnJo,2,2,concat,6
Kin4UHvxZvw,2,2,concat,6
KnqgKlq8OmU,2,2,concat,6
Kqv7rrnu_0A,2,2,concat,6
KslsvbS4iCA,2,2,concat,6
KtB2R5tJ2xU,2,2,concat,6
KvAohBBd9rA,2,2,concat,6
Kvmc7cTZFcE,2,2,concat,6
KyaBi0E0bMc,2,2,concat,6
KzGy71owh5Q,2,2,concat,6
L19tI2XD-ks,2,2,concat,6
L23rGxNah3M,2,2,concat,6
L6cyonjWUuI,2,2,concat,6
LCK70Uxep-o,2,2,concat,6
LEdy_9VSo58,2,2,concat,6
LKrzKLVnWYQ,2,2,concat,6
LMGXxPXOfdM,2,2,concat,6
LNOXkh7xqfU,2,2,concat,6
LNUMciykDto,2,2,concat,6
LPLdufT-ckI,2,2,concat,6
L_ftSHhOkx0,2,2,concat,6
Lc8LOT6I_5o,2,2,concat,6
LhU5NVyRu5c,2,2,concat,6
LiOPpH8ho3Q,2,2,concat,6
Lj_uZDSMRGI,2,2,concat,6
LmF5NCSIa18,2,2,concat,6
MA-bRQ_7_AA,2,2,concat,6
MCBD448-ZA4,2,2,concat,6
MMXXA5Z3sak,2,2,concat,6
MYXxXi4SXOE,2,2,concat,6
MZbuouVRJWs,2,2,concat,6
MeTIWkW6p-k,2,2,concat,6
MgnypSfURHQ,2,2,concat,6
MohMXVmNtAA,2,2,concat,6
MsF40p1NmBo,2,2,concat,6
MtlJxc9ta3k,2,2,concat,6
N1HKD8lt3vQ,2,2,concat,6
NAhY87bfFdQ,2,2,concat,6
NG049_h2Nfc,2,2,concat,6
NOdBj1z0_AE,2,2,concat,6
NPU7oLnDoFw,2,2,concat,6
NfqVRh8NstE,2,2,concat,6
Nh-Cx1TlSKw,2,2,concat,6
Nl_8k9cgVpg,2,2,concat,6
NwM7aeMwtM8,2,2,concat,6
O0T6KA0x5Q4,2,2,concat,6
OTgUkLKomAM,2,2,concat,6
OVAgbzVYgpQ,2,2,concat,6
OWsLDvMfDhI,2,2,concat,6
Ocq6qk77Fn4,2,2,concat,6
OlrtEQQLJxw,2,2,concat,6
OmBgYuIMlPA,2,2,concat,6
OnqVLN3QvvI,2,2,concat,6
Ool462rrybg,2,2,concat,6
Oye-aAzkAtc,2,2,concat,6
P3icEff5Ft4,2,2,concat,6
P5mJKfi2nAE,2,2,concat,6
P64t8PcwBfY,2,2,concat,6
P7miHMNKyqQ,2,2,concat,6
PBPpvKPonuA,2,2,concat,6
PLh-A6H5PeU,2,2,concat,6
PWiopvor-1I,2,2,concat,6
Pk0SUkv22ek,2,2,concat,6
Prm1QPbnrrA,2,2,concat,6
Pt0LQoahq_U,2,2,concat,6
PttO7e6WvOA,2,2,concat,6
PxoYlz2-f-Q,2,2,concat,6
Q6puWD_U9fg,2,2,concat,6
Q7eARKi_wyc,2,2,concat,6
QBNmI9zBeiI,2,2,concat,6
QCX91lHZNEA,2,2,concat,6
QHK6cGnA_dc,2,2,concat,6
QLoTUpOd_DI,2,2,concat,6
QLsonzjXmsY,2,2,concat,6
QRWeCaLm6TM,2,2,concat,6
QV6WBqBzlUQ,2,2,concat,6
QZT7TUOuolQ,2,2,concat,6
Qa8M3cg7bT8,2,2,concat,6
QhSSQBkA-b0,2,2,concat,6
QmZ96qGGbLo,2,2,concat,6
QrLp8gKiONw,2,2,concat,6
Qwbo9-lqAKk,2,2,concat,6
R0kKxVXsUtc,2,2,concat,6
R0mLxhwSn2A,2,2,concat,6
R4PTJfemL3E,2,2,concat,6
R5KnCa9cjvE,2,2,concat,6
R71BsNcEhY4,2,2,concat,6
R7M-0gMozWo,2,2,concat,6
R99G1cI5NhA,2,2,concat,6
RDOEUPfjJe4,2,2,concat,6
RE-K4bUMU18,2,2,concat,6
RGTmaaowNAs,2,2,concat,6
RI-wKE7nyQA,2,2,concat,6
RISRcljx1no,2,2,concat,6
RMCmbxPYS9I,2,2,concat,6
RQzeFZ-oH8U,2,2,concat,6
RdjuNXBPBz8,2,2,concat,6
Rf-LjCTs4jk,2,2,concat,6
Rh6v2cXEhvI,2,2,concat,6
RlHYMtT81Ic,2,2,concat,6
RoknlEU6nP4,2,2,concat,6
Rw3w-Cl2-pU,2,2,concat,6
Rz_FMK3kaHM,2,2,concat,6
S7gHQHiMSqk,2,2,concat,6
SGIX--oaFos,2,2,concat,6
SGf6edxQxUQ,2,2,concat,6
SHKeybwu5Os,2,2,concat,6
SIdMCe_p0EQ,2,2,concat,6
SKop2kXkxeA,2,2,concat,6
SRoxAPLBIKI,2,2,concat,6
SV6xl8FotL4,2,2,concat,6
Se7uSW7RQD8,2,2,concat,6
Sh6xkP3pyV8,2,2,concat,6
SrV8_EJAGhk,2,2,concat,6
SsC7LtozUPY,2,2,concat,6
StP9A_N3egM,2,2,concat,6
Svo5O5PBREc,2,2,concat,6
SxVJ-h70v-c,2,2,concat,6
T-b0ZAGRQys,2,2,concat,6
T6xP_RPFyrA,2,2,concat,6
T8me17szYYc,2,2,concat,6
TEK2g3tVZ7k,2,2,concat,6
TJ8A8Smnk20,2,2,concat,6
TUTSR20VDwg,2,2,concat,6
TW201XgR9Y8,2,2,concat,6
TZS5_WrcZ08,2,2,concat,6
TbmtcbS7Qm0,2,2,concat,6
Tfldftv8SpQ,2,2,concat,6
ToKci_IUxOs,2,2,concat,6
TpsLMFzQ6Us,2,2,concat,6
TsDwEJsqq_4,2,2,concat,6
TwiCuvxsyTk,2,2,concat,6
Ty3TLQc9PzU,2,2,concat,6
TyEEuxyUBTU,2,2,concat,6
UCA-QMQyJRA,2,2,concat,6
UEU6vs2O7RI,2,2,concat,6
UF3EP07kffs,2,2,concat,6
UKGvjfx5UWc,2,2,concat,6
UQhUErFgkyU,2,2,concat,6
UTW6Rz3HYQk,2,2,concat,6
UYRMm8PoIJ0,2,2,concat,6
Ul88gTfmYws,2,2,concat,6
UraAVX_4Jic,2,2,concat,6
UxnE_jcr_9A,2,2,concat,6
UySWVBD31E8,2,2,concat,6
V-2QOlC9as4,2,2,concat,6
V0QhUz06Ags,2,2,concat,6
V1jWAPsui9s,2,2,concat,6
V2kVSxyzPXw,2,2,concat,6
V31dTQq3xXM,2,2,concat,6
V6TGOVhsYpg,2,2,concat,6
V8ANS6zbOMo,2,2,concat,6
VQHM-7F0vtE,2,2,concat,6
VUmUuWmTFho,2,2,concat,6
VVGiRs5OCgs,2,2,concat,6
VVkopKM9UEw,2,2,concat,6
VgCtOUtSSCo,2,2,concat,6
Vn1aBFyPo20,2,2,concat,6
VnzovQguEl0,2,2,concat,6
Vqbo69Elsog,2,2,concat,6
VtM3z1JcsQk,2,2,concat,6
Vx3H5pJiarY,2,2,concat,6
Vx5YGWU52cU,2,2,concat,6
VzbD2fZx_-k,2,2,concat,6
W3uVpMlCLQ0,2,2,concat,6
WCEopQ21j8I,2,2,concat,6
WEkIpnKb64k,2,2,concat,6
WLzG2yhKYAw,2,2,concat,6
WQ468HrswBI,2,2,concat,6
WVnq1oIgEdE,2,2,concat,6
WYrqBo3sHqs,2,2,concat,6
WgMMatcaF38,2,2,concat,6
WiMe8_ocyEQ,2,2,concat,6
Wm6O4dn0gUY,2,2,concat,6
WpvCsoK1mfw,2,2,concat,6
Wqba0YEjBDY,2,2,concat,6
WuhVT2bZ6i8,2,2,concat,6
WyAKhIqXxRU,2,2,concat,6
WyKcJq4aGcc,2,2,concat,6
WzmekWfnPjA,2,2,concat,6
X5yWj6BlVCM,2,2,concat,6
X8BMY0IkY3Q,2,2,concat,6
X8Xpz1mtR58,2,2,concat,6
X8fEcG0yavI,2,2,concat,6
XAZg3CBkCvA,2,2,concat,6
XDHlgglroQ8,2,2,concat,6
XFWB4N3lG9U,2,2,concat,6
XGvh3HHAN6k,2,2,concat,6
XHcgxwvwmt4,2,2,concat,6
XIMoMC8rN8A,2,2,concat,6
XKBlYhwvvBo,2,2,concat,6
XL1jgowrXRQ,2,2,concat,6
XMeXTzyl-9c,2,2,concat,6
XR5TGPcozTQ,2,2,concat,6
XVcl0kXA1_I,2,2,concat,6
XW1LycWeFT4,2,2,concat,6
X_IxvIQzhgc,2,2,concat,6
XgqahB8Fcqg,2,2,concat,6
Xichv1agcXw,2,2,concat,6
Xk63NyArB_4,2,2,concat,6
XmXbkZOFptE,2,2,concat,6
Xr82dgrCTzE,2,2,concat,6
Xx7D69-L0Zk,2,2,concat,6
XzYPs2PgOtQ,2,2,concat,6
Y4DLe6kvD2U,2,2,concat,6
Y4bAdFJfV9g,2,2,concat,6
Y5A1EKoJVbE,2,2,concat,6
Y7xbfxihILQ,2,2,concat,6
Y9-INpaOnGM,2,2,concat,6
YCx_VcMlBEA,2,2,concat,6
YDqVEGr7waY,2,2,concat,6
YOvKiEatt9A,2,2,concat,6
YTdlD41_XnY,2,2,concat,6
YXfD64yDopU,2,2,concat,6
YajNh75U2JI,2,2,concat,6
Ybx1M63MPtw,2,2,concat,6
YisVAZarGkU,2,2,concat,6
YjM-HbimIMo,2,2,concat,6
YuXx6AY_yEk,2,2,concat,6
YwZKZKColEE,2,2,concat,6
Z-Wsj9iRENU,2,2,concat,6
Z0S8lKuMkbk,2,2,concat,6
Z1cxvyVAsf8,2,2,concat,6
Z69WB1KnEZI,2,2,concat,6
Z6I--IBdj6k,2,2,concat,6
ZF5LY2kR4SA,2,2,concat,6
ZGogDt85g88,2,2,concat,6
ZYLWISdlohc,2,2,concat,6
ZagrbMKEqdo,2,2,concat,6
ZboqCfvJtLM,2,2,concat,6
ZeWMtejwe7w,2,2,concat,6
ZjrRo5qwyAQ,2,2,concat,6
Zl4v7myNcoU,2,2,concat,6
ZpIJHN_WmTM,2,2,concat,6
ZriFUoq6osE,2,2,concat,6
ZuDlvLPJTqo,2,2,concat,6
Zx_4WLKybso,2,2,concat,6
ZzhzMvzIHd8,2,2,concat,6
_0Qj8aegwd4,2,2,concat,6
_6HvTgNkomY,2,2,concat,6
_Mh_OTg_aDs,2,2,concat,6
_SsI8-SWNto,2,2,concat,6
_llhUPEmBX8,2,2,concat,6
_muwudP7Fp4,2,2,concat,6
_nQ5NaHNBZM,2,2,concat,6
_qIRNYe9plg,2,2,concat,6
_uFVbiRF9NM,2,2,concat,6
_uiAFrG71W4,2,2,concat,6
_vdIiCtxlUw,2,2,concat,6
a3MjA7Xwm08,2,2,concat,6
a4xFDtC5eA4,2,2,concat,6
a5ZBKvrUxYo,2,2,concat,6
a6x5z16VMdY,2,2,concat,6
aBUJwFTHxm8,2,2,concat,6
aKS8o2KdEPc,2,2,concat,6
aM1RPmLUVLY,2,2,concat,6
aOZXkioHNrY,2,2,concat,6
aaMwnl4EgpA,2,2,concat,6
atY-nNI3uWw,2,2,concat,6
azQBP5NSjrs,2,2,concat,6
azTiChyAjPs,2,2,concat,6
b-1EWp6lD3I,2,2,concat,6
b-D0IWZU16A,2,2,concat,6
b2nmOVHnDJY,2,2,concat,6
b44LYoZDUnQ,2,2,concat,6
b4y1lr1_tzI,2,2,concat,6
b7K13Em9jlM,2,2,concat,6
b8Won32k8Ls,2,2,concat,6
b8stREZGaC0,2,2,concat,6
bGdqUmIQvjo,2,2,concat,6
bHZzjowmFl4,2,2,concat,6
bJyDTIsSpBg,2,2,concat,6
bKqM1wlGdeQ,2,2,concat,6
bQ0y5_OvqyY,2,2,concat,6
bR1Oc7uGAdQ,2,2,concat,6
bbgjUXHiA3A,2,2,concat,6
beO5SbKJLhI,2,2,concat,6
belD2JdMNOo,2,2,concat,6
bkQhpaQv-2Q,2,2,concat,6
bntls_a5YDQ,2,2,concat,6
bsc4gciPq6U,2,2,concat,6
bvXJ62c3Kn0,2,2,concat,6
bvZIUd32lgs,2,2,concat,6
bwvR022bYKI,2,2,concat,6
bzEqioxkdCQ,2,2,concat,6
bzy-Bx7twnY,2,2,concat,6
c-xkoV4G0MA,2,2,concat,6
c7eRFtYxrIM,2,2,concat,6
cOX5nEQ8bxg,2,2,concat,6
c_ay0yjDUwU,2,2,concat,6
cg3B8vcHJ1s,2,2,concat,6
crhLJoYCE5k,2,2,concat,6
cxRaVmRNCpc,2,2,concat,6
cxri0gZpUXY,2,2,concat,6
czupipAEZI0,2,2,concat,6
d0yyOEpy87A,2,2,concat,6
d1ZDL4z6VFQ,2,2,concat,6
d3ipywoZwWs,2,2,concat,6
d6D9imwPDuk,2,2,concat,6
d8EWXZ-5UE8,2,2,concat,6
d9BJU_PGx7o,2,2,concat,6
dDWmW3QqUqI,2,2,concat,6
dP30xyqX6hQ,2,2,concat,6
dQ9_fvJ61OE,2,2,concat,6
dSk9DZoMU-U,2,2,concat,6
dVJa7dMfLCo,2,2,concat,6
dVkaNljs__0,2,2,concat,6
db1ycnQCfko,2,2,concat,6
ddh8IqiGTYE,2,2,concat,6
deRz4GnaE6Q,2,2,concat,6
df9d-UilgEo,2,2,concat,6
dgkYhK-ANek,2,2,concat,6
dlj9EPrQdS4,2,2,concat,6
dmYBlUkjuWc,2,2,concat,6
dsW1Url-98s,2,2,concat,6
duzzo2uVNc4,2,2,concat,6
e0k24VtGkqo,2,2,concat,6
e2DkFc76yQo,2,2,concat,6
e4zelBmDG5c,2,2,concat,6
eFzHHl3e5w4,2,2,concat,6
ePHD3mS0_00,2,2,concat,6
eT8UL7hsPEE,2,2,concat,6
eTlZ8SK7LGo,2,2,concat,6
eY33cRcAKiQ,2,2,concat,6
e_TAuORO21s,2,2,concat,6
ed_NG2_287Y,2,2,concat,6
efnl-1Pjh9o,2,2,concat,6
eiA8C3i3kZM,2,2,concat,6
ezTZxUHrios,2,2,concat,6
f2Z09o5b8xA,2,2,concat,6
f5rPUVYIM-k,2,2,concat,6
f68FTtIPH5A,2,2,concat,6
f7mI83GXKpI,2,2,concat,6
fACB3g4mVOc,2,2,concat,6
fDUb5TYXuW4,2,2,concat,6
fDlkrs1GQkc,2,2,concat,6
fOynmIj3WsI,2,2,concat,6
fSoDS4BQzvY,2,2,concat,6
fUNiFnqCYUQ,2,2,concat,6
fWOp8V_h7hM,2,2,concat,6
f_ar2yl4P-Q,2,2,concat,6
feENe0GEAR4,2,2,concat,6
fugbGwnJlN8,2,2,concat,6
fwwdQhZ6hMs,2,2,concat,6
fyxEuPknCHs,2,2,concat,6
g0w5ltS27hY,2,2,concat,6
g7C_FY_GwcU,2,2,concat,6
g9QFOSreDIY,2,2,concat,6
gHTH6mnM1WA,2,2,concat,6
gJvPUNqVx0g,2,2,concat,6
gJwnw3SZuNo,2,2,concat,6
gNzamizI_JU,2,2,concat,6
gUQmrWcKqNo,2,2,concat,6
gUskihGYe-c,2,2,concat,6
gV1Ll2Zydp0,2,2,concat,6
gVHZuJbx19U,2,2,concat,6
gVdM5dRBEeQ,2,2,concat,6
gYQ4QTzjMhw,2,2,concat,6
gZc5Xvv83nw,2,2,concat,6
g_58ZSfeYQY,2,2,concat,6
gfK8I6rGdYE,2,2,concat,6
gkcS4cNzr3I,2,2,concat,6
gqF79s2cgoQ,2,2,concat,6
gsOLIcLj_Fs,2,2,concat,6
gtRH2_fk-6s,2,2,concat,6
guyetsz0e-I,2,2,concat,6
gxdM4lbCH1k,2,2,concat,6
gyTMnmjzPTE,2,2,concat,6
h6S_ZQxjBU0,2,2,concat,6
hADj8br-Y0E,2,2,concat,6
hDnQZHumHZ4,2,2,concat,6
hDwhA6IN3Do,2,2,concat,6
hGoHapfksVY,2,2,concat,6
hUbHC9DSYkM,2,2,concat,6
hVIQzNgrls4,2,2,concat,6
hgrsmjOk1cQ,2,2,concat,6
hlTPQi5JoPI,2,2,concat,6
hwkCPw17K5w,2,2,concat,6
hyKykj51NfA,2,2,concat,6
i1l7tZjs6eo,2,2,concat,6
i4phKGSC8lo,2,2,concat,6
i9PMkzGWcyQ,2,2,concat,6
i9TLj8EtGN4,2,2,concat,6
iCnmRP0Bl-o,2,2,concat,6
iEljmeGM_SQ,2,2,concat,6
iHiwkk_YUDw,2,2,concat,6
iMzKtvuXPOg,2,2,concat,6
iObKvEfSWls,2,2,concat,6
iPgVx_FqXBw,2,2,concat,6
iRv2qPNsgb0,2,2,concat,6
iXc68FcAIu0,2,2,concat,6
iZ1UNAnjbkw,2,2,concat,6
ifVbMtf_qm8,2,2,concat,6
igMUw1TcFkQ,2,2,concat,6
iir7yo2FbA0,2,2,concat,6
ij0ZcxZv_XU,2,2,concat,6
ipfLiBTO3RE,2,2,concat,6
iuSRHe5Mrfo,2,2,concat,6
iw-4bXYybp8,2,2,concat,6
iw_pF6ksAqw,2,2,concat,6
j-qg-iMB6e0,2,2,concat,6
jB6JZFwipE4,2,2,concat,6
jBzRj7-H1Ag,2,2,concat,6
jFAt3NsagSo,2,2,concat,6
jJwnbAQ7QXk,2,2,concat,6
jO1lngiQOhA,2,2,concat,6
jTtOYEjzSxQ,2,2,concat,6
jWmDI34Se2o,2,2,concat,6
jXaI-dmP40A,2,2,concat,6
j_DXQlwa1x8,2,2,concat,6
jad5rqAGhXQ,2,2,concat,6
jjz1_N2-UT0,2,2,concat,6
joKTxG8EWcU,2,2,concat,6
jpSxAbhXPZY,2,2,concat,6
jrU4Rs6Dr-Y,2,2,concat,6
k-8fnYMfH7Y,2,2,concat,6
k06b6x9DEC0,2,2,concat,6
k0RjQmruIyI,2,2,concat,6
k1xNUs-jUZ4,2,2,concat,6
kA4utdeHV2w,2,2,concat,6
kEFtkVaZZ-Q,2,2,concat,6
kH1IL9qS5u8,2,2,concat,6
kHEmSeOC7RE,2,2,concat,6
kJF8bOUkrqc,2,2,concat,6
kKcRbgaBxeY,2,2,concat,6
kMP8lgIEbhI,2,2,concat,6
kN0TjfZlrUk,2,2,concat,6
kUUeOqtnxJ4,2,2,concat,6
kW4Q551AIRQ,2,2,concat,6
kcIvPYixzfw,2,2,concat,6
keZ2Ztw1p0I,2,2,concat,6
kp52e2WEjhc,2,2,concat,6
ku3kz9ZruGY,2,2,concat,6
l14fMN7vG0g,2,2,concat,6
l8Wnj2cB7M4,2,2,concat,6
l8dNMn2H9yU,2,2,concat,6
l9DAibfeH-g,2,2,concat,6
lDn2Lm9Z9-E,2,2,concat,6
lEC-udyjxiM,2,2,concat,6
lKNQHqrwgz8,2,2,concat,6
lKwrgU_KaYs,2,2,concat,6
lTp0LRSePBo,2,2,concat,6
lVStg_tUh1k,2,2,concat,6
lWclsT1Hoj4,2,2,concat,6
lYerKinmQqc,2,2,concat,6
ldI8ZbL79HA,2,2,concat,6
lgFQryYQDSA,2,2,concat,6
lsCPSxAziWA,2,2,concat,6
lwBTz7g1EzE,2,2,concat,6
m02QJ7UMgIo,2,2,concat,6
m24EVOkDqKg,2,2,concat,6
m8lq8BjMP3g,2,2,concat,6
m9c7TMXYKQk,2,2,concat,6
m9mi3rQrfgA,2,2,concat,6
mH1At6xNl3A,2,2,concat,6
md-rILY_NPA,2,2,concat,6
mfLsl1hKEBQ,2,2,concat,6
mj7hLlgf_-0,2,2,concat,6
mljGGQw_50w,2,2,concat,6
mnBGHYhRLfQ,2,2,concat,6
mpPptanQVuE,2,2,concat,6
mrSEbbQxlvM,2,2,concat,6
n4FxE5GLjkk,2,2,concat,6
n6Lt_n0fVAY,2,2,concat,6
nCm3jDZV6BM,2,2,concat,6
nEWi9QfMMwQ,2,2,concat,6
nQkLKiFPUtA,2,2,concat,6
nRJMudg7QMo,2,2,concat,6
ncc2CBxDesM,2,2,concat,6
ndhtyH6c0Tk,2,2,concat,6
ngT5HJWruSE,2,2,concat,6
nh8cepb6bgU,2,2,concat,6
nrmF8E4bSpc,2,2,concat,6
o5NEbemzyns,2,2,concat,6
oCUXdp8D9js,2,2,concat,6
oDNyvggPEJA,2,2,concat,6
oHavb45Rfms,2,2,concat,6
oU5zmmQi-zc,2,2,concat,6
oePB3NY_HBk,2,2,concat,6
of5nk6HVkis,2,2,concat,6
ofELzJC7oZQ,2,2,concat,6
ogJRzvMf8Vw,2,2,concat,6
orvDybbGs90,2,2,concat,6
otr3MNcYh8k,2,2,concat,6
ou3SCK2M12E,2,2,concat,6
ow8qhhyolYQ,2,2,concat,6
oxtw1Y-G2no,2,2,concat,6
p-twCryge80,2,2,concat,6
p1m0_EuI-0w,2,2,concat,6
p2VwzUXSaew,2,2,concat,6
p2x6deM3eas,2,2,concat,6
p5DPsOBWBIs,2,2,concat,6
p5_Kp6DkHSA,2,2,concat,6
p8d9aPd0_eA,2,2,concat,6
pAnVyPylLak,2,2,concat,6
pHyzmC8qOts,2,2,concat,6
pI7GrMIg1Kc,2,2,concat,6
pNgS5sO3UgY,2,2,concat,6
pOGXN8ooQaY,2,2,concat,6
pS-OtHC9FPQ,2,2,concat,6
pToKhUBN1Mo,2,2,concat,6
pU8Jq17Tfys,2,2,concat,6
pXKiu2dK9O0,2,2,concat,6
pXfcRBCu1xU,2,2,concat,6
p_bAlFi93sM,2,2,concat,6
pdk0wd6LiaQ,2,2,concat,6
prWr8HcFLGY,2,2,concat,6
preTz40EB4U,2,2,concat,6
ptmyN0yH_EA,2,2,concat,6
pwnFTeZAzzk,2,2,concat,6
q6bU6YOSbYQ,2,2,concat,6
q7yV80gCtnw,2,2,concat,6
qGWemGcETZo,2,2,concat,6
qJVFL6kK-aU,2,2,concat,6
qVlpMNIsplQ,2,2,concat,6
q_khn1vCt3w,2,2,concat,6
qaX0MrxpfyE,2,2,concat,6
qcTQe7Y2z5M,2,2,concat,6
qdjFgZa9qu4,2,2,concat,6
qi17uZPD5uo,2,2,concat,6
qi5xvqc4cJU,2,2,concat,6
qpIZOeaXrV0,2,2,concat,6
qr1Rm7PWTBo,2,2,concat,6
qsHVG34Q4us,2,2,concat,6
r1h42-k_xrI,2,2,concat,6
rCiSiuVof3k,2,2,concat,6
rGK8rq5to4U,2,2,concat,6
rMiiU2afNQc,2,2,concat,6
rN3zlcqG56E,2,2,concat,6
rchLGrZHz4o,2,2,concat,6
rszB4NKqhfQ,2,2,concat,6
rtps5ngzhSA,2,2,concat,6
ryg1SHuh98c,2,2,concat,6
rz1fo8vngAI,2,2,concat,6
s-qWgTjikQQ,2,2,concat,6
s3I0s3X75vk,2,2,concat,6
s6ICJrspACE,2,2,concat,6
sEgxlj_q9oc,2,2,concat,6
sMt9BN2In7M,2,2,concat,6
sOAwHdUjZic,2,2,concat,6
sOJDSLT9qAE,2,2,concat,6
sQ-cfcrI6EE,2,2,concat,6
sRz-ELAtfxk,2,2,concat,6
sTN_-qTsUOI,2,2,concat,6
sUZ7szxT6IE,2,2,concat,6
sV7nafAgXlw,2,2,concat,6
sVl7cd8kSGs,2,2,concat,6
sWQrrDpb0iQ,2,2,concat,6
saRDuJA657I,2,2,concat,6
saqVzS_0UIA,2,2,concat,6
sfKkzhrWN5g,2,2,concat,6
soARosE408g,2,2,concat,6
t0dkTB2mQpY,2,2,concat,6
t6jTZ-fR24I,2,2,concat,6
tAE_VhBaVkU,2,2,concat,6
tFV9Q6_aNuE,2,2,concat,6
tLtVwGa-ar0,2,2,concat,6
tOERCayNjtk,2,2,concat,6
tOudTeTsbPg,2,2,concat,6
tQhzG6QlBno,2,2,concat,6
tYBcZiHEIPA,2,2,concat,6
t_yx2BzTPG0,2,2,concat,6
tcRAv9OTkwg,2,2,concat,6
tdRIVgF97EY,2,2,concat,6
tisr450cwuw,2,2,concat,6
tm1OO8qCkJ0,2,2,concat,6
ttJPLKYCas8,2,2,concat,6
u1YYRMyGYNM,2,2,concat,6
u4AFQ89gO04,2,2,concat,6
uNEdzRVkIRk,2,2,concat,6
uRnLHR7d52o,2,2,concat,6
uSy9YqLjZyA,2,2,concat,6
umD9dLc0Oe0,2,2,concat,6
unAytxPvCso,2,2,concat,6
ur12HePa54g,2,2,concat,6
usXykPrllyA,2,2,concat,6
utlRBhN5qJI,2,2,concat,6
uv5Vdfbr4R0,2,2,concat,6
uwt6vXqQGfQ,2,2,concat,6
uynEJzqVySo,2,2,concat,6
uzIo9OAZK5A,2,2,concat,6
v-OMhAK1IwA,2,2,concat,6
v8HIzznRak4,2,2,concat,6
vDOZw3N25rQ,2,2,concat,6
vK9AZ4VzMRc,2,2,concat,6
vPsVsZY6Fhg,2,2,concat,6
vSbae9VSo3o,2,2,concat,6
vXQPDN0L9hQ,2,2,concat,6
vhSXnFP8jNc,2,2,concat,6
vjpC8jmnXPY,2,2,concat,6
vpjwrgGqgK8,2,2,concat,6
vsJpQBMSXuw,2,2,concat,6
vvxeGwuJFJs,2,2,concat,6
w4ICxgMsdn4,2,2,concat,6
w4qRh5d5NcU,2,2,concat,6
w5-rw02SUD8,2,2,concat,6
w9QCEaLYvP0,2,2,concat,6
w9c9cB9P46Q,2,2,concat,6
wJ9mlj7dkC0,2,2,concat,6
wNb7a3hPDa0,2,2,concat,6
wRLjqNx_55c,2,2,concat,6
wUI7IusdXIw,2,2,concat,6
wUJ31uAfH-8,2,2,concat,6
wepQPAHvo34,2,2,concat,6
wfi9uV8zxUQ,2,2,concat,6
wsU9LiNeRUs,2,2,concat,6
wxo9aAHTtHU,2,2,concat,6
x-9ulgEuqag,2,2,concat,6
x8Q7nbDUOr0,2,2,concat,6
x9J1darZ3xE,2,2,concat,6
xHVdXqsvnnk,2,2,concat,6
xKQNc_xhQ8U,2,2,concat,6
xOQEgd9efcE,2,2,concat,6
xSQAyOr0TnM,2,2,concat,6
xWasCpXm8go,2,2,concat,6
xcN-vRsI3no,2,2,concat,6
xtoM6ek83xA,2,2,concat,6
xupGfCJ-sHw,2,2,concat,6
y7Aatm-iZzc,2,2,concat,6
yF08jqaPu-A,2,2,concat,6
yL3V31OVAOU,2,2,concat,6
yLNBILtJUS4,2,2,concat,6
yOawM3XYROo,2,2,concat,6
yPakAbR3T40,2,2,concat,6
yRDbEBcNNdg,2,2,concat,6
yTCCaC8QBoU,2,2,concat,6
yU7BZo6Lmog,2,2,concat,6
yX0sl34pGBU,2,2,concat,6
yYbo2wY5wik,2,2,concat,6
yZ_i8GAGizU,2,2,concat,6
yboP7VVOuyY,2,2,concat,6
yc9-_xTGOoA,2,2,concat,6
yi-Oh4rLvVU,2,2,concat,6
yk7YeCZFAio,2,2,concat,6
ytYqfUxbMk0,2,2,concat,6
ywYBRejn1wk,2,2,concat,6
yzTMbdJhqhc,2,2,concat,6
z-qB6dLR3-4,2,2,concat,6
z40rYZpqwog,2,2,concat,6
z43QrN1Mzl4,2,2,concat,6
z8ypmq4czss,2,2,concat,6
z9iKTEkLX_g,2,2,concat,6
zAYg8tJW49c,2,2,concat,6
zDTHiDbLtio,2,2,concat,6
zGfi5xzvUOM,2,2,concat,6
zJgX4MIMTpk,2,2,concat,6
zPhzl-JLhdo,2,2,concat,6
zQHP8ipvDi0,2,2,concat,6
zSueO3gXIL4,2,2,concat,6
zTeveBsR4eA,2,2,concat,6
zV912CZUxjU,2,2,concat,6
zWXnQpgBMuw,2,2,concat,6
zc31clkkaSk,2,2,concat,6
zjBER9Cu5OM,2,2,concat,6
zmdSUZM69xg,2,2,concat,6
znYI0H68kQs,2,2,concat,6
znsEqcs8erc,2,2,concat,6
zrEWFIMGoG0,2,2,concat,6
zxPiSucdwLY,2,2,concat,6
zy6yW4biJbg,2,2,concat,6
-67kb-NHjHY,3,3,concat,6
-RwIJZAu1yI,3,3,concat,6
-gJQbERHWwY,3,3,concat,6
-ufppWBqGHQ,3,3,concat,6
-ynKtyJivGU,3,3,concat,6
00Kqr8FpBr0,3,3,concat,6
07EN0gP3dVA,3,3,concat,6
0DP_nxqhlww,3,3,concat,6
0EHTh887QK8,3,3,concat,6
0Vl5xC33GI4,3,3,concat,6
0ii1BZvin7Q,3,3,concat,6
0lBLdOcZ7TI,3,3,concat,6
0o7lT5o7WNs,3,3,concat,6
0uYPcnFAnqI,3,3,concat,6
14kmpn1ZGG8,3,3,concat,6
1957Xi3uqk8,3,3,concat,6
1FMQzrlNsJw,3,3,concat,6
1JCLveJFIAE,3,3,concat,6
1JROpuJGP0s,3,3,concat,6
1QkXxtDMBAw,3,3,concat,6
1Y5BKvsiMfo,3,3,concat,6
1ZLKvPJ0db0,3,3,concat,6
1_3MZQGFNT8,3,3,concat,6
1lHe-cohO6Y,3,3,concat,6
1oE0ox3HrSE,3,3,concat,6
29n6XnA2mIQ,3,3,concat,6
2FNdRNMNkzk,3,3,concat,6
2LfZ1ROGz1g,3,3,concat,6
2QLebzH2qUA,3,3,concat,6
2R3wZ2IuGJc,3,3,concat,6
2RSlNraov0A,3,3,concat,6
2_YTH8Rq3cI,3,3,concat,6
2a1K9eBXmWY,3,3,concat,6
2c915lc29F4,3,3,concat,6
2herkOXFx80,3,3,concat,6
2mLdiB4ewwA,3,3,concat,6
2s3XyNUiC_Q,3,3,concat,6
2xrnvZzr3QU,3,3,concat,6
3378BwgBR0E,3,3,concat,6
34AaYEUVzbc,3,3,concat,6
3acwtg1SpMg,3,3,concat,6
3fj8UhXZ57o,3,3,concat,6
3pVNRKCNIVI,3,3,concat,6
3yT2Mdv04p8,3,3,concat,6
46ciIyGuyU4,3,3,concat,6
48wdwK12Rc0,3,3,concat,6
4GCAX3kG4C4,3,3,concat,6
4GN0nco6O2A,3,3,concat,6
4Lf3kj-jt6c,3,3,concat,6
4NLCTLNMxPw,3,3,concat,6
4SDHIUM8-Sk,3,3,concat,6
4owNI4JbF4I,3,3,concat,6
533dWOV7I8Q,3,3,concat,6
5KQPIOyG3Ro,3,3,concat,6
5MYalbP_9Fk,3,3,concat,6
5YCPLi8G0-s,3,3,concat,6
5arE6U3HVPs,3,3,concat,6
5m0csyAzsBU,3,3,concat,6
5og28f8t_gg,3,3,concat,6
5pHLHxYzkJs,3,3,concat,6
61WshXT90ik,3,3,concat,6
62kW9Oqp2XY,3,3,concat,6
675a7sUdtUw,3,3,concat,6
67_6KVabZ70,3,3,concat,6
6LYbIioha2Y,3,3,concat,6
6LdWMFAxRsA,3,3,concat,6
6S-edhWBc1s,3,3,concat,6
6TGRyNQyDxc,3,3,concat,6
6amKvChQ1II,3,3,concat,6
6gQc-A8dC5s,3,3,concat,6
6obRTwjC8Q8,3,3,concat,6
6z6L6w2Oz-I,3,3,concat,6
70Cp6VE4TdE,3,3,concat,6
7FDJtIbbOCs,3,3,concat,6
7RvW8JJO4iQ,3,3,concat,6
7Zj2xTYSd7s,3,3,concat,6
7fV9SSglr3Y,3,3,concat,6
7hOzAQX21Ws,3,3,concat,6
7zBlAFlimlE,3,3,concat,6
820i4P_35Go,3,3,concat,6
8Bz5HuDITCU,3,3,concat,6
8FRzjpfV3A8,3,3,concat,6
8HFy6BvuxTY,3,3,concat,6
8JRd_54ju3U,3,3,concat,6
8Q9B7ruY6JU,3,3,concat,6
8YUtLZsHiWU,3,3,concat,6
8_nxBAy_Amw,3,3,concat,6
8fuP66yOn5w,3,3,concat,6
8mf77q77ryQ,3,3,concat,6
8qto-SHQZes,3,3,concat,6
8x4Vsmb0kII,3,3,concat,6
8yaagNHWvFA,3,3,concat,6
99jDHZRrD4U,3,3,concat,6
9DNY7Hnw04U,3,3,concat,6
9HHaAgvc1LU,3,3,concat,6
9LQ95pSKyXs,3,3,concat,6
9LUR25y0BhU,3,3,concat,6
9QXGffKbiVE,3,3,concat,6
9Qc0Fhk1sXE,3,3,concat,6
9XxOPsM8hb0,3,3,concat,6
9e-HibzpZFU,3,3,concat,6
9h11lDwmAaE,3,3,concat,6
9jUZMAL9_uY,3,3,concat,6
9k7eOsmcm1s,3,3,concat,6
9knaKFVkmDc,3,3,concat,6
9l6Waj7n7kQ,3,3,concat,6
9l8Im9Fv8R0,3,3,concat,6
9rZcx1IUV7Q,3,3,concat,6
9uDOJ_P5NQc,3,3,concat,6
9uYmdgEsu7E,3,3,concat,6
9wBhjdZlx-Q,3,3,concat,6
A6So4z4cbl8,3,3,concat,6
A7Dyd9hC4L0,3,3,concat,6
ATWKfoGYDkc,3,3,concat,6
AXro5c2EIzw,3,3,concat,6
AhSOKoX0ozc,3,3,concat,6
AnhsQCKIXzw,3,3,concat,6
AqEhuzBRfaI,3,3,concat,6
AraX_kMkLzw,3,3,concat,6
B-7bD_zZIrs,3,3,concat,6
BDFIgGr4fGE,3,3,concat,6
BDOl2rjVixg,3,3,concat,6
BJYubkkieWc,3,3,concat,6
BMgbdb43F2k,3,3,concat,6
BRsmpRer8UI,3,3,concat,6
BayNndKt_V8,3,3,concat,6
Bj8qOiwZNV0,3,3,concat,6
BjIgubUb1dE,3,3,concat,6
BkSldcoWiDg,3,3,concat,6
BsccGK_axsM,3,3,concat,6
C2tmDwAUlRk,3,3,concat,6
CCJ64sO3wP4,3,3,concat,6
CCrMUYAWsis,3,3,concat,6
CH7oHNUzTNg,3,3,concat,6
CIfBo-_MFbY,3,3,concat,6
CJbBMqyqezg,3,3,concat,6
CTkxWexy6i4,3,3,concat,6
CUThCSqNxE0,3,3,concat,6
ChSy-1JkfR0,3,3,concat,6
Cheo9rBPHUU,3,3,concat,6
CwTTSHeAlRk,3,3,concat,6
CxDYUUam_8Q,3,3,concat,6
D60yD96kgsI,3,3,concat,6
D724-u0H_1c,3,3,concat,6
D8FtdBdV9qI,3,3,concat,6
DGY5hDCkLTs,3,3,concat,6
DIONYkCuMw8,3,3,concat,6
DT4Pb0Fcah0,3,3,concat,6
D_za4bzwBXY,3,3,concat,6
E0W9MkxKRZA,3,3,concat,6
E9LsLq2-e54,3,3,concat,6
ECIMMCSmBxg,3,3,concat,6
ECqzgENEpyk,3,3,concat,6
ED7M-n8w3n0,3,3,concat,6
EHI2AoGbW1E,3,3,concat,6
EInyrsiSQTw,3,3,concat,6
EXPAmmytCzs,3,3,concat,6
Eiq1uSQakmk,3,3,concat,6
EmYv7WtJHfM,3,3,concat,6
Er2xTYaLSqI,3,3,concat,6
EsKIIbNoy2s,3,3,concat,6
EuIvy5OR33g,3,3,concat,6
EvqIqLpp2f8,3,3,concat,6
EzlQJt3ZpHE,3,3,concat,6
F0eEvaiRfEQ,3,3,concat,6
F3Vy6FJvuCQ,3,3,concat,6
F9GbDMGTyeg,3,3,concat,6
F9NzcGU0b3k,3,3,concat,6
FKCkS5KOzmo,3,3,concat,6
FMX4-koZWDI,3,3,concat,6
FMz29A5B4GM,3,3,concat,6
FTvFLjAFUwE,3,3,concat,6
Fa_KFMZOSjE,3,3,concat,6
Fpo9WY2ngqM,3,3,concat,6
Fqc2O2zEPN4,3,3,concat,6
FsLuUMSUA1Q,3,3,concat,6
Fw_Z8xM6bjg,3,3,concat,6
G-JFfAuMgIs,3,3,concat,6
G0iyxHzHC0U,3,3,concat,6
GAc_Lwnb7iw,3,3,concat,6
GCQt2vCjVnc,3,3,concat,6
GGSJLpA6B5Y,3,3,concat,6
GO_0hy1J5tU,3,3,concat,6
GPzwTKLPHV8,3,3,concat,6
GSGicFsbk0o,3,3,concat,6
GWLhizNfb-Q,3,3,concat,6
GhBMBkp7zvo,3,3,concat,6
GiZFE2N9iA8,3,3,concat,6
GihNOcMIENg,3,3,concat,6
GjQbQqNiHy8,3,3,concat,6
H7FHecNpd-0,3,3,concat,6
HFVJ0py7j0k,3,3,concat,6
HGL-auiIyHg,3,3,concat,6
HIw-zG81hD8,3,3,concat,6
HKOwxct65BI,3,3,concat,6
HQELWm6bpH0,3,3,concat,6
HRS3PQA5SpA,3,3,concat,6
Hcj3bIBlGUA,3,3,concat,6
HiJUvmQaIrQ,3,3,concat,6
Hiu2-9k1kdk,3,3,concat,6
HnR5nEA86SY,3,3,concat,6
HqWPtsXkwXg,3,3,concat,6
I-38wZwS8BI,3,3,concat,6
I-jRkud7txU,3,3,concat,6
I-z1UEL_r3U,3,3,concat,6
I568j4h6_go,3,3,concat,6
I5XwmicFNPs,3,3,concat,6
I8lyMTmt77w,3,3,concat,6
IDYt8JSGo4Y,3,3,concat,6
IKpwTxwhzOo,3,3,concat,6
IO6CIB5-76A,3,3,concat,6
IRxujfYmPdg,3,3,concat,6
ITqbuf4EtJw,3,3,concat,6
IWRTuUsLqDM,3,3,concat,6
IXx4H6PLons,3,3,concat,6
IZ2CUaPlWH4,3,3,concat,6
IZgZE_sgWZU,3,3,concat,6
IarPPCbexSo,3,3,concat,6
IlLAemB-bIQ,3,3,concat,6
IrhBguwO1-M,3,3,concat,6
IvomVquDT_Y,3,3,concat,6
IzMKyyh--Ts,3,3,concat,6
J-u-AxhF2wo,3,3,concat,6
J2G1aHeHBO8,3,3,concat,6
J8WeOIukjEk,3,3,concat,6
J9CWbTSimPU,3,3,concat,6
J9cdpG8lJQg,3,3,concat,6
JCoOsldIOHw,3,3,concat,6
JCwUURB1_hI,3,3,concat,6
JZ-eT3hhXjU,3,3,concat,6
JdFLR3yIZYQ,3,3,concat,6
Jfong0q2Dak,3,3,concat,6
Jtphsim3sQc,3,3,concat,6
Jwcm6lo7jLI,3,3,concat,6
K-nPyCjBSu0,3,3,concat,6
K1aAAlm-K3A,3,3,concat,6
K3A2htlqgIk,3,3,concat,6
K7pcnh_oqNs,3,3,concat,6
KBAa_kVRxO0,3,3,concat,6
KG1dfpv0Kwk,3,3,concat,6
KIR3sfV_IoA,3,3,concat,6
KSVz6TA2Vrg,3,3,concat,6
KTVGFILIe_k,3,3,concat,6
KZswPzGdiPc,3,3,concat,6
KbouG9g2HPM,3,3,concat,6
KjqSR68a3_c,3,3,concat,6
KmPB6CizUN8,3,3,concat,6
KpEPvRgD8cI,3,3,concat,6
Ks1R8R3WNJE,3,3,concat,6
KyFgiUusNDU,3,3,concat,6
L-89oYzHUWw,3,3,concat,6
L2bXC7cvWgc,3,3,concat,6
LSt6BAuXfXg,3,3,concat,6
LgGD8rrMPTI,3,3,concat,6
LjNqK8JSlkI,3,3,concat,6
LpKmotGRi5A,3,3,concat,6
LvXUt7bRuI8,3,3,concat,6
LvpPD4sCvy8,3,3,concat,6
Ly7Mw5A7SZk,3,3,concat,6
LzlhDrCmX_8,3,3,concat,6
M1pT-8jod-c,3,3,concat,6
MD8ZMHYG4yY,3,3,concat,6
MH1ktLN01ck,3,3,concat,6
MNG04jNdRqA,3,3,concat,6
MQJO4qg--RY,3,3,concat,6
MREhVwmULC8,3,3,concat,6
MZX8v1fAGjY,3,3,concat,6
MbOk39AytPs,3,3,concat,6
Me3qJ_iUasE,3,3,concat,6
MegIVZ6HQOY,3,3,concat,6
MgOn68G5di8,3,3,concat,6
Mh8oCP-Jvcs,3,3,concat,6
Mhd-GV8i-Uk,3,3,concat,6
MhrcfGdFdOM,3,3,concat,6
MiIN3ocnqOk,3,3,concat,6
N3KTiSwPs6I,3,3,concat,6
NAJVZseFaHk,3,3,concat,6
NPV-v6AakFs,3,3,concat,6
NWtZINm4HwE,3,3,concat,6
NZOp0CcbaMI,3,3,concat,6
NdaAWMo2yxE,3,3,concat,6
NiPNKYuFbps,3,3,concat,6
O-DmmiEmQcI,3,3,concat,6
O1n3e_D126A,3,3,concat,6
O2ivXLBiuew,3,3,concat,6
O2j8ADtY-jg,3,3,concat,6
OAOmyG2P0Qo,3,3,concat,6
OHLH0l7P8cw,3,3,concat,6
OIwcV9UY4to,3,3,concat,6
OYR8HLUxD3U,3,3,concat,6
O_RVgkWSbn0,3,3,concat,6
O_VQ-uA5khY,3,3,concat,6
OfRYQWfoO_0,3,3,concat,6
OtUDGgLi4rc,3,3,concat,6
OuqZVU0G1A0,3,3,concat,6
P3Tm9UIqHp4,3,3,concat,6
P8h72TYgeD8,3,3,concat,6
P9qIESR87Q4,3,3,concat,6
PEKnxDeiCws,3,3,concat,6
PJQbjthpsDQ,3,3,concat,6
PXge_siNxxk,3,3,concat,6
PeIE_hc4NCU,3,3,concat,6
PiavDkf68Xo,3,3,concat,6
PjJx5P8IJ4Q,3,3,concat,6
PsY1cbfeZXs,3,3,concat,6
PvOsuWMmUYs,3,3,concat,6
PxpNtB0vK9Q,3,3,concat,6
Q2VSnCq6ea0,3,3,concat,6
Q8Jbijf1T1A,3,3,concat,6
Q8gmxCwZObs,3,3,concat,6
QDBB1V-ISwM,3,3,concat,6
QDLIV8cneCk,3,3,concat,6
QFKhWo3Z4Qc,3,3,concat,6
QHM9OO6Nk2c,3,3,concat,6
QITgzgKOXZo,3,3,concat,6
QL30L3pK7Fc,3,3,concat,6
QV2a5mUXv7Q,3,3,concat,6
QdipAHGBN3Q,3,3,concat,6
QrAyBBhzQ-s,3,3,concat,6
QvYgSfEDX98,3,3,concat,6
QwwGu1_ZUzM,3,3,concat,6
QxBC9A49kVk,3,3,concat,6
R1IEyq2U16w,3,3,concat,6
R1gCvxmWyoQ,3,3,concat,6
R8EHffFG8LE,3,3,concat,6
RKf9dFfUG4o,3,3,concat,6
RLEvdN1z_Rg,3,3,concat,6
RN7f7mjVsrI,3,3,concat,6
RNc7lzSt914,3,3,concat,6
RmSvmXsDLW4,3,3,concat,6
RpYCdiyxZZM,3,3,concat,6
Rpd8QfTDng0,3,3,concat,6
RxXObcCNXOY,3,3,concat,6
S05xFzEg5I4,3,3,concat,6
S8GaRgU6bp0,3,3,concat,6
S8HzPofkWBA,3,3,concat,6
S8_uQWmjGBk,3,3,concat,6
S9ZY92YXMh0,3,3,concat,6
SR8tn1LMiaY,3,3,concat,6
SZKve5VsO-4,3,3,concat,6
S_hRsJgBgmU,3,3,concat,6
SbXVPa7qK40,3,3,concat,6
SkXEOg9-pwg,3,3,concat,6
SnIv8PgF4zY,3,3,concat,6
SqmPmV72FS4,3,3,concat,6
Su4s2D-SlWk,3,3,concat,6
Sx0kcoFOJJI,3,3,concat,6
T4uBL5Dn0-A,3,3,concat,6
T5NTMr36GdU,3,3,concat,6
T6nmUkX1jAs,3,3,concat,6
T8Zn-VfyfhE,3,3,concat,6
TNniHkwfeT8,3,3,concat,6
TS_wvNno8Iw,3,3,concat,6
TZ5s4-KLqKI,3,3,concat,6
T_Cjn4qmNwU,3,3,concat,6
TkCmFQtvqZw,3,3,concat,6
TyFJShuZ4zs,3,3,concat,6
U9doE9742xA,3,3,concat,6
Uh2yB7v-0_U,3,3,concat,6
UwNwgxZg610,3,3,concat,6
Uzt39qV1Y9s,3,3,concat,6
V3D6AYVzHv0,3,3,concat,6
V3m3Bj_r09o,3,3,concat,6
V4KJqBuSWpk,3,3,concat,6
V5em1ppZRCw,3,3,concat,6
V6SyuPpVTY4,3,3,concat,6
V8Aon7j7ULU,3,3,concat,6
VDF4w5jN5JA,3,3,concat,6
VFRU7a3SzUU,3,3,concat,6
VIdXKr6MBd0,3,3,concat,6
VYmdSgu_dyY,3,3,concat,6
Vb-PbbtaHgU,3,3,concat,6
VhyplN9bPDE,3,3,concat,6
VkTeqH_Ieas,3,3,concat,6
Vr6AxVGpTC0,3,3,concat,6
VzDhJEgddHw,3,3,concat,6
W0Dw4YCGjnY,3,3,concat,6
W38fLEmrmS0,3,3,concat,6
W3Ip_MZLWYQ,3,3,concat,6
W6eUVf0nqXc,3,3,concat,6
W97j23sBDSA,3,3,concat,6
WEmlPgLXZvQ,3,3,concat,6
WIU6YjUCTNQ,3,3,concat,6
WIafTyQ3hA0,3,3,concat,6
WIx7k2sIiXQ,3,3,concat,6
WRJ6xzrpHIo,3,3,concat,6
WRdqtdMtjjM,3,3,concat,6
WTz6Tgq_DWU,3,3,concat,6
WVOfFSTk7lE,3,3,concat,6
Wc00LJN6tZo,3,3,concat,6
Wj5nC0wsrQE,3,3,concat,6
WjOQ8aRJPE8,3,3,concat,6
WjWhHsXHtJk,3,3,concat,6
WkpH2BEmYAo,3,3,concat,6
WlvCahnwQCA,3,3,concat,6
WstSZKU0BP0,3,3,concat,6
Wt87JUkZQZ8,3,3,concat,6
Wx1yc4B41L0,3,3,concat,6
X29a14SLuDg,3,3,concat,6
X3DOonWvbvM,3,3,concat,6
X8F8eaKAsg4,3,3,concat,6
XK0UX5rK6kk,3,3,concat,6
XMAZ-HNIJDk,3,3,concat,6
XUmn2KW2GiQ,3,3,concat,6
XkfOnNM97gw,3,3,concat,6
Xw0FeGU3jzI,3,3,concat,6
Y-KC_UCf61c,3,3,concat,6
Y53CfGvPVN4,3,3,concat,6
YBHEljmZw6E,3,3,concat,6
YE3bWyNIbIM,3,3,concat,6
YOGrWavrIVc,3,3,concat,6
YP-Qfkt_DME,3,3,concat,6
YW9ITCorD0c,3,3,concat,6
Y_fSLH7zbxY,3,3,concat,6
YbSQYyT7RN4,3,3,concat,6
YcDKqmxBRN8,3,3,concat,6
YeAFnPuTaA0,3,3,concat,6
Yg9rSVc94CE,3,3,concat,6
Yi2E3xS9k3o,3,3,concat,6
YkDpKx2cY-4,3,3,concat,6
YwFWFIDTGgk,3,3,concat,6
ZFNc6LXXJso,3,3,concat,6
ZKc2rWg8Ecs,3,3,concat,6
ZLQdafouO7I,3,3,concat,6
ZPvO7vZfWA0,3,3,concat,6
ZR7LKqiWLZQ,3,3,concat,6
ZVTvvVUTvWE,3,3,concat,6
ZoMUWSC_Fg0,3,3,concat,6
ZqKcVouuSso,3,3,concat,6
ZvJ4CpJBOSs,3,3,concat,6
_0qpdYBws9U,3,3,concat,6
_8od6_WXXks,3,3,concat,6
_DOF3V2zh4E,3,3,concat,6
_K7RYOkYqyY,3,3,concat,6
_XnPxv7lgzA,3,3,concat,6
_gCvpOJg238,3,3,concat,6
_mEcp3gP4-c,3,3,concat,6
a1t8pfITqyw,3,3,concat,6
a2HLDH3HfzE,3,3,concat,6
aCFHk2kf9OI,3,3,concat,6
aKDgdpZMg3I,3,3,concat,6
aSTIeUTBEuk,3,3,concat,6
aXelfS5s6BQ,3,3,concat,6
aaDrxWhDNAU,3,3,concat,6
aaM6qFPIxdw,3,3,concat,6
agsuEpkB-Y8,3,3,concat,6
akVnJ-2ayNY,3,3,concat,6
aksLkvtdtNE,3,3,concat,6
anYVesON6IY,3,3,concat,6
apX4ZbDkjNU,3,3,concat,6
awHXeUuhYGs,3,3,concat,6
bK1nlvoR4mk,3,3,concat,6
bLW8QTEWFeE,3,3,concat,6
bQrcl2hdZMc,3,3,concat,6
bRWlY7oG4Cs,3,3,concat,6
bWINKT7fnVs,3,3,concat,6
bfMf-wS_QZc,3,3,concat,6
bi4ZO6JBusM,3,3,concat,6
biza9SkMyJE,3,3,concat,6
bkc2KGijZgo,3,3,concat,6
bkd0eyy3_N8,3,3,concat,6
brNCDDvgnBU,3,3,concat,6
c04XfJc9aC0,3,3,concat,6
c7_hgi7Jcfo,3,3,concat,6
cK1wGptZgfA,3,3,concat,6
cL-wmR6v-ks,3,3,concat,6
cTPMc-w-QAw,3,3,concat,6
cV9Jvjq6h-o,3,3,concat,6
cwjzVogfNLw,3,3,concat,6
czwYxsGfiSM,3,3,concat,6
dDlIbo3vzp0,3,3,concat,6
dJmrD59S1l0,3,3,concat,6
dLWyhI15lWI,3,3,concat,6
dNIY3-V5oTg,3,3,concat,6
dR-VUldn7sk,3,3,concat,6
dRjnzYMzhO8,3,3,concat,6
dYnYur5tdUQ,3,3,concat,6
dZ0_TdXKQZE,3,3,concat,6
de10Z94_1b4,3,3,concat,6
dkb7OZt2IVM,3,3,concat,6
doQPqZtnZ_E,3,3,concat,6
dx4ROYaFhaA,3,3,concat,6
dzJyKhdND_k,3,3,concat,6
e41OQfI1ej0,3,3,concat,6
e4dWQ7NHSkw,3,3,concat,6
e6vO-GwjX0Y,3,3,concat,6
eOSVcTMjCyU,3,3,concat,6
eOt1qP2XFAY,3,3,concat,6
e_auJNLfOmE,3,3,concat,6
e_gBJF5chg8,3,3,concat,6
ea8yjU5sHN0,3,3,concat,6
ebSKq5hUy2I,3,3,concat,6
er3NM35xLU0,3,3,concat,6
ewniMnZuvgw,3,3,concat,6
fDli6ReZVy4,3,3,concat,6
fE3uC7J_-Ss,3,3,concat,6
fLKBjo8yPmM,3,3,concat,6
fOHNkQ4BXxc,3,3,concat,6
foEl4lbtYUw,3,3,concat,6
fq_Vs24dESQ,3,3,concat,6
fqekWhHwocA,3,3,concat,6
frgXidhmWV4,3,3,concat,6
ftkga3N5ZTQ,3,3,concat,6
fy07RGmXGII,3,3,concat,6
g1EGRXNqEDU,3,3,concat,6
g1cV1k5wGLs,3,3,concat,6
gCPbyJhWbFg,3,3,concat,6
gJbiLIRkIR8,3,3,concat,6
gKKSDN1iptg,3,3,concat,6
gQT67gusGms,3,3,concat,6
gVR9JAJ2Ce4,3,3,concat,6
gWEofR9eWqE,3,3,concat,6
gWdPBqEO_j8,3,3,concat,6
gfMN06emL38,3,3,concat,6
gi-7OYh946E,3,3,concat,6
glqkQDXzhWs,3,3,concat,6
hA5A3HKFe_A,3,3,concat,6
hFqUjLuFdic,3,3,concat,6
hFv6g0pnHhw,3,3,concat,6
hGmfa4i0wYc,3,3,concat,6
hJfR7By19nI,3,3,concat,6
hVJK8ddgs0c,3,3,concat,6
hXZueIoq1jI,3,3,concat,6
hYy_vks2XLA,3,3,concat,6
hZ1QEiDZq8s,3,3,concat,6
haZKQIvVShA,3,3,concat,6
hgoAUK4vzAQ,3,3,concat,6
hyo4M7J66U4,3,3,concat,6
i-cUCTOxLCc,3,3,concat,6
i3SZhQ8mE3U,3,3,concat,6
i500yfB-Xnc,3,3,concat,6
i60si2ceju4,3,3,concat,6
iAUo5ubg_Vk,3,3,concat,6
iHPs1zxc0M8,3,3,concat,6
iL4trQDGBbc,3,3,concat,6
iSjhzf3z6sM,3,3,concat,6
iWzgl4N23R4,3,3,concat,6
id5JwKQ8yfM,3,3,concat,6
ifnQnbbe5Po,3,3,concat,6
iiiwROGAW8k,3,3,concat,6
iowxymu3sok,3,3,concat,6
ir3ozI6fqIM,3,3,concat,6
iu-oI__aC4g,3,3,concat,6
j0HI4Z0y8R4,3,3,concat,6
j7eom77gGGI,3,3,concat,6
j9M6YshwnDg,3,3,concat,6
jOgRhKIv_24,3,3,concat,6
jPX2gfSjDn4,3,3,concat,6
jUkLjAUXUlU,3,3,concat,6
jVAO6RddUaQ,3,3,concat,6
je4ylCLwpa8,3,3,concat,6
jv5aqKXZEtw,3,3,concat,6
jybmjgxxCOY,3,3,concat,6
k0_TgzaK5c0,3,3,concat,6
k8NC9gKz--I,3,3,concat,6
kEliqEFZ0uA,3,3,concat,6
kHp9WAB6RLU,3,3,concat,6
kQbAUXQIH4c,3,3,concat,6
kaSHsIl9FSo,3,3,concat,6
kbJ5LCmsPiI,3,3,concat,6
kfBUKrPkhZw,3,3,concat,6
khJyBoN0fUI,3,3,concat,6
kqJsS6RD7Sw,3,3,concat,6
kqQw2xeMmEQ,3,3,concat,6
ktEzZ6_CKMs,3,3,concat,6
lBQgLyXEmJk,3,3,concat,6
lIEY6akV-JA,3,3,concat,6
lbJVZy2gYZ8,3,3,concat,6
le_Sz76trhk,3,3,concat,6
lfTb9cwpwXo,3,3,concat,6
lrR7s3_nylg,3,3,concat,6
lvDGecZFWFM,3,3,concat,6
lvKAoA4KX2Q,3,3,concat,6
lzxmupJJX9s,3,3,concat,6
m0JHX10FGWU,3,3,concat,6
m4F8abfP5Hw,3,3,concat,6
mLGSUktaEmw,3,3,concat,6
mUxQDT3Csts,3,3,concat,6
n6WyBsPtvG4,3,3,concat,6
n6_Q2G6bj68,3,3,concat,6
n7EuxelhUhE,3,3,concat,6
n8ZBWGRjdlg,3,3,concat,6
n8jTAfmbFZ0,3,3,concat,6
nEXPHEi-9s4,3,3,concat,6
nKOJ1yEzYXY,3,3,concat,6
nMpQLWi311w,3,3,concat,6
nY2i4HH7mUc,3,3,concat,6
nceygps61Y0,3,3,concat,6
ncxYLoKEUWg,3,3,concat,6
nfwOykz1NNQ,3,3,concat,6
nhqCaib7xFs,3,3,concat,6
nmwvvlPS-Pg,3,3,concat,6
nt7FRKo4LSU,3,3,concat,6
ntAHihvO4vo,3,3,concat,6
nxxG3NTITfs,3,3,concat,6
o5dYIw_1HRM,3,3,concat,6
o7vMT6NErNg,3,3,concat,6
o9EydBHYJkg,3,3,concat,6
oJoX5Y_Loc8,3,3,concat,6
oLncuneDerU,3,3,concat,6
oWisWfxfKs8,3,3,concat,6
o_uc2XK-45I,3,3,concat,6
oaBRK2Q6V-A,3,3,concat,6
olKP83CFh_c,3,3,concat,6
oneYwcXan4Y,3,3,concat,6
ovBBpw0ZTRg,3,3,concat,6
p32wI7XHGU0,3,3,concat,6
pBHW8twRHhA,3,3,concat,6
pD-iUj598SM,3,3,concat,6
pJP1KtjHWYg,3,3,concat,6
pLqXcIlp4z8,3,3,concat,6
pR5NEacCd_E,3,3,concat,6
pX9ut2hIPXg,3,3,concat,6
pepegLtK3dk,3,3,concat,6
pi1NL5Fv4s8,3,3,concat,6
q-3SkzdMFxw,3,3,concat,6
q2ZIVyxxbtw,3,3,concat,6
q3KuDoB01wU,3,3,concat,6
q5OiiwfnnMY,3,3,concat,6
q5fSSUwzx8Y,3,3,concat,6
q6RceC1ochg,3,3,concat,6
qAQsmlsb3SI,3,3,concat,6
qARDeJUKQBQ,3,3,concat,6
qGBBguZa49A,3,3,concat,6
qJNLl_peMbQ,3,3,concat,6
qMPzZF-KS00,3,3,concat,6
qOBpWCIM1Fo,3,3,concat,6
qYHV2HvAwlA,3,3,concat,6
qazcZZCaw0c,3,3,concat,6
qg4Z9H0qY0w,3,3,concat,6
ql_NO0FL2cU,3,3,concat,6
qlnbJyH2QHI,3,3,concat,6
qsQFI5khdv8,3,3,concat,6
qvYMWyGBjt8,3,3,concat,6
qviVjRwgwU0,3,3,concat,6
qvxNHI_YVMM,3,3,concat,6
r32L377YZBM,3,3,concat,6
r5c9JW1oWwM,3,3,concat,6
r8mUTrsqsKY,3,3,concat,6
r9FGipLBtOo,3,3,concat,6
rIeVoQcjmr0,3,3,concat,6
rKyad7ETppc,3,3,concat,6
rNXVdm5Fgfs,3,3,concat,6
rRv_ao1IQsk,3,3,concat,6
rT-XERh4R68,3,3,concat,6
ri9-dcyap_4,3,3,concat,6
rtLIIxnfROo,3,3,concat,6
s2DlkLqVuT4,3,3,concat,6
s3iqByHaaf8,3,3,concat,6
s5gPl7StvT8,3,3,concat,6
sHEN9Wac7mQ,3,3,concat,6
sI0DGcA1eaI,3,3,concat,6
sVUmJ7wwlX4,3,3,concat,6
sgrAJ4Y8xaU,3,3,concat,6
shQZm-C5szw,3,3,concat,6
si4BZW5T6wo,3,3,concat,6
sjD-ByTXW1k,3,3,concat,6
sl8fuiKa49A,3,3,concat,6
spLWTxpA238,3,3,concat,6
sx9kXHY9NLY,3,3,concat,6
sxisn95TJ6k,3,3,concat,6
t0I37-MVjJ0,3,3,concat,6
t0jI6vSewEo,3,3,concat,6
t1zAUtA5hZ0,3,3,concat,6
tDZnAyVEdi8,3,3,concat,6
tF4XDcUQrnY,3,3,concat,6
tHED6G1y28M,3,3,concat,6
tIoJ9jCWgBs,3,3,concat,6
tNYjIIyDqW4,3,3,concat,6
tRRkksx0S0I,3,3,concat,6
ttfifh_e0i0,3,3,concat,6
twz0hkvvjXQ,3,3,concat,6
txNweTdj5VI,3,3,concat,6
uL7d4y2aDfw,3,3,concat,6
uY6ZSZOAy7U,3,3,concat,6
upnyj3jTsNw,3,3,concat,6
upymff3G6FY,3,3,concat,6
uuLmRF_0jjY,3,3,concat,6
v4IwlsCsDcs,3,3,concat,6
vMOfFkplDF0,3,3,concat,6
vMrK-SxeLCI,3,3,concat,6
vNsp-Ax6YJI,3,3,concat,6
vOLklhfvtHg,3,3,concat,6
vPjOBRcJW6Y,3,3,concat,6
vZ6a0NNM4e4,3,3,concat,6
vdch4hggP0c,3,3,concat,6
vfRx4Cm2fNA,3,3,concat,6
visY0wdI9Ws,3,3,concat,6
vmybc-F-GGU,3,3,concat,6
vqIvoDc9YEg,3,3,concat,6
vvEaUTD0h90,3,3,concat,6
vzU5ZY4zy9s,3,3,concat,6
vzUHXpcbHO0,3,3,concat,6
wIGQw8X9zew,3,3,concat,6
wMiVzX8SkQ4,3,3,concat,6
wXgp8ixK08Q,3,3,concat,6
wYeS_DoXb3w,3,3,concat,6
wa7rlqhLJxU,3,3,concat,6
wku1vM_euQw,3,3,concat,6
wnUmTgUBa0o,3,3,concat,6
wqfvNX8Uc2w,3,3,concat,6
wvI4XQVhqcY,3,3,concat,6
x0DVfFydKtY,3,3,concat,6
x3h-9n05gUc,3,3,concat,6
xG7MIPfCrmM,3,3,concat,6
xGt9EP1k2E8,3,3,concat,6
xQvo2WhavF4,3,3,concat,6
xTjmNmW7GjE,3,3,concat,6
xXm3HCJ7PJo,3,3,concat,6
xcnWYIth4jw,3,3,concat,6
xe7zouZg0c4,3,3,concat,6
xepqm-RhoGE,3,3,concat,6
xmaFp5TicRw,3,3,concat,6
xuEaGPrREMk,3,3,concat,6
xxgXRN-_cW8,3,3,concat,6
xxxtIxMSfHg,3,3,concat,6
xyw37Hc5Blg,3,3,concat,6
y-zuwhhDWK8,3,3,concat,6
y1-LhmoDerM,3,3,concat,6
y5y_5oyHMuE,3,3,concat,6
y6q0O4U7k3E,3,3,concat,6
y7g4699SLQc,3,3,concat,6
y7o7Kxj-TZ0,3,3,concat,6
yAz-sFs9nbg,3,3,concat,6
yBwpn2XnuEo,3,3,concat,6
yE0-zNH8lY8,3,3,concat,6
yHyEAYx3l_M,3,3,concat,6
yQrRrh0MXio,3,3,concat,6
yUxGSoEJAlA,3,3,concat,6
yWGKP68gTI0,3,3,concat,6
yh7tBORHtA4,3,3,concat,6
ynENLZhcgsw,3,3,concat,6
yrtVDa1cXYw,3,3,concat,6
zC56YaisrRs,3,3,concat,6
zHIIpPz3WVs,3,3,concat,6
zMksPUNfx-Y,3,3,concat,6
zVRhNxht56E,3,3,concat,6
zo7UBrb077Q,3,3,concat,6
zu9XjGQ-wyg,3,3,concat,6
zuvmOyvOd2c,3,3,concat,6
-0Wiw9SqseU,4,4,concat,6
-0wW9xW3QvE,4,4,concat,6
-3e9GiMADzM,4,4,concat,6
-4LHv90jfNU,4,4,concat,6
-6bye_nqBSE,4,4,concat,6
-7BeiYmtFWA,4,4,concat,6
-7_i7ctoTR4,4,4,concat,6
-7uEB-wcrP4,4,4,concat,6
-88Ed2047Gg,4,4,concat,6
-C_K6Gq7U1c,4,4,concat,6
-GakK-_ARy0,4,4,concat,6
-Ke9TPaCou0,4,4,concat,6
-LjWQnDzlP8,4,4,concat,6
-M9zU7wf4Bs,4,4,concat,6
-NIc4YS2E58,4,4,concat,6
-RcEdzjb0vI,4,4,concat,6
-U9HfyrSAy0,4,4,concat,6
-Vl4yB00heQ,4,4,concat,6
-WIocjAhLzo,4,4,concat,6
-aflc_bvSgg,4,4,concat,6
-d5A6y9ZOoY,4,4,concat,6
-dVh3P3NELM,4,4,concat,6
-fjOldJ5_MM,4,4,concat,6
-gHWFnTM0Ik,4,4,concat,6
-hLxZTQ5aCs,4,4,concat,6
-jbPQFEpmP4,4,4,concat,6
-l6Cup4lYDQ,4,4,concat,6
-oX-F3W0M88,4,4,concat,6
-rSRVyabywM,4,4,concat,6
-t8OZ4VMEzc,4,4,concat,6
-tZJQBTvReM,4,4,concat,6
-v4--4P8OKQ,4,4,concat,6
-vxkDguYF9M,4,4,concat,6
-w8UmfJPcB4,4,4,concat,6
-wZswJk3WMY,4,4,concat,6
-wcqKGnr19M,4,4,concat,6
-wjLY1ZAj_s,4,4,concat,6
0-6bGNYprqI,4,4,concat,6
0-FRsDdlnvs,4,4,concat,6
01Bq7uwQgtM,4,4,concat,6
01bxJKe5GJE,4,4,concat,6
01tA7KF4geU,4,4,concat,6
03wqjR7fFc0,4,4,concat,6
04fK_PLmyQk,4,4,concat,6
05hp9ZPLhQI,4,4,concat,6
06PfI8c9C6s,4,4,concat,6
06gMX8yTzKo,4,4,concat,6
07JkUceV36s,4,4,concat,6
09_jca9V5j4,4,4,concat,6
0Cc-rFfnlDI,4,4,concat,6
0Der9_ZaFFE,4,4,concat,6
0E3vh1uc_b0,4,4,concat,6
0FjS51Jy3as,4,4,concat,6
0G1HPdrZj5I,4,4,concat,6
0GI25e_dtg0,4,4,concat,6
0GyGJnQPFb0,4,4,concat,6
0HHTruQYVkw,4,4,concat,6
0I4ZnP3Lxac,4,4,concat,6
0IW63x8Oys4,4,4,concat,6
0KmQ4ZbmoN8,4,4,concat,6
0LtgYK8qW5E,4,4,concat,6
0M95nRdH2mI,4,4,concat,6
0MEnTzeEXW8,4,4,concat,6
0MWp9kk8fag,4,4,concat,6
0MiZkUk2d2A,4,4,concat,6
0NOXkPZJ78U,4,4,concat,6
0O7hAX2mgio,4,4,concat,6
0S1uo6Hpkfk,4,4,concat,6
0SCFSW4M3tU,4,4,concat,6
0T_oE-njkHM,4,4,concat,6
0UzZutSYdv8,4,4,concat,6
0Wj8aQ7hO5U,4,4,concat,6
0XEszzPe35E,4,4,concat,6
0_CZKVGg6dg,4,4,concat,6
0_urb8V9dfI,4,4,concat,6
0abjUKYI7Mo,4,4,concat,6
0afbtS1BVCI,4,4,concat,6
0b4K9J6U7PA,4,4,concat,6
0bA40ejUtt0,4,4,concat,6
0bIocaKcJJE,4,4,concat,6
0bx-03Baqmo,4,4,concat,6
0c6X2TtzHkM,4,4,concat,6
0dNQW3kznOA,4,4,concat,6
0iVlNzUzUAk,4,4,concat,6
0iqd6JN02SM,4,4,concat,6
0j1RNCA5vLo,4,4,concat,6
0jAyUgE7IgE,4,4,concat,6
0kX7wMgz3tA,4,4,concat,6
0lgTTB8jPOQ,4,4,concat,6
0nEXLy8x7wU,4,4,concat,6
0nhFZs2aYZw,4,4,concat,6
0noxFX2PlXI,4,4,concat,6
0p-dh0kbNPs,4,4,concat,6
0pq2JSFFSFk,4,4,concat,6
0rJIjyRHYSg,4,4,concat,6
0roqxEBr4XQ,4,4,concat,6
0skRaUUm3UY,4,4,concat,6
0ugKIk1go80,4,4,concat,6
0v62YNRUV9Q,4,4,concat,6
0wO-Yn8xrVY,4,4,concat,6
0wVpaAuEEKM,4,4,concat,6
0yhi0oIoeks,4,4,concat,6
11ptaCkUhmM,4,4,concat,6
1281VEhY0oM,4,4,concat,6
1AX_3PpkbwA,4,4,concat,6
1BzisGwT6iM,4,4,concat,6
1CtPINkgpRM,4,4,concat,6
1Dg4QEVRZT0,4,4,concat,6
1EPyER2VIuY,4,4,concat,6
1Er8Qv4ERDQ,4,4,concat,6
1IxG8nq6UJc,4,4,concat,6
1J8cEVeXDF8,4,4,concat,6
1JoFr0QRvcY,4,4,concat,6
1Kd0AbNd6G0,4,4,concat,6
1Ki467EHTE0,4,4,concat,6
1Lu4WfdJ0-I,4,4,concat,6
1M4ezSIfll8,4,4,concat,6
1McWVHXTTTI,4,4,concat,6
1O6XovaZqyg,4,4,concat,6
1OUMdAUXWbU,4,4,concat,6
1OigouKVr7s,4,4,concat,6
1PV9G45KRmc,4,4,concat,6
1PrWTTeaMes,4,4,concat,6
1PxpAVxe-7Q,4,4,concat,6
1QZ_sPzI8Xk,4,4,concat,6
1UEKUOt11l0,4,4,concat,6
1UszPeSHCgE,4,4,concat,6
1W5MIqCMZ0o,4,4,concat,6
1WRQ01U0gBY,4,4,concat,6
1YrgqNwjiwI,4,4,concat,6
1ck3EhlBtPM,4,4,concat,6
1drRfVMMNPc,4,4,concat,6
1ehfqG36y3I,4,4,concat,6
1fo8ovBT8g0,4,4,concat,6
1fvFE23XLxk,4,4,concat,6
1gnKmlJKcQs,4,4,concat,6
1hJSu8WIyS0,4,4,concat,6
1n4kBjhixeE,4,4,concat,6
1otRVz-mels,4,4,concat,6
1pLMTBcAyPM,4,4,concat,6
1pyMjvw23-I,4,4,concat,6
1qz0EJteOEI,4,4,concat,6
1umQB__DnhY,4,4,concat,6
1vOm9mGLQOY,4,4,concat,6
1wTq2S12yPQ,4,4,concat,6
1wmA_SIreHM,4,4,concat,6
1x-RWGIKbmk,4,4,concat,6
1xD20nH1Vxo,4,4,concat,6
1ywshQZ9sMk,4,4,concat,6
1z5sOr2TqKc,4,4,concat,6
1zIj7bn8vxY,4,4,concat,6
1zxKu33aWys,4,4,concat,6
2-eeacOC4qE,4,4,concat,6
20-N_T_cYwE,4,4,concat,6
205NX1NSuk0,4,4,concat,6
21VMYRpqfz8,4,4,concat,6
21rSJKHcxmw,4,4,concat,6
22wzwRnE8dQ,4,4,concat,6
23xAUlutLKo,4,4,concat,6
2409btxWaA4,4,4,concat,6
2881cSwLZ0k,4,4,concat,6
29dTU02N2Jw,4,4,concat,6
2AX_irT106s,4,4,concat,6
2BVxhjtPvYs,4,4,concat,6
2C0OTPS4V-o,4,4,concat,6
2CfJfhFEGSw,4,4,concat,6
2DnkBQUX3lM,4,4,concat,6
2EFiMXnGTVI,4,4,concat,6
2EScsUbvJuI,4,4,concat,6
2GNO-8Z5kMk,4,4,concat,6
2GzwVS1ICgg,4,4,concat,6
2I50EZc1rhw,4,4,concat,6
2LsnwicTaqE,4,4,concat,6
2NzJaKHJPi8,4,4,concat,6
2OgGmzBlX3w,4,4,concat,6
2OkEOW50ZT8,4,4,concat,6
2QORpy-iH3g,4,4,concat,6
2R-ZLx9_cac,4,4,concat,6
2Ut_NR2ZRZ0,4,4,concat,6
2W4ObcDQxcw,4,4,concat,6
2XATiLeARiU,4,4,concat,6
2ZYiGJWixJ0,4,4,concat,6
2aa3gEQf-q4,4,4,concat,6
2bokGeUCtFA,4,4,concat,6
2dCbKCn99LA,4,4,concat,6
2djMASY3vn0,4,4,concat,6
2eCSFeEGPiE,4,4,concat,6
2ex3ggOnwNg,4,4,concat,6
2gLJqX-rqfY,4,4,concat,6
2gjcAhkZbUg,4,4,concat,6
2gp7urG8kGA,4,4,concat,6
2ic6igVABRA,4,4,concat,6
2jlbDRie0RU,4,4,concat,6
2k0fQbHsZjw,4,4,concat,6
2mPM-1TF8Z4,4,4,concat,6
2pZ3WW7KhGo,4,4,concat,6
2qC65QrXZnU,4,4,concat,6
2tlDdPJfkq8,4,4,concat,6
2tuvu0LGZv8,4,4,concat,6
2v-RhDbdLRk,4,4,concat,6
2v8qeSjlPqM,4,4,concat,6
2y7BWXLpfOI,4,4,concat,6
2yL8jWIaWb4,4,4,concat,6
2z8lKA93SuU,4,4,concat,6
2zT0IrTo1fI,4,4,concat,6
2z_Yt779Yys,4,4,concat,6
2zsihu6Irig,4,4,concat,6
31M_T7KB_EM,4,4,concat,6
31diTXU0s3A,4,4,concat,6
31fM-bsvz_s,4,4,concat,6
37EADglBtk4,4,4,concat,6
38Gl4f-6aVo,4,4,concat,6
398iA4xr4do,4,4,concat,6
3BGOVfSBnX8,4,4,concat,6
3CLazrtolBc,4,4,concat,6
3CMoINV2ULs,4,4,concat,6
3ClXrzEPdGg,4,4,concat,6
3Dx1Ma4qa2c,4,4,concat,6
3E9zzhTdUGo,4,4,concat,6
3EBXyTzJF8U,4,4,concat,6
3Eejzeu8uHw,4,4,concat,6
3Et9q-nW7q0,4,4,concat,6
3G2Y0qbjGd4,4,4,concat,6
3IbvSvj_40s,4,4,concat,6
3M9FugPpR4s,4,4,concat,6
3MN_wMGFQbQ,4,4,concat,6
3OYke4pF-0Q,4,4,concat,6
3Pn3tLjKnk4,4,4,concat,6
3RttfstHjqU,4,4,concat,6
3S8O44xrwAQ,4,4,concat,6
3UJSW53p5GI,4,4,concat,6
3UTQevPhMcA,4,4,concat,6
3WvwLCWUzp4,4,4,concat,6
3Yf5VKYYPaM,4,4,concat,6
3arT9FhM7V4,4,4,concat,6
3azb4o9MxLE,4,4,concat,6
3c4SY8FK4uk,4,4,concat,6
3cxdJZciH1s,4,4,concat,6
3dNNdac-wQk,4,4,concat,6
3daJ5RWx734,4,4,concat,6
3elWKKK89oY,4,4,concat,6
3g6Nr7dbChw,4,4,concat,6
3gDRfNp6yak,4,4,concat,6
3gr5h9ECHXk,4,4,concat,6
3gsbdgZ8PeY,4,4,concat,6
3i1k8cOOpkY,4,4,concat,6
3j5VLoV4V8M,4,4,concat,6
3jmstSWGAm0,4,4,concat,6
3kMNhLEY0IA,4,4,concat,6
3mGywHmybfw,4,4,concat,6
3mc9lq2cyqg,4,4,concat,6
3nK3--hXY8g,4,4,concat,6
3nPkh9doogg,4,4,concat,6
3o2HDfSnOP4,4,4,concat,6
3p6fNWpGlfc,4,4,concat,6
3vbnP6XElpc,4,4,concat,6
3vzQFzAuTX8,4,4,concat,6
3yCfFEKpVAo,4,4,concat,6
3zz8kHPimuU,4,4,concat,6
4-YqO9j7Is0,4,4,concat,6
40IihjkDRB0,4,4,concat,6
40WcpPdzWY0,4,4,concat,6
40qPa8PXdJI,4,4,concat,6
415gFjLSKEo,4,4,concat,6
41W8c1-z-ns,4,4,concat,6
42Kc1qhgwQM,4,4,concat,6
42S2SX1z5iY,4,4,concat,6
44Mmt7T62Tk,4,4,concat,6
44tsaMNoqUc,4,4,concat,6
46sBfGkWEmk,4,4,concat,6
47isS1blUiA,4,4,concat,6
47yh4JhcAdo,4,4,concat,6
48R7_TplbWE,4,4,concat,6
48Vmow151EA,4,4,concat,6
48YaoPnSiJE,4,4,concat,6
4Ac3g_7F8jE,4,4,concat,6
4CK1DrmOAKM,4,4,concat,6
4E27c7AyBG4,4,4,concat,6
4EqLc55E7LM,4,4,concat,6
4EqWrc8zB_E,4,4,concat,6
4H-ai43L_4w,4,4,concat,6
4I2IRMnU5zY,4,4,concat,6
4I97xob4Aio,4,4,concat,6
4JJcTyk4-F8,4,4,concat,6
4Jb-9CK320Q,4,4,concat,6
4NXZEpd0WVU,4,4,concat,6
4OCkseIUa0c,4,4,concat,6
4PxRq5qZ158,4,4,concat,6
4Rcr9H7qr7k,4,4,concat,6
4TdAPjAPsFY,4,4,concat,6
4Vi4QDIAX7s,4,4,concat,6
4VkQNoc8V5A,4,4,concat,6
4WrbjbzmVZ4,4,4,concat,6
4Xriwqi31v0,4,4,concat,6
4YqbZxYeMX8,4,4,concat,6
4_OMi1ojpvQ,4,4,concat,6
4_bT992zCpE,4,4,concat,6
4bq9hAPWJsE,4,4,concat,6
4dwavF8EUGQ,4,4,concat,6
4e2wXhVLnJM,4,4,concat,6
4eoP3VwGBlU,4,4,concat,6
4fRDeEBW-64,4,4,concat,6
4fjYkf-4o1Q,4,4,concat,6
4gUnr7qmnhg,4,4,concat,6
4icwwuhRxXw,4,4,concat,6
4jEq-FXiXeI,4,4,concat,6
4nBmaRIaqZM,4,4,concat,6
4pt_EfqOVVk,4,4,concat,6
4qWjEblQrWg,4,4,concat,6
4qnrdL-0S7I,4,4,concat,6
4r86PGTXsLQ,4,4,concat,6
4sP3NP7mzJ4,4,4,concat,6
4sZJgPoLnKo,4,4,concat,6
4vdcmSCdwnk,4,4,concat,6
4vjQJKxkUv8,4,4,concat,6
4wgSJgVHdSY,4,4,concat,6
4y7PCm_kqYE,4,4,concat,6
5-y_qpSJjoc,4,4,concat,6
52VYgnwTEHo,4,4,concat,6
53o1r4yfBwY,4,4,concat,6
55msz3M1eOA,4,4,concat,6
55uXkyBBp0c,4,4,concat,6
5A2dYU7k8pY,4,4,concat,6
5BRLGQc6F8k,4,4,concat,6
5BW0xh2ih-k,4,4,concat,6
5EHicPgdFFk,4,4,concat,6
5ErevzmnPB8,4,4,concat,6
5F1rJVzj2AI,4,4,concat,6
5FDFRvqOdWs,4,4,concat,6
5HIl-3riNSI,4,4,concat,6
5HkWSbb_BZ8,4,4,concat,6
5HxjwgqJep8,4,4,concat,6
5KQA7YbIDPQ,4,4,concat,6
5M6E6c4MfNA,4,4,concat,6
5NLrVuyX8LA,4,4,concat,6
5NycVOecY-Y,4,4,concat,6
5O-8Jo7K7hY,4,4,concat,6
5O3EiJxBmKg,4,4,concat,6
5PK0U8zTkJM,4,4,concat,6
5T1-AOU5_AY,4,4,concat,6
5V5bu5ja11A,4,4,concat,6
5Vn7VRahuqw,4,4,concat,6
5WqCJd0WPlA,4,4,concat,6
5WuMw4cEESQ,4,4,concat,6
5Yc69MPJvUg,4,4,concat,6
5cHYVjIZxjc,4,4,concat,6
5ddj3H0K0AU,4,4,concat,6
5iNBvuJxIUA,4,4,concat,6
5kwJtbk9zIM,4,4,concat,6
5lhAn4IFrXo,4,4,concat,6
5nZYvBzDkRE,4,4,concat,6
5oNFdUpbGHM,4,4,concat,6
5p4jCuGbEfA,4,4,concat,6
5sPUfa3x8zM,4,4,concat,6
5t2VtrDUb-w,4,4,concat,6
5xUMMhX82F4,4,4,concat,6
61NegYALsis,4,4,concat,6
65Tuj0PGrxg,4,4,concat,6
66kfDq3SejI,4,4,concat,6
6G5yYhBBfiE,4,4,concat,6
6G_iw1fxl9k,4,4,concat,6
6IDYWwxpBM4,4,4,concat,6
6JqsMqVqz_0,4,4,concat,6
6LvASuLPs9E,4,4,concat,6
6MdqQBTgqF8,4,4,concat,6
6NuQltMcaUc,4,4,concat,6
6Quz1p_h2GI,4,4,concat,6
6RXEXOhsQIQ,4,4,concat,6
6SQaFF5cSXU,4,4,concat,6
6SuK_-R795g,4,4,concat,6
6TkuHsNY2Ck,4,4,concat,6
6W3dvwKRvFs,4,4,concat,6
6Y17cyaEbow,4,4,concat,6
6YamJS9jL4Y,4,4,concat,6
6ZFMTZnGLsQ,4,4,concat,6
6_QtLGnlhv0,4,4,concat,6
6_Wu5VytAf0,4,4,concat,6
6aRK2J6vxas,4,4,concat,6
6b3NEAyp-Ig,4,4,concat,6
6bcxv1c4fh0,4,4,concat,6
6dA2wXCOGgk,4,4,concat,6
6e-HpRTbj0E,4,4,concat,6
6eaVfDPCGWs,4,4,concat,6
6i_i9WIUqhI,4,4,concat,6
6l0y8ljVg_Y,4,4,concat,6
6lg9Bx-U8Ig,4,4,concat,6
6lwvo6JpPnM,4,4,concat,6
6mM7QGjG-sA,4,4,concat,6
6pF2rUC6Rxc,4,4,concat,6
6pYX_0k_h90,4,4,concat,6
6psAjgVWNoE,4,4,concat,6
6qSxXIHEw7I,4,4,concat,6
6sGNpLpBCgs,4,4,concat,6
6uqhC_7MnjY,4,4,concat,6
6vEVzKEQetQ,4,4,concat,6
6x1y9yAFkJQ,4,4,concat,6
6x56MCrZ7x4,4,4,concat,6
6zJHiwdU228,4,4,concat,6
6zoZwh-Vc8o,4,4,concat,6
7-PzRCfLdgM,4,4,concat,6
70AWIFL7LMQ,4,4,concat,6
71wF5L_VaBk,4,4,concat,6
73K6WjRxEkc,4,4,concat,6
74u0Jiw5QZM,4,4,concat,6
75FdtbYY7xE,4,4,concat,6
794jtEiKkZY,4,4,concat,6
79xFPmCU6C0,4,4,concat,6
7CSgDKx0qBc,4,4,concat,6
7CWGbc68TN4,4,4,concat,6
7DzQ2oGvpGQ,4,4,concat,6
7E6YQGoBb_g,4,4,concat,6
7EtyMpsvrl8,4,4,concat,6
7FZaMYwrQAk,4,4,concat,6
7FrcbMFnczk,4,4,concat,6
7Gn1VDkrqFI,4,4,concat,6
7HOwq8GKSjc,4,4,concat,6
7Hn0HDjwuo0,4,4,concat,6
7ILCBfduCes,4,4,concat,6
7IWooPR1pMI,4,4,concat,6
7IpEpv2-64U,4,4,concat,6
7JCjj03OMmw,4,4,concat,6
7JaTHhOXYxU,4,4,concat,6
7Lim8Wid08o,4,4,concat,6
7NcwhlDRtdE,4,4,concat,6
7QjyHsa24WM,4,4,concat,6
7UAjz8o2mFw,4,4,concat,6
7UyMeLZyDpA,4,4,concat,6
7YXb3ivUQKY,4,4,concat,6
7Y_12Ee_yfA,4,4,concat,6
7Z7V-FMzndU,4,4,concat,6
7bZ-AjFsOAw,4,4,concat,6
7gbWFkKrXMQ,4,4,concat,6
7h7REDcipTk,4,4,concat,6
7hcFH75Wk6U,4,4,concat,6
7jEdsFltzYg,4,4,concat,6
7jpysEeeIFA,4,4,concat,6
7lQcNuAYsyU,4,4,concat,6
7mSXMkaurK0,4,4,concat,6
7nIb_hI455k,4,4,concat,6
7n_ffWLImg0,4,4,concat,6
7pIv6avKLG4,4,4,concat,6
7rIDMn9bHLg,4,4,concat,6
7thD2qf8J7E,4,4,concat,6
7ucYonYmhJs,4,4,concat,6
7w4ztCT8KeU,4,4,concat,6
7yMwd4mduB8,4,4,concat,6
7z7T5iH-LYU,4,4,concat,6
82A8zZhBvLo,4,4,concat,6
82JzN5uVQOA,4,4,concat,6
82zqd1Ucf78,4,4,concat,6
84v7nMfDo4E,4,4,concat,6
87IVraqB9-k,4,4,concat,6
88vUGlAgmvA,4,4,concat,6
8AYl08tuVUY,4,4,concat,6
8AgYbOCHuRQ,4,4,concat,6
8CwRBW7VJxM,4,4,concat,6
8DV3ephb-Ns,4,4,concat,6
8ElqBJuW9H0,4,4,concat,6
8G5HO6naP-M,4,4,concat,6
8JdEq-_3qBA,4,4,concat,6
8K3hBnAOlBo,4,4,concat,6
8MS2IWBIjtY,4,4,concat,6
8OXK2M1LLC0,4,4,concat,6
8PLgBS9kzvg,4,4,concat,6
8PSCmLyd6Ws,4,4,concat,6
8Pb0tl1F8y4,4,4,concat,6
8SBhvCMUaog,4,4,concat,6
8SkkRfuUTqQ,4,4,concat,6
8UHMAIfJiRU,4,4,concat,6
8WkjMbS-K_M,4,4,concat,6
8Xzuzpe9--w,4,4,concat,6
8YyDjG7QQcs,4,4,concat,6
8ZyeYqmDp5I,4,4,concat,6
8a_hC-IIamk,4,4,concat,6
8aaeHkWxX5Y,4,4,concat,6
8bJMEt06Uuc,4,4,concat,6
8caaFdCcxWU,4,4,concat,6
8dmT-lq__3I,4,4,concat,6
8eGPnq1Cims,4,4,concat,6
8eo79CCtYQU,4,4,concat,6
8evK8NWCj4Q,4,4,concat,6
8gEKHf4RoTU,4,4,concat,6
8hNS2Xl5ODo,4,4,concat,6
8kHpZtWa9cc,4,4,concat,6
8lQJt_hye2k,4,4,concat,6
8lUCNU9Q--c,4,4,concat,6
8mSF-eX3wLQ,4,4,concat,6
8o9N6f2NfJo,4,4,concat,6
8p58XZscbcw,4,4,concat,6
8qCVvOOLnw8,4,4,concat,6
8qd7kXOuf5M,4,4,concat,6
8xPxytY4G3s,4,4,concat,6
8zxYDDnI82c,4,4,concat,6
9-tciBdb5Jk,4,4,concat,6
90VGELHYp2U,4,4,concat,6
919LB2jL7jA,4,4,concat,6
97ZWzSUTxPw,4,4,concat,6
98oQ3jUWtAk,4,4,concat,6
99ek3HsZ6GI,4,4,concat,6
9BTcL9C7cns,4,4,concat,6
9BXiM8D0CC8,4,4,concat,6
9Dlz9yAtcpg,4,4,concat,6
9E2S7PAvrTY,4,4,concat,6
9GhkrtB-YwM,4,4,concat,6
9HZPiO5_QQg,4,4,concat,6
9Ht2hacEURU,4,4,concat,6
9LHxkYi9BFo,4,4,concat,6
9M6jQC4aBdU,4,4,concat,6
9MFjMR4j43g,4,4,concat,6
9O0k3R1q820,4,4,concat,6
9PqxdSGIq0M,4,4,concat,6
9QAGXtyu8iE,4,4,concat,6
9QSxC9ofuf8,4,4,concat,6
9QVpiLPsAXU,4,4,concat,6
9RWPD2K4mek,4,4,concat,6
9Suy3zNTRq8,4,4,concat,6
9TV-MYL7Exg,4,4,concat,6
9Wl8nQ4BznA,4,4,concat,6
9YlVyuRBY1Y,4,4,concat,6
9bmqleDqtXE,4,4,concat,6
9eAxM3w21EU,4,4,concat,6
9fpgTZPOlRI,4,4,concat,6
9gEuMyDg5Ko,4,4,concat,6
9huc38TDyIE,4,4,concat,6
9kGxG7jTD1g,4,4,concat,6
9ogfqgJiEPk,4,4,concat,6
9rDYeNGCRAI,4,4,concat,6
9sRpgABqDEk,4,4,concat,6
9samzCqXhpE,4,4,concat,6
9vWtGm8ppDg,4,4,concat,6
9w7lA_-qSqA,4,4,concat,6
9x0vPIE8-24,4,4,concat,6
9x3MN1_Tu1Y,4,4,concat,6
9x5hWr41gUg,4,4,concat,6
9xx89Mwhdqs,4,4,concat,6
9zX-c9LrCzc,4,4,concat,6
A-yqw3HeIWQ,4,4,concat,6
A2LB-26Mo9I,4,4,concat,6
A6bCrlsybHA,4,4,concat,6
A8pC93o7Dts,4,4,concat,6
A94UQg1al3k,4,4,concat,6
A9OyzadVX1c,4,4,concat,6
AASjYVuerWI,4,4,concat,6
ACQc28Akh9U,4,4,concat,6
AC_wIswE6Nc,4,4,concat,6
AD-879FO88U,4,4,concat,6
ADRMEQbgUYM,4,4,concat,6
AGrCOCiAagY,4,4,concat,6
AL3gsPOl7CI,4,4,concat,6
AQBOYMzaiTw,4,4,concat,6
AQmPFdSkRqU,4,4,concat,6
ARNf7-135AU,4,4,concat,6
ARpZyzzdgJw,4,4,concat,6
AT4AbeCMGb4,4,4,concat,6
ATI1HgIbd1I,4,4,concat,6
AUAychO3q1A,4,4,concat,6
AV1N1y4QkFg,4,4,concat,6
AXklpRaBIhg,4,4,concat,6
AY3aQq-AHgI,4,4,concat,6
AYem875Xye8,4,4,concat,6
AYqrWskyb8k,4,4,concat,6
AZQwIX-9fw8,4,4,concat,6
A_lqUHdN1u0,4,4,concat,6
AaHbxgt8o9o,4,4,concat,6
AaIRL08AAko,4,4,concat,6
AbSTN4qsYkk,4,4,concat,6
AcymxAHfcSQ,4,4,concat,6
AdpT6c633Qw,4,4,concat,6
AfsOxld0zJg,4,4,concat,6
AgidTwxvCrY,4,4,concat,6
AhmRSCBMINY,4,4,concat,6
AjALKgzR87c,4,4,concat,6
AjDnzWWkAuI,4,4,concat,6
AjnNP8MAGBY,4,4,concat,6
ArM3bfocah8,4,4,concat,6
ArPZva4YFAU,4,4,concat,6
Arsap80UEeI,4,4,concat,6
AtRe0s-StZs,4,4,concat,6
AubQWwA6-EE,4,4,concat,6
AucYEIq9kiI,4,4,concat,6
AuqIfbcXxGI,4,4,concat,6
AvdvdykdSaI,4,4,concat,6
Ave6c-1-jH8,4,4,concat,6
Avq3wz7nO7c,4,4,concat,6
AwAZmdY1-zc,4,4,concat,6
AxMlvwNjWeM,4,4,concat,6
Axiazm42R5Y,4,4,concat,6
AzZ2qhMuqzo,4,4,concat,6
AzZNVO0dCuw,4,4,concat,6
B3HKTZ7flZY,4,4,concat,6
B4XanvSGVB8,4,4,concat,6
B6PbuOp7E3I,4,4,concat,6
B6WM0jwApUY,4,4,concat,6
B6YcyBAiAhs,4,4,concat,6
B9M2WCp7kgQ,4,4,concat,6
BA0KIw46XKg,4,4,concat,6
BAG3QCbEILY,4,4,concat,6
BAJWwwWymdo,4,4,concat,6
BBAbGbSnIH0,4,4,concat,6
BCMssCVyK7Q,4,4,concat,6
BCdx1ZejNmQ,4,4,concat,6
BDYsA7eoTNY,4,4,concat,6
BEP_SCNQHRg,4,4,concat,6
BFe84Gkq9Y0,4,4,concat,6
BG3BAZzj5Gg,4,4,concat,6
BH_2nQYRP9o,4,4,concat,6
BIFvNriRW1s,4,4,concat,6
BIVQ8A-BF_I,4,4,concat,6
BJwancWN5ZA,4,4,concat,6
BJzgJV2XhsM,4,4,concat,6
BOdxPZZW9qg,4,4,concat,6
BSuTqP0efOw,4,4,concat,6
BTpAOGL3AcQ,4,4,concat,6
BWAIHgI8Nsw,4,4,concat,6
BWCdFoLybVU,4,4,concat,6
BXkMa6G39Qk,4,4,concat,6
B_O25Hcx1aQ,4,4,concat,6
BapolosU_aE,4,4,concat,6
BbFNaP0LeWc,4,4,concat,6
Bdj3uOvVYeQ,4,4,concat,6
BfyUWDEq0YY,4,4,concat,6
BhLRsajZ9wU,4,4,concat,6
Bh_VK7qGp2E,4,4,concat,6
BhibLSsZ3cY,4,4,concat,6
BiUZf2fA5kw,4,4,concat,6
Biggk_OeTt8,4,4,concat,6
BijdEVyOp5Y,4,4,concat,6
BjHjm57HjZ8,4,4,concat,6
BjKPxNPUlcs,4,4,concat,6
Bjpr2fmsER0,4,4,concat,6
Bk-OkENVuew,4,4,concat,6
BmFRNLzE4qM,4,4,concat,6
BpBpB86dDVI,4,4,concat,6
BpRol2JM40A,4,4,concat,6
BpsHHdW958w,4,4,concat,6
BquLbLcwrZU,4,4,concat,6
Bt59dBFFRYA,4,4,concat,6
Bt_sjmBjxxU,4,4,concat,6
Bu7N22GWkc4,4,4,concat,6
BuY20sl5FLo,4,4,concat,6
BwwOmb33bKw,4,4,concat,6
ByXReoUaMNk,4,4,concat,6
Bzq4WzL7_rM,4,4,concat,6
C-GPcRgn3Tw,4,4,concat,6
C1xxPpH1gv0,4,4,concat,6
C2q1dkndugY,4,4,concat,6
C3RYSUuTysg,4,4,concat,6
C4I8OHKw0-I,4,4,concat,6
C4R4iJVzXVM,4,4,concat,6
C5ogVI0Eajc,4,4,concat,6
C6CbtiubRTU,4,4,concat,6
C6FM901RFgQ,4,4,concat,6
C84ZStKwhjY,4,4,concat,6
C8d2mMxAFyk,4,4,concat,6
CAMg12-QH00,4,4,concat,6
CCEMwnVYqqM,4,4,concat,6
CDWawZ0Haiw,4,4,concat,6
CF_JI1eIaAA,4,4,concat,6
CFgQoNhdgrc,4,4,concat,6
CIr3CnM3sVE,4,4,concat,6
CJdsVQ2z6bY,4,4,concat,6
CLBQB1Zs5wM,4,4,concat,6
CMBBxXYxtrc,4,4,concat,6
CMnMwwVbrJM,4,4,concat,6
CQ3lcZ4vux0,4,4,concat,6
CQURbLKNPWY,4,4,concat,6
CRJbraIcqJE,4,4,concat,6
CRSWVC2AhO0,4,4,concat,6
CSduj-7zsRI,4,4,concat,6
CUXarLrJ4ok,4,4,concat,6
CUyToG0rrck,4,4,concat,6
CVLW1iM7Ks0,4,4,concat,6
CW8Vs_tdYaA,4,4,concat,6
CXtZwuexEtU,4,4,concat,6
CYH5ELg-x3I,4,4,concat,6
CZqlHqdMBYo,4,4,concat,6
C_zWNHcMoBs,4,4,concat,6
Cd9hDQfRb30,4,4,concat,6
CfNxnbWQAEQ,4,4,concat,6
CfXNr27yDM4,4,4,concat,6
CgqMzCVVc2E,4,4,concat,6
ClEizSzYm1w,4,4,concat,6
Clu7kx9vhvQ,4,4,concat,6
Cmy8CsYIUL0,4,4,concat,6
CpjryjBMYt0,4,4,concat,6
CqTgIL7lzbQ,4,4,concat,6
Cr3Xf3BUvgU,4,4,concat,6
Cu8H504qsQg,4,4,concat,6
CufIMJpYMTY,4,4,concat,6
CwPmoTEeP3M,4,4,concat,6
CwfCTYDHIMA,4,4,concat,6
CwtGjl-3yR8,4,4,concat,6
D-73iAilqqU,4,4,concat,6
D3wrb6Qo1ks,4,4,concat,6
D5RcV46ssYA,4,4,concat,6
D9yWtzhogpc,4,4,concat,6
DAje3toxX0o,4,4,concat,6
DBbYR3Jo3q0,4,4,concat,6
DCXjycwqip0,4,4,concat,6
DDomIHtX3mA,4,4,concat,6
DFJ4vyGphAo,4,4,concat,6
DG63R14sXLY,4,4,concat,6
DGsulZFVPss,4,4,concat,6
DH3IRQzWJQ4,4,4,concat,6
DHmlB3eHzwo,4,4,concat,6
DI44AAs8lSo,4,4,concat,6
DIXXFxfFK6Y,4,4,concat,6
DIYkNohNVEY,4,4,concat,6
DMBED2h4070,4,4,concat,6
DMaPJH3Zuiw,4,4,concat,6
DNJijKh7G2s,4,4,concat,6
DNUtdGo5V0Y,4,4,concat,6
DNtzUDddclY,4,4,concat,6
DOB0kb3hjgA,4,4,concat,6
DOuM9Vkq_Jc,4,4,concat,6
DPzsBmUGnko,4,4,concat,6
DQXAnuYGQnA,4,4,concat,6
DQhvA8zbAZo,4,4,concat,6
DQjXM-DgfP0,4,4,concat,6
DSF0Va2mEBI,4,4,concat,6
DSlQTLjinnI,4,4,concat,6
DULz4uCLHSE,4,4,concat,6
DXPN6BdT2TQ,4,4,concat,6
DXhH9JZXKVE,4,4,concat,6
DYcY-58x0yg,4,4,concat,6
DZ4KdDULaao,4,4,concat,6
DZdZ2dAlOrw,4,4,concat,6
DZnOl1zqDU0,4,4,concat,6
D__qgS8GKAI,4,4,concat,6
D_pxtVOoaqw,4,4,concat,6
Daya_jhCXuU,4,4,concat,6
DcxmVlzA2Kk,4,4,concat,6
Dd2qddDB7L4,4,4,concat,6
Dd4t_FYNiwE,4,4,concat,6
Ddhx83xpQWg,4,4,concat,6
DdmeupSbnjU,4,4,concat,6
DeAx_sFm3Io,4,4,concat,6
DeJlUk2pCtQ,4,4,concat,6
Df_KY3Oo5AU,4,4,concat,6
DhpNJwZMLIU,4,4,concat,6
DiV5A4MiPng,4,4,concat,6
DmlbZZoP25c,4,4,concat,6
DmzJ4k4wnfY,4,4,concat,6
DnL2z8CL-wU,4,4,concat,6
DqSR20Q_Z7E,4,4,concat,6
Dv3mwqSnFkE,4,4,concat,6
Dv902o7h5bs,4,4,concat,6
DvGR7Nlt0r8,4,4,concat,6
Dw-Pe50bInI,4,4,concat,6
DwqTKaw8PDw,4,4,concat,6
DxKpOtmK_5s,4,4,concat,6
DxtaWZUH3So,4,4,concat,6
E1Y6ayTpVw8,4,4,concat,6
E2M_bgeaHdc,4,4,concat,6
E4n0haf2ago,4,4,concat,6
E6F5yU9pgFo,4,4,concat,6
E7IGal2scdU,4,4,concat,6
E9qCl1gBhNA,4,4,concat,6
EAXKd3pUAcA,4,4,concat,6
EAjVoooNS7w,4,4,concat,6
EAuzbfUk7yQ,4,4,concat,6
EBHzUYYn0aU,4,4,concat,6
EClLhfTV2cI,4,4,concat,6
EDNBePUtPOw,4,4,concat,6
EEzF7CWG-3s,4,4,concat,6
EFK892NXlSE,4,4,concat,6
EIxbArykQ_4,4,4,concat,6
EPww6APBhZs,4,4,concat,6
EQJA1jLsN50,4,4,concat,6
ERL_2S7YlIs,4,4,concat,6
ERTQYe0k1Iw,4,4,concat,6
ERo9g9zcWeE,4,4,concat,6
EUKqibHDW2g,4,4,concat,6
EWCzW9WOK5U,4,4,concat,6
EWKTrbouLxg,4,4,concat,6
EWqw-bwQGjU,4,4,concat,6
EX78dSg6KD0,4,4,concat,6
EXKts6xFcYo,4,4,concat,6
EY6R0p3RGmw,4,4,concat,6
EYUFiR9_j4A,4,4,concat,6
EYvjLx7EXyE,4,4,concat,6
E_Ozh20TOx4,4,4,concat,6
EdVt175gYr8,4,4,concat,6
EeCSba4lHto,4,4,concat,6
Efuy8Bmu54k,4,4,concat,6
Egq2ijgeOmw,4,4,concat,6
EkUpoZwt_W8,4,4,concat,6
Emac-IyAxYc,4,4,concat,6
EmnZAeW8ZaE,4,4,concat,6
EnNpu6O9NzI,4,4,concat,6
EnvQu-93jsE,4,4,concat,6
EopISb_4GX4,4,4,concat,6
EpDFKg2Pz-k,4,4,concat,6
ErLks02ryh0,4,4,concat,6
EsPYuzMcsgk,4,4,concat,6
EtuiqLlcxKk,4,4,concat,6
Eu6PCZIYyMY,4,4,concat,6
EwKRny-SbaY,4,4,concat,6
EzI_AlSnPcc,4,4,concat,6
F-WjXjMsc3M,4,4,concat,6
F0NhAJ9_FWM,4,4,concat,6
F1LqMjBsWp4,4,4,concat,6
F2X5OKfqOzk,4,4,concat,6
F2rcXddhrGM,4,4,concat,6
F33aY8bq1lQ,4,4,concat,6
F4evw8zvr3s,4,4,concat,6
F7eR92nCN5E,4,4,concat,6
F9H7hXb87fg,4,4,concat,6
FBLyKSAao4M,4,4,concat,6
FDLH7n_Unn4,4,4,concat,6
FHqvaDOnCeA,4,4,concat,6
FIk0jR8X6oc,4,4,concat,6
FJccG0ZYbD8,4,4,concat,6
FJksFuI_Bqo,4,4,concat,6
FL30_22UwyU,4,4,concat,6
FLDKauBApsc,4,4,concat,6
FMg2c8A0HgU,4,4,concat,6
FMp3ShRU6pI,4,4,concat,6
FNGQCxwdoe8,4,4,concat,6
FPwP6WoYoro,4,4,concat,6
FQ4UfCaS118,4,4,concat,6
FQbOpAO0dJY,4,4,concat,6
FSMADREqAg8,4,4,concat,6
FTCz2g6cs1E,4,4,concat,6
FV6-UJedvSc,4,4,concat,6
FWfK0-a5SDs,4,4,concat,6
FXZGgXIr-x4,4,4,concat,6
FXZnX3ZxOC8,4,4,concat,6
FZKl3onP0Hc,4,4,concat,6
FZtUKOYX99I,4,4,concat,6
Fbj_XIV29bw,4,4,concat,6
FbxNkwBcq4I,4,4,concat,6
FcZC52hWw5o,4,4,concat,6
FdJN2cozuK8,4,4,concat,6
FeVml0aS4po,4,4,concat,6
FhZNiUktBmA,4,4,concat,6
FlynLofJBWs,4,4,concat,6
Fng6fXEfKWY,4,4,concat,6
Fq_vm9hsvaM,4,4,concat,6
FsVLjyzdT9I,4,4,concat,6
FumkcNUs5V4,4,4,concat,6
FwXq6_lAxMQ,4,4,concat,6
FxwqeVaXkOQ,4,4,concat,6
FyB_pZ7IUFw,4,4,concat,6
G23VqT7A1Vs,4,4,concat,6
G2JowFguRP0,4,4,concat,6
G2yGPfoYti4,4,4,concat,6
G4JKDj7uync,4,4,concat,6
G52-hbIiwyM,4,4,concat,6
G5Da6achIgI,4,4,concat,6
G8noasj58hI,4,4,concat,6
GA81vUJmQJQ,4,4,concat,6
GBdtN3DAqhk,4,4,concat,6
GD8PDdJV8-A,4,4,concat,6
GDNd-mjcScU,4,4,concat,6
GDjDgYX3UGE,4,4,concat,6
GEPDgp5EcAY,4,4,concat,6
GF4nPfqTbzA,4,4,concat,6
GFJch7fvHnU,4,4,concat,6
GGrGcLztru4,4,4,concat,6
GHtMiQqftos,4,4,concat,6
GHzecPfyl8E,4,4,concat,6
GISznubxdOs,4,4,concat,6
GKnkZc5CfR8,4,4,concat,6
GKr9g1C6WyM,4,4,concat,6
GPmBrhu2aP4,4,4,concat,6
GQXO_LxVIjQ,4,4,concat,6
GSQlgaPShcw,4,4,concat,6
GUE5CK_dVko,4,4,concat,6
GVDmn90Aixs,4,4,concat,6
GXk2cIbv9jg,4,4,concat,6
GYD7Y4HnxQM,4,4,concat,6
GZVKO0bst0I,4,4,concat,6
GZjHkriFDtA,4,4,concat,6
G_20tUl3Xbc,4,4,concat,6
GaDJiDvAPI0,4,4,concat,6
GbyuaquiMWs,4,4,concat,6
GcgPzruFE78,4,4,concat,6
Gg1jukjg5rQ,4,4,concat,6
Gg2JgQzDn5E,4,4,concat,6
GjBZFVPs3sg,4,4,concat,6
GluvbAmRRYc,4,4,concat,6
GlxDGJbVm2Q,4,4,concat,6
Gng7pOnm1Jw,4,4,concat,6
GnkObro7gao,4,4,concat,6
GofFwHRkRBM,4,4,concat,6
GqOr8IdMNM8,4,4,concat,6
GrlqeRHWrNM,4,4,concat,6
Gs8dkYozXkk,4,4,concat,6
Gv6JEPRB0MM,4,4,concat,6
GvG1JLNST6E,4,4,concat,6
GxNY4_fyWJA,4,4,concat,6
GxzRPdGC-rM,4,4,concat,6
H0wYUSs6XQA,4,4,concat,6
H1WkQDJ9a4I,4,4,concat,6
H1yu9hLMdzQ,4,4,concat,6
H2lwmDaYTjI,4,4,concat,6
H2mL646Sf0U,4,4,concat,6
H4PnJS2fjZo,4,4,concat,6
H585_a1kxcQ,4,4,concat,6
H5NmB_F67fk,4,4,concat,6
H6UwTdmQQVk,4,4,concat,6
H8yyi6ckaow,4,4,concat,6
H9T0e_SVW2s,4,4,concat,6
HANLQs1a-K0,4,4,concat,6
HATgiMcECy0,4,4,concat,6
HCqz0_r7ai0,4,4,concat,6
HDB-cHkdV_4,4,4,concat,6
HERU-P56QtM,4,4,concat,6
HErGV8_sCdE,4,4,concat,6
HFjLEaTLYXA,4,4,concat,6
HJHPxLKXTNg,4,4,concat,6
HL6YOx7Dm2g,4,4,concat,6
HN0NnryzKQQ,4,4,concat,6
HOf7FofMubU,4,4,concat,6
HOnZuWGvb2M,4,4,concat,6
HOtkXCNBGiQ,4,4,concat,6
HPARS9-iasE,4,4,concat,6
HQpkdYGIXKo,4,4,concat,6
HQveXSVjBv4,4,4,concat,6
HTBMp0OeqpQ,4,4,concat,6
HTFdBouzQaw,4,4,concat,6
HUIjTrX127k,4,4,concat,6
HVIv0IuGAZw,4,4,concat,6
HVi2bvb6r3Y,4,4,concat,6
H_37AaCsYkQ,4,4,concat,6
Hayjk1glU9E,4,4,concat,6
Hbdyg8BgkD4,4,4,concat,6
HdFxibVJ7UY,4,4,concat,6
He8xkGDMIE4,4,4,concat,6
Hf0ycFJd6Ow,4,4,concat,6
HgDYtqSRsPU,4,4,concat,6
HgQoypOaULo,4,4,concat,6
HjEYFcr35cg,4,4,concat,6
HlZjVmp_Xyw,4,4,concat,6
HmObS84l-lY,4,4,concat,6
Hn0d8LwSJJw,4,4,concat,6
HrVmXaTWwPs,4,4,concat,6
HriOwijC4fs,4,4,concat,6
HsMisAh-k04,4,4,concat,6
HuhLBDQQ9zA,4,4,concat,6
HxuR6qUfkzw,4,4,concat,6
I1hp9Pi4e4Y,4,4,concat,6
I23a-XcnDrM,4,4,concat,6
I7NzRle2T5s,4,4,concat,6
I7wBrnWoddc,4,4,concat,6
I7xbTmNA4ng,4,4,concat,6
I8BysDGyH-s,4,4,concat,6
IA0MgTWmYG4,4,4,concat,6
IANzkLIshB4,4,4,concat,6
IAcQeOreQQI,4,4,concat,6
IDY9GBR3Hc4,4,4,concat,6
IEJl0roSwvA,4,4,concat,6
IGE-qpr5lbc,4,4,concat,6
IGWzt8boqN8,4,4,concat,6
IHotQbHTEqw,4,4,concat,6
ILoIl3SKZCM,4,4,concat,6
IMpzf6TEsSA,4,4,concat,6
IOxr25fDDdc,4,4,concat,6
IP1OjSMiYnI,4,4,concat,6
IPidwtG37Sg,4,4,concat,6
ISIf0Xd-WpE,4,4,concat,6
IU3uc63VFz0,4,4,concat,6
IUs5nYfYRTE,4,4,concat,6
IZCFXUsj3mY,4,4,concat,6
Ib2XxyGI4lw,4,4,concat,6
IbEv7b2KOOo,4,4,concat,6
IbbPgK_BSmw,4,4,concat,6
IcGi1EUduCM,4,4,concat,6
IcuMLnA4aGk,4,4,concat,6
IdCUNHB8AEc,4,4,concat,6
IdCl6XMcV6g,4,4,concat,6
Ie-oY6d4Lao,4,4,concat,6
IgNaShg8uB8,4,4,concat,6
IgYTcVxCu5I,4,4,concat,6
Ii17UgKDnmA,4,4,concat,6
IjUw0vcJ3SE,4,4,concat,6
IjYMFOB8XhM,4,4,concat,6
Ilnk3YFqXtw,4,4,concat,6
Io62IjUN-6k,4,4,concat,6
Ir31TeOQevM,4,4,concat,6
IrMlyVElc14,4,4,concat,6
IsDKHA6KvhU,4,4,concat,6
IuJabilpndU,4,4,concat,6
IugFnIsA5Vo,4,4,concat,6
IvJQj1YRoY4,4,4,concat,6
Ivar-cTSZhI,4,4,concat,6
IwYnujah4Ns,4,4,concat,6
IxbC-YpEZPc,4,4,concat,6
IzR5yWOFseM,4,4,concat,6
J0W3Hw94ShA,4,4,concat,6
J0mYXTXSgwY,4,4,concat,6
J1xAEEXT04E,4,4,concat,6
J2EL6EiS8rU,4,4,concat,6
J2J--Z7HAAI,4,4,concat,6
J2Z6PYPG3_g,4,4,concat,6
J2wNymKaXQI,4,4,concat,6
J3xEOVCmKQ0,4,4,concat,6
J5HfECiAo5g,4,4,concat,6
J664_BefumU,4,4,concat,6
J7N-7ck-WhY,4,4,concat,6
J7SFK8-c5Qc,4,4,concat,6
J9zUBOTYG_Y,4,4,concat,6
JCt8UaVJy-0,4,4,concat,6
JCyOWTQxRDY,4,4,concat,6
JE8Ibs7GAXg,4,4,concat,6
JF14TeESUZI,4,4,concat,6
JF56hfN_Xis,4,4,concat,6
JFvnJpw4JBk,4,4,concat,6
JGXpe8Dfc-k,4,4,concat,6
JHaMfYZ4Rl4,4,4,concat,6
JJ7f3VBCgjM,4,4,concat,6
JM7ulAvPMDY,4,4,concat,6
JMB0fowXnBk,4,4,concat,6
JMd9e6dJqG0,4,4,concat,6
JTvi3ZRnWpU,4,4,concat,6
JWmUjeS6CFw,4,4,concat,6
JYix6t19DG4,4,4,concat,6
JZEW1yMH2GI,4,4,concat,6
J_i2x1jMuhc,4,4,concat,6
JaRStzZ_eEs,4,4,concat,6
Jbrroydg8wc,4,4,concat,6
JfBgHhFpVMs,4,4,concat,6
JhDHhAiociM,4,4,concat,6
JhhAxRxqWO0,4,4,concat,6
JlE8dElzamE,4,4,concat,6
JqC2lF8LzGQ,4,4,concat,6
JrKB_4OgDS8,4,4,concat,6
JrwLgkwzn8Q,4,4,concat,6
JtijaoX3vjQ,4,4,concat,6
Ju6lj9PnTnw,4,4,concat,6
JuR81quGJr0,4,4,concat,6
Jz07W6HsGjw,4,4,concat,6
JzjhleWrbfQ,4,4,concat,6
K-cFkcAsJyU,4,4,concat,6
K-sVN6ZeDKY,4,4,concat,6
K0P4G2duerQ,4,4,concat,6
K0hBcGU9Y18,4,4,concat,6
K3wcW5DqfD4,4,4,concat,6
K51_Ul3IJB4,4,4,concat,6
K54LHQcTfwo,4,4,concat,6
K66HkImlzUg,4,4,concat,6
K6A81O_qC78,4,4,concat,6
K8jIiUENrhg,4,4,concat,6
KASjMq8zrN8,4,4,concat,6
KAh6sKSSBPg,4,4,concat,6
KCLAv3otAMM,4,4,concat,6
KDYV5wB3Xag,4,4,concat,6
KEG53VODWkE,4,4,concat,6
KElE2elXQ1s,4,4,concat,6
KG8ZZrhC-Fk,4,4,concat,6
KIzE2P_XSH4,4,4,concat,6
KJU7_QIR1RE,4,4,concat,6
KKdXqXbZ1kc,4,4,concat,6
KNE8z4GPY1I,4,4,concat,6
KOT8akwpbUM,4,4,concat,6
KP61x4sT69Q,4,4,concat,6
KSDY_F8Rs7g,4,4,concat,6
KT7jmMpMG-E,4,4,concat,6
KV-Vo1kyN0M,4,4,concat,6
KVGK8i6bKwQ,4,4,concat,6
KWJIR2UHggY,4,4,concat,6
KXNFvowt6Sw,4,4,concat,6
K_CklnhJczA,4,4,concat,6
KcVyp_KmIt0,4,4,concat,6
KdMbvAyVDF8,4,4,concat,6
KgWJBefbm9U,4,4,concat,6
Kl3FaobQ3r0,4,4,concat,6
KlhZN35fZkA,4,4,concat,6
Km6w28Q2Evw,4,4,concat,6
KnVnHXG3ZHo,4,4,concat,6
Ko3KM9u2ZKk,4,4,concat,6
KpzdxXC7aJU,4,4,concat,6
Kq40revmCDw,4,4,concat,6
KsK99zYSEqU,4,4,concat,6
Kt9Lv11k20A,4,4,concat,6
KwG37hCelm4,4,4,concat,6
KwYDasj1U1A,4,4,concat,6
KxNKbD4qgFY,4,4,concat,6
L-icLTCMuaA,4,4,concat,6
L0LD12CN6J8,4,4,concat,6
L0T6COOJPDU,4,4,concat,6
L0TR_EksoVY,4,4,concat,6
L8FGD2vutQs,4,4,concat,6
L8esjIf3Wh4,4,4,concat,6
LBY4TPmnlB0,4,4,concat,6
LIVW0_RSfsU,4,4,concat,6
LKAud68yp0A,4,4,concat,6
LKdPVDTaPAw,4,4,concat,6
LKoqdIM-8MU,4,4,concat,6
LKtWQB-6ki4,4,4,concat,6
LLXfMVuvtj8,4,4,concat,6
LMcn_QpEwpI,4,4,concat,6
LNQ_uP3YRM8,4,4,concat,6
LP-RAMWG_tQ,4,4,concat,6
LPIFenh3vGo,4,4,concat,6
LQ0G57PTOq4,4,4,concat,6
LQILI6VrQIg,4,4,concat,6
LU56vO6ctUs,4,4,concat,6
LUjvi-5wFNI,4,4,concat,6
LUyiK_vqveg,4,4,concat,6
LXfZGjPuqk8,4,4,concat,6
LY1QI42se40,4,4,concat,6
LZMYmSoJG0A,4,4,concat,6
LZb7UTaCfug,4,4,concat,6
L_1ZhoOryQQ,4,4,concat,6
LbdJh81dr-8,4,4,concat,6
Lc3A4AkLnUk,4,4,concat,6
LeDpQdRBJw0,4,4,concat,6
LfBhIeN2wrE,4,4,concat,6
LfcL0LZKdMs,4,4,concat,6
Lh2YXA2ogNI,4,4,concat,6
LiOC9nfhew8,4,4,concat,6
LiRoQMZYvQs,4,4,concat,6
LiSDnkHnmBM,4,4,concat,6
LiyB0zdXbAs,4,4,concat,6
LjCRqGbDLgY,4,4,concat,6
Ljzqx99xdqU,4,4,concat,6
LnDCz06mkao,4,4,concat,6
LnqH02mE9Dw,4,4,concat,6
LpP6pt3loPo,4,4,concat,6
LqMhUSWirAs,4,4,concat,6
LrDFgVORR9c,4,4,concat,6
Lsg5T7n90bg,4,4,concat,6
Lt4gvd0b-ro,4,4,concat,6
LwPgsXKLOQY,4,4,concat,6
LzW9Pl_wkrk,4,4,concat,6
M0ONo882JFs,4,4,concat,6
M1Q3YO7dGmk,4,4,concat,6
M2ykI4eH8kA,4,4,concat,6
M3bfNywaqhc,4,4,concat,6
M5WumucQ9mg,4,4,concat,6
M5rjX4vhlgQ,4,4,concat,6
M6HkS3Ge9PE,4,4,concat,6
M7bGFRbQsVk,4,4,concat,6
M9D3AthYu84,4,4,concat,6
MA-GMl1-7-U,4,4,concat,6
MEAzw7td6wM,4,4,concat,6
MH3_YoF_b3M,4,4,concat,6
MJSsS--X-x0,4,4,concat,6
MK3LyytvgHc,4,4,concat,6
MKmtE1mUm4w,4,4,concat,6
MM1mfqjN-VA,4,4,concat,6
MNZeduzCkrw,4,4,concat,6
MOxP4Jlju-w,4,4,concat,6
MPgl80Ibjx4,4,4,concat,6
MV3r7mdFCPY,4,4,concat,6
MVSe_yfAJHE,4,4,concat,6
MVedECnCeJ4,4,4,concat,6
MW0RkmD406E,4,4,concat,6
MWrSEIuBpn4,4,4,concat,6
MYV7RrN-xuc,4,4,concat,6
Mb8mzliJg6Q,4,4,concat,6
MbwsD7Okr8k,4,4,concat,6
Md1kEKcyRuo,4,4,concat,6
MfOHCSn6G28,4,4,concat,6
MhKR8HwmDcI,4,4,concat,6
MitVWsE8-F4,4,4,concat,6
MjXy1zA2v9M,4,4,concat,6
MjsxSpwHSBU,4,4,concat,6
MjtOvbK3gLg,4,4,concat,6
MmctJIq3Uls,4,4,concat,6
MoBu0N_8VJQ,4,4,concat,6
MorlU3YJee0,4,4,concat,6
MpeFQ_0Vl98,4,4,concat,6
MqKES9kktho,4,4,concat,6
MrInTGVofrA,4,4,concat,6
Mri2JtywjgM,4,4,concat,6
MvVOfz28Ii4,4,4,concat,6
Mxt1UkzqPP8,4,4,concat,6
MySpgVd0mqc,4,4,concat,6
MyTj7eUgSf8,4,4,concat,6
MzP_F8tbNhQ,4,4,concat,6
N2T3qfoD5qI,4,4,concat,6
N2Uue9UhDGg,4,4,concat,6
N2UwJwJE3kA,4,4,concat,6
N3cWhoXmAE0,4,4,concat,6
N70KdmM37x0,4,4,concat,6
N76FXXqt7Dk,4,4,concat,6
N8EBKDGMokk,4,4,concat,6
N8XvGCBgcQ8,4,4,concat,6
NAMGq8X2a4s,4,4,concat,6
NAeovNfIk2M,4,4,concat,6
NB7ys3L28f4,4,4,concat,6
NBxTLhwXedg,4,4,concat,6
NCQ0qKA9-bk,4,4,concat,6
NCliwzWMKrM,4,4,concat,6
NDkdLm-ebTw,4,4,concat,6
NF8JN1FG20g,4,4,concat,6
NG9rSDorJ4E,4,4,concat,6
NGPaSUFhOFg,4,4,concat,6
NIdLTunXtY4,4,4,concat,6
NLUXVbaVUkw,4,4,concat,6
NM3yyTefawg,4,4,concat,6
NN2-R1J6eTQ,4,4,concat,6
NPjXweNgPBo,4,4,concat,6
NQlkeEzFCdc,4,4,concat,6
NS9_vwH5jjw,4,4,concat,6
NUK8qFwNQoM,4,4,concat,6
NUod_Y5tgfY,4,4,concat,6
NVSOt_S41cY,4,4,concat,6
Nb5NNmlDslk,4,4,concat,6
NcIHsB28WaE,4,4,concat,6
NdJTeaR6SxU,4,4,concat,6
NdtOfhQF_oE,4,4,concat,6
Ne2P8Sgf7tU,4,4,concat,6
NfGyzcA5B_Y,4,4,concat,6
NfLkobmun20,4,4,concat,6
Ni_hrQnN9TA,4,4,concat,6
Nip1ixBkLTs,4,4,concat,6
NpY1z4cr8C8,4,4,concat,6
NprXzJbZ1_Y,4,4,concat,6
NrRJrNKGv7c,4,4,concat,6
NsIww5h5YT8,4,4,concat,6
NxlFY6oZ1nM,4,4,concat,6
Ny2wfgfouQs,4,4,concat,6
NyJvE6oFeRQ,4,4,concat,6
O05018tIrUA,4,4,concat,6
O0UHG_lY4Q4,4,4,concat,6
O146-DNwxLw,4,4,concat,6
O19ExSs1ghE,4,4,concat,6
O1X48yxZgeU,4,4,concat,6
O1f41uZLBOY,4,4,concat,6
O29z0VIvMgQ,4,4,concat,6
OBOEfvPLwkM,4,4,concat,6
OCYvbH0EXq8,4,4,concat,6
OD6mgL2_d_g,4,4,concat,6
OEh5mtVbjp0,4,4,concat,6
OG1lrCkKqkw,4,4,concat,6
OGJvJpLPSI0,4,4,concat,6
OJ4OcSXKUto,4,4,concat,6
OL0Yrr-DC1Q,4,4,concat,6
OMnoUJS0FOU,4,4,concat,6
OMz9TOnLTEk,4,4,concat,6
OO0c-6pIBgY,4,4,concat,6
OOzDNCcqjb0,4,4,concat,6
OPUb8LLoSLg,4,4,concat,6
OPZ0vaFb0z8,4,4,concat,6
OPlwwKQn854,4,4,concat,6
OQ5Lm0fowBk,4,4,concat,6
OSrJIVimkBI,4,4,concat,6
OTQge9FcO6g,4,4,concat,6
OTfGMYOxLsI,4,4,concat,6
OWIyR2XQgqo,4,4,concat,6
OWwr-9EdaUQ,4,4,concat,6
O_5WqW4xHjY,4,4,concat,6
ObSZ2kSNT60,4,4,concat,6
OfOD8Msi3To,4,4,concat,6
OfvajgUEF-c,4,4,concat,6
OiJdvU1hTI4,4,4,concat,6
OmzbVK6sixs,4,4,concat,6
OqbVN7Q0g14,4,4,concat,6
Ot0eViQJn9c,4,4,concat,6
OtMOeH-uKhE,4,4,concat,6
OuAhyZ56VH8,4,4,concat,6
OwWqI8LPv6s,4,4,concat,6
OwsQ6lYsSgM,4,4,concat,6
OwuXvKS8ySs,4,4,concat,6
OxjzOybgb6w,4,4,concat,6
Oy3gldNC1mE,4,4,concat,6
OznzRnfWBLQ,4,4,concat,6
P2gOA4XpfV8,4,4,concat,6
P3JrLbkVJ1Q,4,4,concat,6
P66EZDZHosw,4,4,concat,6
P7qYITsTe-0,4,4,concat,6
P8do_duPROM,4,4,concat,6
PACZRHyyM6M,4,4,concat,6
PE5rXUq8A74,4,4,concat,6
PGs6Oe7yPpQ,4,4,concat,6
PII3SsPrT9s,4,4,concat,6
PJ4TO52o16Q,4,4,concat,6
PJf7ORZmtDc,4,4,concat,6
PP0HefQ4AOM,4,4,concat,6
PT_gIbDkteY,4,4,concat,6
PU_zFsvy0Go,4,4,concat,6
PXoYwL8shxI,4,4,concat,6
PY-CJaWsLMA,4,4,concat,6
P_HrpMrBQWE,4,4,concat,6
P_nWjj6-DVc,4,4,concat,6
P_tWsai6lOw,4,4,concat,6
PdEMmsZurjE,4,4,concat,6
Pdb7-iSfOG8,4,4,concat,6
PdqG4UdSb30,4,4,concat,6
Pe51V9BbrIU,4,4,concat,6
PgXceQbGV5Y,4,4,concat,6
PhzZV6cQIp0,4,4,concat,6
PjMs4I230jk,4,4,concat,6
PjW2tL7kKsA,4,4,concat,6
Pm0QMSdpLow,4,4,concat,6
PnF8PWgOdgg,4,4,concat,6
Pnob86_M-gQ,4,4,concat,6
PoV3TbWiQJ8,4,4,concat,6
PpNznF-8xCQ,4,4,concat,6
PpSSjZzq1M4,4,4,concat,6
PpcQ5lxXHWI,4,4,concat,6
PqMTQ_IiSwg,4,4,concat,6
Prp8yiP4tSM,4,4,concat,6
Prsz1OTP6s0,4,4,concat,6
PsTlLXeZJts,4,4,concat,6
Pt8V4lc9_YA,4,4,concat,6
PvAdVzj-olI,4,4,concat,6
Pw0FYRcISLU,4,4,concat,6
PwcfvQAl_UU,4,4,concat,6
PyJE51N--_4,4,4,concat,6
Q-7tHcIGuQ8,4,4,concat,6
Q0ErnPrV9PY,4,4,concat,6
Q5o3wcfX5Oo,4,4,concat,6
Q6qRMRsN9rU,4,4,concat,6
Q7Q6IBScCU0,4,4,concat,6
Q7sNsHM_0i8,4,4,concat,6
Q8-95oZSeCM,4,4,concat,6
Q8OVDawKSyU,4,4,concat,6
QAsFmse8vKo,4,4,concat,6
QAsH_8yGdGc,4,4,concat,6
QAyDxPCSnWY,4,4,concat,6
QCKkCpjyU1E,4,4,concat,6
QCRRA9HJp10,4,4,concat,6
QCyoAWQij-k,4,4,concat,6
QDXoR6x3CQ4,4,4,concat,6
QFi2WVGfXMQ,4,4,concat,6
QGOlIZpmDHQ,4,4,concat,6
QGVemsDLO5I,4,4,concat,6
QH2mSzJ9D6E,4,4,concat,6
QJHAWmveY1A,4,4,concat,6
QK5auRJkDds,4,4,concat,6
QKMknuwkqMA,4,4,concat,6
QLFA8CE71k8,4,4,concat,6
QMDZw_tSVTs,4,4,concat,6
QN8B99W9EAk,4,4,concat,6
QTlFfF7aBmg,4,4,concat,6
QUA4jwgEAkg,4,4,concat,6
QUV4iIUvhg0,4,4,concat,6
QWmpnog5QCs,4,4,concat,6
QWnoO8KATn0,4,4,concat,6
QXWTxsL-GUc,4,4,concat,6
QXg2A6qEyqU,4,4,concat,6
QYw3fRtoKZ8,4,4,concat,6
QZ9l6di3ccg,4,4,concat,6
QZeweenJi_s,4,4,concat,6
Q_J2cTVv9V0,4,4,concat,6
Qhu0buR0tL0,4,4,concat,6
QlNAx3t4xcU,4,4,concat,6
Qn9Hh8NjZ_8,4,4,concat,6
QnnNtDMf2z0,4,4,concat,6
QoLUxOtUcrM,4,4,concat,6
Qpp-U_YBFtQ,4,4,concat,6
QqDQw4-THuM,4,4,concat,6
QrpnDVoLHEk,4,4,concat,6
Qx4LQ5iB4D0,4,4,concat,6
R-Fns4tbUX0,4,4,concat,6
R1u7EJ_3now,4,4,concat,6
R1viiaH83Iw,4,4,concat,6
R4ku981Uc7o,4,4,concat,6
R7bXsiMxFbY,4,4,concat,6
R91WHWcne5Q,4,4,concat,6
RE_USZjDU5A,4,4,concat,6
RF6RX9iw_gc,4,4,concat,6
RG7h5dnJUE8,4,4,concat,6
RGTq4TXyieo,4,4,concat,6
RGX6WQjRYH0,4,4,concat,6
RGcfxCgzSic,4,4,concat,6
RIaPQf7TLQQ,4,4,concat,6
RIz2m8xtPu8,4,4,concat,6
RKvw7p12iLQ,4,4,concat,6
RKw3AbdTkM4,4,4,concat,6
RMUJXr5ldtc,4,4,concat,6
RNg7dHF2_l0,4,4,concat,6
ROvFFYx-cb4,4,4,concat,6
RP6jFu0hS3s,4,4,concat,6
RQbix2zZxwQ,4,4,concat,6
RRKaTQEwHsA,4,4,concat,6
RRqldwGC5l0,4,4,concat,6
RUcKRTyFcoQ,4,4,concat,6
RVIdbhCbQnk,4,4,concat,6
RXR9roUtVnw,4,4,concat,6
RYs9WUCxhcU,4,4,concat,6
R_WyfkaxsLU,4,4,concat,6
RcZ1gjQFkV0,4,4,concat,6
RdhDkTw0YYU,4,4,concat,6
Re3amEdgKbY,4,4,concat,6
RfBHxjK1zEQ,4,4,concat,6
RfOzHEmA4Eo,4,4,concat,6
RfuFAPFuwwU,4,4,concat,6
Rg9lVeFKGfk,4,4,concat,6
RgDX09hAxf4,4,4,concat,6
RhhVlLBrr5A,4,4,concat,6
RiLpOgHh7gA,4,4,concat,6
Rk0tSSPBoM8,4,4,concat,6
RkRv9upoCYE,4,4,concat,6
RoKit9ATpMw,4,4,concat,6
Rtrq3AZ12jE,4,4,concat,6
RtwyKAfgGWg,4,4,concat,6
RwcTFNeotG8,4,4,concat,6
Rx0mf3N-Q3U,4,4,concat,6
S-9A_B_zmEY,4,4,concat,6
S-US6we5_BQ,4,4,concat,6
S-auHWRiKDI,4,4,concat,6
S-rgdC0PN40,4,4,concat,6
S1Z0cay0_jY,4,4,concat,6
S2cx1tKgYaU,4,4,concat,6
S5ZgXhT2s-o,4,4,concat,6
S9-tTcmTldk,4,4,concat,6
S9kgk2ojVQM,4,4,concat,6
SBF-bgqp7F4,4,4,concat,6
SCAX0cxC9Gc,4,4,concat,6
SE4GjwWyB2s,4,4,concat,6
SErX9umt_zY,4,4,concat,6
SHBMpUSjphM,4,4,concat,6
SHlem4Dp4MQ,4,4,concat,6
SHrhh-pMZ4U,4,4,concat,6
SJ8V0bU0PIk,4,4,concat,6
SJvCAxclqgU,4,4,concat,6
SM8MDTdr6Ew,4,4,concat,6
SOVrEV6AqSQ,4,4,concat,6
SPYfCY0sBI0,4,4,concat,6
SRMM_77czlw,4,4,concat,6
SUKB061p0xw,4,4,concat,6
SV4yy_K46zU,4,4,concat,6
SV5vTgwvnIs,4,4,concat,6
SWVe5ZuRVXE,4,4,concat,6
SXP9auLlN1w,4,4,concat,6
SXyLLYbQA38,4,4,concat,6
SY_vkerKFPA,4,4,concat,6
S_SS40BfX94,4,4,concat,6
SdDdY6EsquM,4,4,concat,6
SdZ2AYo8RWk,4,4,concat,6
Se7wURVWU5Q,4,4,concat,6
SeUHtYY8as8,4,4,concat,6
Sh6oI4Pfwq0,4,4,concat,6
SjGJdm88kDM,4,4,concat,6
Sjd-V-DjAnE,4,4,concat,6
SkRF23pbYic,4,4,concat,6
SnhW3NhWT44,4,4,concat,6
SorbISDmELw,4,4,concat,6
SpcRD3DtDag,4,4,concat,6
SqALbWDhcGQ,4,4,concat,6
Ss5JSJxj8S4,4,4,concat,6
Ssmg0z2-V_k,4,4,concat,6
SvaQ17kbGMI,4,4,concat,6
Sws8I7C0bLk,4,4,concat,6
Sy9BZ3JlAtc,4,4,concat,6
SyLY6dvVxqQ,4,4,concat,6
SzUBdVwgQwM,4,4,concat,6
Szzxpci5mWc,4,4,concat,6
T10sltKaqt8,4,4,concat,6
T1AHDGd3yPM,4,4,concat,6
T1rXuHKMqss,4,4,concat,6
T2T2zQA4QBw,4,4,concat,6
T3uH8_pkiLc,4,4,concat,6
T4iho18YNKI,4,4,concat,6
T5ckXx__miI,4,4,concat,6
T5u6qbpJilE,4,4,concat,6
T7Dj-AFNi2M,4,4,concat,6
T7Q4EH8wGxg,4,4,concat,6
T82g9Pa4xA8,4,4,concat,6
T8DLCWW6EpY,4,4,concat,6
T8QqWOq9mJ4,4,4,concat,6
T8oa1nekZuQ,4,4,concat,6
T9bgkJkTAnc,4,4,concat,6
T9xYk008ya4,4,4,concat,6
TA8eVYWjqvY,4,4,concat,6
TEsd_ghgr3M,4,4,concat,6
TFDShO_VUS0,4,4,concat,6
TGjSeXM8zCU,4,4,concat,6
TGmgNQReLpA,4,4,concat,6
TKNCE6UptDo,4,4,concat,6
TKjZm_7_9X8,4,4,concat,6
TL18-UIN4nY,4,4,concat,6
TLXkbH2OTR4,4,4,concat,6
TLpkvAD6-5E,4,4,concat,6
TMLcANeKICw,4,4,concat,6
TMZ5AudSwkc,4,4,concat,6
TN-2RDmi_1w,4,4,concat,6
TOULYvckMUw,4,4,concat,6
TQBY4g9UriY,4,4,concat,6
TQHiRrhcDPA,4,4,concat,6
TQPoxY2ubm8,4,4,concat,6
TQl1N8DTq28,4,4,concat,6
TSNFQHzck3E,4,4,concat,6
TSdqu1d5Q4k,4,4,concat,6
TX3z6Z2sryI,4,4,concat,6
TXCv_1VzQnU,4,4,concat,6
TXfIm1LVnXA,4,4,concat,6
TYise3IhFno,4,4,concat,6
TYyf1XoFuLE,4,4,concat,6
TZLlIdJZIC4,4,4,concat,6
TZUKCQvYqq0,4,4,concat,6
TabkVrq-DAU,4,4,concat,6
TcS02RXUf0Y,4,4,concat,6
Tf2BQBpzxvQ,4,4,concat,6
Tg-KTn8bNQQ,4,4,concat,6
TiSGy-0ibfQ,4,4,concat,6
TkyQvLayZag,4,4,concat,6
TmAmDtLonOw,4,4,concat,6
TmWkcbrv8wo,4,4,concat,6
Tmn9tv3vUzg,4,4,concat,6
TpZaqtpkuoc,4,4,concat,6
TqEO-5WcDOY,4,4,concat,6
Tqg2CNSYCOE,4,4,concat,6
TrMJ2StIc0I,4,4,concat,6
TrXSyTgRW40,4,4,concat,6
TriCjouj7Ns,4,4,concat,6
TsIG37Voxn8,4,4,concat,6
Tum1Y4r2yK0,4,4,concat,6
Tur3CBJ-RSg,4,4,concat,6
Tw69L6P9vg4,4,4,concat,6
TzH0PVYjOb8,4,4,concat,6
U0g-V7FOrlI,4,4,concat,6
U148N-axH_U,4,4,concat,6
U2Ji_YYlc7A,4,4,concat,6
U3gEjErr2MQ,4,4,concat,6
U3poplyo9C0,4,4,concat,6
U4Nn7n6q4Go,4,4,concat,6
U4R6IAQCDoU,4,4,concat,6
U5G4hZr7QEc,4,4,concat,6
U5ZevoxxvnM,4,4,concat,6
U5g6XD4Zj4Y,4,4,concat,6
U6no0drrVw0,4,4,concat,6
U7C4l7VsvAI,4,4,concat,6
U96HawSBRA8,4,4,concat,6
UAua7H51eqY,4,4,concat,6
UBctlgFbtVA,4,4,concat,6
UJhNrLKUZ60,4,4,concat,6
ULNkNh32ig0,4,4,concat,6
UONPu0bVt3g,4,4,concat,6
UOTI8lK2gho,4,4,concat,6
UQNu1eKUqa8,4,4,concat,6
UQS2lfdDFY8,4,4,concat,6
UQhEF_LVH3E,4,4,concat,6
UTHpYfWJ6zU,4,4,concat,6
UTh5f-E4gas,4,4,concat,6
UWOwrJTvvtk,4,4,concat,6
UWQwHsynSbs,4,4,concat,6
UXjjJoaz560,4,4,concat,6
UZN5C8Z7Le8,4,4,concat,6
UZRXczhhie0,4,4,concat,6
Uast25du_HQ,4,4,concat,6
UeLhnL_bDGI,4,4,concat,6
UfIMPvVa1lM,4,4,concat,6
UfnaiWJ5IgA,4,4,concat,6
UgXrB_2j4SA,4,4,concat,6
UgnKGaWRcaU,4,4,concat,6
UhW7bMsUx88,4,4,concat,6
UkKM-hQCKfc,4,4,concat,6
Ul_DQy3kRIY,4,4,concat,6
Um5Jojapij4,4,4,concat,6
Umc98cd5IxI,4,4,concat,6
UnsqSjE3Aq0,4,4,concat,6
Uo6kkMU03ZA,4,4,concat,6
UoLD8AF2kwc,4,4,concat,6
UoqtE_QfqX8,4,4,concat,6
Upr6NJIRFeM,4,4,concat,6
UqUPVSbeBzQ,4,4,concat,6
UqqGKNo6rlE,4,4,concat,6
Uriu2ai0BYg,4,4,concat,6
Ut9xrMdAGjs,4,4,concat,6
UvQZv_aSAAE,4,4,concat,6
Uw9D7-tl5bE,4,4,concat,6
UwcyCeDLB5A,4,4,concat,6
Uy8fGQoA_eI,4,4,concat,6
UyVCHE0Hn6E,4,4,concat,6
V1lXQrb66M0,4,4,concat,6
V36WDAc_AbY,4,4,concat,6
V7GQV-tyOws,4,4,concat,6
V9xrm0vft1c,4,4,concat,6
VBHA5E2ADLQ,4,4,concat,6
VBYrRHrfO88,4,4,concat,6
VCWUcdw5DKQ,4,4,concat,6
VC_RO1TqmnY,4,4,concat,6
VCmy0yFo7rc,4,4,concat,6
VDjJ1GyumR4,4,4,concat,6
VE8tW4uZegw,4,4,concat,6
VG3ufgYF8zM,4,4,concat,6
VHiszwBuMHI,4,4,concat,6
VJh5n9dHcoA,4,4,concat,6
VKr9ZjSyoiQ,4,4,concat,6
VNGC0XQaH7w,4,4,concat,6
VOHkah8eQxU,4,4,concat,6
VOoG4TTtZK8,4,4,concat,6
VPjKKp31Y90,4,4,concat,6
VRDLB-fAWlE,4,4,concat,6
VS0cjfrVwYs,4,4,concat,6
VSExZhr4BQo,4,4,concat,6
VT2KENzK7DM,4,4,concat,6
VU3o1xyQXic,4,4,concat,6
VXK4rltMr4U,4,4,concat,6
VXaZiCokkz0,4,4,concat,6
VYmnhpDzlRc,4,4,concat,6
VYwSfg0jXvw,4,4,concat,6
VZ3QOhhMI_s,4,4,concat,6
VZryWQf5xxk,4,4,concat,6
VarbBwM8fU4,4,4,concat,6
VhbzM26gF3s,4,4,concat,6
VjLF7tJqCnQ,4,4,concat,6
Vm3gdS4cn6g,4,4,concat,6
VneaoXWkNFc,4,4,concat,6
Vo7ZKl1oaLI,4,4,concat,6
VrzYboFsbGs,4,4,concat,6
VsDjCiFCQP0,4,4,concat,6
Vt-2NFxW8UA,4,4,concat,6
Vu2IxhtLOMU,4,4,concat,6
VuCDBEsVOOY,4,4,concat,6
Vv8puPZQ-iY,4,4,concat,6
VvFpf4lLYjo,4,4,concat,6
VvnlAS4N1co,4,4,concat,6
VwR9SvjKBhE,4,4,concat,6
VyRTIQkBppM,4,4,concat,6
VylGKY26Gus,4,4,concat,6
VzbzjnB4-E0,4,4,concat,6
W-Z9SgtBNJc,4,4,concat,6
W-ksYmMdUFk,4,4,concat,6
W544lBo4mRg,4,4,concat,6
W70KaUYm6yI,4,4,concat,6
W7Ffks7Nq8U,4,4,concat,6
W7GBZi-U9j0,4,4,concat,6
WAAgrSE9mLQ,4,4,concat,6
WBpCTOHKTcI,4,4,concat,6
WDOvSpowffQ,4,4,concat,6
WEVMJsQybxs,4,4,concat,6
WGPzCwEokHA,4,4,concat,6
WH9CY0F1NIs,4,4,concat,6
WJYLLbmcsTg,4,4,concat,6
WK7cXIeEgHQ,4,4,concat,6
WNKFSxDlU04,4,4,concat,6
WNVQ82PbuYg,4,4,concat,6
WRW5tpE1wiY,4,4,concat,6
WRWZyeqwj6o,4,4,concat,6
WSteuBoUceY,4,4,concat,6
WTELWCQcZVI,4,4,concat,6
WVev8fLu27o,4,4,concat,6
WVmFN3wLWFU,4,4,concat,6
WVu7e7uX4Ac,4,4,concat,6
WW3kukL-oP4,4,4,concat,6
WXbT5o62mZk,4,4,concat,6
WYD14LEWEWI,4,4,concat,6
WZN_8D1kofU,4,4,concat,6
W_EpTiGI4j8,4,4,concat,6
WaTbcqHKAJg,4,4,concat,6
WbUkOYAZBZk,4,4,concat,6
Wc6eDZtkqfs,4,4,concat,6
Wcm8DFGl7NM,4,4,concat,6
WhGeszNDPEQ,4,4,concat,6
Wj9-5XDYSGw,4,4,concat,6
Wk3ZIrvdA60,4,4,concat,6
Wm2ZMqYaGio,4,4,concat,6
WmZkvS3w5FQ,4,4,concat,6
WmpbcqIYmqQ,4,4,concat,6
WnQnpcLNYfQ,4,4,concat,6
Wr-vXArXfxQ,4,4,concat,6
WsA2oG9eDRQ,4,4,concat,6
WsuDyefq_qQ,4,4,concat,6
WsxJsgYKrSE,4,4,concat,6
WvvZRe8JQOU,4,4,concat,6
WwWUL5KISuI,4,4,concat,6
WyLqRJrZ_Z0,4,4,concat,6
WyemT4A2fgs,4,4,concat,6
WzMwR7GKIVE,4,4,concat,6
Wzd6TDkspf0,4,4,concat,6
X0louFSI_X4,4,4,concat,6
X0yPw-ni42c,4,4,concat,6
X1KHJy5lcZA,4,4,concat,6
X2xH-RCI3TE,4,4,concat,6
X30pyQbg-0A,4,4,concat,6
X3Q1SBYuf1g,4,4,concat,6
X9p_dVpjvxs,4,4,concat,6
XE20g4vD3bc,4,4,concat,6
XEmBCBiTrkw,4,4,concat,6
XGQQMm5akBc,4,4,concat,6
XI4j01xgf-E,4,4,concat,6
XJuHFpHR3Vo,4,4,concat,6
XLIGITnE2jw,4,4,concat,6
XMKj7HiU95c,4,4,concat,6
XMsRyN8lHus,4,4,concat,6
XOYUm_ftkP0,4,4,concat,6
XP-6EmiqBrs,4,4,concat,6
XPq_0BOXVqo,4,4,concat,6
XR62eFOuyF0,4,4,concat,6
XS24M2akXgw,4,4,concat,6
XVtlF-CwN2Q,4,4,concat,6
XWnaQkvCgJg,4,4,concat,6
XXL2K2pbmDU,4,4,concat,6
XXeo3UgUkoQ,4,4,concat,6
XXtUusPxeNk,4,4,concat,6
XaU5KyfY9IQ,4,4,concat,6
XcVBcY3ha78,4,4,concat,6
XddtumzwMi8,4,4,concat,6
Xg8ssssu2sM,4,4,concat,6
Xh1I17YoVDk,4,4,concat,6
Xh31WZdAjME,4,4,concat,6
Xh3ByV8Lh9E,4,4,concat,6
XhIvjmqBb3s,4,4,concat,6
XiVAaFQ1bDY,4,4,concat,6
XjOuy0fLMfw,4,4,concat,6
XlVqrb4gdbk,4,4,concat,6
Xm56oX6_Yyg,4,4,concat,6
Xo8waPlZUYw,4,4,concat,6
Xp-b8jWfAAI,4,4,concat,6
Xpj0vS9JNNU,4,4,concat,6
Xr_1v2qlcdQ,4,4,concat,6
XrkWcMUlY28,4,4,concat,6
Xrwt9iJ-69w,4,4,concat,6
XsUdTux9wYc,4,4,concat,6
XtSFhdFneM8,4,4,concat,6
XtYbLe-VB7U,4,4,concat,6
XuNKepZPReQ,4,4,concat,6
XxmoZjblE0k,4,4,concat,6
XxsUDxUfOP4,4,4,concat,6
XxvE99ARazw,4,4,concat,6
Y-4xIw6C0EQ,4,4,concat,6
Y0IiQMS6aGY,4,4,concat,6
Y1h1PmI6KmI,4,4,concat,6
Y2A768lAPSk,4,4,concat,6
Y2MoEzJm0Mw,4,4,concat,6
Y2USMIayflo,4,4,concat,6
Y2ojqGeDeGY,4,4,concat,6
Y2tEJWuvZ-Y,4,4,concat,6
Y3kJ0uYaf78,4,4,concat,6
Y4ZzKGJ8PD8,4,4,concat,6
Y6cGQ8956E4,4,4,concat,6
YBoA0WvwGBk,4,4,concat,6
YCdkUwZF3jM,4,4,concat,6
YGC1IwFPN2k,4,4,concat,6
YHyYl77-Yl4,4,4,concat,6
YI-K2tFCEh4,4,4,concat,6
YIh30Jk7LDk,4,4,concat,6
YLlfPvE5mUk,4,4,concat,6
YLp6cr1OcO4,4,4,concat,6
YMb5CQLwS34,4,4,concat,6
YNJ9bAjOV1A,4,4,concat,6
YQOhFPw7ddU,4,4,concat,6
YQaYlsFAzSc,4,4,concat,6
YQwc11llIW8,4,4,concat,6
YR3Wl6o1Qwo,4,4,concat,6
YSsKP3k96GY,4,4,concat,6
YUldxCEHg-0,4,4,concat,6
YVmyTiU9PNo,4,4,concat,6
YWA6yn_IaTI,4,4,concat,6
YXQiXhiiv9w,4,4,concat,6
YYxPxBOtUoE,4,4,concat,6
YZrXsquNhh0,4,4,concat,6
YZyrDSLhwMY,4,4,concat,6
Y_CZ9L-jvoI,4,4,concat,6
Y_TqTwE_mi4,4,4,concat,6
YbojeC_qm-4,4,4,concat,6
Ybz6pAOD7Dw,4,4,concat,6
YdxTHcwskcc,4,4,concat,6
Ye7Ad3Mz3Fw,4,4,concat,6
YecogE944t4,4,4,concat,6
YedrIBVhp9E,4,4,concat,6
YgoXI7FCE0Q,4,4,concat,6
Yj8UUYt3STA,4,4,concat,6
YjRoIj5RZWI,4,4,concat,6
YjecG9o9w4Y,4,4,concat,6
Yl1fd1rL0zk,4,4,concat,6
YloI3jemPMs,4,4,concat,6
YnuD_zZHKRs,4,4,concat,6
Yo6cCrOp4mo,4,4,concat,6
YoIcru4ESb0,4,4,concat,6
YofNXS0d8Rg,4,4,concat,6
Yoj4ccsqf08,4,4,concat,6
Yoss5w5IqJw,4,4,concat,6
YpSuAUEgh54,4,4,concat,6
YpodlVFQff8,4,4,concat,6
YuY-uEj_tHk,4,4,concat,6
YutpiyI6Svc,4,4,concat,6
Yv3CYGxTagw,4,4,concat,6
YvW90uCXfu0,4,4,concat,6
YyaudBJNNcE,4,4,concat,6
Yz3fF85Tiqg,4,4,concat,6
Z-LRU3RrUMk,4,4,concat,6
Z-lMcYXVuU0,4,4,concat,6
Z2LS3JO_5bU,4,4,concat,6
Z8hB-NSJ744,4,4,concat,6
ZAZIqfI--y4,4,4,concat,6
ZAoPKhl07Rs,4,4,concat,6
ZBXt1a4wzqA,4,4,concat,6
ZEmEWWBsQBY,4,4,concat,6
ZEmLwCiEbIc,4,4,concat,6
ZH1FXkh__kc,4,4,concat,6
ZHHJpWRVeG8,4,4,concat,6
ZHWyK79mibs,4,4,concat,6
ZHrh5BXDz0I,4,4,concat,6
ZKk-B1IPpKE,4,4,concat,6
ZLK1hUcrxcw,4,4,concat,6
ZMUMWqa1q-c,4,4,concat,6
ZMj8-9QjD6Q,4,4,concat,6
ZN_6Lg0IK6s,4,4,concat,6
ZQILxlhHdXk,4,4,concat,6
ZU-xhHVUWZE,4,4,concat,6
ZV32wa4LLHA,4,4,concat,6
ZWDpedfMlhY,4,4,concat,6
ZYYFYkVEHI8,4,4,concat,6
ZZwhH3UxJ_M,4,4,concat,6
Z_pove-fijc,4,4,concat,6
ZeJSUgkBId0,4,4,concat,6
ZkFoVKkazp0,4,4,concat,6
Zkg997QoDOA,4,4,concat,6
ZlzXINkAiSs,4,4,concat,6
ZnIRBTA1ASo,4,4,concat,6
Zo_D-FRBoDU,4,4,concat,6
Zpdk3zo15GQ,4,4,concat,6
Zrjd-OW3fnE,4,4,concat,6
Zs3jFKJxn-0,4,4,concat,6
ZugA8uO9r3I,4,4,concat,6
ZvqoVlldJio,4,4,concat,6
ZwVwQV7QBo4,4,4,concat,6
Zx3wL6Arpog,4,4,concat,6
_-3Z8yePTxc,4,4,concat,6
_-tAsOmsAYQ,4,4,concat,6
_4Z_ThaWPxs,4,4,concat,6
_4aauyKUE6w,4,4,concat,6
_4hysuVgF6A,4,4,concat,6
_4o_k_7KxuY,4,4,concat,6
_6pcRIUyGOY,4,4,concat,6
_7UCsWx0TeU,4,4,concat,6
_7iiJtjGRfA,4,4,concat,6
_8QVXpkMYGQ,4,4,concat,6
_CUMrJYeVzk,4,4,concat,6
_D1SrXiUAJA,4,4,concat,6
_G8JwAMY0P8,4,4,concat,6
_GI00Z_gjbg,4,4,concat,6
_H6dmOyU9uM,4,4,concat,6
_HiNaxcOXss,4,4,concat,6
_Igodsup-cg,4,4,concat,6
_JlMmyaR5KY,4,4,concat,6
_JnlroKWkUk,4,4,concat,6
_K33hSZ5m3A,4,4,concat,6
_L2fHGo3IhQ,4,4,concat,6
_Nqmduiv5Gk,4,4,concat,6
_PfS8VTCoBg,4,4,concat,6
_QYd2cNMEgA,4,4,concat,6
_SJnTrk6EzE,4,4,concat,6
_SrosL0WdOQ,4,4,concat,6
_SzBO5h4_h4,4,4,concat,6
_VbdqKuKAyU,4,4,concat,6
_WPPahljoMI,4,4,concat,6
_Wg5awTDFws,4,4,concat,6
_XuFYyMWq_c,4,4,concat,6
_YUKRXwohKE,4,4,concat,6
_YiixQCT3s0,4,4,concat,6
__HhT6dI1Wg,4,4,concat,6
_bjWG-8s_zk,4,4,concat,6
_gEMwxaKPQ8,4,4,concat,6
_h3ZDohZcRI,4,4,concat,6
_hk0SykrMmA,4,4,concat,6
_iTcjhr-lRA,4,4,concat,6
_mD5R7Fk5LA,4,4,concat,6
_oMx9l-zBew,4,4,concat,6
_ovqtVbHUxE,4,4,concat,6
_pUm-ghV5U4,4,4,concat,6
_rvgELcfsU0,4,4,concat,6
_uVnZP6S6zo,4,4,concat,6
_uyMm7b3XSI,4,4,concat,6
_wGraia1Jb4,4,4,concat,6
_wgNU27LfYU,4,4,concat,6
_x500aqHxps,4,4,concat,6
_x6_zNIlVbw,4,4,concat,6
_xw5tjoH61o,4,4,concat,6
_yGZySvrItY,4,4,concat,6
_zGn7rPiVxA,4,4,concat,6
_zf0LbUxVhI,4,4,concat,6
a-KHVv6QSX0,4,4,concat,6
a-Qjcf12p3M,4,4,concat,6
a2gB0cfHLew,4,4,concat,6
a3EJLZlQmA8,4,4,concat,6
a4qF-OadheE,4,4,concat,6
a5ofv4SllqQ,4,4,concat,6
a6ejBsCQnrU,4,4,concat,6
a8ehHQKIUoc,4,4,concat,6
a90uM5F8Auc,4,4,concat,6
aBurf35L7gE,4,4,concat,6
aDG7n7jK9Fs,4,4,concat,6
aE-QfR8UkrU,4,4,concat,6
aFPFvnJY5rk,4,4,concat,6
aG8rkklkmPQ,4,4,concat,6
aHQWPPRx61g,4,4,concat,6
aHrRFFz2aaw,4,4,concat,6
aI6Z8u9n174,4,4,concat,6
aKpFvC1ZavE,4,4,concat,6
aMA_88z64NU,4,4,concat,6
aMBv-e6ZUcQ,4,4,concat,6
aMR9NtxI4DE,4,4,concat,6
aNhBDYOR6QU,4,4,concat,6
aOzONZcnaSo,4,4,concat,6
aRmpHIuVaXI,4,4,concat,6
aS5CVZczMj0,4,4,concat,6
aSWGFs5oRLE,4,4,concat,6
aT9inz3Lo2o,4,4,concat,6
aThOTELi6GE,4,4,concat,6
aUZBcH6aNhs,4,4,concat,6
aVpHXYvo-cw,4,4,concat,6
aWIdbia9w_E,4,4,concat,6
aXAvHwkXkp4,4,4,concat,6
aXG2ek274yY,4,4,concat,6
aXcvyCCYmlw,4,4,concat,6
aYmQXGOhCqA,4,4,concat,6
aZhHxqaJfRE,4,4,concat,6
a_BLKgJTKtQ,4,4,concat,6
acCwR0TU8x8,4,4,concat,6
acijmxBzuTg,4,4,concat,6
adwE9H224fQ,4,4,concat,6
afugtSMCax0,4,4,concat,6
agXkgtPyc8g,4,4,concat,6
ai0WeGNOPGs,4,4,concat,6
akLMF_TrR_E,4,4,concat,6
am-Ot97rkJU,4,4,concat,6
am2hygdobDA,4,4,concat,6
anHqmK5sAI8,4,4,concat,6
anMOSIQBDgM,4,4,concat,6
anxefAEUH1M,4,4,concat,6
aoCwSz3YKgw,4,4,concat,6
apgso5vFid0,4,4,concat,6
as8yQLhYpAg,4,4,concat,6
asC-XzWd6S4,4,4,concat,6
asGb5ZcAYRw,4,4,concat,6
av0oClaFzZg,4,4,concat,6
awTveqdNrBA,4,4,concat,6
axBZJsYXo3M,4,4,concat,6
ayYWcmd4KP4,4,4,concat,6
azdAunX2YPQ,4,4,concat,6
b-Ea6w8HFgQ,4,4,concat,6
b0ExMrgqZHg,4,4,concat,6
b1lh7By9Rjc,4,4,concat,6
b4A3nbERB20,4,4,concat,6
b6T6_xDs0DU,4,4,concat,6
b8AqqH0HvkA,4,4,concat,6
b8X15m7U5u4,4,4,concat,6
b9FsRdUTRCg,4,4,concat,6
bAvuwVvOnJA,4,4,concat,6
bE92xMAnSbI,4,4,concat,6
bJj8XKmCQnE,4,4,concat,6
bN96tSASrlo,4,4,concat,6
bO6huPzJTGw,4,4,concat,6
bQ6Fw_LdYu0,4,4,concat,6
bUHdppBVUZQ,4,4,concat,6
bV438PjQGWA,4,4,concat,6
bVS4WHP7Do4,4,4,concat,6
bWtNdre0aYY,4,4,concat,6
b_iTIkUHU6U,4,4,concat,6
bbvRHBz3SmU,4,4,concat,6
bcDV8Ph14NM,4,4,concat,6
bcFLPyumtQs,4,4,concat,6
bci7RZjQeG8,4,4,concat,6
bcv4a2b4Y9E,4,4,concat,6
bdIWNztyc7s,4,4,concat,6
beLXse8PVuo,4,4,concat,6
bfj-fy8FhIQ,4,4,concat,6
bg5aQRgaKd0,4,4,concat,6
bgUb436TZeE,4,4,concat,6
bjmmSMS55dE,4,4,concat,6
bjtE9dvOy90,4,4,concat,6
bkOmgjdmlns,4,4,concat,6
blVj9pK8al4,4,4,concat,6
blY4atWwMpI,4,4,concat,6
bmdJ4J-7Es4,4,4,concat,6
bnvlUhFr4mM,4,4,concat,6
brAAQWKUj1M,4,4,concat,6
brxUEQCoWr8,4,4,concat,6
bsxOM4aTpn4,4,4,concat,6
bt1KiuHlGco,4,4,concat,6
bt2w0GRyDis,4,4,concat,6
bw2mE3oXISY,4,4,concat,6
bwjqc8tciTc,4,4,concat,6
c23h-mJtglg,4,4,concat,6
c4QL-hhszXQ,4,4,concat,6
c5S9C1GjGXA,4,4,concat,6
c5fkxdnDz0U,4,4,concat,6
c6M9XLPzaQM,4,4,concat,6
c9VJs99F9JQ,4,4,concat,6
cAyGQVbpUjA,4,4,concat,6
cCZbG-PPL3A,4,4,concat,6
cD9V0RHmX30,4,4,concat,6
cDycvm2xAzo,4,4,concat,6
cEyQ1z6G5yY,4,4,concat,6
cFi75nTR6Ss,4,4,concat,6
cIjAs2CPX0E,4,4,concat,6
cJ-JRV4lDgU,4,4,concat,6
cJHZIzkR4cU,4,4,concat,6
cL0dHqRO3JA,4,4,concat,6
cLsPWm0BPrU,4,4,concat,6
cNXOIFeQKHw,4,4,concat,6
cOnb0aeIQag,4,4,concat,6
cQvwxbORUaY,4,4,concat,6
cRiOa1WwDPo,4,4,concat,6
cTYIITlnCHk,4,4,concat,6
cUzmvegwTK0,4,4,concat,6
cY7-Ev0AByA,4,4,concat,6
cYhw98K8k24,4,4,concat,6
cZ-Lb7VvTzk,4,4,concat,6
cZeWkP0e2Zs,4,4,concat,6
ccCMS8A_BZ4,4,4,concat,6
cdVxk7Z9eiM,4,4,concat,6
ce9eBq7qYpQ,4,4,concat,6
ceroWU0ROiY,4,4,concat,6
ck9uOK7OALA,4,4,concat,6
ckQDzLuENs0,4,4,concat,6
cnDG2DeZQtM,4,4,concat,6
cnKZVTa21LY,4,4,concat,6
cnWNzdiucdg,4,4,concat,6
coParS6BO3Q,4,4,concat,6
comxNrNWEug,4,4,concat,6
cq3iv83Sv5k,4,4,concat,6
cqBjS-j1BIQ,4,4,concat,6
cqsE2lnO5Os,4,4,concat,6
crKuE6d5xJk,4,4,concat,6
cs27_LXp_b4,4,4,concat,6
cvH5vvZwGCY,4,4,concat,6
cvjjD-ziWog,4,4,concat,6
cweRcmppsTA,4,4,concat,6
cwvMp-rKqKo,4,4,concat,6
cyci4mG9oIM,4,4,concat,6
czVruNAmY0c,4,4,concat,6
d0j26OxB4Ns,4,4,concat,6
d1A69YFTV1Y,4,4,concat,6
d1qlogc2mC0,4,4,concat,6
d3QtfG3SLYM,4,4,concat,6
d5lGxs7eGEQ,4,4,concat,6
d6lzsHKN9-E,4,4,concat,6
dA_wbFaeprw,4,4,concat,6
dAj-P80OTl0,4,4,concat,6
dCJbhGlGBKw,4,4,concat,6
dCYb8le9QkQ,4,4,concat,6
dGHBDgDncNc,4,4,concat,6
dHVxwv5MYEQ,4,4,concat,6
dJ2_5jG8JFY,4,4,concat,6
dLzz3XbPeKg,4,4,concat,6
dMOEEV-CY5M,4,4,concat,6
dMPkM8EDcoo,4,4,concat,6
dQ6V4sbqwS0,4,4,concat,6
dRu9Ntg9BXc,4,4,concat,6
dSrcCqwGWEU,4,4,concat,6
dUKU_9yzS78,4,4,concat,6
dYqCVFCZuf0,4,4,concat,6
dcijU4EklaQ,4,4,concat,6
dfkKgaO8dco,4,4,concat,6
di-GSwjaZhU,4,4,concat,6
dihGW1T8_dw,4,4,concat,6
dlKJjodyUt4,4,4,concat,6
dlOPrewYos8,4,4,concat,6
dlt-Grn6uEc,4,4,concat,6
dm2QqbaoiVk,4,4,concat,6
dmrcOG-ZDvE,4,4,concat,6
dnpuUzdmm7c,4,4,concat,6
dod1uEq8Too,4,4,concat,6
dqhDoDQjPU0,4,4,concat,6
drXtmQVh26Q,4,4,concat,6
dsdYkIOrhWw,4,4,concat,6
dtrCQaQ5gLc,4,4,concat,6
dugcpLrrprI,4,4,concat,6
dxPhA9C_MRY,4,4,concat,6
dzBlK9n0XXI,4,4,concat,6
e-8Gparwk9c,4,4,concat,6
e0pPNeyQVzI,4,4,concat,6
e21K0e7dR2g,4,4,concat,6
e3GiayQoiIg,4,4,concat,6
e5HfnY0iwgE,4,4,concat,6
e5vJg8vy8PQ,4,4,concat,6
e7a0L1HPDOI,4,4,concat,6
e7uY9I3b9NA,4,4,concat,6
e87xicj3iaM,4,4,concat,6
e89mW6yU2Kk,4,4,concat,6
e8WIOlG6w3M,4,4,concat,6
e994qKxK6Ic,4,4,concat,6
eB_X2hjTS8k,4,4,concat,6
eBholTZ_y6g,4,4,concat,6
eD8txD2XAeo,4,4,concat,6
eDa26UkwjW8,4,4,concat,6
eFz-dIClRRQ,4,4,concat,6
eJ7sYdUEN9g,4,4,concat,6
eKIUO_C_NCI,4,4,concat,6
eKRv7kNGoLg,4,4,concat,6
eL8m2DMChsE,4,4,concat,6
eNIAIEw9c30,4,4,concat,6
eQRkos6H_fM,4,4,concat,6
eQvwQiBGz4c,4,4,concat,6
eQwmP1Upv38,4,4,concat,6
eUMUwkPRxQw,4,4,concat,6
eVzVza_d2wM,4,4,concat,6
eZystEOiA_A,4,4,concat,6
eaVpRVnFtlA,4,4,concat,6
ebOtSU6Ipgk,4,4,concat,6
edsJXiGJzAk,4,4,concat,6
ee_C59PbWnU,4,4,concat,6
ef2TjtAZyko,4,4,concat,6
efcMhu9g7j4,4,4,concat,6
efkRZUUqy_k,4,4,concat,6
egzv1-1IvmE,4,4,concat,6
eh9QZCF56sE,4,4,concat,6
ehlo_JuLXf4,4,4,concat,6
emQoyXgtCaA,4,4,concat,6
enrymmL62gI,4,4,concat,6
eqTga9uYFtg,4,4,concat,6
eqprKq6W3jc,4,4,concat,6
eqzqGcQ-1k0,4,4,concat,6
esD9eR_0lx4,4,4,concat,6
etZ2o-Qohxs,4,4,concat,6
evaGgnLCZ-Y,4,4,concat,6
ewVhDm6Tdi8,4,4,concat,6
eyP4OsGmIIw,4,4,concat,6
eyXlejNUAqU,4,4,concat,6
ez-ipy1s970,4,4,concat,6
f1qI6S-wFaQ,4,4,concat,6
f2hWAzmeZqM,4,4,concat,6
f3VOGFQk1I4,4,4,concat,6
f6mE9NZLfYM,4,4,concat,6
fEFkTbfkvkU,4,4,concat,6
fHw-gayEQ2I,4,4,concat,6
fIKcybyMgVU,4,4,concat,6
fM2WfTh_CD4,4,4,concat,6
fNgclsjS_5o,4,4,concat,6
fRDfGxqBQVU,4,4,concat,6
fTjoNUk7D3I,4,4,concat,6
fTsuujH8rX0,4,4,concat,6
fVRzHqongHE,4,4,concat,6
fXiBcF9iVuI,4,4,concat,6
fYZ1BSMG70E,4,4,concat,6
fZW0P-yCr7c,4,4,concat,6
f_7sQNeBbfM,4,4,concat,6
f_Wvd5LU1eM,4,4,concat,6
f_nY1eXVDgI,4,4,concat,6
fbR2B_sS2hg,4,4,concat,6
fdP0HKphpyY,4,4,concat,6
fe0LcbpuH-M,4,4,concat,6
feIhLFCoBXg,4,4,concat,6
feMIgulZoDg,4,4,concat,6
fgWr73pD6iI,4,4,concat,6
fgmNvrvonig,4,4,concat,6
fh8F9GDMiXk,4,4,concat,6
fhleESP_oJs,4,4,concat,6
fhzVE-bMRH4,4,4,concat,6
fl638h8WlIc,4,4,concat,6
fl8GEVUNfAA,4,4,concat,6
flKs3sp5vbM,4,4,concat,6
flWV4_JE5bU,4,4,concat,6
fm-RELoub8o,4,4,concat,6
fnXMqz6F3W0,4,4,concat,6
fqWkGwY-g5g,4,4,concat,6
ft4Hg_f7-vk,4,4,concat,6
fxmZRgJEUO8,4,4,concat,6
fyaVtApyF1s,4,4,concat,6
fzFoBXpViMQ,4,4,concat,6
g-hXMP2xya4,4,4,concat,6
g1PmCRsHOCY,4,4,concat,6
g20KVxi5Mf4,4,4,concat,6
g5ANW2EJlO0,4,4,concat,6
g5BM3rKdM-I,4,4,concat,6
g7MV4yiK0Rg,4,4,concat,6
gD93uZSJK3g,4,4,concat,6
gDq4G-z-JWc,4,4,concat,6
gF2RMOhzRn4,4,4,concat,6
gFd5c0ct8eY,4,4,concat,6
gGO0hzk2Wvc,4,4,concat,6
gGPfJNNn-ss,4,4,concat,6
gH4TTzpNbHY,4,4,concat,6
gIsCzW_x4DQ,4,4,concat,6
gIzycjnccfs,4,4,concat,6
gJNe3BEwFrM,4,4,concat,6
gK7QejYNzLc,4,4,concat,6
gKH11a2h0l8,4,4,concat,6
gKl7TRSAF3U,4,4,concat,6
gL9YvlqyhWE,4,4,concat,6
gMNpy726O78,4,4,concat,6
gNXuwc8fEHM,4,4,concat,6
gNjNb_lSG2s,4,4,concat,6
gOH__xemVcQ,4,4,concat,6
gQijUy4tqms,4,4,concat,6
gRiiDYut0vk,4,4,concat,6
gVOlRneTbqA,4,4,concat,6
gVxlo6gqGTQ,4,4,concat,6
gVxz65CD_IQ,4,4,concat,6
gWANqZcFIvk,4,4,concat,6
gWGt9MTeNQU,4,4,concat,6
gXCH2tCgw-g,4,4,concat,6
gYmnyAWKozk,4,4,concat,6
gZVZ1w9F2Hc,4,4,concat,6
gZzzaXYR5s8,4,4,concat,6
g_Q-SWvpzrM,4,4,concat,6
g_Uy9osU-Is,4,4,concat,6
gbQ8Tq2GAfc,4,4,concat,6
geBai5p4yfA,4,4,concat,6
gfEQXagx0_Q,4,4,concat,6
ggU0osEp4RE,4,4,concat,6
ghFu5rzQHa8,4,4,concat,6
gkmR8HL8RRw,4,4,concat,6
glKVoSx7w30,4,4,concat,6
gqybHl7H4J0,4,4,concat,6
grRNRnamqWA,4,4,concat,6
gsIpjZoF2Pw,4,4,concat,6
gsfdchVrBLo,4,4,concat,6
gwmTyquyn68,4,4,concat,6
gwnoq7LzM_8,4,4,concat,6
gxT1uqx1hLM,4,4,concat,6
gzFKOGlBmoY,4,4,concat,6
gzpL81hjQAE,4,4,concat,6
h-eGswHLhs0,4,4,concat,6
h00VhGFlqXE,4,4,concat,6
h05B0WNpgHE,4,4,concat,6
h0WT-FLL7xE,4,4,concat,6
h2ruHjF7HR4,4,4,concat,6
h3UoJKLjQq8,4,4,concat,6
h3lKJuQ5-I8,4,4,concat,6
h4h-AfEcw-o,4,4,concat,6
h7Hx5IvFIZw,4,4,concat,6
h7PRNMSjp3I,4,4,concat,6
h82-1URovzc,4,4,concat,6
h8AagKpFSHE,4,4,concat,6
h8LBz9W1lPU,4,4,concat,6
h8tHIKBQcCA,4,4,concat,6
hBqObfrDKqc,4,4,concat,6
hFpYXgYpfeY,4,4,concat,6
hGuHRkh5oto,4,4,concat,6
hIh9K3xCHlE,4,4,concat,6
hIzXGILF-hA,4,4,concat,6
hJbQVtJ_7bE,4,4,concat,6
hL7UVIERV2s,4,4,concat,6
hOSrG6U0YK0,4,4,concat,6
hQ-zXyvsegA,4,4,concat,6
hSdnQYvS4qQ,4,4,concat,6
hSgSzXkFQvs,4,4,concat,6
hTZO5rHDYKQ,4,4,concat,6
hTdgV5npx6M,4,4,concat,6
hUbb3-FrQTs,4,4,concat,6
hX9kouTF5J0,4,4,concat,6
hYbSOdhFrMQ,4,4,concat,6
h_YuyCK-SYw,4,4,concat,6
h_zdVhsSJDM,4,4,concat,6
hap5zzcMBMs,4,4,concat,6
hbdgula0yNk,4,4,concat,6
hcEG5DbfI3Q,4,4,concat,6
he2druGCQx0,4,4,concat,6
hfh-TeoPeD8,4,4,concat,6
hksUqOQp-tM,4,4,concat,6
hpig_kc5VUE,4,4,concat,6
hpojOuwHM4E,4,4,concat,6
hq70EmhY_qg,4,4,concat,6
hqHmUkgqBcg,4,4,concat,6
hs85-ZRfCxw,4,4,concat,6
hvlWHkd50Ik,4,4,concat,6
hxBJxCJW_Ik,4,4,concat,6
hxMYJ1Ak7pc,4,4,concat,6
hyeaOXbK1XU,4,4,concat,6
hylsN8j9QN8,4,4,concat,6
hzUhxguAA3I,4,4,concat,6
i-aJKQ5Ecp4,4,4,concat,6
i-p_QVBc9CU,4,4,concat,6
i0H3Knv636w,4,4,concat,6
i21oWLZDCEQ,4,4,concat,6
i2MOt3dpNVc,4,4,concat,6
i2ncxU-lYYU,4,4,concat,6
i3lbQOSjpT4,4,4,concat,6
i41w1GIBxOg,4,4,concat,6
i4DP1u_AaIw,4,4,concat,6
i4SGPTYwrzQ,4,4,concat,6
i7G5j4eGGAQ,4,4,concat,6
i81BdapM6zI,4,4,concat,6
i8m3zJZgUlQ,4,4,concat,6
i9OQ_nlVbiA,4,4,concat,6
iH1xgw-k8RQ,4,4,concat,6
iHuBM0TRQQk,4,4,concat,6
iJxJDXRA0g4,4,4,concat,6
iKqOMA_zswQ,4,4,concat,6
iL1KZg9Tnnk,4,4,concat,6
iL3PzY_2zII,4,4,concat,6
iLzI0cVduoQ,4,4,concat,6
iMR6KqW7IG0,4,4,concat,6
iN5GByAVwKY,4,4,concat,6
iQClDieos1Q,4,4,concat,6
iV23qnzXzYE,4,4,concat,6
iVXSoyQ6QRI,4,4,concat,6
iViV_1jQGns,4,4,concat,6
iW6HzuXOaoY,4,4,concat,6
ia55l5fMNA0,4,4,concat,6
ibexeUu3358,4,4,concat,6
icacBMgz_s8,4,4,concat,6
ickisaqkgmQ,4,4,concat,6
ieRz41ufzVI,4,4,concat,6
ihuaEPS7H8k,4,4,concat,6
iitmKHixbZw,4,4,concat,6
irepNEUsvlk,4,4,concat,6
isKNLuZZpLM,4,4,concat,6
itgFTn3IH70,4,4,concat,6
ith25zh794o,4,4,concat,6
iudDo2ysqKw,4,4,concat,6
iudWz6xVID8,4,4,concat,6
ivbBL9UG-2M,4,4,concat,6
j-QZmQLQlrI,4,4,concat,6
j0cX_DpDpSo,4,4,concat,6
j45worn17rg,4,4,concat,6
j61IHtoe1TM,4,4,concat,6
j6ILbV3nr44,4,4,concat,6
j6kSSykgEuE,4,4,concat,6
j9pI4zol7mw,4,4,concat,6
jAINQfEHlYk,4,4,concat,6
jAT_Ufh7oKA,4,4,concat,6
jCBbX9fXV4A,4,4,concat,6
jHD38inMXKg,4,4,concat,6
jHIgGKCftmg,4,4,concat,6
jLx1nqt9pWI,4,4,concat,6
jOHoQahSDAg,4,4,concat,6
jRL4OkhWpGw,4,4,concat,6
jSpazjVFm6k,4,4,concat,6
jTXNIUOkCMw,4,4,concat,6
jUkKOOfwLik,4,4,concat,6
jVE71TKdkjo,4,4,concat,6
jYHflnYYl0Y,4,4,concat,6
jZu5xNWwYvg,4,4,concat,6
j_1jPxsYgQQ,4,4,concat,6
j_QlKeGuy-8,4,4,concat,6
j_jQNkpsdnU,4,4,concat,6
jbUF9kQchxE,4,4,concat,6
jcPdH0s4Rlc,4,4,concat,6
jdF6XbEhOAQ,4,4,concat,6
jdj6ntU-vG8,4,4,concat,6
jdw6f8Q1SaM,4,4,concat,6
jfLOhjXQfxw,4,4,concat,6
jidDV308PX4,4,4,concat,6
jk3JCh68nAE,4,4,concat,6
jkmvxHQbdLA,4,4,concat,6
joCcfuVGYXQ,4,4,concat,6
joDNJ-BPVGA,4,4,concat,6
jqATSjkNk7I,4,4,concat,6
jrFzVmGnTiE,4,4,concat,6
jr_f5uf6Fog,4,4,concat,6
jsmpGdSM7T8,4,4,concat,6
jxcLdxN8L-g,4,4,concat,6
jxdKAHFa7XQ,4,4,concat,6
jyhR2SqD-YY,4,4,concat,6
jyu5pKonFGw,4,4,concat,6
k-nSbHrEhYQ,4,4,concat,6
k69T2SQVviQ,4,4,concat,6
k6FSlA-AOBc,4,4,concat,6
k7Hd1zjWaiU,4,4,concat,6
k977ia4b99c,4,4,concat,6
k9ZgjJNFwH0,4,4,concat,6
kBB6JhNSIow,4,4,concat,6
kDwiy-Y5mBM,4,4,concat,6
kGa-fC_FxVk,4,4,concat,6
kHgGs87aoxU,4,4,concat,6
kIuaoT33HHg,4,4,concat,6
kKM6kTwfrN0,4,4,concat,6
kLIlsobgrfo,4,4,concat,6
kLt_QJJC6vM,4,4,concat,6
kMBkwL2CJ8U,4,4,concat,6
kN9RgA_r7Lw,4,4,concat,6
kNKL7rqoVlc,4,4,concat,6
kO7fK4S9R9I,4,4,concat,6
kOCI7jPG5CM,4,4,concat,6
kPY5eeL676o,4,4,concat,6
kR87sFUtlS8,4,4,concat,6
kR9QMSKteOk,4,4,concat,6
kR9R4bJiJ7w,4,4,concat,6
kRl3CbXAnwo,4,4,concat,6
kT4sZuQkHBg,4,4,concat,6
kTi2xtWmbzY,4,4,concat,6
kVLvXqk0s_U,4,4,concat,6
kXJ1KZ70V7w,4,4,concat,6
kYO15Ga_i7U,4,4,concat,6
kYd8DGaVonE,4,4,concat,6
kZKqXljYilM,4,4,concat,6
kaOq-HWyV0Y,4,4,concat,6
kbs30nOvey8,4,4,concat,6
kcApYITV2ic,4,4,concat,6
kd5nRXgA3jk,4,4,concat,6
ke7DwX4GVI4,4,4,concat,6
keaPtrtlWJY,4,4,concat,6
kjab3vH4ZlE,4,4,concat,6
kjyTT4pOdfs,4,4,concat,6
kk8ZhfoW7P8,4,4,concat,6
kmGleMxaXfg,4,4,concat,6
koDGZmD_SeI,4,4,concat,6
kq7saPcPnUw,4,4,concat,6
ksD-cz5lbgw,4,4,concat,6
ksKLGw4ISZY,4,4,concat,6
ktFOFxTZ-w4,4,4,concat,6
kvHI7bNNbEc,4,4,concat,6
kxvoKNXnvho,4,4,concat,6
ky1vbif4_ew,4,4,concat,6
kyA_eII1WMw,4,4,concat,6
kyI0ciRlS54,4,4,concat,6
kzzPfLMKaGA,4,4,concat,6
l0ft3f-5_Zs,4,4,concat,6
l1Ord_thltw,4,4,concat,6
l1T28y8gBwM,4,4,concat,6
l1_8P2DpdGU,4,4,concat,6
l3wcKWYBXNs,4,4,concat,6
l3yRiMgu0wM,4,4,concat,6
l53UaiUyl8M,4,4,concat,6
l5iZ450Qo_A,4,4,concat,6
l7QruJ7DZlY,4,4,concat,6
l8mwR4e5jqM,4,4,concat,6
lARw1h1JUBs,4,4,concat,6
lD_M4DMebRE,4,4,concat,6
lEa8Z28QfhA,4,4,concat,6
lFP_fGsrg3w,4,4,concat,6
lH-5rch3QrE,4,4,concat,6
lHUXll7Kmq0,4,4,concat,6
lHaiMf63Wmw,4,4,concat,6
lJ5TAlQHGc8,4,4,concat,6
lJh_uvnAMPA,4,4,concat,6
lKPlEainxD4,4,4,concat,6
lKki95oYcQ8,4,4,concat,6
lLfv_uVZd_c,4,4,concat,6
lOJwTFaqoE0,4,4,concat,6
lOk0619bdAw,4,4,concat,6
lTMAZc2uAmo,4,4,concat,6
lUHlE03cm24,4,4,concat,6
lUwJP3JjS3Q,4,4,concat,6
lVA0ZqFP870,4,4,concat,6
lVJxzhoSa74,4,4,concat,6
lXejoihHCdU,4,4,concat,6
l_xurEyGG68,4,4,concat,6
lcBL4L3J81M,4,4,concat,6
lcOnU2BgpRU,4,4,concat,6
lfkhPuRbaIM,4,4,concat,6
lfssF16Bkcc,4,4,concat,6
lgjd0UIiW5I,4,4,concat,6
lh3n7xucC6c,4,4,concat,6
li0fxHHcOzw,4,4,concat,6
lkSqjmmvpnk,4,4,concat,6
lmnb0LZqGAc,4,4,concat,6
lnG0Aw9jLsA,4,4,concat,6
loysZXzczsc,4,4,concat,6
lsGxXav5ODo,4,4,concat,6
lvlC0T1lXq4,4,4,concat,6
lvygWNsWb4A,4,4,concat,6
lwTncPYaWRA,4,4,concat,6
lxRg4YZZ9lY,4,4,concat,6
lysC_owNyeA,4,4,concat,6
lysUeT4Kps4,4,4,concat,6
m-5AFhM9UKg,4,4,concat,6
m-8u09DmBEE,4,4,concat,6
m-aRXuLyByw,4,4,concat,6
m-pG_Vns60A,4,4,concat,6
m1nEW6hWubE,4,4,concat,6
m2DJoDkdq4g,4,4,concat,6
m3-GLB6lCWg,4,4,concat,6
m55D4D3p4z8,4,4,concat,6
m5eiQRzTnI4,4,4,concat,6
m6S79XH-Ty8,4,4,concat,6
m9M0mzmxL70,4,4,concat,6
m9bv-vjj6ec,4,4,concat,6
mDdy8i09l-M,4,4,concat,6
mE68XG9QXJ0,4,4,concat,6
mFCQ4Ozd6uo,4,4,concat,6
mFMo9A6a5MQ,4,4,concat,6
mG48pGBc60I,4,4,concat,6
mJ6IiJ9piOg,4,4,concat,6
mKBsgmng0j4,4,4,concat,6
mL4M3IXy0QE,4,4,concat,6
mMYfHOpHID0,4,4,concat,6
mNrN4IGNN4s,4,4,concat,6
mOwPsrCDkLY,4,4,concat,6
mPk89yMp4w4,4,4,concat,6
mPmkJGbBGsU,4,4,concat,6
mSHwpWJVTxg,4,4,concat,6
mUK320MJT7o,4,4,concat,6
mUNj9fLtg3A,4,4,concat,6
mYZfPqS6VoQ,4,4,concat,6
ma2ryDll-U4,4,4,concat,6
maEZb31GsgE,4,4,concat,6
maLWUmtNuE4,4,4,concat,6
mbfQHym3Kxo,4,4,concat,6
mc6EeL13VZQ,4,4,concat,6
mduGqsSYbPs,4,4,concat,6
mgTOltRXkjQ,4,4,concat,6
mhEpAQqd_0s,4,4,concat,6
mhlSsIWH7kM,4,4,concat,6
mitpFJryLRU,4,4,concat,6
mlCteY04bzI,4,4,concat,6
mniiuWop-XI,4,4,concat,6
moKJ-V8HAQg,4,4,concat,6
mom3goyUlr4,4,4,concat,6
mp8mq6FySxo,4,4,concat,6
mpIYNvRmdB0,4,4,concat,6
mpkR9nxTO2g,4,4,concat,6
mqAuxy8g-fo,4,4,concat,6
mqQjo0LfZ-g,4,4,concat,6
mr9MaNH2gd0,4,4,concat,6
mu-q9xkhp6I,4,4,concat,6
mv5flzcvQxw,4,4,concat,6
mv8GWCgcR3M,4,4,concat,6
myznONAgVzM,4,4,concat,6
n-aASeNYDeE,4,4,concat,6
n0LvMyBIuBg,4,4,concat,6
n2qF_QGWAVY,4,4,concat,6
n30kOmALF4E,4,4,concat,6
n5rSjfrSyzY,4,4,concat,6
n6kxWN-4bB8,4,4,concat,6
n7zWeqlxRTY,4,4,concat,6
n88Z2F73aQs,4,4,concat,6
n9Upt3csn9A,4,4,concat,6
nB0R9-XNrTg,4,4,concat,6
nBN2t1ZlX0Q,4,4,concat,6
nB_O3av7WZM,4,4,concat,6
nBcTFEYIgGo,4,4,concat,6
nBljYc3o2o4,4,4,concat,6
nDEiJzT1f6g,4,4,concat,6
nDxFAjho7pk,4,4,concat,6
nEanQOgJL1c,4,4,concat,6
nEdwK_Uh7NY,4,4,concat,6
nF3BrnVl9GA,4,4,concat,6
nFNnULD3DsY,4,4,concat,6
nG_WXpxAmFo,4,4,concat,6
nHONUNywsgI,4,4,concat,6
nHrkJ3LOCBA,4,4,concat,6
nIPi7FcCkQg,4,4,concat,6
nJxHDsplZFk,4,4,concat,6
nKOszBdW8fo,4,4,concat,6
nMhKmkhx3dA,4,4,concat,6
nNNAS1JIfPo,4,4,concat,6
nO7HQTveVN0,4,4,concat,6
nOKbD30XNgs,4,4,concat,6
nR1m71h1C_g,4,4,concat,6
nRDu9SmPW9o,4,4,concat,6
nRg8e3BT7xw,4,4,concat,6
nSwBS4_HzFs,4,4,concat,6
nTBbO3t0RDw,4,4,concat,6
nTnLstAtmAI,4,4,concat,6
nX5P0JeZe58,4,4,concat,6
naKQU5zorRQ,4,4,concat,6
nafo5guqGoc,4,4,concat,6
ne6N4YpovxE,4,4,concat,6
neczOGkSYO4,4,4,concat,6
niTLJUpJ8D4,4,4,concat,6
njta7_VvgRM,4,4,concat,6
nlITdCApm6s,4,4,concat,6
nmaasfhgYUI,4,4,concat,6
nmiMiRnFeMs,4,4,concat,6
noBCoWIUBHM,4,4,concat,6
nods-J05pRI,4,4,concat,6
nofC56QOk7Y,4,4,concat,6
nonc2NRG7C0,4,4,concat,6
nq27WV1ErXY,4,4,concat,6
nrll5h0h0dQ,4,4,concat,6
nvmMSjStARc,4,4,concat,6
nvtUkRQlWU8,4,4,concat,6
nwfbBa4vRgY,4,4,concat,6
o1QBDlebR_o,4,4,concat,6
o1WNy08_fCA,4,4,concat,6
o2ED1ZvAk0Y,4,4,concat,6
o5LaAGfaT44,4,4,concat,6
o7FYvrhM__o,4,4,concat,6
o7Pfs9-iVoY,4,4,concat,6
o7eKv-TnLss,4,4,concat,6
o7gEK-zHzow,4,4,concat,6
o84pWgEaHHo,4,4,concat,6
o8SEHrd1OLM,4,4,concat,6
o8ekl7ZS-yI,4,4,concat,6
o9J7RpQtXsw,4,4,concat,6
o9R8glTMBVc,4,4,concat,6
oATJvh_wxr4,4,4,concat,6
oAbwq4fmbD8,4,4,concat,6
oBb6k28pPeE,4,4,concat,6
oFD9ewspWHg,4,4,concat,6
oGf-6Auv4LY,4,4,concat,6
oI25c860F2s,4,4,concat,6
oJWSVk2cs8A,4,4,concat,6
oKnKYx_T-pg,4,4,concat,6
oLTnMxZUekQ,4,4,concat,6
oNaRKgrXbdo,4,4,concat,6
oP1SKpkkDWU,4,4,concat,6
oP9QWH7lFzw,4,4,concat,6
oQDjiMW9hH8,4,4,concat,6
oR_cPHexvq8,4,4,concat,6
oSX6m-7r-78,4,4,concat,6
oUYWBPm6L9E,4,4,concat,6
oV1eevDCb0E,4,4,concat,6
oWL62YltphM,4,4,concat,6
oWPKs4pAgoQ,4,4,concat,6
oY5qpIvuAMc,4,4,concat,6
o_31jwuszCM,4,4,concat,6
oaBa0jLLJd0,4,4,concat,6
ocN9upHM3RA,4,4,concat,6
oc_KTz1jwR0,4,4,concat,6
odRpNMAku3c,4,4,concat,6
odggqFNhbOI,4,4,concat,6
ofhG7nLo7Gs,4,4,concat,6
oj-iQ2oG_34,4,4,concat,6
okC4AMLReIY,4,4,concat,6
okr8rU2ah38,4,4,concat,6
om_I4h_TbIA,4,4,concat,6
onajYKHP2Js,4,4,concat,6
onpeY8nLIcI,4,4,concat,6
ooE3dpVmiyA,4,4,concat,6
ooQt4AvpXBA,4,4,concat,6
oo_GtXeCbCI,4,4,concat,6
oojkW9y7YgU,4,4,concat,6
opUOyDaIlj4,4,4,concat,6
osEBVXIl1Ic,4,4,concat,6
osKH4iIo8tw,4,4,concat,6
ozN3XULRotw,4,4,concat,6
ozx1FVhKHuc,4,4,concat,6
p-FtUrip1xQ,4,4,concat,6
p02LYCDDuyc,4,4,concat,6
p0EmBCddyls,4,4,concat,6
p0eUxPSLwXM,4,4,concat,6
p4H3O_ZAzHg,4,4,concat,6
p4KZ7JasedA,4,4,concat,6
p6LpcXmakbw,4,4,concat,6
p9VOQjfUMnQ,4,4,concat,6
p9wk1U69v-k,4,4,concat,6
pAqLIxzkLDQ,4,4,concat,6
pBkUJpD2rWk,4,4,concat,6
pBlTkvpQbQ8,4,4,concat,6
pCnP_c510Ew,4,4,concat,6
pDC_O6JOmuk,4,4,concat,6
pELLGRpfwNk,4,4,concat,6
pERn8CTgKCs,4,4,concat,6
pGahC9SOvpE,4,4,concat,6
pHUhwkCfLGY,4,4,concat,6
pIIVb0QV--0,4,4,concat,6
pJHyYYC1wXk,4,4,concat,6
pKnnL-kNG04,4,4,concat,6
pL6JAyTJ_q4,4,4,concat,6
pN-MpCPjKTI,4,4,concat,6
pOneWBuv4Fw,4,4,concat,6
pRS6u2jDWFg,4,4,concat,6
pReDuSO7fCk,4,4,concat,6
pSU24_OSk_g,4,4,concat,6
pSsk90AQRZw,4,4,concat,6
pTpL1yvFNKs,4,4,concat,6
pU34T-c5vtE,4,4,concat,6
pW-o9Zp-F34,4,4,concat,6
pW2FZhGRtfQ,4,4,concat,6
pWTlOa88NTc,4,4,concat,6
pX0AwHPFsuc,4,4,concat,6
pXQBfIz1yNI,4,4,concat,6
pX_6_NTlrzo,4,4,concat,6
pXeTNvE1Y7c,4,4,concat,6
pYKBaHdNLUY,4,4,concat,6
pYhOqIFR46o,4,4,concat,6
pZCr4WZtgXc,4,4,concat,6
p_HdgjlTT8I,4,4,concat,6
p_mozZ0wgoU,4,4,concat,6
paKd894ZFHQ,4,4,concat,6
paeOq3D0gjo,4,4,concat,6
pauqjttNoCM,4,4,concat,6
pfW75QjbrIg,4,4,concat,6
poJb_WzAV68,4,4,concat,6
poLXR49SmCw,4,4,concat,6
pqx3WtoDpdI,4,4,concat,6
prNzr-y5qII,4,4,concat,6
preFJppkZsQ,4,4,concat,6
pt13eqmcFP8,4,4,concat,6
pu2B4klJiJM,4,4,concat,6
pv6rD7UK49E,4,4,concat,6
pvujnbrEk0Y,4,4,concat,6
pwFsTI8HiXA,4,4,concat,6
pwOK2zratmY,4,4,concat,6
pxopIvxJ_e8,4,4,concat,6
pzw3-wACTgI,4,4,concat,6
q00iJ1r_uu4,4,4,concat,6
q2WS7qa2KoQ,4,4,concat,6
q4G2_Y-25Zw,4,4,concat,6
q4fKYUnmsQU,4,4,concat,6
q89XquuuFAI,4,4,concat,6
q8YvJxx0dKE,4,4,concat,6
q90Wc0MzdAM,4,4,concat,6
q9Oz1DgKsP0,4,4,concat,6
qB6UrH9BUpc,4,4,concat,6
qCFFP7NI9ww,4,4,concat,6
qG-gCKRrDXc,4,4,concat,6
qI-y-deVuBQ,4,4,concat,6
qITrVmjIvPY,4,4,concat,6
qJMkJ6w6pJ4,4,4,concat,6
qKKzXszFlHA,4,4,concat,6
qL1CF954IFw,4,4,concat,6
qMJLrVHc91Q,4,4,concat,6
qMOQ-aCiDkk,4,4,concat,6
qO3W-tZOtuw,4,4,concat,6
qQNBCQfOLcI,4,4,concat,6
qR2lMwF88Mk,4,4,concat,6
qTjelVaCo2U,4,4,concat,6
qWNqjnnbhg0,4,4,concat,6
qWeTUw52JPQ,4,4,concat,6
qX-vr14JHuU,4,4,concat,6
qZ6oadMF7MM,4,4,concat,6
qZApKEK3SbE,4,4,concat,6
q_Lj30PL6pY,4,4,concat,6
qaKV-2Jp7zM,4,4,concat,6
qchSMFPXBak,4,4,concat,6
qdtpFg2Fxhg,4,4,concat,6
qduiQfLzcXE,4,4,concat,6
qdxh7a38Jws,4,4,concat,6
qfIgz6EAlPs,4,4,concat,6
qfclgpqCgqQ,4,4,concat,6
qfzWo_D7leg,4,4,concat,6
qgdtj3VTQ1k,4,4,concat,6
qgzEf8OlMDQ,4,4,concat,6
qhTVkIp6vPA,4,4,concat,6
qiFmJxfZ8lA,4,4,concat,6
qiV_F9LDIMo,4,4,concat,6
qkyzxBMk_GY,4,4,concat,6
qls3IehwLgc,4,4,concat,6
qltBSm06CgU,4,4,concat,6
qluE4TbXKeM,4,4,concat,6
qmSQUJDWfBU,4,4,concat,6
qmZ0ZH0YP7M,4,4,concat,6
qoJyrkvBhVg,4,4,concat,6
qrZHzVfLnJw,4,4,concat,6
qvZR75SZJWs,4,4,concat,6
qxj6lTA6jDA,4,4,concat,6
r0WPZ3qJ4CU,4,4,concat,6
r0cyKXWtlQs,4,4,concat,6
r1s5lAGfiks,4,4,concat,6
r279oQQhcdw,4,4,concat,6
r3DYkGyV5oE,4,4,concat,6
r4pdWTFDpWo,4,4,concat,6
r5SESwaZqXk,4,4,concat,6
rBhcQoDQPM8,4,4,concat,6
rCL9cUN7TsI,4,4,concat,6
rCkXjhuLihs,4,4,concat,6
rD9tP710xEs,4,4,concat,6
rGE6D0ZyDfQ,4,4,concat,6
rGesiBO8W0Q,4,4,concat,6
rHqVcX_MsoE,4,4,concat,6
rIZWVuAD5rw,4,4,concat,6
rJ2tVnKeb64,4,4,concat,6
rL3Cev5fz-Q,4,4,concat,6
rLK6bv_vJMI,4,4,concat,6
rMQOvcdpNDM,4,4,concat,6
rMZO4DfWAxg,4,4,concat,6
rMy_22_inCc,4,4,concat,6
rN9rS3xXFbw,4,4,concat,6
rOveS_OCyzs,4,4,concat,6
rPadiSzc8_M,4,4,concat,6
rQjo5wvJaV8,4,4,concat,6
rRCz82Dp8KA,4,4,concat,6
rRMmzqAjqBg,4,4,concat,6
rS0ik2d69V4,4,4,concat,6
rSDgln4x9B8,4,4,concat,6
rSpftKHe_ZU,4,4,concat,6
rVIcX0gGmX0,4,4,concat,6
rVx2d9pVhgM,4,4,concat,6
rZbaU6cApdc,4,4,concat,6
rabu7AHPrTc,4,4,concat,6
rapM486fLt0,4,4,concat,6
raszBEroqg0,4,4,concat,6
razEW7a41HU,4,4,concat,6
rbaDOuL_6jo,4,4,concat,6
rcLbrEoupps,4,4,concat,6
rcp_CV4FZ4k,4,4,concat,6
re5gi2omLXI,4,4,concat,6
rfYDSvIlleM,4,4,concat,6
rfd8QRMarLM,4,4,concat,6
rhXhkuBPbHU,4,4,concat,6
rk2CDebkzpw,4,4,concat,6
rmd5Dl2wQMU,4,4,concat,6
rn2GgtLiKDE,4,4,concat,6
rnYkV3_8P9Y,4,4,concat,6
roG1rdsJfAI,4,4,concat,6
rosgB5H5rrE,4,4,concat,6
rpyCNptUU2A,4,4,concat,6
ruxJRwmbMpM,4,4,concat,6
rv1UqO2UBEU,4,4,concat,6
rvCfjAH4ucg,4,4,concat,6
rvVF-8A-RH4,4,4,concat,6
rwhQuZTqlqc,4,4,concat,6
s0xmMFa1vQg,4,4,concat,6
s2AuBQb7TP0,4,4,concat,6
s2bWc7_z-is,4,4,concat,6
s2jbrYNqA6w,4,4,concat,6
s3Q7SlV6mhM,4,4,concat,6
s3aSdooEN2c,4,4,concat,6
s4SUPOLVGU0,4,4,concat,6
s4_ur1BXuo8,4,4,concat,6
s53FqG6ohxI,4,4,concat,6
s5rPXVxIYhg,4,4,concat,6
s658g_ddgS0,4,4,concat,6
sCUtx_CpNZc,4,4,concat,6
sD55soH33-8,4,4,concat,6
sDJDjWrf-oU,4,4,concat,6
sE0JkqmhPaY,4,4,concat,6
sEfBzbWKjcM,4,4,concat,6
sHe6NHApyAQ,4,4,concat,6
sLCFN3cBY6I,4,4,concat,6
sOjYpHYwTlQ,4,4,concat,6
sPyZtcwGhmY,4,4,concat,6
sPypTSHRxrk,4,4,concat,6
sQQ4mTKZNqg,4,4,concat,6
sQvSVbzKSHA,4,4,concat,6
sSEHOmaZE4A,4,4,concat,6
sSQGvUjKo5o,4,4,concat,6
sSd6JhDk4Go,4,4,concat,6
sT0_CBpnEfk,4,4,concat,6
sT3W4aGa1m8,4,4,concat,6
sTAflbXLDmE,4,4,concat,6
sUha5-0S-Q8,4,4,concat,6
sVbkB0m3QWo,4,4,concat,6
sXagZeRlJAs,4,4,concat,6
sZe_syrUTMk,4,4,concat,6
sZtvhwQ2Bm8,4,4,concat,6
s_4_PaMxcxw,4,4,concat,6
s_IkpO3xZD4,4,4,concat,6
seAHIRAVCDc,4,4,concat,6
seB4El-tEMo,4,4,concat,6
sf2XE5i0xGk,4,4,concat,6
siav_S2zTds,4,4,concat,6
siglvE9CEq8,4,4,concat,6
sjGjI5oXiXc,4,4,concat,6
sjXAD4MTgI0,4,4,concat,6
skPr_jztWzU,4,4,concat,6
slkn84B0GWo,4,4,concat,6
sp6ihIeBmuc,4,4,concat,6
spAf_0-vWP4,4,4,concat,6
srQDMoM_x3Q,4,4,concat,6
ssWIyEdpI3s,4,4,concat,6
stK-2bVHX1g,4,4,concat,6
svg398SVXJo,4,4,concat,6
syaoyHJ7GHw,4,4,concat,6
sziFwdAOELg,4,4,concat,6
t5N9auVrTAM,4,4,concat,6
t5oO9jPiHis,4,4,concat,6
t6Y8hg0wQKU,4,4,concat,6
t8cGrtTWYpw,4,4,concat,6
tCOhtN5dh6k,4,4,concat,6
tCSN5WT1kdE,4,4,concat,6
tCghAWQnqeo,4,4,concat,6
tEBhy7ONNDQ,4,4,concat,6
tIohWJIhO60,4,4,concat,6
tJpXdgs-Nis,4,4,concat,6
tJupArI5zuo,4,4,concat,6
tKjau2XjKZg,4,4,concat,6
tNkEhmfztxE,4,4,concat,6
tS41MTQBYL8,4,4,concat,6
tUoioRViRHA,4,4,concat,6
tWooJvqNczg,4,4,concat,6
tXDPWBtxk60,4,4,concat,6
tXOMsO0Rhkc,4,4,concat,6
tY9MfP9dvh8,4,4,concat,6
tYiV869DSE8,4,4,concat,6
t_j50j62mx0,4,4,concat,6
tacTz4ZPO_A,4,4,concat,6
tbVpFFoiJa4,4,4,concat,6
tcEFkqD9cx0,4,4,concat,6
tfaanHm09lc,4,4,concat,6
tgZT0yge3do,4,4,concat,6
thf14hrbrAs,4,4,concat,6
thhxNgdjbeA,4,4,concat,6
tiWPll1pCRg,4,4,concat,6
tkwouPzUaD4,4,4,concat,6
tmALvjTC848,4,4,concat,6
tnn6B6Pyf4c,4,4,concat,6
tpLXv4uYqHc,4,4,concat,6
tsMnj_q3aP8,4,4,concat,6
tsQ58sqXfEk,4,4,concat,6
tsr8gv5YskQ,4,4,concat,6
ttIQsMyF_oE,4,4,concat,6
tvIKE9JQbBk,4,4,concat,6
txzqM0OWQWs,4,4,concat,6
tyf8DMzFoeo,4,4,concat,6
u1tvQfaSgBw,4,4,concat,6
u3G03S4STvA,4,4,concat,6
u3qkbqtXc6U,4,4,concat,6
u5ADzH91o-s,4,4,concat,6
u5lD6Vc7brk,4,4,concat,6
u7e5evXHqpo,4,4,concat,6
u9wURvbjrwA,4,4,concat,6
u9ygpXNNQWM,4,4,concat,6
uE-dQD8TJ8M,4,4,concat,6
uH4jFb_CWhY,4,4,concat,6
uI6QFYqgayM,4,4,concat,6
uIkk3DdvI2s,4,4,concat,6
uIrWseC44M4,4,4,concat,6
uMTNqRZb7BU,4,4,concat,6
uPEi8WcMmz4,4,4,concat,6
uROigUXCtnY,4,4,concat,6
uRbhgDhJpJ4,4,4,concat,6
uRiS75ettDw,4,4,concat,6
uTIqIH0VW6s,4,4,concat,6
uTXNnRa2OQg,4,4,concat,6
uY3HLNVKS3U,4,4,concat,6
u_GfZHFWmAo,4,4,concat,6
u_mzuysXSUY,4,4,concat,6
ua7vpUAGcvs,4,4,concat,6
uaEmrfmPkWs,4,4,concat,6
ub9zF-WBA7E,4,4,concat,6
uc6DsvR-4OI,4,4,concat,6
ucz_p2ssiMI,4,4,concat,6
udZv4YzQTFs,4,4,concat,6
ue4KgFSVwkc,4,4,concat,6
ueFW9QYn6nU,4,4,concat,6
ufo8qp7grI0,4,4,concat,6
uhkGCzXiqu8,4,4,concat,6
uj9y7qn6jsg,4,4,concat,6
ulzBhDDQCkk,4,4,concat,6
unCzHSQT9vI,4,4,concat,6
unUW9zifRMc,4,4,concat,6
unWV86-NxnM,4,4,concat,6
uo09GD9ZzPg,4,4,concat,6
uoCkiWQ6S9U,4,4,concat,6
uocrN3RAb5I,4,4,concat,6
upX7XTX_HS8,4,4,concat,6
upwfv_n-pxg,4,4,concat,6
uqAdEv2M0hw,4,4,concat,6
uqmBFLcs3XA,4,4,concat,6
urp37BrWJr8,4,4,concat,6
usrC9_Cx1lg,4,4,concat,6
ux9fhNscEh8,4,4,concat,6
uycMhUJE4i4,4,4,concat,6
uzwMHx4Bjig,4,4,concat,6
v1YkSVaRN-A,4,4,concat,6
v2R4iuOrCFA,4,4,concat,6
v4M6-Djt-00,4,4,concat,6
v6gKLkxYny4,4,4,concat,6
v7T7Kqa4AEI,4,4,concat,6
v7lr3sqw0XU,4,4,concat,6
v8YVqMjWo_8,4,4,concat,6
vA8FE5H1IJQ,4,4,concat,6
vAnHINhB2RU,4,4,concat,6
vEWMfBMGnT4,4,4,concat,6
vF60Ef4eOAM,4,4,concat,6
vFDP1sUwbHs,4,4,concat,6
vGJaNGA8-Xo,4,4,concat,6
vIPe5mPOk5w,4,4,concat,6
vIhtjzyF8wY,4,4,concat,6
vJM0ka_oCrI,4,4,concat,6
vN9JFEHeuYI,4,4,concat,6
vPveln-EIEE,4,4,concat,6
vSLtpq6AQQc,4,4,concat,6
vTfMmyr2-wo,4,4,concat,6
vW8XcgXd6xo,4,4,concat,6
vWQ1b08-UpI,4,4,concat,6
vXzwHwATpHk,4,4,concat,6
vY8U0IffhfE,4,4,concat,6
vYUHvwI0cP0,4,4,concat,6
vYbvcjiC0ts,4,4,concat,6
vagXtMttldg,4,4,concat,6
vcNrN8Lk3bQ,4,4,concat,6
veYPqvxr974,4,4,concat,6
vglHJM67WUM,4,4,concat,6
vhGEfYcBjEs,4,4,concat,6
vi9OEhO57W0,4,4,concat,6
vie3NDbpjxs,4,4,concat,6
vjdEMO3CPKk,4,4,concat,6
vmb1vJ5rOIc,4,4,concat,6
vn7B74hXG6o,4,4,concat,6
vnNhMvSgR9s,4,4,concat,6
vnVBKzT2h5E,4,4,concat,6
vr1DaqJ5pes,4,4,concat,6
vr96YlpcHGo,4,4,concat,6
vrGRANWinFE,4,4,concat,6
vtjj__zzNWE,4,4,concat,6
vv-521bln2Y,4,4,concat,6
vwIyg7TvLcU,4,4,concat,6
vwZJRNAgpz4,4,4,concat,6
vyYVO4CeXgE,4,4,concat,6
vzomSn8aHsw,4,4,concat,6
w-IqlyWs-Go,4,4,concat,6
w1_E00pUQI8,4,4,concat,6
w2UXFhKFQeU,4,4,concat,6
w4GgUffKvDA,4,4,concat,6
w5jQeerCJE0,4,4,concat,6
w6OM648gzFc,4,4,concat,6
w6aLII5vc6c,4,4,concat,6
w7vNjL2SyXE,4,4,concat,6
w8yqJfek93U,4,4,concat,6
w9_m5TrgFjs,4,4,concat,6
wBndzCmUxTU,4,4,concat,6
wBrr4tqTkKc,4,4,concat,6
wDVVDjOO65U,4,4,concat,6
wETzgicbLSc,4,4,concat,6
wEvqFh0cQzQ,4,4,concat,6
wH5iYjXazFQ,4,4,concat,6
wHJM1lyuYJE,4,4,concat,6
wHpwCw_suUY,4,4,concat,6
wHykUXbWIr4,4,4,concat,6
wI7WSZR2byA,4,4,concat,6
wINrb9Ev1p0,4,4,concat,6
wOU5bYfFTs0,4,4,concat,6
wOYUhIWLQS4,4,4,concat,6
wQ0YCtA61-U,4,4,concat,6
wQgRfIHg9R8,4,4,concat,6
wQikox8Thvo,4,4,concat,6
wRcZFJLF0JI,4,4,concat,6
wUgyanEO4Hg,4,4,concat,6
wXN3pNbSWxQ,4,4,concat,6
wXgxI61KPvg,4,4,concat,6
wYJTLqExnCc,4,4,concat,6
wZmY2yWCPfs,4,4,concat,6
waE5dEKyN8I,4,4,concat,6
waGf4pSWZio,4,4,concat,6
waPfGzp1zM8,4,4,concat,6
warmohcC6xg,4,4,concat,6
wc683fKWKDE,4,4,concat,6
wcc8bGKT6R4,4,4,concat,6
wch4dQ0J5GI,4,4,concat,6
wcxoQmuIV2s,4,4,concat,6
we2n8KixSGk,4,4,concat,6
we_ykeW4TIs,4,4,concat,6
wgrfI-qVB80,4,4,concat,6
wjYRuzrjqtg,4,4,concat,6
wnBmenaPwEA,4,4,concat,6
wnVAqT79Lfk,4,4,concat,6
wo7T0tKMv-Q,4,4,concat,6
wool-zERL0w,4,4,concat,6
wsf3Ep8x6qk,4,4,concat,6
wu-pbh7Gt7M,4,4,concat,6
wuLgE43xZCo,4,4,concat,6
wukhfiOYvi4,4,4,concat,6
wvZoJD3wt6Y,4,4,concat,6
wwK7ZD4sZB4,4,4,concat,6
x-3dUKg5TAs,4,4,concat,6
x-7VSTgNDgc,4,4,concat,6
x2AtcXXnVz4,4,4,concat,6
x2NjlS0Kk2Q,4,4,concat,6
x3BIiQwbPPs,4,4,concat,6
x78eQLdFvZI,4,4,concat,6
xA5LZHXu7TI,4,4,concat,6
xB-LGT2XFqw,4,4,concat,6
xBg9y0PglWo,4,4,concat,6
xCHKHIPJv9U,4,4,concat,6
xCP_HgedXio,4,4,concat,6
xDdCQafuDjs,4,4,concat,6
xFjp2h_T3Yc,4,4,concat,6
xG4r0x8CvH8,4,4,concat,6
xG7Il2XCQiA,4,4,concat,6
xIH-woaXkTU,4,4,concat,6
xIMwvBxVGHo,4,4,concat,6
xJW189r68Uk,4,4,concat,6
xKxS05gou8c,4,4,concat,6
xL7N6Z9-Q_I,4,4,concat,6
xMSMC9EZISM,4,4,concat,6
xNeA0bYFvVU,4,4,concat,6
xONTVDeVToY,4,4,concat,6
xP1p-7Pkd3M,4,4,concat,6
xR7zbrMbTnM,4,4,concat,6
xWTP0Q6i19w,4,4,concat,6
xWix33ZOnbk,4,4,concat,6
xWqm8ccel40,4,4,concat,6
xX78KTBi9q0,4,4,concat,6
xXE1B-jD6Xw,4,4,concat,6
xY7hyO_NZrU,4,4,concat,6
x_N4yyQ4khg,4,4,concat,6
xaOst9VmMOc,4,4,concat,6
xagvpz8sn6E,4,4,concat,6
xaqb0KEhnmQ,4,4,concat,6
xcjtrIs-mUU,4,4,concat,6
xdBUH_IcsKs,4,4,concat,6
xjgjLGlRI0M,4,4,concat,6
xjyuotSt3CY,4,4,concat,6
xnsqbneDw94,4,4,concat,6
xnwaUE3DywE,4,4,concat,6
xqrIqAoNCN4,4,4,concat,6
xsBx5ystFgI,4,4,concat,6
xsT0GNUGYUs,4,4,concat,6
xu3avUZqrwA,4,4,concat,6
xuOULs5w3X0,4,4,concat,6
xxM2O_fYPCo,4,4,concat,6
xzRYER5Mqlo,4,4,concat,6
xz_LdtptC5s,4,4,concat,6
y0jE8jm8QBA,4,4,concat,6
y2tpqAMcM4c,4,4,concat,6
y3klWXKW7Rk,4,4,concat,6
y4e7ZKzxMxo,4,4,concat,6
y5lkWEJ1fU8,4,4,concat,6
y6oKyG14SLs,4,4,concat,6
y7xHAWdS65w,4,4,concat,6
y9YICsByOqg,4,4,concat,6
y9jSkkJRiFg,4,4,concat,6
yBaCq2g9SIQ,4,4,concat,6
yC_sMp5yOo4,4,4,concat,6
yEEqEU8zDhc,4,4,concat,6
yEKrWtsle54,4,4,concat,6
yEfYX9MpUyE,4,4,concat,6
yFXPDhAm3kY,4,4,concat,6
yIIQ4fzDhqQ,4,4,concat,6
yLiUk1ewlXk,4,4,concat,6
yLtavagg3pY,4,4,concat,6
yLuAvIm4sCM,4,4,concat,6
yN4erRmlUBs,4,4,concat,6
yQV-J5kZ534,4,4,concat,6
yRGyR9Tcyz0,4,4,concat,6
yRwXqYsTWf8,4,4,concat,6
yS-G2TbZlk4,4,4,concat,6
ySm0VAswpX8,4,4,concat,6
yTYRSpJzpdw,4,4,concat,6
yU-6rJPnxFg,4,4,concat,6
yUVNE9iRhS0,4,4,concat,6
yXYbPnrpeX0,4,4,concat,6
yaHcow0IBpA,4,4,concat,6
ybFxuueETtE,4,4,concat,6
yckbRDRy-dM,4,4,concat,6
ydg611fS-V8,4,4,concat,6
yfsVY85_eCU,4,4,concat,6
ygSRKDcspQo,4,4,concat,6
yglg8N8V67E,4,4,concat,6
ygoi5U0C5Pc,4,4,concat,6
yiOHNJ1rARw,4,4,concat,6
ylVspmtQM_I,4,4,concat,6
ymtSEV04yfs,4,4,concat,6
ynaw4KuVqyI,4,4,concat,6
ynve_1c0noI,4,4,concat,6
yoZQ-4dGT78,4,4,concat,6
ypVlb5PwkvA,4,4,concat,6
yt1fvE0m_8I,4,4,concat,6
yuqEEXpZtB4,4,4,concat,6
yvNlry6WeLM,4,4,concat,6
ywAcv79hby4,4,4,concat,6
yxK5lprfhR4,4,4,concat,6
yxjp3hZc3CA,4,4,concat,6
yy6KqD-suFI,4,4,concat,6
yzhdG92lVg0,4,4,concat,6
z0mGZ6sip_A,4,4,concat,6
z12j2CV4V-c,4,4,concat,6
z1rl3Sckwno,4,4,concat,6
z2cQhb8Lbrs,4,4,concat,6
z4W0JA1c15E,4,4,concat,6
z4pNKhZ3D4c,4,4,concat,6
z50lzecbLGw,4,4,concat,6
z6R4QjZ9pwE,4,4,concat,6
z8BaC1NulnQ,4,4,concat,6
z8JT_FfKGjM,4,4,concat,6
z8XSj8umEKY,4,4,concat,6
zDrsSFF9KP0,4,4,concat,6
zK_xqBGQ0dY,4,4,concat,6
zL1ewfiLdaE,4,4,concat,6
zLf5XzewOJU,4,4,concat,6
zMrIVATSOjo,4,4,concat,6
zPTXYJmjxG4,4,4,concat,6
zPeUm-TqHYs,4,4,concat,6
zQRk0KMvGfs,4,4,concat,6
zRdJkcP41m4,4,4,concat,6
zRqX1aqKUPY,4,4,concat,6
zRtI3dIxLio,4,4,concat,6
zSYxQFLhXdM,4,4,concat,6
zTCYNxrebfU,4,4,concat,6
zW7z3SasG-I,4,4,concat,6
zWabqkD5ziY,4,4,concat,6
zWg8biv0crI,4,4,concat,6
zZvIv7aiDLc,4,4,concat,6
zaQNM4ivbEw,4,4,concat,6
zaqb_fpDt8Q,4,4,concat,6
zbUFgh4mVwI,4,4,concat,6
zbw-blQnSjg,4,4,concat,6
zcYsrK734nk,4,4,concat,6
zfVNEmG_ecM,4,4,concat,6
zgglY3HL7CA,4,4,concat,6
zh0Toed_YMc,4,4,concat,6
ziAec7ShbIU,4,4,concat,6
zjFX2l1_6X0,4,4,concat,6
zmKrxOnrMl4,4,4,concat,6
zq7CA5_FJfE,4,4,concat,6
zreL25IrNA8,4,4,concat,6
zs5TdKP2A74,4,4,concat,6
zs6aeEWXMOU,4,4,concat,6
zsVbokT-43k,4,4,concat,6
zuW9pkwLVOU,4,4,concat,6
zwEd8tmMC3U,4,4,concat,6
zwFsxV_4rK0,4,4,concat,6
zwq70N0GueE,4,4,concat,6
zyGekIWv8IE,4,4,concat,6
zyn0ZrcmsNo,4,4,concat,6
-0CBi2-k27w,5,5,concat,6
-1cIoDJSVXI,5,5,concat,6
-3FL4_e5Ndc,5,5,concat,6
-8-E0m_9L1g,5,5,concat,6
-9RL05lASJ4,5,5,concat,6
-D5lhCemLHM,5,5,concat,6
-Gr8yMTYpGQ,5,5,concat,6
-GzNjxKyQE4,5,5,concat,6
-I_OO6p64R0,5,5,concat,6
-Iwl0gjhHa4,5,5,concat,6
-LKY642-H-Q,5,5,concat,6
-Nm0D34kP0c,5,5,concat,6
-NnnWihnewc,5,5,concat,6
-OWHhr7b0cs,5,5,concat,6
-R_7MNoC7Yg,5,5,concat,6
-UbSvPHz9Xw,5,5,concat,6
-Zp35LYUlZ0,5,5,concat,6
-__4Nrl72Mc,5,5,concat,6
-aXuTyheSAo,5,5,concat,6
-bciFTDsaIw,5,5,concat,6
-bx5RFuJ7zE,5,5,concat,6
-eZ7lk2479w,5,5,concat,6
-il-N7cQ6Cg,5,5,concat,6
-m_n0pHgpfY,5,5,concat,6
-oTQs0f7Ss0,5,5,concat,6
-ryns2wr4s8,5,5,concat,6
-tNICUlIXPU,5,5,concat,6
0-dwkj4dXdI,5,5,concat,6
01cPymyfEk4,5,5,concat,6
04-8BtuaGrE,5,5,concat,6
0JSr7DgDcNQ,5,5,concat,6
0K01eOgQntI,5,5,concat,6
0LZW3WerxME,5,5,concat,6
0LmV9KFcqwk,5,5,concat,6
0T8MUKvE05A,5,5,concat,6
0TtBF7jVkpg,5,5,concat,6
0Uuwpjc-EOw,5,5,concat,6
0V3XF3v8neo,5,5,concat,6
0WvDM7cwbWc,5,5,concat,6
0WvnU3mSMaU,5,5,concat,6
0_bIYImevIw,5,5,concat,6
0deh2hUglRE,5,5,concat,6
0idfNbJO4A8,5,5,concat,6
0ly5ZjFTVKw,5,5,concat,6
0pvPeX5qJKU,5,5,concat,6
0sl_hJ_2FDE,5,5,concat,6
0ucxKnNE3Cw,5,5,concat,6
0x4veQhT83w,5,5,concat,6
10O1IQPcpfY,5,5,concat,6
11CVG5e0HSM,5,5,concat,6
14B4UXtrtV8,5,5,concat,6
14s1IAC-Heg,5,5,concat,6
165HHgYAqvg,5,5,concat,6
1H2hHEosYGY,5,5,concat,6
1HoSqnZj4GQ,5,5,concat,6
1IUoTLSiNfY,5,5,concat,6
1L9ABQAOnZA,5,5,concat,6
1MjsoaE0i7Y,5,5,concat,6
1NA6BQXa36M,5,5,concat,6
1PvYmeOrzHM,5,5,concat,6
1SbXg44vsdA,5,5,concat,6
1TtbN7iEUJ4,5,5,concat,6
1Ugb1kR2fIE,5,5,concat,6
1VGmnRrDHXg,5,5,concat,6
1Vnpdqd0jFo,5,5,concat,6
1ZonJHGg8cE,5,5,concat,6
1czGg_8Tm6g,5,5,concat,6
1i1zZ9vu5ck,5,5,concat,6
1jvQNWa_FJ0,5,5,concat,6
1lRQzSSalpY,5,5,concat,6
1m8D43FQQuY,5,5,concat,6
1o5HRKfddoc,5,5,concat,6
1pcngoilmPo,5,5,concat,6
1rDUGC9TlWI,5,5,concat,6
1toDLYlflzE,5,5,concat,6
1vAlvxzDI8s,5,5,concat,6
1wFF3jshOe4,5,5,concat,6
1x9POJhGYUA,5,5,concat,6
2-SuRobKr3Q,5,5,concat,6
262KklKoifk,5,5,concat,6
26wDDT9DzgM,5,5,concat,6
29temM0dAvk,5,5,concat,6
2AQ7LM-91ck,5,5,concat,6
2ApxRUt0d9k,5,5,concat,6
2C9q7PWVJqA,5,5,concat,6
2CUx9pjQ1Ok,5,5,concat,6
2D62lF4CnJw,5,5,concat,6
2Dam4BGWYO8,5,5,concat,6
2DtGrbDAJ2s,5,5,concat,6
2JWLIiHJeUM,5,5,concat,6
2KdL3tHH-Dk,5,5,concat,6
2Kjjdb1rXg0,5,5,concat,6
2NDutu8TzYc,5,5,concat,6
2Q4zKiUJdmk,5,5,concat,6
2QXjlY1ofso,5,5,concat,6
2WTUNWMHmAg,5,5,concat,6
2XdaSUR-igE,5,5,concat,6
2b3TpO_VBvQ,5,5,concat,6
2ePTunTuahg,5,5,concat,6
2he8830s_Bk,5,5,concat,6
2jtVncD1aBU,5,5,concat,6
2kHymZfRrFQ,5,5,concat,6
2o5s-6a-Vvk,5,5,concat,6
2oVXMH9bQPw,5,5,concat,6
2v1N9uTS0zo,5,5,concat,6
2xnxwD9jh5Y,5,5,concat,6
2yGyix-G3aE,5,5,concat,6
3-BX9XwOw3A,5,5,concat,6
303TRI_y_1A,5,5,concat,6
30GYjsv3hyA,5,5,concat,6
31qUqIh8YqA,5,5,concat,6
32sy7soc_gI,5,5,concat,6
33FOk_AkwbA,5,5,concat,6
33VvXvpxCCE,5,5,concat,6
35dO8Xd_AoU,5,5,concat,6
3CTS7Z6P7jE,5,5,concat,6
3CipDWJAQNw,5,5,concat,6
3Cndj_h6nAw,5,5,concat,6
3DNX2y_lceo,5,5,concat,6
3EP_QES-xz8,5,5,concat,6
3GXGVvGrPwU,5,5,concat,6
3IxlLXw_AfQ,5,5,concat,6
3JC3RCS9Q-E,5,5,concat,6
3LfrvL7HupY,5,5,concat,6
3N2DHkRSAFQ,5,5,concat,6
3Oz2oQpCQBo,5,5,concat,6
3QjVthNENsY,5,5,concat,6
3SCu73j0GrA,5,5,concat,6
3V4yBk74pQQ,5,5,concat,6
3Wfri-bOk1I,5,5,concat,6
3YjLTa1JbVI,5,5,concat,6
3Z8L6q-C48M,5,5,concat,6
3_w5Anu-HRw,5,5,concat,6
3aHBd7eDx2g,5,5,concat,6
3dnpaK4-ylc,5,5,concat,6
3gVKmrncDUA,5,5,concat,6
3ktZ_dLfiFY,5,5,concat,6
3nvp55jqFnk,5,5,concat,6
3pztm7W-GWQ,5,5,concat,6
3pzxhh0Crqo,5,5,concat,6
3r4A07sWX_8,5,5,concat,6
3vd6-GSH2t8,5,5,concat,6
3wpyWfv2AAU,5,5,concat,6
3zI31zAnhas,5,5,concat,6
4-dgCS4NBnA,5,5,concat,6
40tLIMboopg,5,5,concat,6
41VrMS0QzR8,5,5,concat,6
428tJxM92uU,5,5,concat,6
46X1rgCrSDI,5,5,concat,6
47TgMK6M_NE,5,5,concat,6
48QwnxGlYdc,5,5,concat,6
4ANtKPWHHQ8,5,5,concat,6
4F4UD6_hLbw,5,5,concat,6
4GkeMdAcYaI,5,5,concat,6
4KgBh3xKKn8,5,5,concat,6
4MMj7XLA1Ic,5,5,concat,6
4SM1z2ESQMk,5,5,concat,6
4XiRVDN-0uU,5,5,concat,6
4ZOch0SokV8,5,5,concat,6
4bMZ7UFSNNE,5,5,concat,6
4bxfEjEX0CI,5,5,concat,6
4cF9gB1ITfU,5,5,concat,6
4fGOkiWCUGI,5,5,concat,6
4fs6-jIQgBw,5,5,concat,6
4iUJKjYRctI,5,5,concat,6
4jg7DqnrE3M,5,5,concat,6
4k1iLeagWmk,5,5,concat,6
4mGv8MYseNM,5,5,concat,6
4nhh3NCpvUI,5,5,concat,6
4o0KQgJKKL8,5,5,concat,6
4oQsfgjcqQU,5,5,concat,6
4sbbwahWUvI,5,5,concat,6
4tC2c_5y9nY,5,5,concat,6
4wM0fiXf8DQ,5,5,concat,6
4x4fj9wM4go,5,5,concat,6
4xmAO7b2oY4,5,5,concat,6
503ecJhrfCE,5,5,concat,6
50LQdJH2uCY,5,5,concat,6
52FDYR8aCx4,5,5,concat,6
52fhp--qH5o,5,5,concat,6
54D_GwzmVWM,5,5,concat,6
57KsDOKuUb4,5,5,concat,6
5Bl9HGh4lkI,5,5,concat,6
5DZELqKSKGk,5,5,concat,6
5Dh3PvqFgsE,5,5,concat,6
5F8ixfPWC-M,5,5,concat,6
5G-xlz0Jik4,5,5,concat,6
5M1BJbnZObE,5,5,concat,6
5PKTfopokmI,5,5,concat,6
5T5XSWikSSc,5,5,concat,6
5UzutgxVJCo,5,5,concat,6
5Vo87zmzy7I,5,5,concat,6
5VwkgzCmNoc,5,5,concat,6
5ar8HsaUamc,5,5,concat,6
5bfI-xbES4M,5,5,concat,6
5cPttk6Td_0,5,5,concat,6
5cSNSb0Dm-Y,5,5,concat,6
5cm27G659ik,5,5,concat,6
5dSIKYEUqmk,5,5,concat,6
5f0ZF1HGwAk,5,5,concat,6
5fQbdqGsu3o,5,5,concat,6
5jcKaUZV4x4,5,5,concat,6
5k44wG842KM,5,5,concat,6
5m0go05sV6M,5,5,concat,6
5nnX1sYsx0Y,5,5,concat,6
5ps4fbQa1i4,5,5,concat,6
5qYIGp-v_l4,5,5,concat,6
5s7LHwphq0E,5,5,concat,6
5tZLRC3hMyc,5,5,concat,6
5vp6ATTsORU,5,5,concat,6
5x-OsujjPCg,5,5,concat,6
5xO7TyMfasU,5,5,concat,6
5xVhYCUxZ_I,5,5,concat,6
5zdtjZXP4Y4,5,5,concat,6
6-nB7vUtuGU,5,5,concat,6
60oTE7J56Ns,5,5,concat,6
62FYQi_QLSU,5,5,concat,6
63hd7sbuwvM,5,5,concat,6
6436X3QNXLE,5,5,concat,6
65CuXHYplOg,5,5,concat,6
66jIkY7RmSc,5,5,concat,6
6AS09AoH344,5,5,concat,6
6GBQbG9WATI,5,5,concat,6
6Jo54BQE3D8,5,5,concat,6
6N3j3CgRe_8,5,5,concat,6
6Nj-it38zHo,5,5,concat,6
6PV8_vV3Kzo,5,5,concat,6
6QBe53P5G3E,5,5,concat,6
6RLI3tV5dT4,5,5,concat,6
6SYyOFiGHfU,5,5,concat,6
6SfPqIO3jM0,5,5,concat,6
6SvYNMuL33Q,5,5,concat,6
6UM9h2bOp8A,5,5,concat,6
6ZmrGnRyM2Q,5,5,concat,6
6bFQNHj5Ids,5,5,concat,6
6bi7F--W65c,5,5,concat,6
6cINKac9evk,5,5,concat,6
6dLqvkVjR3E,5,5,concat,6
6hGKfPxd3qE,5,5,concat,6
6hPGdSjNZj0,5,5,concat,6
6qCY8owRDPU,5,5,concat,6
6r0MumnYYlg,5,5,concat,6
6rv9NRZMdZk,5,5,concat,6
6so-J9U4peo,5,5,concat,6
6xv41sLbfAU,5,5,concat,6
6zJLP7T0LaQ,5,5,concat,6
7-iWSKLIsvQ,5,5,concat,6
7GnibonZEMM,5,5,concat,6
7I6W77aCiG4,5,5,concat,6
7M22kmgmv4Q,5,5,concat,6
7N1vJNi3aW0,5,5,concat,6
7NlX_iNEtQk,5,5,concat,6
7NssS6ZslD0,5,5,concat,6
7PfSYHLIt8I,5,5,concat,6
7RcxodiD_Gw,5,5,concat,6
7VL6-PEcDiM,5,5,concat,6
7d4ZHkUg_Xw,5,5,concat,6
7exB1DfS3Tg,5,5,concat,6
7gKczyP5NIk,5,5,concat,6
7hr09apujb0,5,5,concat,6
7nmpQkkV9iA,5,5,concat,6
7o4G4fbs0Ug,5,5,concat,6
7tpOSvaKNLI,5,5,concat,6
7wsgPLPWLM4,5,5,concat,6
7yYZLmc29-g,5,5,concat,6
81Acwgs7jkg,5,5,concat,6
8456wnBH4tk,5,5,concat,6
89po1af12e8,5,5,concat,6
8BWe0sLowPQ,5,5,concat,6
8IW_lRTRMkw,5,5,concat,6
8MARWz91ZEg,5,5,concat,6
8N_wdw8exvY,5,5,concat,6
8PQxR1likr0,5,5,concat,6
8RFFmIjgiRw,5,5,concat,6
8Uvdgi9Ic8w,5,5,concat,6
8WOIAZCx4gE,5,5,concat,6
8ZhGxhgwxYQ,5,5,concat,6
8b8McFsg380,5,5,concat,6
8cdT51KjYbk,5,5,concat,6
8cpuadsUlBM,5,5,concat,6
8cykxIeNHvc,5,5,concat,6
8dLrDXZqUBM,5,5,concat,6
8j4qCCeAnyw,5,5,concat,6
8lHLOmna85c,5,5,concat,6
8ls88woI_zo,5,5,concat,6
8ol4OISxxds,5,5,concat,6
8qG8zrhETCQ,5,5,concat,6
8qTQu6jvesY,5,5,concat,6
8sXq7d1Mpt4,5,5,concat,6
8xpGLopEWfU,5,5,concat,6
8ykNsz7thSE,5,5,concat,6
9-YDot04L18,5,5,concat,6
96M18aPbgew,5,5,concat,6
96XSZWrVCwU,5,5,concat,6
9ApuIqsfXnE,5,5,concat,6
9EpL-ex_W1Q,5,5,concat,6
9Gv7fY46UUs,5,5,concat,6
9HJCJIidBCs,5,5,concat,6
9HjMdjJ8XZM,5,5,concat,6
9Kx6wEncBzI,5,5,concat,6
9N5jBxa64gI,5,5,concat,6
9Qm1f9yaAuQ,5,5,concat,6
9S1jmqlDHcQ,5,5,concat,6
9WhFp3T_jgA,5,5,concat,6
9Y8iwWmsqpo,5,5,concat,6
9YBQ56P2Bn8,5,5,concat,6
9d2GL2R8AdY,5,5,concat,6
9e8hhgrfx5g,5,5,concat,6
9g1QN3ZqaRQ,5,5,concat,6
9lh2Y9uiv1A,5,5,concat,6
9lkgLre3o2E,5,5,concat,6
9q-gdfptiUE,5,5,concat,6
9q655BHuEkU,5,5,concat,6
9r6wcdGyU1E,5,5,concat,6
9rqAEkCQiNg,5,5,concat,6
9vEOi_QMTU8,5,5,concat,6
9vzkMOytJBQ,5,5,concat,6
9x30YpV3YO4,5,5,concat,6
A-4fX0CCotE,5,5,concat,6
A1JdI80yBE0,5,5,concat,6
A4rLKAj8_r0,5,5,concat,6
A5DPDnv0l2c,5,5,concat,6
A82AAGEG4-A,5,5,concat,6
ACiMIoorQaY,5,5,concat,6
AE7JuhS4xdw,5,5,concat,6
AEio7H0c_LA,5,5,concat,6
AIWuD-aq_rU,5,5,concat,6
AIYrsHX0MAc,5,5,concat,6
APodjPDwOUU,5,5,concat,6
AQgHH1R0NkE,5,5,concat,6
ARkLJ4bs8X8,5,5,concat,6
ARmYI4cO0EI,5,5,concat,6
AS8aROPOw_k,5,5,concat,6
AT-d3ZX_9Xk,5,5,concat,6
AUCDp1s4zzE,5,5,concat,6
AV9lwgorkZE,5,5,concat,6
AVr6rCy_KcA,5,5,concat,6
AWX8H1q2dwE,5,5,concat,6
AYDNfqLRRn4,5,5,concat,6
AYNV9ZRcUJI,5,5,concat,6
AZgANPq5JG4,5,5,concat,6
A_SEKhGX9Kk,5,5,concat,6
A_oNaKx-Ag0,5,5,concat,6
AdtYbrEu23M,5,5,concat,6
AgPVdvfx3dw,5,5,concat,6
AlMHMkHgQPg,5,5,concat,6
AsOCQZzkMrY,5,5,concat,6
AsSFN-Xmes4,5,5,concat,6
AssQjXissX4,5,5,concat,6
AstHUFyE5ZA,5,5,concat,6
AteA6n_leW8,5,5,concat,6
AyHKgXsYOkE,5,5,concat,6
B7nKZ5Hjy6U,5,5,concat,6
B8YTwMyGfWQ,5,5,concat,6
B8znr0TdX5A,5,5,concat,6
BFESYhzw3mU,5,5,concat,6
BFrUIrYUF50,5,5,concat,6
BIsDZ-X4vmo,5,5,concat,6
BL4C4_bBle8,5,5,concat,6
BLhMiTGximg,5,5,concat,6
BMgo7Hmzzn0,5,5,concat,6
BNpPKj5ZMXw,5,5,concat,6
BOFtvtI38io,5,5,concat,6
BPae7tuU1cY,5,5,concat,6
BRUOKeeg1bY,5,5,concat,6
BTUPkB7tKas,5,5,concat,6
BU9TEc_Gtxw,5,5,concat,6
BUsoWjCgYHU,5,5,concat,6
BW-Ebm4K_I8,5,5,concat,6
BXvvbELRo-0,5,5,concat,6
BYikmbS9JVM,5,5,concat,6
BZAOGFwd-7I,5,5,concat,6
B_SO5Ywy9Z8,5,5,concat,6
Baqup5pnpaA,5,5,concat,6
Bb9IYd8YnlM,5,5,concat,6
BbCGcboMOq8,5,5,concat,6
BcjiHWrKGdc,5,5,concat,6
Be7Nm7tX0yU,5,5,concat,6
BeN0YoAdS3A,5,5,concat,6
BhJZhBwn8HM,5,5,concat,6
BiBOQGmHeww,5,5,concat,6
Bk7OU--OlQU,5,5,concat,6
BluPGOs9lI0,5,5,concat,6
BoDUsAxa-KI,5,5,concat,6
BphmiQi-7yE,5,5,concat,6
BrDVAVA0C84,5,5,concat,6
BuM322m-lEQ,5,5,concat,6
Bup3gb38Tzc,5,5,concat,6
Bv-MBo6aK0s,5,5,concat,6
BzzQ6DOCChc,5,5,concat,6
C-iQtioM8lM,5,5,concat,6
C3mHr_GfyZk,5,5,concat,6
C5oG7BTTqLA,5,5,concat,6
C6Zi4kkWLTI,5,5,concat,6
C7130KsXXxg,5,5,concat,6
CHBRPHTOfEs,5,5,concat,6
CHthslHO_dU,5,5,concat,6
CISLHzf_GDM,5,5,concat,6
CMtYS-gWvn0,5,5,concat,6
CPWeUDf4NFA,5,5,concat,6
CQdlRaXI4c4,5,5,concat,6
CRCEq2zCqto,5,5,concat,6
CRSmul85VwQ,5,5,concat,6
CSYsS0aL-X4,5,5,concat,6
CWMNCVpI7Cw,5,5,concat,6
CX-W87AUVz0,5,5,concat,6
CZ39EzRwc7A,5,5,concat,6
Cakcl91reos,5,5,concat,6
Chfx6GEvlZk,5,5,concat,6
CjEPIZmpYwo,5,5,concat,6
CkPltL84FOs,5,5,concat,6
CkvIsEYfr-Y,5,5,concat,6
CpA8zPxaqiE,5,5,concat,6
CrAlbcmIhUE,5,5,concat,6
CrorwzrcE0U,5,5,concat,6
CsPTyKRSHtI,5,5,concat,6
Csk1A8DbjZ4,5,5,concat,6
Ctog-kM-cQA,5,5,concat,6
D0OEejIlFqQ,5,5,concat,6
D0oZvF83ubA,5,5,concat,6
D20c5Q1YwxA,5,5,concat,6
D3IsL75G8fU,5,5,concat,6
D3orE61F2wY,5,5,concat,6
D5i1l55qOdE,5,5,concat,6
D5kgdAdZUqI,5,5,concat,6
D8poclnp0FM,5,5,concat,6
DBHUAMNF0C0,5,5,concat,6
DEQl30B2Kt8,5,5,concat,6
DF6RAJbeRCI,5,5,concat,6
DHEVsaZ11uU,5,5,concat,6
DJn1O_3d_OA,5,5,concat,6
DRCSnAUb_8k,5,5,concat,6
DTDxgaY-geU,5,5,concat,6
DVsG6W8qZl8,5,5,concat,6
DWdhrAOmouM,5,5,concat,6
DZV2zPUP0RI,5,5,concat,6
DZkU7s7x18Y,5,5,concat,6
DcxyPphdxnY,5,5,concat,6
DeBDhY21kko,5,5,concat,6
DeETcajnq3M,5,5,concat,6
DegmSyyzTtk,5,5,concat,6
DfyG9JSNrSA,5,5,concat,6
DgJwngRVHc8,5,5,concat,6
DgRyh-FA8Io,5,5,concat,6
DhjmJXIxNSs,5,5,concat,6
DhnC0AaU0f8,5,5,concat,6
DjCvP1-slgg,5,5,concat,6
DlIbgG4bK_c,5,5,concat,6
DmsC7Ppk6ic,5,5,concat,6
DnNcNbtsoO8,5,5,concat,6
Doc94Pd2AxU,5,5,concat,6
DpxoS_7QjPw,5,5,concat,6
Dq_VjlYW6zs,5,5,concat,6
Dr45eKtfFOU,5,5,concat,6
DrEDYYssEK0,5,5,concat,6
Dt4ZnCehG0U,5,5,concat,6
DuwWWeONIiM,5,5,concat,6
DvUNH1qmU5M,5,5,concat,6
Dxmnu_c2BlQ,5,5,concat,6
E0VjgL0mrxg,5,5,concat,6
E1g6R5dTTqw,5,5,concat,6
E1goDsrZqW0,5,5,concat,6
E3ZnsSwfr9E,5,5,concat,6
E3epCCrGrRM,5,5,concat,6
E4BA_huGvMs,5,5,concat,6
ECV3Ax06IvE,5,5,concat,6
EDelOsdSGBM,5,5,concat,6
EDss2mo29ew,5,5,concat,6
EGe29cpJyLE,5,5,concat,6
EGnRLAIH39c,5,5,concat,6
EHEDnm0uVts,5,5,concat,6
EHMpEc-lNR0,5,5,concat,6
EI40kvheAwI,5,5,concat,6
EJjwV4qu_eU,5,5,concat,6
EMvRvxCwJjc,5,5,concat,6
EMx55008t88,5,5,concat,6
EOVde1DUs64,5,5,concat,6
EPCL6Rg1C_0,5,5,concat,6
EPzUtbwLKzU,5,5,concat,6
EQNQWYX3uPU,5,5,concat,6
EQslpG06gbI,5,5,concat,6
ERPWp3GugLQ,5,5,concat,6
ERUfsCCPC5Y,5,5,concat,6
EXN-MFCtS4E,5,5,concat,6
E_6pjtnyeOA,5,5,concat,6
E_BuNe5xfF8,5,5,concat,6
E_dg3d_5DXw,5,5,concat,6
E_x3sPP3WAI,5,5,concat,6
EeGejr1laNE,5,5,concat,6
EgqoOhOdn8A,5,5,concat,6
EkZiaTJ2j9g,5,5,concat,6
EoPnkErlOqY,5,5,concat,6
EoQHfmlkj0s,5,5,concat,6
EpuAgn6Qz5M,5,5,concat,6
EwvLyKy8Qe4,5,5,concat,6
Eybk20o_-E0,5,5,concat,6
F-MI_TmSO4s,5,5,concat,6
F5UuMy0oJkk,5,5,concat,6
F7j5zpjCs5s,5,5,concat,6
F7kyjMpSrIw,5,5,concat,6
F8O6rmBxKl8,5,5,concat,6
F9RCkTHi19c,5,5,concat,6
FD3Fk1_I-GM,5,5,concat,6
FFn_1yqWK6M,5,5,concat,6
FHWngUUkwtM,5,5,concat,6
FJ5AMEbuwBU,5,5,concat,6
FM1yMM0yzcg,5,5,concat,6
FOEPQRMrlDs,5,5,concat,6
FOQKgXSnMR4,5,5,concat,6
FRzgHFhAD5k,5,5,concat,6
FSxGUpbbJm4,5,5,concat,6
FT6wb4rEmWU,5,5,concat,6
FY6JvS7ac0c,5,5,concat,6
FYXzVM9643E,5,5,concat,6
FZGwJtbSYpI,5,5,concat,6
FjGFuGdGfd8,5,5,concat,6
FjN_to-EYLo,5,5,concat,6
Fk1nhVnxodE,5,5,concat,6
FmuGzpWHV-8,5,5,concat,6
FqqcR7JK_BE,5,5,concat,6
FsPN0QZmUNU,5,5,concat,6
Fu5vBeCXKTI,5,5,concat,6
FzY8yRuAiA0,5,5,concat,6
G0lRkSyL-iQ,5,5,concat,6
G4ap-C9cRH8,5,5,concat,6
G7RrBFEkycM,5,5,concat,6
G7evTkrHlsw,5,5,concat,6
G8L_r1p292U,5,5,concat,6
G8kgwlMw2S8,5,5,concat,6
GA-1JObV_a8,5,5,concat,6
GBWlOAtLFCE,5,5,concat,6
GCTM622NCxI,5,5,concat,6
GFkFwu7BQ8M,5,5,concat,6
GGTW0X4vvcc,5,5,concat,6
GI-6bAVSX7Y,5,5,concat,6
GI5TGen4s9I,5,5,concat,6
GLiL8RfFGj8,5,5,concat,6
GNL07RtCUzo,5,5,concat,6
GNkpwHTiZs4,5,5,concat,6
GQJueUXNRoI,5,5,concat,6
GRQGEmCVaM4,5,5,concat,6
GZiuWjJNs7o,5,5,concat,6
GZpIM3ajPs8,5,5,concat,6
GaNBeCE2QMA,5,5,concat,6
GaamegHh8KE,5,5,concat,6
GalbD8ye8vE,5,5,concat,6
GcMVky1f7uA,5,5,concat,6
GjuT7xpxYe4,5,5,concat,6
GmE5EoOOGe4,5,5,concat,6
GsyPiXX7_e4,5,5,concat,6
H0up-fVptFQ,5,5,concat,6
H212aGN7Ab0,5,5,concat,6
H2OB4TiSRQU,5,5,concat,6
H4Z36dnDlFw,5,5,concat,6
H61PvGbew7s,5,5,concat,6
H6ayHCqhvC4,5,5,concat,6
HAp18WWgy3s,5,5,concat,6
HBun6VuVaEw,5,5,concat,6
HC7E8TO6zE0,5,5,concat,6
HDLsJs4_Qf4,5,5,concat,6
HFCcuNefkk4,5,5,concat,6
HG8NcspFaCY,5,5,concat,6
HHCakrll09A,5,5,concat,6
HI5cwClG5nE,5,5,concat,6
HK8H4MS7VqQ,5,5,concat,6
HKMVMJ9Q9Z8,5,5,concat,6
HRY0b66VLsw,5,5,concat,6
HZNQJgnGzvA,5,5,concat,6
H_m2zQY7RUs,5,5,concat,6
HcFQrFAfagI,5,5,concat,6
Hcxb8oo_PL8,5,5,concat,6
He-P9mCkxRc,5,5,concat,6
HeM4S_ZWnHM,5,5,concat,6
HeqvvEjXex4,5,5,concat,6
Hf_t-6lXx14,5,5,concat,6
Hg09P_xTPt0,5,5,concat,6
HhF7x6dsc-E,5,5,concat,6
HhRr9lPTxHE,5,5,concat,6
HkAU19Gb0yc,5,5,concat,6
Hp98ujqIBHA,5,5,concat,6
HqQUgwQVZcQ,5,5,concat,6
HrQJ2qpKF9U,5,5,concat,6
HtQO9CW53l8,5,5,concat,6
HvYmHmdaa8c,5,5,concat,6
HwSxkl3JSSA,5,5,concat,6
Hxu3AeNlP0U,5,5,concat,6
I-zmrbPT-9Q,5,5,concat,6
I2lRMBp9BVg,5,5,concat,6
I3zcvq2rs6Y,5,5,concat,6
I5FdJXi_Dss,5,5,concat,6
I5Y_mYS2HI4,5,5,concat,6
I5ouT1ssCnc,5,5,concat,6
IDEmvXUQEf4,5,5,concat,6
IDtSKNHVdEc,5,5,concat,6
IHb7JcC4U-Q,5,5,concat,6
IN0X6n8zQOs,5,5,concat,6
IONtiLWigYQ,5,5,concat,6
IOglacEuW18,5,5,concat,6
IPTo4NLpl20,5,5,concat,6
IPaLLbJh4bs,5,5,concat,6
IUx5uKFxVqI,5,5,concat,6
IYRZ9hjuhY8,5,5,concat,6
IbErfZkxvq8,5,5,concat,6
IbtXNv_KrN4,5,5,concat,6
IeNCpAheakc,5,5,concat,6
IiL-uCsn3f0,5,5,concat,6
IlVcZpGBO4k,5,5,concat,6
Im3_P6RsqpE,5,5,concat,6
In61cA5i2Po,5,5,concat,6
Ir2XVKeRQjM,5,5,concat,6
ItFXfXNgd5U,5,5,concat,6
ItTlSDDUJVc,5,5,concat,6
IuXfLmIZl88,5,5,concat,6
IvP6IHMdDzA,5,5,concat,6
Izgjd6ktoEw,5,5,concat,6
J-Sv-lXqC6I,5,5,concat,6
J02qF1kFvdU,5,5,concat,6
J24pRN8Rm7A,5,5,concat,6
J2j39v9nkiE,5,5,concat,6
J4zaJj_uaHY,5,5,concat,6
J7IPmQXR28k,5,5,concat,6
J7xLWK2apKw,5,5,concat,6
J8MhG22tpE0,5,5,concat,6
JDWliI3kNRY,5,5,concat,6
JGekj8Pf0e8,5,5,concat,6
JIO7hAKa1TQ,5,5,concat,6
JM5KYZOs6RA,5,5,concat,6
JOpHYgSYq14,5,5,concat,6
JPbjkppnOZg,5,5,concat,6
JRC3GaDMz3k,5,5,concat,6
JRZ-bLrbqvY,5,5,concat,6
JSCXG49_xvs,5,5,concat,6
JSvZMObCMPQ,5,5,concat,6
JV4qt9rqUB0,5,5,concat,6
JVJAXdHrZf8,5,5,concat,6
JXTR0R8lstc,5,5,concat,6
JXrm_HDyqQM,5,5,concat,6
JYz2KgD1WVU,5,5,concat,6
JZZ-SHq3IUI,5,5,concat,6
JZw0XqleSaY,5,5,concat,6
JfJwzz-A6Rs,5,5,concat,6
JhAHJTqHEUo,5,5,concat,6
JhXjUtTohUQ,5,5,concat,6
JiZs9YZkSQE,5,5,concat,6
Jj70SbfLDxw,5,5,concat,6
JnxHlENwzZE,5,5,concat,6
JpBKYORrUCI,5,5,concat,6
Jts0ohZnvCc,5,5,concat,6
Ju9wedP8ezY,5,5,concat,6
JuKBjjXSVok,5,5,concat,6
JvMkP59C1Xo,5,5,concat,6
Jxil11-gp0Y,5,5,concat,6
K0eRfa9z1aw,5,5,concat,6
K3POJbLYIfA,5,5,concat,6
KAWv2EBShz4,5,5,concat,6
KC9oXcg--QQ,5,5,concat,6
KCKED87cgNs,5,5,concat,6
KCUHBXQP4Zk,5,5,concat,6
KChEWxZmTUo,5,5,concat,6
KDv5M5EihXk,5,5,concat,6
KFnpID0c8lA,5,5,concat,6
KIVjIjFOu4M,5,5,concat,6
KIeuSZFOeoE,5,5,concat,6
KPg2QKoUo8I,5,5,concat,6
KS2SZ10rhBs,5,5,concat,6
KWMDzUV6s8k,5,5,concat,6
KWSS6tfwO74,5,5,concat,6
KaeW6wIESCM,5,5,concat,6
KagMskb0yVA,5,5,concat,6
KcVS7R_p8tQ,5,5,concat,6
KeTrjXfOP0U,5,5,concat,6
KhdTlLH2WX8,5,5,concat,6
Klbh67s_svw,5,5,concat,6
KlkMGW1KzJ8,5,5,concat,6
KnYCFv0oowY,5,5,concat,6
Kp90psEN26A,5,5,concat,6
KplU3cQJ4Jk,5,5,concat,6
KqjJFszhJYo,5,5,concat,6
Kr_GdSnml4k,5,5,concat,6
Kuf_h6FqB90,5,5,concat,6
KvDMqcNSy-U,5,5,concat,6
KygyDhmwR4Q,5,5,concat,6
KyuyDD0KK1A,5,5,concat,6
L2hhlZdVrN8,5,5,concat,6
L5lyTI0f0zw,5,5,concat,6
L8P4wtZbO5Y,5,5,concat,6
L9LurGodYMM,5,5,concat,6
L9f_w34co_Y,5,5,concat,6
LAP9t6Ymn1w,5,5,concat,6
LBhB85E8wxY,5,5,concat,6
LBhbQsgZ0lY,5,5,concat,6
LDLRj5vyD-g,5,5,concat,6
LDiPxZY3Jzw,5,5,concat,6
LFMmb1erdWc,5,5,concat,6
LI8loNkhR9s,5,5,concat,6
LQfZhw4bhqA,5,5,concat,6
LRrJCnuiq7A,5,5,concat,6
LYZooD4UtE0,5,5,concat,6
LfAp5L3KGk4,5,5,concat,6
Lhh9tLVqILk,5,5,concat,6
LiS7sbLnNWI,5,5,concat,6
LlEGkShR0I4,5,5,concat,6
Lp-ylKu-ysY,5,5,concat,6
LqK5bHE6y5I,5,5,concat,6
LrxEmztC-6g,5,5,concat,6
LsdilZtT4pY,5,5,concat,6
LzJ0MgPwoCE,5,5,concat,6
M0sBQk8ssoM,5,5,concat,6
M31ldtUDndc,5,5,concat,6
M4QJ1gVnvAI,5,5,concat,6
M8PTuEunXns,5,5,concat,6
M9X8BxgheP4,5,5,concat,6
MBJ9cXFuQ4A,5,5,concat,6
MLUPXFUY608,5,5,concat,6
MLgUEnIHELY,5,5,concat,6
MMYzCvp6b6M,5,5,concat,6
MOnvjT8xQVg,5,5,concat,6
MSpRt2RjPdA,5,5,concat,6
MUy1RMsog5Q,5,5,concat,6
MXkf66N8Amc,5,5,concat,6
MYE59J-3T3M,5,5,concat,6
MZWnF3IEp8A,5,5,concat,6
MbVLyoMf1Zw,5,5,concat,6
MbvjV72mkXg,5,5,concat,6
Md4vkMWi0N0,5,5,concat,6
MennUi4qLVU,5,5,concat,6
MfzfH9sl63A,5,5,concat,6
MhOwKxXEZvo,5,5,concat,6
Mi7SC6EOPOs,5,5,concat,6
Mj4ACiKcy-k,5,5,concat,6
Ml2vgpaJZ90,5,5,concat,6
Mlqqhb5fnXY,5,5,concat,6
MoMqU3_FGZY,5,5,concat,6
MpKzbtktKhU,5,5,concat,6
MqHqjha_77c,5,5,concat,6
Mqv7O6igFUM,5,5,concat,6
MsXTopk6prI,5,5,concat,6
Muxfte_cnyA,5,5,concat,6
Mwl3knEOlwY,5,5,concat,6
N0tj0KfAkHo,5,5,concat,6
N1VL4B8faWY,5,5,concat,6
N2XA4RrknAk,5,5,concat,6
N5d5uqbZAzs,5,5,concat,6
N9Nfb-xXMCA,5,5,concat,6
N9WQopjkQK4,5,5,concat,6
NGC-aK21Ljg,5,5,concat,6
NJ7QoECESBo,5,5,concat,6
NJF8-oGakTw,5,5,concat,6
NKUv6WzaHtw,5,5,concat,6
NKg6pZAYtYo,5,5,concat,6
NXImHf41VOo,5,5,concat,6
NcfvJE1Mqmg,5,5,concat,6
NdTiTOHhCck,5,5,concat,6
Ng1tsKTzIk4,5,5,concat,6
NoQ36wiQH_o,5,5,concat,6
Nr27aZUlHiM,5,5,concat,6
NtGzkyFUcEg,5,5,concat,6
Nv3kulb7S_A,5,5,concat,6
NwiyxUJtTNk,5,5,concat,6
NxD9H27qPu4,5,5,concat,6
NxYEhucbquE,5,5,concat,6
O-gsYIz-kXQ,5,5,concat,6
O21qUBddpe4,5,5,concat,6
O5OITUqWJJE,5,5,concat,6
O6n2wWjryfY,5,5,concat,6
O83dTfC9Xzc,5,5,concat,6
ODJZrqHycqI,5,5,concat,6
OE5_gFWrVBQ,5,5,concat,6
OF1EOVVFrfE,5,5,concat,6
OGbJ0DVg-Q0,5,5,concat,6
OGlfu3Nqftw,5,5,concat,6
OK5eXDktPQA,5,5,concat,6
OKAZCQ0-OUA,5,5,concat,6
OMe1S3djGjM,5,5,concat,6
OPqnc03F0go,5,5,concat,6
OQZx7KBc0fI,5,5,concat,6
OW2qvhsqieo,5,5,concat,6
OXEYs59qHvQ,5,5,concat,6
OZcDA6fw8Fo,5,5,concat,6
OZzbkDhtRvU,5,5,concat,6
O_rZCKOk1a4,5,5,concat,6
ObB8SpUe-7E,5,5,concat,6
Oi6VcSgrgeE,5,5,concat,6
OiRlBxdBzoQ,5,5,concat,6
Ok23cSryFp0,5,5,concat,6
OqcXw223L6k,5,5,concat,6
OrRCHN5TCgc,5,5,concat,6
OsXON7_Sv9I,5,5,concat,6
OvA4ZgUx7aU,5,5,concat,6
Ovdk5Swlc1A,5,5,concat,6
OzD_1VUWaS4,5,5,concat,6
P25AnHL3tTo,5,5,concat,6
P26ue-fWkoI,5,5,concat,6
P71YAi87n4g,5,5,concat,6
P7ZpA_zH7_c,5,5,concat,6
PAwwMRNKxiI,5,5,concat,6
PGIluEAecb4,5,5,concat,6
PHFcFgr_0Ec,5,5,concat,6
PHPkfKqqjsE,5,5,concat,6
PHqTRDo5KdA,5,5,concat,6
PJghWgNzivw,5,5,concat,6
PMenWSr_SVI,5,5,concat,6
PN3C0-2SCi4,5,5,concat,6
POLfv0EEyvc,5,5,concat,6
PPRDexivZcs,5,5,concat,6
PQNZ9nV9DXY,5,5,concat,6
PQiWSp4KyxM,5,5,concat,6
PTiWOw4ACw4,5,5,concat,6
PVOjPOaBu3o,5,5,concat,6
PVQMWbMxLWk,5,5,concat,6
Pc0700f9hS4,5,5,concat,6
PcZX-gZMZwo,5,5,concat,6
PcaSxitlJok,5,5,concat,6
PcsB7Ho8fFI,5,5,concat,6
PdKaEf34-cg,5,5,concat,6
PflG8MsKXRg,5,5,concat,6
PhPG4mf-xro,5,5,concat,6
PmnlLVS_8Eg,5,5,concat,6
PnC1K-qY7v4,5,5,concat,6
Pu4JJFAXKsY,5,5,concat,6
PuV9xMdoOms,5,5,concat,6
PvKx9qyxIMw,5,5,concat,6
PwApbNOxwg4,5,5,concat,6
PwW6wSu9MIY,5,5,concat,6
PxOMUvJpgV8,5,5,concat,6
PyPySF08Hko,5,5,concat,6
Q5X1onY9aRQ,5,5,concat,6
Q9j-Kx5X_ok,5,5,concat,6
QAc2jIk9PTY,5,5,concat,6
QCAHWhqI_2A,5,5,concat,6
QFnlOvlKZZQ,5,5,concat,6
QJiAW-MJPHw,5,5,concat,6
QJj8LigrENw,5,5,concat,6
QLy399DX46U,5,5,concat,6
QPUGqRQVVlQ,5,5,concat,6
QPefymVH_BU,5,5,concat,6
QPoNQDa30iU,5,5,concat,6
QPz6TPibfsI,5,5,concat,6
QRYRE92Trng,5,5,concat,6
QSTL0kcNWsY,5,5,concat,6
QVhYqgKPrO4,5,5,concat,6
QWAkzbwRwbg,5,5,concat,6
Qa0Uu4nnMuA,5,5,concat,6
QcOdVGMV7YI,5,5,concat,6
QeIFiwPr1Y4,5,5,concat,6
QfpKKN5mvfw,5,5,concat,6
QhV7DfBMlNI,5,5,concat,6
Qi4J6ikZBuY,5,5,concat,6
QlSUo1s5YKg,5,5,concat,6
QmH6lOXGJXs,5,5,concat,6
Qrp_3E_OM20,5,5,concat,6
QsaMIMTo2H0,5,5,concat,6
QwFGEvAbvUM,5,5,concat,6
QwiNCkbJ3_U,5,5,concat,6
Qzs4Mv13Jb8,5,5,concat,6
R0nTR6Q908k,5,5,concat,6
R3Q16iXQSJ0,5,5,concat,6
R495_Cr8Wfk,5,5,concat,6
R4gf7blgKww,5,5,concat,6
RB9zFM25eT0,5,5,concat,6
RE2Taao_1u0,5,5,concat,6
RGrsTmv1xKQ,5,5,concat,6
RHOWdUdA-HQ,5,5,concat,6
RHiBzqumzS0,5,5,concat,6
RMDV-TZm4lw,5,5,concat,6
RSAxAfw7CxA,5,5,concat,6
RWAO0511jKw,5,5,concat,6
R_QHTKiyNY8,5,5,concat,6
RcOkqhLIUDY,5,5,concat,6
RdE1Fm4H0Eo,5,5,concat,6
Ri3MfbmTzw8,5,5,concat,6
RiwNqaZa4eE,5,5,concat,6
RkAYwtwYOcw,5,5,concat,6
RmoRfbj_ZdM,5,5,concat,6
Rq8bVW5kl34,5,5,concat,6
RtSZLGaRSBc,5,5,concat,6
Rtm-z2mEJr0,5,5,concat,6
RuORq1jBXwg,5,5,concat,6
RvORh8gY6mk,5,5,concat,6
RvpY1be2hkA,5,5,concat,6
Rx7x-44Kmlg,5,5,concat,6
S-TjonAoZhU,5,5,concat,6
S1CfMjwm6Ds,5,5,concat,6
S1LG_r_o7lo,5,5,concat,6
S7FYUzdkuEo,5,5,concat,6
SA2PL1ZAd1A,5,5,concat,6
SAnMDDR2hIc,5,5,concat,6
SBTnYD6d-gU,5,5,concat,6
SF6A5QWlZwA,5,5,concat,6
SK24FaKbNUQ,5,5,concat,6
SMZqQGW90ts,5,5,concat,6
SOd0D0B5Kcw,5,5,concat,6
SQ9WmXEQkVE,5,5,concat,6
SQ_F_cCsOX0,5,5,concat,6
SRyWmJM6gKI,5,5,concat,6
SSA29HDMp5Q,5,5,concat,6
SVCcxQQA-9A,5,5,concat,6
S_8BWoSor48,5,5,concat,6
SbbnRo8N6h4,5,5,concat,6
SeJd_5PbyDE,5,5,concat,6
SefkDTG03NA,5,5,concat,6
SlqJVm6G64E,5,5,concat,6
SnNy-YsB_sY,5,5,concat,6
SnfwvhR9-mc,5,5,concat,6
SoRJaX4POck,5,5,concat,6
SpI-75YzO4g,5,5,concat,6
SvVpdtynuO8,5,5,concat,6
SzCVfoAfU18,5,5,concat,6
SzybD0sbwnY,5,5,concat,6
T0ACQJUIeHs,5,5,concat,6
T2DO9Cvuj58,5,5,concat,6
T2t4g9NxDgY,5,5,concat,6
T8IBZ_0Vl08,5,5,concat,6
T9ZVztbJYBk,5,5,concat,6
T9_TxnRU7HU,5,5,concat,6
TCy9blMSRek,5,5,concat,6
TEUqJbcAcps,5,5,concat,6
TGG7hayCgnY,5,5,concat,6
TGb3UAMNIto,5,5,concat,6
TJC1arfSw40,5,5,concat,6
TJMId61Dmzo,5,5,concat,6
TKGV2vqRIE0,5,5,concat,6
TLdwiQ5VZ4g,5,5,concat,6
TMiP8pKVXw8,5,5,concat,6
TMwJPJbL3BU,5,5,concat,6
TQ3sdxEsBEA,5,5,concat,6
TQUfnnh7Lk0,5,5,concat,6
TR2SYxrGK6k,5,5,concat,6
TV4SUe7H2Mw,5,5,concat,6
TW986GosV2k,5,5,concat,6
TXQBoZRjsMY,5,5,concat,6
TYwQolZlX_k,5,5,concat,6
TZ2u0hJ-eHg,5,5,concat,6
T_AyvXXE_oU,5,5,concat,6
TdRC7piJswA,5,5,concat,6
Tdbt39TEW30,5,5,concat,6
TfP0PSIJbaA,5,5,concat,6
TinaDYAYAb4,5,5,concat,6
Tktyk7vO9io,5,5,concat,6
ToYtZkL1CZE,5,5,concat,6
TqEzXL8lcek,5,5,concat,6
TyOhnMeP1Pw,5,5,concat,6
U-PeqAOyWik,5,5,concat,6
U16Oc5ttXOY,5,5,concat,6
U1BWydwWfPU,5,5,concat,6
U1QjLMg9_6o,5,5,concat,6
U3RYWSmHtsU,5,5,concat,6
U53xy0VEJWg,5,5,concat,6
U5DDTQZZU8c,5,5,concat,6
U8rx9gbxpM0,5,5,concat,6
U9krcR8lJYU,5,5,concat,6
U9rzD-T3qBg,5,5,concat,6
UAFsjtipzOs,5,5,concat,6
UBcLqkNSc5A,5,5,concat,6
UCZ6z5n194M,5,5,concat,6
UE9eu0pqHUI,5,5,concat,6
ULIQGwL3BgE,5,5,concat,6
ULKycKzxhUY,5,5,concat,6
ULP-L_paaJY,5,5,concat,6
UPWF_kSJUws,5,5,concat,6
UQKBizdBGo0,5,5,concat,6
URcuSFHqDSE,5,5,concat,6
URkMw5Mc4dI,5,5,concat,6
USuK6F9E3oY,5,5,concat,6
UWPmO43tPwA,5,5,concat,6
UXvNE09hNhw,5,5,concat,6
UZojIOm-mhk,5,5,concat,6
U_7aNgzrurc,5,5,concat,6
Uf2G8XaER-c,5,5,concat,6
Uk_p05fnizs,5,5,concat,6
Ul8IYdZYWCE,5,5,concat,6
UlPMinl0APk,5,5,concat,6
Ulm1OWo20_U,5,5,concat,6
Un5WWSorfok,5,5,concat,6
UovyF1tcNW8,5,5,concat,6
UpuHZzMHF0s,5,5,concat,6
UqG86p0vCOI,5,5,concat,6
Ur28khn7ODI,5,5,concat,6
UrUXzwp0hwQ,5,5,concat,6
UtDkfhdQD78,5,5,concat,6
Ux1CTqGLdrg,5,5,concat,6
V00kC869_aI,5,5,concat,6
V3Ht5Uy_1dI,5,5,concat,6
V3etaTU-LnQ,5,5,concat,6
V3qKDtazXhs,5,5,concat,6
V4TT7LTLdDY,5,5,concat,6
V5sW5UMqZS8,5,5,concat,6
V5zS7fcrmXI,5,5,concat,6
V6DjElyC5ZA,5,5,concat,6
V7iyN7PZUK8,5,5,concat,6
VGQDs-c3Rrk,5,5,concat,6
VHSBjhhr0w4,5,5,concat,6
VKSxAkv5DdQ,5,5,concat,6
VKnC6UcQ35w,5,5,concat,6
VQqn9xXGTMg,5,5,concat,6
VSnW4vaRu9g,5,5,concat,6
VTNazLEpUfk,5,5,concat,6
VUW0VFHfjFE,5,5,concat,6
VVkAVZE1TQs,5,5,concat,6
VZlzjNOuPhw,5,5,concat,6
V_hXa3YcKig,5,5,concat,6
VbFuNbdpl7Q,5,5,concat,6
VbTpr0BRAWg,5,5,concat,6
VdkyvHzPPeQ,5,5,concat,6
Vico2TosUWI,5,5,concat,6
VjJlxYTtPnk,5,5,concat,6
Vp7Rgx-U7bc,5,5,concat,6
VpREZYt2fho,5,5,concat,6
VpagcSKZ4ZA,5,5,concat,6
Vq7l6Z01mnY,5,5,concat,6
VqfBcVrdWFw,5,5,concat,6
VqtVg8UD3tM,5,5,concat,6
VsCVFm6mGEY,5,5,concat,6
VvUkosqw3jU,5,5,concat,6
VzKBkA2h2ek,5,5,concat,6
W-jvyRUilAk,5,5,concat,6
W0vrLvZKRSY,5,5,concat,6
W39FGPzYxMA,5,5,concat,6
W3YiKvilN3A,5,5,concat,6
W5h-dYCTsoA,5,5,concat,6
W5maESccAuA,5,5,concat,6
WAZ-A32YMOA,5,5,concat,6
WB8FVmRmCjQ,5,5,concat,6
WCOe0fb81iw,5,5,concat,6
WDNg_9RNth8,5,5,concat,6
WFkogVhwK3E,5,5,concat,6
WGNNmLbGbs0,5,5,concat,6
WI1OwFE2a6I,5,5,concat,6
WKCoXlygMgQ,5,5,concat,6
WL6LCXGH4zU,5,5,concat,6
WNnoBwATl6g,5,5,concat,6
WROHSgADXZ0,5,5,concat,6
WSoXe0mRtng,5,5,concat,6
WTM1476g7JQ,5,5,concat,6
WUXJTYuyRuY,5,5,concat,6
WWVeCmOymMI,5,5,concat,6
WZ5n_8a_SZA,5,5,concat,6
WZbBj9HBjeM,5,5,concat,6
WbD_GlwY5y4,5,5,concat,6
WbqivueTcl8,5,5,concat,6
WcDJtaBNj9I,5,5,concat,6
WeL51exMcns,5,5,concat,6
WgLrlz6wCUI,5,5,concat,6
WiVIXpL-vN0,5,5,concat,6
WjyQwVozvSg,5,5,concat,6
WmsO4YhOr9A,5,5,concat,6
Wq60NfDvGHw,5,5,concat,6
WqqNqhd87H8,5,5,concat,6
WrhzMAOWKdg,5,5,concat,6
Ws7Mi_79OvM,5,5,concat,6
Wtt9TnuwTA4,5,5,concat,6
WuPuQAagkMQ,5,5,concat,6
Wzorxdasl4w,5,5,concat,6
X0LfitbG4Hc,5,5,concat,6
X3LH6HxrP6E,5,5,concat,6
X4XMDECSssQ,5,5,concat,6
X7mV2fuVzMY,5,5,concat,6
X9UvIiecSSI,5,5,concat,6
XKlFCEvIXTU,5,5,concat,6
XLrjH8Xpd8M,5,5,concat,6
XP7EUZ7gACU,5,5,concat,6
XRoVnEGkcAQ,5,5,concat,6
XRqXz5oY3LQ,5,5,concat,6
XZ1Fyr749Lw,5,5,concat,6
XZvyRBu2HUA,5,5,concat,6
Xa8Kia7-NPI,5,5,concat,6
XdwYXdcxGyw,5,5,concat,6
Xeuy7DQZux8,5,5,concat,6
Xo9LVCjjLr8,5,5,concat,6
XpptSbLkY9w,5,5,concat,6
XrKmrNTEMxk,5,5,concat,6
XsQhCnrBrPg,5,5,concat,6
Xxk5JTWkmaE,5,5,concat,6
XxsmArG8C5M,5,5,concat,6
XyiQ2Qas0x0,5,5,concat,6
Y3qFHrOA1cI,5,5,concat,6
Y4fvEje61zI,5,5,concat,6
Y5sRXSEYOi0,5,5,concat,6
YAlj3g-uoqw,5,5,concat,6
YCFgpsUsjlE,5,5,concat,6
YHaCb2k-YCw,5,5,concat,6
YLdTQgfvozg,5,5,concat,6
YMEhc89pUi8,5,5,concat,6
YMeTknJGxAI,5,5,concat,6
YNS0-gBuabU,5,5,concat,6
YQryxNTwW18,5,5,concat,6
YR3VwQt8Nlg,5,5,concat,6
YYPYijrN5UI,5,5,concat,6
YYSZoRN7_mY,5,5,concat,6
YdBuEgu-AJ0,5,5,concat,6
YdW95_qWUAY,5,5,concat,6
Ydlew44isyM,5,5,concat,6
Yfwcqyji0t4,5,5,concat,6
YgOlGKoz9UA,5,5,concat,6
Yiy4kvLI4AE,5,5,concat,6
YkMii3v9Dio,5,5,concat,6
YlrToWYx_Ic,5,5,concat,6
Ym2unOQW4XU,5,5,concat,6
YoCIdgGyaGY,5,5,concat,6
Yp9BmynL0Q4,5,5,concat,6
YpMZ_ZOWkec,5,5,concat,6
Ytz9dKwajXM,5,5,concat,6
YuHdXeilhDU,5,5,concat,6
YutOk12BkvQ,5,5,concat,6
YwjMXlLjVaQ,5,5,concat,6
YzZOHEKIbSM,5,5,concat,6
Z-Ix7sGsjb8,5,5,concat,6
Z0gEURBIAC0,5,5,concat,6
Z0gGlUph-L8,5,5,concat,6
Z1iaY0xIAo0,5,5,concat,6
Z1swXOE2qh8,5,5,concat,6
Z3SRbak0HHw,5,5,concat,6
Z3X1uW0Rpn8,5,5,concat,6
Z4yX_tn4Oy8,5,5,concat,6
Z63FDStFPRs,5,5,concat,6
Z76cTifrnQg,5,5,concat,6
Z8MzwsW8wsk,5,5,concat,6
ZAh8fw18e9E,5,5,concat,6
ZAqlAUuZj_E,5,5,concat,6
ZBfRWHgdS2s,5,5,concat,6
ZDXUBPnZhnM,5,5,concat,6
ZF-HcUXdseE,5,5,concat,6
ZIIW0VpY9-s,5,5,concat,6
ZJX3kvsEkLg,5,5,concat,6
ZJwPZrsumco,5,5,concat,6
ZK88D9QaTz4,5,5,concat,6
ZKdWCpBeSBc,5,5,concat,6
ZKiXj67_MZI,5,5,concat,6
ZOSeoez1-sI,5,5,concat,6
ZRQSIxz2-4E,5,5,concat,6
ZSgs86P4Lik,5,5,concat,6
ZSpi2YCFK6s,5,5,concat,6
ZSq_O3Qhp9Y,5,5,concat,6
ZT_nBdhJjW8,5,5,concat,6
ZW4rVuSMqo0,5,5,concat,6
ZXyE31F0MCY,5,5,concat,6
ZbrJ7unqroE,5,5,concat,6
ZeLh0HpBEyc,5,5,concat,6
ZfL7O_CCuvA,5,5,concat,6
Zf_ejeEpbqs,5,5,concat,6
ZpsSW7FJxYU,5,5,concat,6
ZrB7GPNHqR8,5,5,concat,6
Zv1GCsWxBZI,5,5,concat,6
ZvFFfDx5L-k,5,5,concat,6
ZvnWuaMFE-U,5,5,concat,6
ZysXXqNCt8w,5,5,concat,6
_1iJi_zUu4Y,5,5,concat,6
_3bLdE6eoao,5,5,concat,6
_4Jln2s5Z_s,5,5,concat,6
_7P8_plWhkc,5,5,concat,6
_AaGPe-vFfU,5,5,concat,6
_C7EcbLhfOQ,5,5,concat,6
_CLvU-p5Iog,5,5,concat,6
_D74w6aKpfM,5,5,concat,6
_DC0vNW0IMM,5,5,concat,6
_GDl4-ARXG8,5,5,concat,6
_Gim31DUGXU,5,5,concat,6
_Hs1HxDEsXc,5,5,concat,6
_IGK_tmpJj4,5,5,concat,6
_IjjXw_Ql8w,5,5,concat,6
_Ix7d7a5OP4,5,5,concat,6
_KbSbsOd9dA,5,5,concat,6
_Q9ZLCjbRlk,5,5,concat,6
_QIAnyZkw4s,5,5,concat,6
_WEdBuiiZr8,5,5,concat,6
_fqBCSgPzCs,5,5,concat,6
_j77kC3OdAc,5,5,concat,6
_jT2PgnS1TM,5,5,concat,6
_ksjtFqERIc,5,5,concat,6
_pzqITVxNsQ,5,5,concat,6
_uKtVysfObY,5,5,concat,6
_uMughdtOb0,5,5,concat,6
_z9Crx0a1Xg,5,5,concat,6
a0Tx6pSsCec,5,5,concat,6
a42cxjtxJ4Q,5,5,concat,6
a4VgyvnX0_U,5,5,concat,6
a54EYHs4xgA,5,5,concat,6
aFUfEH-LrRQ,5,5,concat,6
aGGeznHZkMI,5,5,concat,6
aGjzGuhH-Bg,5,5,concat,6
aJCDvsc6Zeo,5,5,concat,6
aMYlie3kzYg,5,5,concat,6
aMbFTM6vJaY,5,5,concat,6
aN8czal89JM,5,5,concat,6
aO1hEBB5UKI,5,5,concat,6
aYw9_-m8bP0,5,5,concat,6
aZYx8JchUFo,5,5,concat,6
adtLYN4EGlE,5,5,concat,6
agUPTDAfFIc,5,5,concat,6
ahRZCRAyE14,5,5,concat,6
ajFl5Idvh3s,5,5,concat,6
akboqKFh5b0,5,5,concat,6
am-BRLrQbz4,5,5,concat,6
amRdxJiDsRQ,5,5,concat,6
astsxmKCQt4,5,5,concat,6
auFWWea1S8A,5,5,concat,6
augW6GT2KFw,5,5,concat,6
avFDMWxAyNY,5,5,concat,6
ayqMVQpDhIQ,5,5,concat,6
azZedX51pHs,5,5,concat,6
b16Ey7Gc7Gw,5,5,concat,6
b3h07BDuuy0,5,5,concat,6
b6g_nNUcVAc,5,5,concat,6
b77WTeKeTGw,5,5,concat,6
bDpPJXQwGGY,5,5,concat,6
bDuSqrd1kks,5,5,concat,6
bElhk631FX4,5,5,concat,6
bIHhVQ8MAJ0,5,5,concat,6
bL9od7M3Yew,5,5,concat,6
bLZkDug3jyA,5,5,concat,6
bL_uGgKiLKU,5,5,concat,6
bOS9IW5X4fs,5,5,concat,6
bS-7-lMx70s,5,5,concat,6
bTVCquvRNdk,5,5,concat,6
bU7PyyyWLrU,5,5,concat,6
bb_oEATZ7u4,5,5,concat,6
bbbiMXKQrKk,5,5,concat,6
bfs1-MBlDAY,5,5,concat,6
biNRnD4Ft3A,5,5,concat,6
biXVbOaHf7Q,5,5,concat,6
bnllGsvqyMs,5,5,concat,6
boZSMM5ZKyA,5,5,concat,6
bowEhdCn4Mg,5,5,concat,6
bpOfjfg7gFc,5,5,concat,6
bppybDApJ-g,5,5,concat,6
bsQUMhKm4fc,5,5,concat,6
bvJAJiONtc0,5,5,concat,6
bwzjMY2GW68,5,5,concat,6
bx3QV4C8UN0,5,5,concat,6
bxn_KXyo8us,5,5,concat,6
bzRY33ijQa4,5,5,concat,6
bzv7_ebs4gU,5,5,concat,6
c3cuC_TA2Uk,5,5,concat,6
c4b9zuDXtfo,5,5,concat,6
c6cWCG-DK40,5,5,concat,6
c6lIoGFcuzk,5,5,concat,6
c762yomcUvU,5,5,concat,6
c8ZMObbDpw4,5,5,concat,6
cB_CvqCNx4Q,5,5,concat,6
cBflJZghGrg,5,5,concat,6
cEAn6QTC2jU,5,5,concat,6
cEQKLyM1BZI,5,5,concat,6
cEugjVW30_A,5,5,concat,6
cGhyy_QkUJ0,5,5,concat,6
cH1AwDiCsXQ,5,5,concat,6
cMQh5Uj_Uz8,5,5,concat,6
cNENu_qM-Iw,5,5,concat,6
cOXMvjWZ_b8,5,5,concat,6
cPaz1jGGWfM,5,5,concat,6
cTOQh_bStwA,5,5,concat,6
cUG1bBaJUjM,5,5,concat,6
cW32BsaXYd0,5,5,concat,6
cYZDNorZZ5U,5,5,concat,6
cZXcaaOqiXc,5,5,concat,6
c_06MH809vs,5,5,concat,6
c_OenzYOE0I,5,5,concat,6
c_QWEZVERdA,5,5,concat,6
caPjhlNIboM,5,5,concat,6
cbHQfa39yx4,5,5,concat,6
cbiRckF3ejA,5,5,concat,6
cgJDiVSdFOo,5,5,concat,6
chnDzxrUXgw,5,5,concat,6
ckc0HOwbhA0,5,5,concat,6
clh2Vi3S-gs,5,5,concat,6
cmrzG2eAUmQ,5,5,concat,6
coA0x3tVZXo,5,5,concat,6
coQaIEpJT0U,5,5,concat,6
coj-cHocDuo,5,5,concat,6
crqmTJymq0Y,5,5,concat,6
ctcEBzyHFCg,5,5,concat,6
cwcETfcJtRk,5,5,concat,6
czJ-ZVIXc0w,5,5,concat,6
d4RD90lUb0c,5,5,concat,6
d8q4xbaDskI,5,5,concat,6
dAWuS3iDuwc,5,5,concat,6
dC8J6lSTuek,5,5,concat,6
dGcJ3dQmw1U,5,5,concat,6
dIFC9a9XFO8,5,5,concat,6
dJWS9ncoI80,5,5,concat,6
dK5-mMej6sw,5,5,concat,6
dNYxruV_yig,5,5,concat,6
dSQ98SN-Tcc,5,5,concat,6
dXstAYpoEb8,5,5,concat,6
dYS53Hl-wyo,5,5,concat,6
dYThAX_xm68,5,5,concat,6
daS2LrtSlE4,5,5,concat,6
dgb-COCIwNk,5,5,concat,6
dhBORirvIi0,5,5,concat,6
diRXSMIMC78,5,5,concat,6
doEQw9BApv8,5,5,concat,6
dpMFT6IxkzY,5,5,concat,6
dpPxCCplCP0,5,5,concat,6
dsG_3xi1c-M,5,5,concat,6
dxIvYDRIf8w,5,5,concat,6
dzrQ-56pMAQ,5,5,concat,6
e2uHeqixwyY,5,5,concat,6
e4KDBwfUop4,5,5,concat,6
e6RFfdh8cnY,5,5,concat,6
e8pNBEcMkSw,5,5,concat,6
e92U_MGrMq4,5,5,concat,6
eADSkPSHzts,5,5,concat,6
eAmzTkDfzwo,5,5,concat,6
eCG29NqcIiA,5,5,concat,6
eDXTPoZvovs,5,5,concat,6
eE-RVA6uWDo,5,5,concat,6
eE88GuCSgDI,5,5,concat,6
eJke10MoPlM,5,5,concat,6
eKqHV2Sv_iE,5,5,concat,6
eQ49Ew9MjNU,5,5,concat,6
eQnun2yWSEk,5,5,concat,6
eRrLkc5h-Pg,5,5,concat,6
eV1w0pViXW4,5,5,concat,6
eXKikyJYQ_A,5,5,concat,6
eZCBZtuAxEY,5,5,concat,6
ebqO_hs3XFE,5,5,concat,6
eduIxQQcTqI,5,5,concat,6
eeLBgYcvdYw,5,5,concat,6
em-jXbBLBPs,5,5,concat,6
em1iTDOWCCY,5,5,concat,6
em3NUiM-eAE,5,5,concat,6
emlj20m2k9U,5,5,concat,6
enkq7FSUEu8,5,5,concat,6
eqCkcLn4zTk,5,5,concat,6
eqDcpuLpHxI,5,5,concat,6
ere92fSdhjI,5,5,concat,6
f-duFberj1c,5,5,concat,6
f-o6PiFKyiY,5,5,concat,6
f06KoOJat5E,5,5,concat,6
f2mnnzIHxEI,5,5,concat,6
f4Krt4J6wXY,5,5,concat,6
f5X_6J4c9oM,5,5,concat,6
f99VAOs7JjQ,5,5,concat,6
f9hj8z-NduM,5,5,concat,6
fBVbEdU5uNI,5,5,concat,6
fDl5QC03Ow0,5,5,concat,6
fEp08LlO8EM,5,5,concat,6
fGhu3UkHkJA,5,5,concat,6
fMU0iNnyw08,5,5,concat,6
fMjmNPJHB28,5,5,concat,6
fRuiyH5lC-E,5,5,concat,6
fVIo5JslPJY,5,5,concat,6
fWBY-eCZ4mI,5,5,concat,6
fWYiRigf324,5,5,concat,6
fXJirpNokGM,5,5,concat,6
fXOJmjYg1Kg,5,5,concat,6
fXdgZwf5I3E,5,5,concat,6
f_3Jqe7cYcE,5,5,concat,6
fe3t7uLUFyI,5,5,concat,6
fgrGq8lME-0,5,5,concat,6
fk0pfbR-SyU,5,5,concat,6
fkWsZV3Xm-w,5,5,concat,6
fl5p1Ct96CQ,5,5,concat,6
fqESaOx09yw,5,5,concat,6
fsXAJ6xj2m0,5,5,concat,6
fsqWVVa2uWE,5,5,concat,6
fvmCspC8Os8,5,5,concat,6
fzD2kE_UV1g,5,5,concat,6
fziWjZoW4_4,5,5,concat,6
g673z6cyPL8,5,5,concat,6
g75OfB02o_8,5,5,concat,6
g8KjVQTntsU,5,5,concat,6
g8n_WzFKNr0,5,5,concat,6
gGIPdzdXpIQ,5,5,concat,6
gGmzxjs0a7Y,5,5,concat,6
gIYG4vhE4N4,5,5,concat,6
gK0ywpgi8-8,5,5,concat,6
gQj_GnpZdOE,5,5,concat,6
gRW46Rr58kY,5,5,concat,6
gS2F486uiP4,5,5,concat,6
gT4RgsbCk48,5,5,concat,6
gTkT2WMC1jY,5,5,concat,6
gUKkdwL7PyI,5,5,concat,6
gUXc9I0UOsg,5,5,concat,6
gUnqAyvYN9c,5,5,concat,6
gUt1FXo-X3w,5,5,concat,6
gVIRGDA1fqw,5,5,concat,6
gX0P-SHufvE,5,5,concat,6
g_SOkCvbJfM,5,5,concat,6
ghk-TD91P00,5,5,concat,6
gijrwUC6ux0,5,5,concat,6
gjfiqBTUlOA,5,5,concat,6
gjhA2B3YURI,5,5,concat,6
gkmMW2hSkaE,5,5,concat,6
goZk8TYReCs,5,5,concat,6
gokrsXotA6w,5,5,concat,6
gpATpjgeB2M,5,5,concat,6
grdImJvRsik,5,5,concat,6
griD79izymw,5,5,concat,6
gthqzSJDWrU,5,5,concat,6
gvpHkl1uV6Q,5,5,concat,6
h-mPlLYG4dY,5,5,concat,6
h3J4fVUD5uM,5,5,concat,6
h5o9u4KCP8E,5,5,concat,6
h8f6dX-ejvU,5,5,concat,6
hB5uFp1J8lM,5,5,concat,6
hDjfhNa6KSg,5,5,concat,6
hFimiawnwiQ,5,5,concat,6
hGTYjMh9UXo,5,5,concat,6
hLCviWTfZ3c,5,5,concat,6
hLwUIdMyxI4,5,5,concat,6
hO4vk7zjTEI,5,5,concat,6
hObBdQv6meg,5,5,concat,6
hP5E67Iees4,5,5,concat,6
hQ9af89lXgc,5,5,concat,6
hQenBPdl038,5,5,concat,6
hQlyz_pMguk,5,5,concat,6
hR70awDM2Yc,5,5,concat,6
hRFLuBNLSDw,5,5,concat,6
hRPJK1QD1qk,5,5,concat,6
hRU6aexGCG8,5,5,concat,6
hRzXl_oND6s,5,5,concat,6
hUGFwzBmQsY,5,5,concat,6
hVOlqKXudi0,5,5,concat,6
hWXGKEwa810,5,5,concat,6
hckVUe3xCvo,5,5,concat,6
hdR4Od-7jHM,5,5,concat,6
hfVxms2DIX4,5,5,concat,6
hjkbqeWQAM8,5,5,concat,6
hm_D6nstwQc,5,5,concat,6
hnlYZkvtj5w,5,5,concat,6
hoEAazo6hXc,5,5,concat,6
hocp9ASy3A0,5,5,concat,6
hp-ZncmAicc,5,5,concat,6
hpRKUSISXLg,5,5,concat,6
hr9DZcvPHIE,5,5,concat,6
huT-1gdiJRk,5,5,concat,6
i4PqY-SYSxA,5,5,concat,6
i4VjPxnh2wY,5,5,concat,6
i6iCPrV0aiM,5,5,concat,6
i9LaPbcMZJM,5,5,concat,6
iAYzHy4wlE0,5,5,concat,6
iAode_PVvlM,5,5,concat,6
iB3UJH0XkxA,5,5,concat,6
iCHGKIPcv2s,5,5,concat,6
iCShRw3IFKk,5,5,concat,6
iDS7w3RbKDo,5,5,concat,6
iDSWGGmqcuo,5,5,concat,6
iDSwRqrV5Q4,5,5,concat,6
iE9vY8Vywas,5,5,concat,6
iEhZ8xVRe0s,5,5,concat,6
iGFYQfXLPFM,5,5,concat,6
iIHlqMLeTxo,5,5,concat,6
iJdhou-EhpQ,5,5,concat,6
iLKQnNkfl-c,5,5,concat,6
iLXsBpIRU0Y,5,5,concat,6
iLdZMACCPRE,5,5,concat,6
iMm2lhGZog8,5,5,concat,6
iOgR7hi90Ac,5,5,concat,6
iQ8ERAkb9P8,5,5,concat,6
iQP9-Dp2reI,5,5,concat,6
iUbDHj0M2IY,5,5,concat,6
iVWP9KjjbVg,5,5,concat,6
iW0MTvbVE3I,5,5,concat,6
iY_Ij5Hkma8,5,5,concat,6
iZWDnIF_uLk,5,5,concat,6
i_CxU1RL6j4,5,5,concat,6
i_ptKFx1DxI,5,5,concat,6
iaiHckq0Hrg,5,5,concat,6
ibT-P_Xm6JA,5,5,concat,6
idLIfLWioXY,5,5,concat,6
ifk7Pk4mFoM,5,5,concat,6
ijaopBX45Zw,5,5,concat,6
ikK1TRV5GF4,5,5,concat,6
ikn5NFXMzD4,5,5,concat,6
inPVElngCko,5,5,concat,6
ip5H756TG2A,5,5,concat,6
ir7czSwWGts,5,5,concat,6
ivYnOqOKwgE,5,5,concat,6
j-4MMPheUjk,5,5,concat,6
j-DAIWWlWJo,5,5,concat,6
j1vKwpzcB_o,5,5,concat,6
j2epmSjirsQ,5,5,concat,6
j9LdIjHH1_U,5,5,concat,6
j9PP4SFMCtk,5,5,concat,6
jAaVsgOsZ-o,5,5,concat,6
jCTKugKkJyQ,5,5,concat,6
jEkBSBz2-So,5,5,concat,6
jGc80XEJTYQ,5,5,concat,6
jIbvywmehVA,5,5,concat,6
jKQcJIF6pmM,5,5,concat,6
jKm-Cd2ne_w,5,5,concat,6
jN0T9H1kiNQ,5,5,concat,6
jWdM0fLo578,5,5,concat,6
j_Q3Db77F3A,5,5,concat,6
je569BukeSE,5,5,concat,6
jl2kGHYpBXk,5,5,concat,6
joEEjCxhlTc,5,5,concat,6
jouJVPv8i0o,5,5,concat,6
jppB5_D1xW0,5,5,concat,6
jrp3rAV4FYA,5,5,concat,6
jtfsPMTIRl0,5,5,concat,6
jtsJVgCX5W4,5,5,concat,6
jvfwhMyxKmU,5,5,concat,6
jyX9nQks5ek,5,5,concat,6
k-asaoNYyUw,5,5,concat,6
k0_WvflO4xo,5,5,concat,6
k2rBJiq0tnA,5,5,concat,6
k3k-bnxlHKg,5,5,concat,6
k5OWSzK1pSw,5,5,concat,6
k5dUByESftQ,5,5,concat,6
k6_qCzOXbjo,5,5,concat,6
k7B45K6pNQw,5,5,concat,6
k8vSf6rqhPE,5,5,concat,6
kDAoPv6yOAQ,5,5,concat,6
kEThxtqF6iU,5,5,concat,6
kFMx3Jd0XgI,5,5,concat,6
kHWwaSFZf6M,5,5,concat,6
kJkffEgeuHg,5,5,concat,6
kQlAgYW7g7s,5,5,concat,6
kR5oU_clpmc,5,5,concat,6
kR6oAZwRUJc,5,5,concat,6
kRKRZYQPZeQ,5,5,concat,6
kRRxRTEOY5Q,5,5,concat,6
kRd75jiSN-U,5,5,concat,6
kTBUHwRHXNM,5,5,concat,6
kUVUFO0yWcc,5,5,concat,6
kZ0yasdiBsw,5,5,concat,6
kb8-eXaHies,5,5,concat,6
khXWNfE8g5Y,5,5,concat,6
kmH4JJr2rDE,5,5,concat,6
ktPwKsFmV9k,5,5,concat,6
kti_QkxoSys,5,5,concat,6
kyLLUsDNocc,5,5,concat,6
l6NC1oUV9kY,5,5,concat,6
l6xkGZcVXPQ,5,5,concat,6
l8dx5VnlAPw,5,5,concat,6
lGgptu7klVA,5,5,concat,6
lGp6GR5ADlI,5,5,concat,6
lJ0wQH1912k,5,5,concat,6
lJtoKjoKmgo,5,5,concat,6
lNhBYEwu8vg,5,5,concat,6
lQ7f_JpK2Dg,5,5,concat,6
lTASsL2YSI4,5,5,concat,6
lTRI_d9tVuM,5,5,concat,6
lUF4kFRrKrc,5,5,concat,6
lV1EM4teuOI,5,5,concat,6
lW5sl6qgxzg,5,5,concat,6
lYEHeV5CnWM,5,5,concat,6
l_9nMDEXT1A,5,5,concat,6
lai0QjVdq0k,5,5,concat,6
lccID7Kr0AE,5,5,concat,6
lgRR4kLDi_w,5,5,concat,6
li82DswzatI,5,5,concat,6
lmT_KhCrNmg,5,5,concat,6
lmzACgrZOXg,5,5,concat,6
lnvhZ6v-HUs,5,5,concat,6
lswDd4_3SMo,5,5,concat,6
lswSPRcRM0U,5,5,concat,6
ltVz4El9H7I,5,5,concat,6
luN9r-BNq3Y,5,5,concat,6
lx2NV_1mI68,5,5,concat,6
m38_-ZYrAmo,5,5,concat,6
m3__6vgYxro,5,5,concat,6
m4ys9fFPj3M,5,5,concat,6
m5BbkIyMm04,5,5,concat,6
m7wjuAFymxo,5,5,concat,6
m9Wv0VyH4ck,5,5,concat,6
mD8JGG9uN10,5,5,concat,6
mL43nKZzdE4,5,5,concat,6
mNUbW_afD30,5,5,concat,6
mOrGlWJ40LQ,5,5,concat,6
mP_JPviys0A,5,5,concat,6
mTMZdCQGUPo,5,5,concat,6
mUsMzELwchY,5,5,concat,6
mVubzsxZW7o,5,5,concat,6
mW6xWfBtr_k,5,5,concat,6
mWiBEyJcW7s,5,5,concat,6
mbSAaSxbx_U,5,5,concat,6
meFMnHr4F-E,5,5,concat,6
mk4oXSScqWI,5,5,concat,6
ml8HgEwflfU,5,5,concat,6
mntznoTyyl4,5,5,concat,6
mo6c6gs6Ato,5,5,concat,6
mo7OZFUYC2g,5,5,concat,6
mpwwc_9R4-g,5,5,concat,6
mq6Y29t4Eqg,5,5,concat,6
mv4ctlkK-RY,5,5,concat,6
mvkv6VQ39R4,5,5,concat,6
mwEFS0Q1-Qo,5,5,concat,6
mxaZJ0xulLY,5,5,concat,6
n2R9QCA8kow,5,5,concat,6
n3ItIMZAF2A,5,5,concat,6
nA2OuKaQF6E,5,5,concat,6
nCZyE38KK9k,5,5,concat,6
nD3CCJwxsVQ,5,5,concat,6
nFHtycqrNm0,5,5,concat,6
nG6RJwWEeLE,5,5,concat,6
nGAH8zCQbBg,5,5,concat,6
nH1831KhlXw,5,5,concat,6
nHASEFvynFs,5,5,concat,6
nISOFjOqX20,5,5,concat,6
nIcxXAfIe9g,5,5,concat,6
nKBl2-qp9XU,5,5,concat,6
nLkpduNfnTI,5,5,concat,6
nQLPlMfB8fU,5,5,concat,6
nRTUvHpvK4w,5,5,concat,6
nSArIKaWxRo,5,5,concat,6
nTtT3hVJKKw,5,5,concat,6
nWAjAYFLYmw,5,5,concat,6
nZbiNyI5R4M,5,5,concat,6
n_En0vFenK0,5,5,concat,6
nbgKs-dMZkg,5,5,concat,6
nf7-4ekzr3g,5,5,concat,6
ngSjEs8anjw,5,5,concat,6
ngwjs5usfkY,5,5,concat,6
nkcbxohDcbU,5,5,concat,6
nkk8J5FUPsc,5,5,concat,6
nlIXZdrQsrA,5,5,concat,6
nmzlWWSYLJ4,5,5,concat,6
nnLze6m8EvI,5,5,concat,6
nnVQXvrq1Bc,5,5,concat,6
nuMp6iPySdc,5,5,concat,6
nzXzswYsUn4,5,5,concat,6
o1CdVtk0ms0,5,5,concat,6
o5G021W0ijs,5,5,concat,6
o5loHBrZWk4,5,5,concat,6
o7E9DweGGFg,5,5,concat,6
o9vNFd5hQes,5,5,concat,6
oA1RhnFE1sU,5,5,concat,6
oCK3dnN-Cnk,5,5,concat,6
oEpZ6wmXW88,5,5,concat,6
oJUR73fAf7k,5,5,concat,6
oK0uG4WVhMY,5,5,concat,6
oOXLjUaZUNM,5,5,concat,6
oRIUQzFM9t8,5,5,concat,6
oRmlD1RNlGA,5,5,concat,6
oTBdYFp9l2o,5,5,concat,6
oUegE9LfCUQ,5,5,concat,6
oV8Ho-DgAyc,5,5,concat,6
oXLiazS8gf0,5,5,concat,6
o_QAN74HG6Y,5,5,concat,6
obIJpCleT1g,5,5,concat,6
ojqwCLmqrs8,5,5,concat,6
okdtf2Y8Tj8,5,5,concat,6
ooBuwqYljrQ,5,5,concat,6
ooYVcJlIgkc,5,5,concat,6
oomzcwAOuaA,5,5,concat,6
orrDEtCvwL8,5,5,concat,6
owkH2On9VGs,5,5,concat,6
oymLcrW20Lc,5,5,concat,6
p2n2q2rv5Qc,5,5,concat,6
p4HK7MwKFUE,5,5,concat,6
p6Ap4tXB4xM,5,5,concat,6
p6H_LAWABrk,5,5,concat,6
p9IMe6g0KiA,5,5,concat,6
p9tHecDqsVg,5,5,concat,6
pCfw9DYsuYk,5,5,concat,6
pDlwDkfJMBU,5,5,concat,6
pHkZSJnHcZY,5,5,concat,6
pHrsCi0A_Ss,5,5,concat,6
pJ3Nq6MuUE0,5,5,concat,6
pKzvl4cRt_A,5,5,concat,6
pThpM64kuD4,5,5,concat,6
pVqkcUGo5rA,5,5,concat,6
pZtV1JzRs4Y,5,5,concat,6
pbyx_HA_6UY,5,5,concat,6
pcm1CFNjmLg,5,5,concat,6
peQ425I3Kjs,5,5,concat,6
ph8edrRS3XY,5,5,concat,6
phfruzkGXPM,5,5,concat,6
piDXAobghFY,5,5,concat,6
pj7tGpieJY8,5,5,concat,6
pliWkbiPEYA,5,5,concat,6
polUB3GdcYY,5,5,concat,6
ppz4EiGh3_U,5,5,concat,6
pr51JHwPDLs,5,5,concat,6
psUafFE6kFI,5,5,concat,6
psbfOVdtzEI,5,5,concat,6
ptpln1nGXt4,5,5,concat,6
pvOwuC37mpw,5,5,concat,6
pviz9sQQyRo,5,5,concat,6
pz8ffpYnaTI,5,5,concat,6
q-fvXypyNWQ,5,5,concat,6
q-i_t0WOEMg,5,5,concat,6
q7DDCRTCsDE,5,5,concat,6
q9DSO2C2VgM,5,5,concat,6
qCpM4yuxS1k,5,5,concat,6
qDHRQ8IOjxI,5,5,concat,6
qDShV5VrAwg,5,5,concat,6
qEPorufOq1o,5,5,concat,6
qFvZH9y1cL8,5,5,concat,6
qHGwoKW-yU8,5,5,concat,6
qHaW4YLQWwA,5,5,concat,6
qJ_MAkSY6zU,5,5,concat,6
qLmeJTd1FLw,5,5,concat,6
qMsuNON6L14,5,5,concat,6
qPS9KLvfyZQ,5,5,concat,6
qRuGpqqdhcA,5,5,concat,6
qUVHl2qFE64,5,5,concat,6
qWuBwITMXcg,5,5,concat,6
qXqjdljWaC4,5,5,concat,6
qXum2z26bgY,5,5,concat,6
qZ36leiBFbQ,5,5,concat,6
qaZxdoMPqgc,5,5,concat,6
qaaE0gGqjbw,5,5,concat,6
qb4wKqhzlZc,5,5,concat,6
qb9ZFruBWbs,5,5,concat,6
qc-7NCnjMQo,5,5,concat,6
qcEN6iDRumM,5,5,concat,6
qdwrX5qXh8M,5,5,concat,6
qe6JCeu2pzo,5,5,concat,6
qeVTKiy_uxc,5,5,concat,6
qjd8x6iPnrs,5,5,concat,6
qnBJKqd-QRQ,5,5,concat,6
qnvrHCbAGTg,5,5,concat,6
qo2Bx5HeF9g,5,5,concat,6
qob8NXhPVnQ,5,5,concat,6
qp76kkpbS3E,5,5,concat,6
qqi8zMQyZ8Y,5,5,concat,6
qqmemQIdTFo,5,5,concat,6
qraZrNPN68s,5,5,concat,6
qskZv7gnPYg,5,5,concat,6
qteA2Q6PSWI,5,5,concat,6
qwfQtaMdobM,5,5,concat,6
qxsR18W6RVg,5,5,concat,6
qyqcbVonzKc,5,5,concat,6
r032HAspshI,5,5,concat,6
r0NhZqtqiNw,5,5,concat,6
r0zVf8oSGmQ,5,5,concat,6
r1GO6ALZQX4,5,5,concat,6
r4My0_n7uQ0,5,5,concat,6
r7GkTFtlP-Y,5,5,concat,6
r99wIj7dZ04,5,5,concat,6
rCbCzpozPPk,5,5,concat,6
rETEUYoaPo8,5,5,concat,6
rGCFXO_fF1w,5,5,concat,6
rH2u0qUyLQI,5,5,concat,6
rORyITY_oxw,5,5,concat,6
rSaDJ8pDT3c,5,5,concat,6
rU9z1s9UQ1k,5,5,concat,6
rY9GWqX3BZ4,5,5,concat,6
rYNStqkilYA,5,5,concat,6
rY_ntYSCSTY,5,5,concat,6
rZFKaxzlcx8,5,5,concat,6
r_lCtaE2hNE,5,5,concat,6
raYktxLEYzE,5,5,concat,6
rd85EfbF88M,5,5,concat,6
rds-AG67tew,5,5,concat,6
rfAeERziunY,5,5,concat,6
rfAt_uQvOQ0,5,5,concat,6
rl5e_ndjpYc,5,5,concat,6
rrkEte7sFfg,5,5,concat,6
rrtIpXbGd1s,5,5,concat,6
rsZL9mtQyxE,5,5,concat,6
rues0eXjG8A,5,5,concat,6
ruxohkT-bVA,5,5,concat,6
rvFQn4WznVU,5,5,concat,6
rx2I0rCgfW4,5,5,concat,6
rxLN8yXagSk,5,5,concat,6
rxmsqzrp2Mo,5,5,concat,6
ryRL7aUjMxc,5,5,concat,6
s1f5f6hrxdU,5,5,concat,6
s1ga924tVqM,5,5,concat,6
s3kj1Wr6i-c,5,5,concat,6
s4sSbZePLck,5,5,concat,6
s6cvNg6TRc0,5,5,concat,6
s7TfUqUqVaI,5,5,concat,6
s9VJY4xpo7A,5,5,concat,6
s9cDgrHzlco,5,5,concat,6
sBILsIAJS9c,5,5,concat,6
sCAHTcaYcJ4,5,5,concat,6
sCYe1a6V_JM,5,5,concat,6
sFGFZftu7C0,5,5,concat,6
sK2KX8cwu_0,5,5,concat,6
sLTvgrVqTkE,5,5,concat,6
sOLy3ZCN8KU,5,5,concat,6
sR9AOOS9DPY,5,5,concat,6
sTFOEpyHcnU,5,5,concat,6
sUMPLCHfDys,5,5,concat,6
sUqwO91zbdc,5,5,concat,6
s_n2N-GaefA,5,5,concat,6
scRiq3L8A74,5,5,concat,6
shtOB8MI_FQ,5,5,concat,6
sir9NCfg5ig,5,5,concat,6
sivQbHoNhh0,5,5,concat,6
sl0y8vC64mc,5,5,concat,6
spO5I6cVYZc,5,5,concat,6
sxU5g5bzXNc,5,5,concat,6
sxbAc5DIBL0,5,5,concat,6
t2KG1sLRaGk,5,5,concat,6
t3KrndFYhS4,5,5,concat,6
tA1neN5Op6s,5,5,concat,6
tD3mhik8My8,5,5,concat,6
tLWXq0a9mgo,5,5,concat,6
tNQOQZBWW_Y,5,5,concat,6
tPAeez8Xm2Q,5,5,concat,6
tQSYoZA-7_Q,5,5,concat,6
tR0ifUFR008,5,5,concat,6
tRbaW--NEMk,5,5,concat,6
tV38OWB5VUU,5,5,concat,6
tVCk7SmgXbE,5,5,concat,6
tVCrCpuGXY8,5,5,concat,6
tVSXP_1tukg,5,5,concat,6
tWfNLO-dlcw,5,5,concat,6
tXQeiXl3Sxs,5,5,concat,6
t_Ut47p6O-U,5,5,concat,6
tapgKsYaXJI,5,5,concat,6
tauVv3R5IZE,5,5,concat,6
tdw_rD2m55s,5,5,concat,6
tf36ug1V9Ts,5,5,concat,6
thLCgHpLTio,5,5,concat,6
tirvO2D1q7g,5,5,concat,6
tkmAtJBBWEo,5,5,concat,6
tmWR-UUF_-0,5,5,concat,6
tpJRaLSNyQg,5,5,concat,6
tqDPV8wZht4,5,5,concat,6
tqQG7b1mX8Y,5,5,concat,6
tsgUUTacGV4,5,5,concat,6
tu_TZqUDbhQ,5,5,concat,6
tvfVGZa6INE,5,5,concat,6
tx_KhJrDyd4,5,5,concat,6
txosZqW5CBk,5,5,concat,6
u46nGG3-f3M,5,5,concat,6
uCUUx14o04I,5,5,concat,6
uCk1I6iXC48,5,5,concat,6
uD94UsOPDeY,5,5,concat,6
uHhNOky2zAU,5,5,concat,6
uJ3okYAFRUU,5,5,concat,6
uJGv8wAGhk0,5,5,concat,6
uJg-Y7u8Fj8,5,5,concat,6
uOv9ICodqEU,5,5,concat,6
uTgfsA6Fd_k,5,5,concat,6
uW6OEunaIQQ,5,5,concat,6
uWo8abCDaxM,5,5,concat,6
uY7-oW4M-ks,5,5,concat,6
uYbPR-iCXMc,5,5,concat,6
u_d5dV2lEL0,5,5,concat,6
ucPQatPwNhw,5,5,concat,6
ucsJZH1PAuw,5,5,concat,6
ue74wpnhWsw,5,5,concat,6
uerf1Pn-SRM,5,5,concat,6
ugt7TM0fem0,5,5,concat,6
uhQd_p7NpGA,5,5,concat,6
ui8IqPJhcw8,5,5,concat,6
ulhORNKjS6U,5,5,concat,6
ung98qtQGYc,5,5,concat,6
uqBh6-JIxa4,5,5,concat,6
uutpEB8AJhA,5,5,concat,6
uvPT5_eAtM0,5,5,concat,6
uwXseJ_MkA0,5,5,concat,6
v-FAlei30S8,5,5,concat,6
v-fsOmNOzQw,5,5,concat,6
v1pcQIZKo0E,5,5,concat,6
v21Oey0Shsg,5,5,concat,6
v38mv4zV3xI,5,5,concat,6
v3zenHYWD74,5,5,concat,6
v5RY_KCye94,5,5,concat,6
v5lUqAggk6E,5,5,concat,6
v6xo9pFVKRA,5,5,concat,6
v74V5cYS-Ao,5,5,concat,6
vCxIqBii8rQ,5,5,concat,6
vHKVREY25XM,5,5,concat,6
vHkj32q1L2Q,5,5,concat,6
vNaq9Ygh4Ek,5,5,concat,6
vPtNgA-4cAM,5,5,concat,6
vQJsPKQHBic,5,5,concat,6
vQOPcS7JTug,5,5,concat,6
vQsQJvg9J2E,5,5,concat,6
vS2efMokSZQ,5,5,concat,6
vVzqh7GVokw,5,5,concat,6
v_PoK3nEMbU,5,5,concat,6
v_rWTZp6x4c,5,5,concat,6
vlGjlMJdW98,5,5,concat,6
vlRlGqDqUa4,5,5,concat,6
vne8D3ubrW0,5,5,concat,6
vo4YMJGyM-M,5,5,concat,6
voRC84vCELs,5,5,concat,6
vpHi0gGcpto,5,5,concat,6
vpmQwtF14bM,5,5,concat,6
vrk6JO8hTEM,5,5,concat,6
vyKOdoRCRC4,5,5,concat,6
w-pjnvV7jB4,5,5,concat,6
w8DkCbFwAv0,5,5,concat,6
w91Z0YPHXig,5,5,concat,6
w9GS1lljjaw,5,5,concat,6
wAWyvVMhtyg,5,5,concat,6
wAdP3F5LiTQ,5,5,concat,6
wCyEO_Guqh4,5,5,concat,6
wEwXBbf8JN0,5,5,concat,6
wFYVrb-WC74,5,5,concat,6
wG9xYv_k39Q,5,5,concat,6
wHrOe_Uhs0c,5,5,concat,6
wLEIxOy8py8,5,5,concat,6
wNGycITNGtI,5,5,concat,6
wQJwR58Rv4o,5,5,concat,6
wS2nzuiXbGs,5,5,concat,6
wUO5GN9l-70,5,5,concat,6
wX6r1CEOHi0,5,5,concat,6
wYIPLbvU7ks,5,5,concat,6
w_finSEQUpA,5,5,concat,6
wgeZ0iUA_ok,5,5,concat,6
wiXGngyaU7k,5,5,concat,6
witeYkETvXk,5,5,concat,6
wjMBVb8dFiE,5,5,concat,6
wjSzlCZT1NM,5,5,concat,6
wk8BRR6fYf0,5,5,concat,6
wkHQED5e3Do,5,5,concat,6
wnu81XfW_qw,5,5,concat,6
wroYx2LfwG4,5,5,concat,6
wuC5m4DDuTw,5,5,concat,6
wuX3F0DttwU,5,5,concat,6
wvJXTMJaJP0,5,5,concat,6
wvvvd-oFrxc,5,5,concat,6
wwH0pDibjW0,5,5,concat,6
wxSaqwiSnuw,5,5,concat,6
wy5ibKQImJY,5,5,concat,6
wyrB8Rpzik0,5,5,concat,6
x3DhNcSyDsM,5,5,concat,6
x474UbI0-jQ,5,5,concat,6
x4i4iFghKIQ,5,5,concat,6
x5X2F-69_6Y,5,5,concat,6
x6QiZBanH8s,5,5,concat,6
x7DexJPXkeQ,5,5,concat,6
xATu_AJj5hU,5,5,concat,6
xCEEZld64PE,5,5,concat,6
xFHDBZy1_Aw,5,5,concat,6
xFtwbqUM55E,5,5,concat,6
xGVKA8zH5RY,5,5,concat,6
xHUqrTULVhc,5,5,concat,6
xPXouW5qyu0,5,5,concat,6
xTGQ-Ru0P5U,5,5,concat,6
xVSlvdnBmzw,5,5,concat,6
xWoP4Zw8S_U,5,5,concat,6
xXiUYZclrww,5,5,concat,6
xZFXMuivCPc,5,5,concat,6
xZJvtG0qSF0,5,5,concat,6
xZhKlD4QdlQ,5,5,concat,6
xbgMSdfE9hQ,5,5,concat,6
xe3kdQ1tNW0,5,5,concat,6
xf5j98WbTyc,5,5,concat,6
xfTHekFCLM8,5,5,concat,6
xffEwpoEOYI,5,5,concat,6
xhg4AEf-uH0,5,5,concat,6
xi612qwKis8,5,5,concat,6
xjKgU3xxhYQ,5,5,concat,6
xjL_7iSqH1g,5,5,concat,6
xmJCj-9eALU,5,5,concat,6
xpMh3NfmMOA,5,5,concat,6
xrEfi6CQddw,5,5,concat,6
xrKwcnf1awo,5,5,concat,6
xt_1z4r7t_g,5,5,concat,6
xtbAx8SvxqM,5,5,concat,6
xtwBpoNHd_0,5,5,concat,6
xvvAPJQ-gJo,5,5,concat,6
xwuWiKyEd9A,5,5,concat,6
xyZmrMlTsns,5,5,concat,6
xzUEuPFyXnE,5,5,concat,6
y1U3jJeqerU,5,5,concat,6
y1eHshD7mMM,5,5,concat,6
y3Cx-dNTwMc,5,5,concat,6
y3dYoSS4dUA,5,5,concat,6
yB7tv1wfqfM,5,5,concat,6
yCwHKTELCVs,5,5,concat,6
yGP1hG3NUYo,5,5,concat,6
yIuAQJwt7ak,5,5,concat,6
yL0eBiP7j2Q,5,5,concat,6
yLn5DdNAeTA,5,5,concat,6
yNtl8JcxiQY,5,5,concat,6
yTL-9cHc6b0,5,5,concat,6
yUe57eRdoRA,5,5,concat,6
yVv_udR7AwA,5,5,concat,6
yW1WZzYfFMg,5,5,concat,6
yZeuF74Q7Mk,5,5,concat,6
yaw3PJK9EEs,5,5,concat,6
yb9GkmZZ7oo,5,5,concat,6
ydbHAYFZgNw,5,5,concat,6
yebGh3Qo0oQ,5,5,concat,6
ygezLA0cKIc,5,5,concat,6
yjADtmPPaEw,5,5,concat,6
ykL4CAlzcYQ,5,5,concat,6
ylsyTchhTjc,5,5,concat,6
yofe2wbyBe8,5,5,concat,6
ypUHxQMZZD8,5,5,concat,6
yqAC28IMZjw,5,5,concat,6
yqEnWQgHoDI,5,5,concat,6
yqyt230e_nY,5,5,concat,6
yvSOGQSbKaU,5,5,concat,6
yxXh1L-7MtQ,5,5,concat,6
yyw6BaN9Jkg,5,5,concat,6
z1Z5QFwZal4,5,5,concat,6
z2kzijeu_Gk,5,5,concat,6
z7xWPLu63FY,5,5,concat,6
zCU1X-y4XJ8,5,5,concat,6
zIDMimsr8TU,5,5,concat,6
zOu5vhxHhN8,5,5,concat,6
zS2komK6ZCY,5,5,concat,6
zUhxeiUA82w,5,5,concat,6
zbvJEITCnyM,5,5,concat,6
zc5LhS0RW90,5,5,concat,6
zc8UleyWnhA,5,5,concat,6
zcOlSwoad1g,5,5,concat,6
zca-GVm04Fs,5,5,concat,6
zcuWdGuImEk,5,5,concat,6
zfO9EUwkoks,5,5,concat,6
zfTCNkJAjh8,5,5,concat,6
zfoca2hZSQ4,5,5,concat,6
zg_D18fKPdE,5,5,concat,6
zggeu0Edr9M,5,5,concat,6
zgxzGiI0Xo8,5,5,concat,6
zh0IV_w4iCg,5,5,concat,6
znJQZ7eQZ1E,5,5,concat,6
zoayq1Ezmio,5,5,concat,6
zri5Q3Cjm2A,5,5,concat,6
zsA_zscf_Jc,5,5,concat,6
zucu2l1-Hpg,5,5,concat,6
zujcz2BuCIo,5,5,concat,6
zwIzj1jGktI,5,5,concat,6
zx8irD_r2h0,5,5,concat,6
zyZJBMnzKOg,5,5,concat,6
zyubISCO9Sg,5,5,concat,6
zzNaimKzn0I,5,5,concat,6
zzz3a_11-tY,5,5,concat,6
