video_id,horizon,range_min_raw,range_max_raw,range_min_log,range_max_log,range_width_raw,range_midpoint_raw,range_midpoint_log
-1X5QO57SyQ,30,576031.7150084585,1215393.4163144382,13.26391973495483,14.010579204559328,639361.7013059797,895712.5656614483,13.705375959666727
-1fDIXoCf7E,30,382.581807998533,631.5167166763662,5.949552917480469,6.449706649780273,248.93490867783316,507.0492623374496,6.23057841598211
-4NGVSZlZAw,30,214901.1893990818,320791.3747055209,12.277938270568848,12.6785493850708,105890.18530643912,267846.28205230134,12.498172253982286
-CFdhHpP4RQ,30,26105.619738480174,38086.75233459546,10.169944190979004,10.547648048400879,11981.132596115287,32096.186036537816,10.37652364286238
-D5lhCemLHM,30,1075700.8667414307,5313166.839712787,13.888483905792237,15.485698795318603,4237465.9729713565,3194433.853227109,14.976920745398871
-IKtoAyJ1kk,30,13303.658834323387,1394408.7132237728,9.495869541168215,14.147981739044189,1381105.0543894495,703856.186029048,13.46433075380696
-Vl4yB00heQ,30,913650.8312400541,8781306.829427417,13.725204849243164,15.98813591003418,7867655.998187363,4847478.830333736,15.39396950525145
-XVZMuKdy9I,30,1383492.4146368864,12873773.800988603,14.140122318267819,16.370702838897706,11490281.386351718,7128633.107812745,15.77963020430692
-ZVAdAydyU0,30,475775.849546977,2067194.3012166193,13.072704219818116,14.54170331954956,1591418.4516696422,1271485.0753817982,14.055696912452689
-Zp35LYUlZ0,30,331498.89455990214,2752063.4064171147,12.711382770538327,14.827861881256105,2420564.5118572125,1541781.1504885084,14.248449545880035
-h9696jBkeY,30,209513.77751423192,632524.5240294157,12.25254955291748,13.357475852966308,423010.74651518377,421019.1507718238,12.95043597558516
-mKoitBpWRY,30,222696.99154874252,1015921.3799969098,12.31357183456421,13.831307506561279,793224.3884481672,619309.1857728262,13.336361534026206
-mNmBKB112Y,30,479825.56770172314,1990660.1826481225,13.081180000305178,14.503977394104004,1510834.6149463993,1235242.8751749229,14.02677897832689
-mgXtD-FKkg,30,630958.2666823566,5928973.4002498165,13.354996585845948,15.595361804962156,5298015.13356746,3279965.8334660865,15.003343868561059
-starXzzHFE,30,20499.595417117307,155198.1172768878,9.928209209442139,11.952464199066162,134698.52185977047,87848.85634700255,11.383384458406194
-u4GDA5dLvE,30,21930.825171295273,1232957.6366302392,9.995694065093994,14.024927234649658,1211026.8114589439,627444.2309007673,13.349411664745789
01eVZCe4Y10,30,130969.65094736718,178781.64735521283,11.782728538513183,12.09392608642578,47811.996407845654,154875.64915129,11.95038426714781
07pL6m8M_hQ,30,100266.43992752153,312953.0176113981,11.515596294403075,12.653811550140384,212686.57768387662,206609.72876945982,12.238591764471625
0DP_nxqhlww,30,82309.29865975321,206137.86697378592,11.318251514434815,12.236305332183838,123828.5683140327,144223.58281676957,11.879126966534805
0GyGJnQPFb0,30,81752.33067563482,169432.70665646892,11.311461830139159,12.040217018127445,87680.3759808341,125592.51866605187,11.740805928707461
0IW63x8Oys4,30,290273.60517089476,3711640.136479834,12.578582668304444,15.126984691619873,3421366.531308939,2000956.8708253645,14.509136559283943
0LtgYK8qW5E,30,41023.971690003935,955474.8717145798,10.621936225891117,13.769964790344234,914450.9000245759,498249.4217022918,13.11885808444155
0MEnTzeEXW8,30,113012.75072660895,272655.21301604295,11.63526477813721,12.515966987609863,159642.46228943398,192833.98187132596,12.169590085941428
0XEszzPe35E,30,11442.226208277356,369737.5786767893,9.345153236389157,12.820551490783695,358295.35246851196,190589.90244253332,12.15788453791162
0bYg79rQOY0,30,798158.6773935865,2645755.2588942023,13.590063953399659,14.788467502593994,1847596.581500616,1721956.9681438943,14.358972554928531
1-lnz0NfzIo,30,780.6021592618603,1219.4677660832292,6.6613458633422855,7.106989479064941,438.86560682136894,1000.0349626725447,6.908789706450061
10nzkQwvY10,30,335787.3712288453,2028837.6823310154,12.724236392974857,14.522974109649654,1693050.31110217,1182312.5267799303,13.982983692858182
165HHgYAqvg,30,553977.1706690345,746273.4743678775,13.224880561828611,13.522848739624024,192296.303698843,650125.322518456,13.38492196532588
1Binz_hxbvY,30,141604.278966961,1039692.9716195985,11.860798740386963,13.85443696975708,898088.6926526375,590648.6252932798,13.288978269979241
1HhKzX_dof4,30,352765.7441181179,5800749.522546751,12.773562335968018,15.573497867584228,5447983.778428634,3076757.6333324346,14.939387209021525
1WRQ01U0gBY,30,1031177.3841580944,2330691.578559591,13.846212768554688,14.661676025390625,1299514.1944014966,1680934.4813588427,14.334861030547007
1Y5BKvsiMfo,30,1021097.3771822902,1529142.385628817,13.836389446258545,14.240218257904052,508045.0084465267,1275119.8814055535,14.058551541026112
1ngGTOe1Zvg,30,631929.9048324162,1573173.0186648406,13.356535339355466,14.268605804443363,941243.1138324244,1102551.4617486284,13.913138469523537
1wbRB8GIepw,30,3563205.970310168,6055574.540785347,15.086171531677245,15.616489982604984,2492368.5704751792,4809390.255547757,15.386081075974612
2Bka_mZ9SnY,30,364025.71205270366,496011.62117772386,12.804982528686523,13.114356651306153,131985.9091250202,430018.66661521373,12.971586222938322
2CUx9pjQ1Ok,30,1193.1030817159951,24346.89673620666,7.085150623321534,10.100200748443603,23153.793654490666,12769.999908961328,9.454932247367715
2D62lF4CnJw,30,320688.2312063145,541028.8152422598,12.67822780609131,13.201229667663574,220340.58403594524,430858.52322428714,12.973537383764214
2Dam4BGWYO8,30,244053.76698848695,2053014.3547930762,12.405147933959961,14.534820175170898,1808960.5878045892,1148534.0608907815,13.953997828194991
2Em6tkDE3ko,30,190377.44393401168,722224.6110425856,12.15676918029785,13.490092849731449,531847.167108574,456301.0274882986,13.030910210228653
2GzwVS1ICgg,30,240397.70443116585,325564.50914525276,12.390054092407228,12.693318977355956,85166.8047140869,282981.1067882093,12.553138947729684
2JwCH4Vn5qo,30,83469.62252520384,908794.9839752581,11.33225002288818,13.71987590789795,825325.3614500542,496132.30325023097,13.114599926151376
2QXjlY1ofso,30,40600.09175511252,1005424.144705553,10.611550235748293,13.8209210395813,964824.0529504404,523012.11823033274,13.167361825390875
2W4ObcDQxcw,30,101614.27683213673,168048.76235278076,11.528949165344239,12.032015419006347,66434.48552064403,134831.51959245873,11.811788691633364
2XdaSUR-igE,30,769633.6992100971,3183515.6524167224,13.553671264648438,14.973497009277342,2413881.9532066253,1976574.6758134097,14.496876448774135
2ePTunTuahg,30,118508.93041875183,271912.03549639886,11.68275203704834,12.513237571716308,153403.10507764702,195210.48295757535,12.181838777857834
2k0fQbHsZjw,30,410893.0284652244,966104.5440612041,12.92609062194824,13.78102836608887,555211.5155959798,688498.7862632142,13.442270286712475
2lDs2-6zsVU,30,131550.6171138555,653937.5222546337,11.787154579162594,13.390768623352052,522386.9051407782,392744.0696842446,12.880916002720792
2syIlzwpsTc,30,28089.85206644292,332629.8289639537,10.243199253082274,12.714788532257083,304539.9768975108,180359.8405151983,12.102714792732625
3-BX9XwOw3A,30,844312.1730062772,1562631.411735203,13.646278762817385,14.261882400512695,718319.2387289257,1203471.79237074,14.000721928862674
33Yffii9zUw,30,193695.6062129168,404511.7894746259,12.174048328399659,12.910438632965088,210816.18326170908,299103.69784377137,12.608548951093727
35_5VoOWeZE,30,651423.0327987368,1214970.4219287203,13.386916065216063,14.010231113433841,563547.3891299835,933196.7273637286,13.74637238381111
3CipDWJAQNw,30,259958.13984221237,511942.46921510214,12.46827974319458,13.145969486236572,251984.32937288977,385950.30452865723,12.863466486418037
3DX98bceKjY,30,520.2435423912241,5655.673287058057,6.256217384338379,8.640591239929199,5135.429744666833,3087.9584147246405,8.035589230453292
3Eejzeu8uHw,30,178443.9938572122,468484.3601543799,12.092035675048825,13.057260131835939,290040.3662971677,323464.17700579605,12.686846742633787
3M9FugPpR4s,30,381210.95116360515,544951.4318120314,12.851110801696775,13.208453788757325,163740.48064842628,463081.19148781826,13.045659836725799
3acM1UYbBhA,30,138080.6916673287,227873.82901319902,11.835600757598876,12.336551761627195,89793.13734587032,182977.26034026386,12.117122628811918
3dNNdac-wQk,30,367916.54447294853,954227.3253384575,12.81561412811279,13.768658256530763,586310.780865509,661071.934905703,13.40161945299747
3fj8UhXZ57o,30,3635.819596451003,82983.60510783092,8.198864841461182,11.326410388946533,79347.78551137992,43309.71235214097,10.676155281825451
3qRycjpWpRs,30,279162.5444995109,1149145.8258907192,12.53955307006836,13.954530334472656,869983.2813912083,714154.185195115,13.4788555639171
3zz8kHPimuU,30,5622.021241156192,887309.8079669308,8.63462438583374,13.695950603485107,881687.7867257746,446465.9146040435,13.00912057712216
47yh4JhcAdo,30,749802.3862203109,1074306.3225740434,13.527566299438476,13.887186660766602,324503.9363537325,912054.3543971772,13.723455962825504
4H-ai43L_4w,30,320950.28425298637,544606.1750462328,12.679044628143311,13.2078200340271,223655.8907932464,432778.22964960954,12.97798301471959
4_OMi1ojpvQ,30,11753.983378710971,48778.73634255506,9.372032546997072,10.795070266723632,37024.75296384409,30266.359860633012,10.317825178543359
4dk0JVAVS7k,30,204311.68792124427,367423.9673940529,12.227406883239746,12.814274406433105,163112.27947280862,285867.8276576486,12.56328834003873
4gUnr7qmnhg,30,4224.716417956999,13703.400430118365,8.348944091796875,9.525472259521484,9478.684012161366,8964.058424037681,9.101089902921254
4sbbwahWUvI,30,234649.1194029879,555240.8805806852,12.365850830078125,13.227159118652342,320591.76117769734,394944.99999183655,12.886504325656322
4ugtOCfEyh8,30,13885.1811626638,71362.98782099469,9.538649463653565,11.175548648834228,57477.80665833089,42624.08449182924,10.660198196796856
4yESQrD1mFU,30,107682.18664503668,142635.1326177652,11.586948738098144,11.868052139282229,34952.945972728514,125158.65963140094,11.737345478311248
5JOB1i7Z-e0,30,14381.151649258618,122569.15827798047,9.573743247985837,11.716438865661623,108188.00662872185,68475.15496361954,11.134240860927617
5V9bqhUXrzQ,30,23852.62114325267,976208.947963753,10.079691314697266,13.791432952880857,952356.3268205003,500030.78455350286,13.122426944490904
5bfI-xbES4M,30,1877143.502681844,2569951.8671308565,14.445262298583984,14.75939811706543,692808.3644490126,2223547.6849063504,14.61461498431106
5dH6AdgdbK8,30,253028.09614554778,3967666.5647951053,12.441259765625,15.19368896484375,3714638.4686495573,2110347.3304703264,14.562363577358093
5dSIKYEUqmk,30,67791.6667889806,1246727.8083352249,11.124209308624268,14.036033725738523,1178936.1415462443,657259.7375621027,13.395836079563438
5ddj3H0K0AU,30,134554.22083309025,972055.3694401413,11.809729957580567,13.787169075012207,837501.148607051,553304.7951366158,13.223666102600763
5jqpTuN4sWo,30,27274.563006276276,157067.91927688534,10.213746452331542,11.964439964294437,129793.35627060906,92171.2411415808,11.431414291996218
5lfeKFoXEuc,30,136269.49683374452,213916.3680777761,11.822397136688233,12.273345088958738,77646.87124403159,175092.9324557603,12.073077865793257
5og28f8t_gg,30,773.7309384240374,24934.64471842331,6.65251579284668,10.124053573608398,24160.913779999275,12854.187828423674,9.461502730905861
5x-OsujjPCg,30,61608.36247044467,508529.4702890955,11.02856912612915,13.139280414581298,446921.1078186508,285068.9163797701,12.560489749795375
5xO7TyMfasU,30,331108.37209955516,787588.8440567087,12.710204029083252,13.576732730865478,456480.4719571536,559348.6080781319,13.23452997360107
63-e-oIv2uc,30,2004389.0022777212,3801498.611048858,14.51085033416748,15.150906181335447,1797109.608771137,2902943.8066632897,14.881236230309074
6DVXvnanjiI,30,284693.79014206404,402962.6194354006,12.559172973632812,12.9066015625,118268.82929333654,343828.20478873234,12.747900315352563
6HgBFyIm82E,30,2407633.097139366,20420072.317750547,14.694155120849606,16.832028961181642,18012439.22061118,11413852.707444957,16.250338413056486
6Quz1p_h2GI,30,2115768.0324926665,4205273.898884754,14.564928913116454,15.251850223541263,2089505.8663920872,3160520.96568871,14.966247750937958
6SQaFF5cSXU,30,15463.54075418768,131403.3749543878,9.646304988861084,11.786034679412841,115939.83420020013,73433.45785428774,11.204148557499687
6UM9h2bOp8A,30,1927130.5594487798,4901772.29002787,14.471543216705323,15.405107593536375,2974641.7305790903,3414451.4247383247,15.043527693983627
6WQNqdljEsM,30,988160.7188908949,3606800.8503347337,13.80360164642334,15.098332023620603,2618640.1314438386,2297480.7846128144,14.647324204829218
6XyTZj66PL8,30,1184433.3615130323,1625212.87202204,13.984775886535644,14.301149978637696,440779.5105090076,1404823.1167675362,14.15542266911849
6YamJS9jL4Y,30,5296.890952822929,150635.39119267394,8.57506408691406,11.92262420654297,145338.500239851,77966.14107274843,11.264042748615214
6amKvChQ1II,30,228.22055402127998,3631432.0951359854,5.4346846580505375,15.105137920379638,3631203.874581964,1815830.1578450033,14.412053859066
6dA2wXCOGgk,30,24283.131517120823,33282.994567677604,10.097578392028808,10.412831916809083,8999.863050556782,28783.06304239921,10.267577146376883
6hHw2mrn5Uc,30,395423.9142464989,1315972.208421861,12.88771619796753,14.090087032318115,920548.2941753622,855698.06133418,13.659674029448878
6pB3LKIxFrM,30,19166.270357019206,145109.48020928164,9.860959434509274,11.885250663757326,125943.20985226243,82137.87528315042,11.316166694735411
6qSxXIHEw7I,30,2182722.6212958773,5592303.678957267,14.596084022521975,15.536902046203613,3409581.0576613895,3887513.1501265718,15.173280475366944
6v6Tk8JsluY,30,127278.98857025697,1124314.5334429014,11.754144573211672,13.932684993743896,997035.5448726445,625796.7610065793,13.346782532400642
6z7ooZ0XuO4,30,43400.58200325535,84584.26404244587,10.678251171112061,11.3455153465271,41183.68203919051,63992.423022850606,11.066535591793137
6zJLP7T0LaQ,30,1131784.013694873,1619911.495181602,13.939306602478027,14.297882690429688,488127.4814867289,1375847.7544382375,14.134581374601453
70Cp6VE4TdE,30,15706.847131248722,765434.8603608374,9.661915683746338,13.548200702667236,749728.0132295887,390570.85374604305,12.875367235806433
73rT3h_Iyso,30,236361.88478086935,804026.5708874248,12.37312355041504,13.59738883972168,567664.6861065554,520194.22783414705,13.161959458240936
75RJwrYtHfI,30,624753.25469183,1472824.2911403605,13.34511365890503,14.2026930809021,848071.0364485305,1048788.7729160953,13.863147460159919
7N0Q5pOfCGk,30,141462.28253478926,982403.2846579464,11.859795475006104,13.797758197784423,840941.0021231571,561932.7835963678,13.239139299151915
7pbFXBuiLYE,30,18210.345403062947,62481.317397458835,9.809800052642819,11.042638874053956,44270.97199439589,40345.83140026089,10.605268142740044
7rIDMn9bHLg,30,153615.18823036025,10009658.037885852,11.94221248626709,16.11906108856201,9856042.849655492,5081636.613058106,15.441144132381522
7zBlAFlimlE,30,24290.69508442078,197594.15484415655,10.097889804840086,12.193975543975833,173303.45975973576,110942.42496428867,11.616775665354508
86567LeqnDI,30,61969.88258947912,932233.3298874589,11.034419918060303,13.745339488983152,870263.4472979798,497101.606238469,13.116551734954696
87-QNfn9lOY,30,98445.8803678338,750952.9118215377,11.497272396087649,13.529099559783935,652507.0314537039,424699.3960946857,12.959139248946762
89po1af12e8,30,354981.8077340632,1768521.5202927806,12.779824638366703,14.385655021667477,1413539.7125587175,1061751.6640134219,13.875431557250234
8BQfTZpgT28,30,332106.28669395385,667924.2934469691,12.713213348388672,13.411931610107422,335818.0067530153,500015.29007046146,13.12239595701453
8Bz5HuDITCU,30,7209.093992058304,68907.44507159092,8.883237266540528,11.140534019470213,61698.351079532615,38058.26953182461,10.546899948123256
8CwRBW7VJxM,30,66280.13747707299,100530.53304423788,11.101660633087159,11.518226718902588,34250.39556716489,83405.33526065544,11.331479547819823
8EXEL3SptS0,30,1239.8054291743551,45417.72018459834,7.123515987396241,10.723679637908935,44177.91475542399,23328.76280688635,10.057485198092225
8FwGqJtHupQ,30,305337.2836325071,866878.0345062016,12.629175567626952,13.672654724121097,561540.7508736945,586107.6590693544,13.281260476403082
8HFm--orgrk,30,10432.613823043877,282133.4602599869,9.252787971496582,12.550139045715332,271700.84643694304,146283.0370415154,11.893305469924032
8OASiDu7w6M,30,37354.9061298481,229308.60793884512,10.528246307373044,12.342828369140626,191953.70180899702,133331.7570343466,11.800603215170268
8UHMAIfJiRU,30,367417.590101063,2587192.5882686917,12.814257049560544,14.766084289550784,2219774.9981676284,1477305.0891848775,14.205730777134873
8YyDjG7QQcs,30,190947.66532153345,506132.3419431538,12.159759902954102,13.134555435180664,315184.67662162037,348540.0036323436,12.761511159743234
8aaeHkWxX5Y,30,51510.3670245083,190585.75155603135,10.849557781219481,12.157862758636478,139075.38453152304,121048.05929026983,11.703951191086688
8pTvOf_Y4K4,30,259460.17164862415,347715.0852099207,12.466362342834472,12.759141578674317,88254.91356129656,303587.62842927244,12.623428868035568
8qTQu6jvesY,30,201988.8656394792,1021645.9660063814,12.215972805023192,13.836926555633543,819657.1003669023,611817.4158229303,13.324190811296795
8sCIYuz9BHk,30,639943.7692886519,899018.7891575547,13.369137153625488,13.709060325622561,259075.01986890286,769481.2792231033,13.553473203046067
8xA-1thsmJw,30,234408.5676217302,344984.94134724967,12.364825153350832,12.751258945465088,110576.37372551946,289696.7544844899,12.576593432552013
9BXiM8D0CC8,30,11842.620410216814,2095042.3447033432,9.3795446395874,14.555084800720216,2083199.7242931265,1053442.48255678,13.867574863475285
9E2S7PAvrTY,30,193837.52581058434,484154.04012495297,12.174780750274655,13.09016046524048,290316.5143143686,338995.78296776867,12.733745896546965
9F0OzS8pFO8,30,115972.0559493042,234115.3859502908,11.661113166809082,12.36357364654541,118143.3300009866,175043.72094979748,12.072796768543308
9S-dTbIk7nA,30,110403.10336120044,148319.5148115926,11.61190258026123,11.907130851745604,37916.411450392174,129361.30908639653,11.770372344172047
9bmqleDqtXE,30,185341.17885820766,719799.7504837168,12.129959011077881,13.486729717254638,534458.5716255092,452570.46467096225,13.022700962626521
9fpgTZPOlRI,30,147012.761772913,503515.2484367292,11.898281478881838,13.12937126159668,356502.48666381615,325264.0051048211,12.692395529376162
9oTkUcSuTh0,30,170570.72201888126,320346.4003818637,12.046911144256592,12.677161312103271,149775.67836298243,245458.56120037247,12.410887492487442
9tQRxBkojMA,30,23981.646216374113,190090.74229221902,10.085085773468018,12.155262088775634,166109.0960758449,107036.19425429657,11.580931662894974
A1JdI80yBE0,30,305591.6012173401,2323902.181162118,12.630008125305176,14.658758735656738,2018310.5799447778,1314746.891189729,14.089155487487368
A2LB-26Mo9I,30,638923.8823733578,1855333.8049018588,13.367542171478274,14.43357572555542,1216409.9225285011,1247128.8436376082,14.036355344051191
A82AAGEG4-A,30,106315.19220444473,215315.10846253255,11.574172878265381,12.27986249923706,108999.91625808782,160815.15033348865,11.988017068080822
AMT7MKra3vs,30,88026.74716441233,443509.9370709009,11.38540735244751,13.002477741241455,355483.1899064886,265768.3421176566,12.490384076688864
A_oNaKx-Ag0,30,183211.05375959768,610920.3363003319,12.118399524688721,13.322723484039306,427709.28254073416,397065.6950299648,12.891859543115904
AsSFN-Xmes4,30,44492.958378824005,633903.4854894577,10.70310869216919,13.359653568267822,589410.5271106337,339198.2219341409,12.73434288907102
AssQjXissX4,30,208.0067110252691,2594.8638816308785,5.342366361618042,7.861674642562866,2386.8571706056096,1401.4352963280737,7.245965501807184
B7nKZ5Hjy6U,30,1594925.9371425812,2157624.87444192,14.282338485717771,14.58451904296875,562698.9372993386,1876275.4057922505,14.444799735537504
BExCUxGJ6t4,30,7082.917626702103,455057.4591904343,8.865582370758057,13.028181171417234,447974.5415637322,231070.1884085682,12.350481116956658
BIVQ8A-BF_I,30,29854.383229311632,13784942.258672712,10.304120445251467,16.439087486267088,13755087.8754434,6907398.320951012,15.74810376034971
BSuTqP0efOw,30,1006146.224752531,1898989.4885313837,13.821638965606688,14.456832981109622,892843.2637788526,1452567.8566419573,14.188844172190072
BapolosU_aE,30,532960.1766752187,1427666.7881265245,13.186203861236573,14.171552753448486,894706.6114513058,980313.4824008716,13.795628699578284
BeN0YoAdS3A,30,608966.5979657462,821989.0788427835,13.31952033996582,13.619483604431153,213022.48087703728,715477.8384042648,13.48070730158636
BiUZf2fA5kw,30,426734.6367983856,607773.8942061405,12.963919982910156,13.317559852600098,181039.25740775495,517254.2655022631,13.156291775357355
BkSldcoWiDg,30,38031.33788623381,164750.378821244,10.546192073822022,12.012192821502685,126719.04093501018,101390.8583537389,11.526748074546177
Bl16sGgNV_E,30,207458.9951679997,984855.3800303043,12.24269380569458,13.800251102447508,777396.3848623047,596157.187599152,13.29826132626586
Brw7rKZf6Uo,30,743460.9568918693,1037149.3844177194,13.519072875976562,13.851987495422364,293688.42752585013,890305.1706547944,13.69932069452145
BsFjnVfJOxk,30,60775.37229994781,842253.134780723,11.014956378936768,13.643837070465088,781477.7624807752,451514.2535403354,13.020364435410999
Bu7N22GWkc4,30,2869.378311020056,13292.639794918015,7.962199115753173,9.495040988922122,10423.261483897959,8081.009052969036,8.997395765777489
But3SCoM04U,30,439365.2500721875,4329810.497524034,12.993088626861573,15.281034564971923,3890445.2474518465,2384587.873798111,14.684537287486583
BvI8iqqQva0,30,330274.3565188404,468528.1647541201,12.707681999206544,13.057353630065919,138253.8082352797,399401.2606364803,12.897724360029157
C1pMizWQhvU,30,295870.063705148,632392.1303623733,12.597679042816162,13.357266521453857,336522.0666572253,464131.0970337606,13.047924482574453
C3mHr_GfyZk,30,730083.0585098898,3833777.612970613,13.500914955139162,15.159361457824707,3103694.554460723,2281930.3357402515,14.640532719442367
C4R4iJVzXVM,30,188.77293807758744,5771.496405844678,5.245828294754029,8.66085991859436,5582.72346776709,2980.1346719611324,8.000059269430906
C5oG7BTTqLA,30,29173.577366176956,249821.39292041087,10.28105297088623,12.428505516052246,220647.8155542339,139497.48514329392,11.84580902099674
C7130KsXXxg,30,87304.15115778883,5747089.653208913,11.377164745330811,15.56420431137085,5659785.502051124,2917196.902183351,14.88613409097203
CBg-NOB37BI,30,854899.5497825528,2901923.636939786,13.658740425109864,14.880884742736816,2047024.0871572332,1878411.5933611693,14.445937612895596
CCJ64sO3wP4,30,6360.91479011088,53787.718084735905,8.758084678649901,10.892819023132327,47426.803294625024,30074.316437423393,10.311460062397616
CHthslHO_dU,30,916632.5724537227,7418040.846699122,13.728463077545166,15.819425678253173,6501408.2742454,4167336.7095764223,15.242787950935554
COk-p0876do,30,494047.11173000396,746053.5621430571,13.11038818359375,13.522554016113281,252006.45041305316,620050.3369365305,13.33755755510395
CRSWVC2AhO0,30,387.3040081396209,7111.746844554265,5.961788558959961,8.869643783569336,6724.442836414644,3749.5254263469433,8.229651222841968
CTkxWexy6i4,30,6558.742867303725,27004.929740046435,8.788706684112551,10.203811740875244,20446.18687274271,16781.83630367508,9.728111994561933
Ck1r06UFj3k,30,163608.29718642271,1024122.7580226379,12.005236530303955,13.8393479347229,860514.4608362152,593865.5276045303,13.294409872093254
CnRU6HF8heM,30,147123.7043825547,2001182.4844225259,11.899035835266114,14.509249305725097,1854058.7800399712,1074153.0944025402,13.88704402085643
CtL__8JCU20,30,33213.037519171965,132095.12197759398,10.410727882385256,11.791285133361816,98882.08445842202,82654.07974838297,11.322431562320995
D5kgdAdZUqI,30,261703.72744167323,916470.6030837655,12.474972152709963,13.728286361694336,654766.8756420922,589087.1652627194,13.2863311377862
DI44AAs8lSo,30,265090.68343396095,832355.6362623414,12.487831020355227,13.632016277313232,567264.9528283805,548723.1598481511,13.215351153147804
DIYkNohNVEY,30,15810.498360443702,55436.122113968464,9.668492698669436,10.923004722595214,39625.623753524764,35623.31023720608,10.480783555620874
DJn1O_3d_OA,30,38571.928564089765,137738.69548133365,10.560305976867676,11.833120918273925,99166.76691724389,88155.3120227117,11.386866790738493
DMaPJH3Zuiw,30,322168.8123422075,1154934.7173853968,12.682834053039548,13.959555244445802,832765.9050431894,738551.7648638021,13.512447827099681
DQhvA8zbAZo,30,349700.85093952436,686560.6565294673,12.764836215972903,13.439451313018798,336859.80558994296,518130.75373449584,13.157984839738724
DTPGALkbTTg,30,266245.5046619609,1202602.2519616827,12.492177867889405,13.999999141693115,936356.7472997218,734423.8783118217,13.506842993411574
DZnOl1zqDU0,30,169123.19974550977,334207.77149783354,12.038388633728028,12.719521141052246,165084.57175232377,251665.48562167166,12.435860020178707
DiNa2Wjyo-4,30,587787.7010624456,791744.0140906882,13.284122810363769,13.581994667053225,203956.31302824256,689765.857576567,13.444108931906383
DjwlMMMjcbM,30,31527.051300497944,255601.04707279848,10.358632946014405,12.451377010345459,224073.99577230052,143564.04918664822,11.874543515906968
Dk5q15lFsRI,30,13265.502802587154,258904.57834885438,9.492997550964356,12.464218711853027,245639.07554626724,136085.04057572078,11.821042615970791
Dlg2gEih9lo,30,228917.66735312098,621886.6666991612,12.341122055053713,13.340514755249023,392968.9993460402,425402.1670261411,12.960792626539886
Dt28UK-ySG0,30,1519.4891577886117,746126.8495291306,7.326787376403809,13.52265224456787,744607.360371342,373823.1693434596,12.831540830403055
DuW2Q-kFEdE,30,213000.66704188965,1348474.0001108546,12.26905527114868,14.11448488235474,1135473.333068965,780737.3335763721,13.567995332448184
DxKpOtmK_5s,30,625700.7178037323,1278266.467647004,13.346629047393797,14.061016178131101,652565.7498432717,951983.5927253681,13.76630412953053
E1Y6ayTpVw8,30,193497.03796259282,24369083.89266432,12.173022651672364,17.008825874328615,24175586.854701728,12281290.465313457,16.32358764333862
E9eki0Jsh2g,30,5154.699820198845,4090891.735781101,8.547858142852784,15.224273777008056,4085737.035960902,2048023.21780065,14.532386090169593
ECIMMCSmBxg,30,176689.7107117446,604632.6552262871,12.082156085968018,13.312378025054931,427942.94451454247,390661.18296901585,12.875598483343355
EGnRLAIH39c,30,1339831.944960963,3108375.9980227365,14.10805549621582,14.949611282348632,1768544.0530617735,2224103.97149185,14.614865132650555
ENsNtN7fTBM,30,556739.7469421935,2470162.363735057,13.229854965209961,14.719794845581053,1913422.6167928635,1513451.0553386253,14.229903728936618
ERPWp3GugLQ,30,953294.8256418167,1550019.9886157888,13.76768054962158,14.253779029846195,596725.162973972,1251657.4071288027,14.03997995565864
EXPAmmytCzs,30,402218.833029942,3494104.6973647946,12.904754066467286,15.066588020324707,3091885.8643348524,1948161.7651973683,14.48239731472354
EYUFiR9_j4A,30,1687302.8596992039,2413028.6287933034,14.338642463684081,14.696393623352051,725725.7690940995,2050165.7442462537,14.53343168646349
Ec5f5477MHA,30,525683.325079782,955859.4809035776,13.172456169128418,13.770367240905761,430176.1558237956,740771.4029916798,13.515448708639203
EeGejr1laNE,30,548072.2153626031,3878968.9820968504,13.214164161682126,15.171080207824708,3330896.766734247,2213520.598729727,14.610095288834184
EijqufYWprU,30,112067.36187078142,1697671.2729462925,11.626864337921143,14.344768619537353,1585603.911075511,904869.317408537,13.715546916733082
Elbec_sLo_Q,30,14399.995898954128,9570621.724445418,9.575052642822266,16.07420883178711,9556221.728546463,4792510.860172186,15.382565228634855
EmYv7WtJHfM,30,29015.56847336587,663967.9703415983,10.275622272491455,13.405990695953369,634952.4018682324,346491.76940748206,12.755617229883491
EmyVLhK2SIU,30,337776.118536132,1861048.8561160997,12.73014154434204,14.436651325225833,1523272.7375799678,1099412.4873261158,13.910287402230587
EsKIIbNoy2s,30,4985.968515836509,11292.84567218829,8.514583492279053,9.33201322555542,6306.877156351781,8139.4070940124,9.004595469295484
F0NhAJ9_FWM,30,13099.294325096447,34646.22740739679,9.480389976501465,10.452972984313964,21546.933082300347,23872.76086624662,10.08053526311184
F2X5OKfqOzk,30,249629.6187793965,330698.9889445891,12.427737579345703,12.708966865539551,81069.37016519261,290164.3038619928,12.578206052883992
F2rxkK2AP44,30,131217.5110673848,1704215.0048202027,11.784619235992432,14.348615741729736,1572997.4937528179,917716.2579437938,13.729644624278961
F9GbDMGTyeg,30,193328.8160213153,746350.313757651,12.172152900695801,13.522951698303222,553021.4977363357,469839.56488948315,13.06014869249749
F9H7hXb87fg,30,13440.458515976039,504339.448995766,9.506099128723145,13.131006813049314,490898.99047978997,258889.953755871,12.464162224054904
FD3Fk1_I-GM,30,311625.5619156056,3110829.9900762746,12.649560832977295,14.950400447845459,2799204.428160669,1711227.7759959402,14.352722252875854
FDfPpuKd_Vc,30,243250.5953936946,431102.3231774189,12.401851558685303,12.97410306930542,187851.72778372432,337176.45928555675,12.728364656154135
FMp3ShRU6pI,30,4715.189067351164,73510.31130262192,8.45875635147095,11.205194568634033,68795.12223527076,39112.750184986544,10.574229351288269
FN_S18qgl24,30,110477.88847621913,187704.08899516382,11.612579727172852,12.142627334594726,77226.2005189447,149090.98873569147,11.912318768495673
FPwP6WoYoro,30,55239.07630178437,236228.41023591693,10.919443988800051,12.372558689117431,180989.33393413256,145733.74326885067,11.889543421332997
FRzgHFhAD5k,30,1113490.5416122426,1520503.8772774443,13.923011169433593,14.234552993774415,407013.33566520177,1316997.2094448435,14.09086562115338
FUhVN5D1ihE,30,15443.4373757848,132459.7599165128,9.645004177093506,11.794041728973388,117016.322540728,73951.59864614879,11.211179608105017
FVVpYAZkOUI,30,30207.23090734135,56270.048616162865,10.31586971282959,10.93793544769287,26062.817708821516,43238.63976175211,10.674512940584123
Fjcm-ualacY,30,643911.6967565612,1378027.9796913776,13.375318431854248,14.1361647605896,734116.2829348164,1010969.8382239693,13.82642165309992
GBkP_st1j1M,30,3816.2052603190746,165220.44161794343,8.247273826599121,12.015041923522949,161404.23635762435,84518.32343913126,11.344735466955068
GCQt2vCjVnc,30,434991.72390791995,677585.5107994261,12.98308458328247,13.426292514801029,242593.78689150617,556288.6173536731,13.229044332135256
GFPYUbfWn38,30,148948.98992524628,1884821.5821137542,11.911365890502932,14.449344253540039,1735872.592188508,1016885.2860195002,13.832255855622307
GGrGcLztru4,30,349374.5051706351,549103.7596550217,12.763902568817139,13.216044521331785,199729.2544843866,449239.1324128284,13.015312839825457
GHtMiQqftos,30,195621.5316816602,792187.3322157762,12.183942222595215,13.582554435729978,596565.800534116,493904.4319487182,13.110099344542176
GHzecPfyl8E,30,29622.47055787149,383608.17193537136,10.296322250366211,12.857379531860351,353985.70137749985,206615.32124662143,12.238618831805004
GI5TGen4s9I,30,23517.948068306225,2557870.369088689,10.065561676025391,14.754685974121093,2534352.4210203825,1290694.1585784976,14.070691513811749
GJvUNv4qoDI,30,1422186.636092888,1986599.8398872945,14.167706832885742,14.501935615539551,564413.2037944065,1704393.237990091,14.34872031993455
GNL07RtCUzo,30,467511.7428467595,7559037.421321688,13.055181884765625,15.83825454711914,7091525.678474929,4013274.5820842236,15.20511831922718
GXMp1sA4jC8,30,18998.546168773464,409027.40350870544,9.852170372009278,12.921539878845214,390028.857339932,214012.97483873944,12.273796594856606
GZpIM3ajPs8,30,2206290.97689227,10478408.312401995,14.606823825836182,16.16482744216919,8272117.335509725,6342349.644647133,15.662760021837295
GtgZSS5kXG0,30,794581.9177487881,1357462.7873918482,13.585572624206543,14.121128654479978,562880.86964306,1076022.3525703182,13.888782722600624
GxNY4_fyWJA,30,234172.95223474447,357933.26439578016,12.363819503784176,12.788104629516603,123760.31216103569,296053.1083152623,12.598297514962985
H8rJXgdGI8k,30,44621.99214994669,100795.7350987673,10.706004524230957,11.52086124420166,56173.74294882061,72708.86362435699,11.194232330031795
HANLQs1a-K0,30,78903.13868433976,155289.8361988273,11.275988960266115,11.953055000305175,76386.69751448755,117096.48744158354,11.67076209283626
HOCjM8T4-QI,30,18053.164004829006,344398.0041472912,9.801131629943848,12.749556159973144,326344.84014246217,181225.5840760601,12.10750337306651
HQaH_vkpKo0,30,258384.80865935746,2754081.130179606,12.462209129333496,14.828594779968261,2495696.3215202484,1506232.9694194817,14.22512303345541
HQpkdYGIXKo,30,11582.190134249173,17921.358024639234,9.35731019973755,9.793804264068603,6339.167890390061,14751.774079444203,9.599186417267079
H_m2zQY7RUs,30,259313.24293911282,1875966.3601676354,12.4657958984375,14.444635009765625,1616653.1172285224,1067639.8015533742,13.88096191379774
HeqvvEjXex4,30,7049.793905554155,9369.122496045578,8.860895500183105,9.145281448364258,2319.3285904914237,8209.458200799867,9.013164010974394
HjEYFcr35cg,30,58939.56147206821,332757.53511770506,10.984284782409668,12.715172386169433,273817.97364563687,195848.54829488663,12.185102032708302
Hr-QvUm8Crc,30,227459.62765293356,564754.3304714308,12.334732437133791,13.244147872924804,337294.7028184972,396106.9790621822,12.88944212746716
I-jRkud7txU,30,118319.99892463998,2014557.6977680214,11.681156539916994,14.515910720825195,1896237.6988433814,1066438.8483463307,13.879836414314978
I2KSGKLltgw,30,546312.0369653829,2552606.739665775,13.210947418212891,14.752626037597656,2006294.7027003923,1549459.388315579,14.25341729171123
I3QMIzQLFFw,30,1865.6386676519337,55197.48448050371,7.531894588470459,10.91869077682495,53331.845812851774,28531.56157407782,10.25880122545847
I5FdJXi_Dss,30,158324.32998943978,1264357.7395708577,11.972407245635987,14.05007562637329,1106033.409581418,711341.0347801488,13.474908654687809
I5ROl9bber0,30,256778.0091746409,343032.1049032521,12.45597110748291,12.745582237243653,86254.0957286112,299905.0570389465,12.611224561395256
I5XwmicFNPs,30,16372.81454169691,2302493.83352178,9.703438663482663,14.649503803253177,2286121.018980083,1159433.3240317386,13.963442792445012
IBCwiYjGODU,30,166708.8384776757,263620.3060750956,12.02401008605957,12.482268905639646,96911.46759741992,215164.57227638565,12.27916311434326
IDEmvXUQEf4,30,77170.46458804079,506351.77044947,11.253785037994385,13.13498888015747,429181.3058614292,291761.1175187554,12.58369408319805
IDY9GBR3Hc4,30,29572.762047417214,81503.77926367774,10.294642829895018,11.308416938781741,51931.01721626053,55538.27065554748,10.924845628897495
IP1OjSMiYnI,30,206150.40975544765,814446.1948100772,12.236366176605225,13.610264873504637,608295.7850546296,510298.3022827624,13.142752699782388
IQKP4FBCtuc,30,7538.654896171933,82254.77685824025,8.927931690216065,11.317588901519775,74716.12196206831,44896.715877206094,10.712142201104642
IZgZE_sgWZU,30,23676.179196762543,169814.7996067964,10.072266960144043,12.04246959686279,146138.62041003388,96745.48940177947,11.479849324980778
IeNCpAheakc,30,480654.07744499494,2339148.7823752845,13.082905197143555,14.665298080444336,1858494.7049302896,1409901.4299101396,14.159031061314723
Ig1rAUAirTo,30,124043.81960299099,3445526.6149087143,11.72839822769165,15.052587604522703,3321482.7953057233,1784785.2172558527,14.394809199780108
IlX6ZVr0Rpo,30,306433.40514312894,700878.8029886406,12.63275899887085,13.460091686248779,394445.3978455117,503656.1040658848,13.129650966435422
IpkLkqKXEzk,30,117156.1770269954,200382.31853195545,11.671271705627442,12.207987403869629,83226.14150496005,158769.2477794754,11.975213453689319
IwYnujah4Ns,30,36815.621058809505,96554.05592360272,10.513704681396485,11.47786865234375,59738.43486479321,66684.83849120612,11.10774789288771
J0W3Hw94ShA,30,126410.61181889879,609178.7505102729,11.747298622131348,13.319868659973144,482768.1386913741,367794.68116458587,12.815282848735906
J9CWbTSimPU,30,1519664.8973706681,7458353.783055188,14.234001064300537,15.824845409393308,5938688.88568452,4489009.340212928,15.317142821217182
JCt8UaVJy-0,30,400805.6944779459,8709235.903298344,12.901234531402588,15.979894733428955,8308430.208820399,4555020.798888145,15.331740874370155
JF14TeESUZI,30,124806.57699775156,3831246.5468281875,11.734528446197507,15.158701038360597,3706439.969830436,1978026.5619129695,14.497610725300762
JFvnJpw4JBk,30,29949.403864400512,93698.66058733001,10.30729808807373,11.447849845886228,63749.2567229295,61824.03222586526,11.032063613632753
JSvZMObCMPQ,30,295478.1147059223,761954.2402461863,12.596353435516358,13.54364309310913,466476.12554026395,528716.1774760543,13.178208931720443
JXscZuuoWwQ,30,56907.31369780532,366597.07039602706,10.949196720123288,12.812021350860597,309689.7566982217,211752.1920469162,12.26317668700241
JZZ-SHq3IUI,30,227196.8684271358,3625226.1467970083,12.333576583862305,15.103427505493164,3398029.2783698724,1926211.5076120722,14.471066201500793
JlHzBlhVoOQ,30,98283.40358678039,222627.59613645065,11.49562063217163,12.313260173797605,124344.19254967026,160455.49986161554,11.985778155917647
JmF9rIieLkg,30,357923.97972235584,559357.7290784561,12.788078689575194,13.23454627990723,201433.74935610022,458640.85440040595,13.036024910833305
Jyz4XzuRsvc,30,19598.207664049733,831195.1208162557,9.883244419097899,13.630621051788333,811596.913152206,425396.6642401527,12.96077969099543
KJNzhOCHD3s,30,49718.31694640896,239158.47871223622,10.814148807525633,12.384885883331302,189440.16176582727,144438.39782932258,11.880615306380506
KS2SZ10rhBs,30,604406.5457437645,982642.2216122679,13.312003993988037,13.798001384735107,378235.6758685034,793524.3836780163,13.584240807949255
KSDY_F8Rs7g,30,93155.09118024784,798967.6171029352,11.442031764984131,13.591076946258543,705812.5259226874,446061.3541415915,13.008214028722403
K_iCwrAdmlo,30,51031.23274070477,954063.0803155056,10.840212726593018,13.76848611831665,903031.8475748008,502547.1565281052,13.127446748210371
KaeW6wIESCM,30,30110.013885938577,188882.25254637797,10.312646293640137,12.148884391784668,158772.23866043938,109496.13321615828,11.60365364722162
KlkMGW1KzJ8,30,877223.4814229714,1176266.969140609,13.684518203735351,13.977857246398926,299043.4877176377,1026745.2252817901,13.841905355436873
KpEPvRgD8cI,30,141977.22420452352,592031.660111363,11.863428974151612,13.291317081451416,450054.43590683956,367004.44215794327,12.813131955695
Kq40revmCDw,30,193250.01233811324,949282.8295927857,12.171745204925537,13.763463115692138,756032.8172546724,571266.4209654494,13.255612716945157
KsK99zYSEqU,30,7625.176819684644,351561.95608258987,8.939341926574704,12.770144081115724,343936.77926290524,179593.56645113725,12.098457180779764
KtB2R5tJ2xU,30,330980.6675639646,512803.204442039,12.709818267822266,13.147649383544922,181822.5368780744,421891.9360030018,12.952506854675274
KwG37hCelm4,30,149855.95793967132,1619946.1933096277,11.917436504364018,14.29790410995483,1470090.2353699564,884901.0756246495,13.693232268856317
L-icLTCMuaA,30,4958.82912162671,640964.2328144995,8.509126567840577,13.37073049545288,636005.4036928728,322961.5309680631,12.685291592281052
LFERj5ogdLc,30,765967.0521745591,1258544.7831988032,13.548895740509035,14.045467472076416,492577.7310242441,1012255.9176866811,13.827692967841598
LMcn_QpEwpI,30,3399.9873318885734,423044.1314694145,8.131821060180668,12.95523414611816,419644.14413752593,213222.05940065155,12.270094123964755
LPLdufT-ckI,30,105308.10994607235,3452944.3178067366,11.564655208587643,15.054738140106203,3347636.207860664,1779126.2138764046,14.391633472734636
LbdJh81dr-8,30,286429.6515391469,1802563.4053044538,12.565251731872559,14.404720878601072,1516133.753765307,1044496.5284218004,13.859046493697164
Lc3A4AkLnUk,30,380056.8026436224,5446328.022727726,12.848078632354737,15.510452365875242,5066271.220084104,2913192.412685674,14.88476043012798
LdYm7G5is1U,30,30980.70338372904,237360.4724675343,10.341152095794678,12.377339458465576,206379.76908380527,134170.58792563167,11.806874766690987
Lhh9tLVqILk,30,17554.8369895461,87506.64246425655,9.773141765594483,11.379481410980222,69951.80547471045,52530.73972690133,10.86917283212987
Lj7yv7tINqc,30,7979.462179422241,17721.477959931548,8.98475160598755,9.782589054107666,9742.015780509308,12850.470069676894,9.461213486089406
LjNqK8JSlkI,30,42447.29404909929,911011.6563349853,10.656042003631592,13.722312068939209,868564.362285886,476729.4751920423,13.074706568648239
LqK5bHE6y5I,30,539559.4332840459,906300.1651745,13.198510074615479,13.717126941680908,366740.7318904541,722929.7992292729,13.491068783184252
LvXUt7bRuI8,30,55145.6728481393,822839.2461746365,10.917751693725586,13.620517349243164,767693.5733264972,438992.4595113879,12.992239793339007
LxTzNzsDR38,30,12559.029201939189,525271.4921424547,9.438274765014645,13.171672439575199,512712.46294051554,268915.260672197,12.502155311504136
M9X8BxgheP4,30,47973.73943903413,473825.25440757605,10.778429889678955,13.0685959815979,425851.5149685419,260899.4969233051,12.471894375773466
MH3_YoF_b3M,30,10647.168623393332,509885.5607767784,9.273143196105956,13.141943550109866,499238.39215338504,260266.36470008586,12.469464707402471
MMXXA5Z3sak,30,797542.7364177647,2830459.491027957,13.589291954040528,14.855949974060058,2032916.754610192,1814001.1137228608,14.411046074884137
MZX8v1fAGjY,30,752242.6145448176,1540860.053782084,13.530815505981446,14.247851943969726,788617.4392372664,1146551.3341634509,13.952270027131854
MfI7a7mHjBE,30,175091.54713996802,2380745.954494604,12.073069953918454,14.682924842834474,2205654.407354636,1277918.7508172859,14.060744119160342
Muq5BxeBqMY,30,526348.5113329403,1324836.5719340623,13.173720741271973,14.096800422668457,798488.060601122,925592.5416335013,13.738190477345364
Mwlsu7602NU,30,438023.321559552,1662367.4642570652,12.9900297164917,14.323753929138183,1224344.142697513,1050195.3929083087,13.8644877455088
MyTj7eUgSf8,30,87923.50752105583,1596892.6986249874,11.384233856201172,14.283570861816406,1508969.1911039315,842408.1030730216,13.644021045860589
N2467TEyS48,30,49488.644206461984,72136.68361257794,10.809518718719483,11.186331844329834,22648.039406115953,60812.663909519964,11.015569778058998
N4W8_6t8CUE,30,181818.05516731046,421257.215304385,12.11076726913452,12.951001262664798,239439.16013707453,301537.63523584773,12.616653430342193
NAhY87bfFdQ,30,50040.52904194596,262201.66555072763,10.820608520507815,12.476873016357422,212161.13650878167,156121.09729633678,11.958393655077856
NAuz4jDF4bE,30,100217.06307729421,309309.7951831203,11.515103721618653,12.642101860046385,209092.7321058261,204763.42913020725,12.22961547117469
NPV-v6AakFs,30,89434.34561653936,1133521.2063110198,11.40127124786377,13.940840339660644,1044086.8606944805,611477.7759637795,13.323635525352941
NS9_vwH5jjw,30,50.48798385987654,69510.31893568966,3.9413484573364257,11.14924488067627,69459.83095182979,34780.40345977477,10.456838139589095
NcfvJE1Mqmg,30,132062.4728579157,191398.0260156312,11.791037940979008,12.162115669250484,59335.553157715505,161730.24943677348,11.993691282532406
Nh-Cx1TlSKw,30,64880.34989097679,261334.03477732273,11.080315494537354,12.473558521270752,196453.68488634593,163107.19233414976,12.002169016251107
NpY1z4cr8C8,30,1152876.1044185343,6000023.741987369,13.9577712059021,15.607274150848388,4847147.637568835,3576449.9232029514,15.08988150441852
Nq84lH--RFo,30,204027.0189908122,1357418.7724415676,12.226012611389159,14.121096229553226,1153391.7534507555,780722.8957161899,13.567976839704766
O05018tIrUA,30,166903.7112274373,1089525.0234756717,12.025178337097168,13.90125331878662,922621.3122482344,628214.3673515545,13.350638328301894
O1X48yxZgeU,30,906266.7167569692,2186479.405143159,13.717090034484864,14.597803688049316,1280212.6883861898,1546373.060950064,14.251423432906078
O1f41uZLBOY,30,50405.697568581076,482865.46400178823,10.827879333496094,13.087495422363281,432459.76643320714,266635.58078518463,12.493641889561511
OCLQv1uVFTY,30,15109.440283454642,49905.25909781705,9.623141193389893,10.817901706695556,34795.81881436241,32507.349690635845,10.389252248879218
OTQge9FcO6g,30,727013.0956898978,2746635.8990138606,13.496701145172121,14.825887775421144,2019622.8033239627,1736824.4973518793,14.36756957808786
Ocq6qk77Fn4,30,80992.01586305427,376344.7723195306,11.30211820602417,12.838263607025146,295352.75645647635,228668.39409129243,12.340032545481721
Oi6VcSgrgeE,30,56500.109410213045,120942.56598939952,10.942015552520749,11.703079319000247,64442.45657918647,88721.33769980629,11.39326697086339
OnqVLN3QvvI,30,44494.46476678318,1324506.8489806051,10.703142547607422,14.096551513671875,1280012.384213822,684500.6568736942,13.436446344268258
OoBh6D16RZQ,30,50149.38485496708,2370703.3935647206,10.822781467437746,14.678697681427002,2320554.0087097534,1210426.389209844,14.006484069430476
OylMEy1vRUw,30,264726.8852643374,432608.0458060426,12.4864577293396,12.9775897026062,167881.1605417052,348667.46553519,12.761876794204333
P2gOA4XpfV8,30,272813.56233869854,1629794.6341049399,12.516547584533688,14.303965187072755,1356981.0717662415,951304.0982218191,13.765590108395807
P3icEff5Ft4,30,3412.7351561460814,9121218.610549046,8.135562324523926,16.026114082336427,9117805.875392899,4562315.672852596,15.333341094773013
P7miHMNKyqQ,30,469742.0849390977,1280963.411100975,13.05994119644165,14.063123798370361,811221.3261618773,875352.7480200364,13.682383367090686
PGxuRSVpxhc,30,15300.502869873411,33603.08628230654,9.635706329345703,10.422402954101562,18302.58341243313,24451.794576089975,10.104499785962139
PLh-A6H5PeU,30,1299729.6123001417,1801554.6685684845,14.07766757965088,14.404161109924317,501825.05626834277,1550642.140434313,14.254180332148527
PP0HefQ4AOM,30,127975.81051957903,356912.2014838968,11.759604358673094,12.785247898101805,228936.39096431778,242444.00600173793,12.398530184267068
PU_zFsvy0Go,30,57629.331382412485,2282990.102798539,10.961804294586182,14.64099702835083,2225360.7714161268,1170309.7170904758,13.972779841679225
PXIABNoPBdA,30,218568.29007405456,429850.80689944926,12.294858360290528,12.971195793151855,211282.5168253947,324209.5484867519,12.689148424727723
P_nWjj6-DVc,30,421.8232732535835,16956.890676344225,6.0469542980194095,9.73848853111267,16535.06740309064,8689.356974798904,9.069969296218822
PdKaEf34-cg,30,701577.5069075512,2354330.3802892226,13.461088085174561,14.671767330169677,1652752.8733816715,1527953.9435983868,14.239440761100017
PgJRsz9l-Cw,30,567738.882881044,820633.9999326059,13.249418640136719,13.617833709716795,252895.11705156195,694186.4414068249,13.45049729150407
PnF8PWgOdgg,30,40051.31606209828,413053.20655733824,10.597941780090332,12.931334114074705,373001.89049524,226552.26130971825,12.330735345532249
Pu4JJFAXKsY,30,63902.6073658275,765798.4750071196,11.065131092071534,13.548675632476806,701895.867641292,414850.54118647357,12.935676003130665
PxOMUvJpgV8,30,967694.5348911656,1895633.0190785944,13.782672786712647,14.455063915252685,927938.4841874288,1431663.77698488,14.174348504814082
QJj8LigrENw,30,22942.59925881914,57817.614413081305,10.040794277191162,10.965066051483154,34875.01515426216,40380.106835950224,10.606117301990183
QSTL0kcNWsY,30,255208.60076224868,640327.6036775751,12.449840450286864,13.369736766815183,385119.00291532645,447768.1022199119,13.01203298170397
QWmpnog5QCs,30,535764.801911994,1197608.1876942052,13.191452407836916,13.995837783813476,661843.3857822112,866686.4948030997,13.67243374649994
QwOUZSEsd6s,30,59053.52506338733,631494.7560968449,10.98621644973755,13.355846500396728,572441.2310334576,345274.14058011613,12.752096887100102
R1u7EJ_3now,30,215232.433340103,800441.4544885905,12.279478454589842,13.592919921875003,585209.0211484875,507836.94391434675,13.137917667624105
RE2Taao_1u0,30,377073.81624347,4723247.103647709,12.84019889831543,15.368007278442382,4346173.287404239,2550160.4599455893,14.751667232755853
RGrsTmv1xKQ,30,301852.3754543711,2897036.216929301,12.617696666717526,14.87919912338257,2595183.84147493,1599444.2961918362,14.285167437219076
RISRcljx1no,30,512546.9094443924,3361779.7499395744,13.147149467468262,15.027981376647949,2849232.840495182,1937163.3296919833,14.47673577600903
RMB_KGVKCgc,30,16854.290660505012,805527.4090749309,9.732419872283934,13.599253749847415,788673.1184144259,411190.849867718,12.926815172566059
RMDV-TZm4lw,30,254447.32915288006,865335.9210424976,12.446853065490723,13.670874214172361,610888.5918896175,559891.6250976889,13.235500303429712
RQV5eSnnyBs,30,482796.744268455,656727.4301226819,13.0873530960083,13.39502586364746,173930.68585422687,569762.0871955685,13.25297591691094
RdjuNXBPBz8,30,167442.50327151336,2423213.4159706295,12.028401279449463,14.700605487823486,2255770.9126991164,1295327.9596210713,14.074275243730842
Rh6v2cXEhvI,30,366916.1491046439,513946.4239757995,12.81289134979248,13.149876251220704,147030.27487115562,440431.2865402217,12.995511992996844
RhhVlLBrr5A,30,9778.51730351034,122056.43482685617,9.188045406341551,11.712246990203855,112277.91752334584,65917.47606518326,11.096174046372914
Ri3MfbmTzw8,30,87009.07552014463,462015.13027316506,11.373779201507569,13.043355083465576,375006.0547530204,274512.10289665486,12.522754272477952
RpYCdiyxZZM,30,742.753910465583,6501.527224954951,6.6117102146148685,8.779946184158325,5758.773314489368,3622.1405677102666,8.195096488847993
RqPR6QlZDWM,30,70192.01727562558,163210.93525564505,11.15900411605835,12.002804851531982,93018.91798001947,116701.47626563531,11.66738303712095
SBujs8mFc6Y,30,759275.2706683171,2157712.244980142,13.54012098312378,14.584559535980222,1398436.974311825,1458493.7578242295,14.192915474059408
SHBMpUSjphM,30,117866.52110933019,259189.794776824,11.677316570281983,12.465319728851318,141323.27366749384,188528.1579430771,12.147007957956014
SHlem4Dp4MQ,30,5449.104825232651,10680.530832283368,8.603390121459961,9.276271438598632,5231.426007050717,8064.8178287580095,8.995390390099914
SVCcxQQA-9A,30,634579.296261664,2361944.0105128507,13.360719108581542,14.674995994567869,1727364.7142511867,1498261.6533872574,14.219816763729293
S_SS40BfX94,30,767202.5656104828,1191850.3240181303,13.55050745010376,13.991018390655517,424647.7584076475,979526.4448143066,13.794825535182273
SbXVPa7qK40,30,121885.82583486284,206835.26517870085,11.710848236083983,12.239682769775394,84949.439343838,164360.54550678184,12.009823826133848
Sh-gwqpVUTE,30,196030.05806260378,865328.9064493588,12.186028385162354,13.670866107940673,669298.848386755,530679.4822559813,13.181915390781441
SjGJdm88kDM,30,1862.515313283857,74108.27943245471,7.53021993637085,11.213296031951904,72245.76411917085,37985.39737286929,10.544983410752302
SkRF23pbYic,30,2776941.438715836,11050250.997742347,14.83686103820801,16.217963790893553,8273309.559026511,6913596.218229092,15.749000641797583
SlhFvFk5hYo,30,853734.0630343071,1327674.186997025,13.657376194000243,14.098939990997318,473940.12396271795,1090704.125015666,13.902334948737431
Svo5O5PBREc,30,3399.36140668007,18885.334284784614,8.131637001037598,9.846193885803222,15485.972878104545,11142.347845732342,9.318597993084314
T9fcPS6uZBk,30,266754.95896617015,1899731.245418709,12.494089508056641,14.457223510742187,1632976.2864525388,1083243.1021924396,13.895470895038468
THhgs-iJSFQ,30,40562.58919438101,1262821.296135413,10.610626125335694,14.048859691619873,1222258.706941032,651691.942664897,13.38732878314552
TMiP8pKVXw8,30,687820.4488113195,1903841.0552995459,13.441284561157229,14.459384536743164,1216020.6064882264,1295830.7520554326,14.074663326522007
TSdqu1d5Q4k,30,73211.58895377131,190300.33327767995,11.201122665405274,12.156364059448242,117088.74432390864,131755.96111572563,11.788714300800832
T_Cjn4qmNwU,30,57297.531461915314,189983.72327453006,10.956030273437499,12.1546989440918,132686.19181261474,123640.62736822269,11.725142558309406
Tf2BQBpzxvQ,30,76867.84215185556,194456.53210155774,11.249855899810791,12.177969074249267,117588.68994970218,135662.18712670665,11.81793052771302
TiSGy-0ibfQ,30,172506.16746187813,314885.4944691017,12.058194065093994,12.659967517852783,142379.3270072236,243695.8309654899,12.403680235694074
TkCmFQtvqZw,30,70051.81509208742,153004.2130526533,11.157004737854004,11.938227272033691,82952.39796056588,111528.01407237037,11.622040051927724
TpsLMFzQ6Us,30,122444.35780970244,956132.0820652741,11.715420150756838,13.770652389526367,833687.7242555717,539288.2199374883,13.198007292135156
TrMJ2StIc0I,30,51981.9765446817,198637.7572883005,10.858671569824216,12.199243164062501,146655.7807436188,125309.8669164911,11.738552864310256
TtE57HfUKj0,30,202659.6640737021,745190.3093670098,12.21928825378418,13.521396255493164,542530.6452933077,473924.9867203559,13.068806442325545
Tum1Y4r2yK0,30,125032.81175210478,697842.7904353011,11.736339473724366,13.455750560760498,572809.9786831964,411437.80109370296,12.927415566517134
TzQsVrMUYk4,30,54713.80460261089,156981.51272567007,10.909889602661133,11.963889694213867,102267.70812305917,105847.65866414047,11.5697656044387
U16Oc5ttXOY,30,58492.40057403035,284780.0715651151,10.976669216156006,12.559475994110107,226287.67099108477,171636.23606957274,12.053138435908762
U5ZevoxxvnM,30,65930.52576386058,91510.48310652292,11.096371994018556,11.424219741821288,25579.95734266234,78720.50443519175,11.273671642762926
U7C4l7VsvAI,30,23742.794347293722,377149.4131208928,10.075076484680176,12.840399360656738,353406.61877359904,200446.10373409325,12.20830566914658
UE9eu0pqHUI,30,157819.76947284746,828137.0119323938,11.969215297698975,13.62693510055542,670317.2424595463,492978.3907026206,13.108222648302382
UQKBizdBGo0,30,564065.5138597123,2161209.1447342928,13.242927455902096,14.586178874969484,1597143.6308745805,1362637.3292970024,14.124933326455654
UToy9DFnl-8,30,542259.1404199378,975330.4923271576,13.20350112915039,13.790532684326175,433071.35190721985,758794.8163735478,13.539488003550659
UkKM-hQCKfc,30,60380.440566182195,851229.4025100811,11.008437061309815,13.65443811416626,790848.9619438988,455804.92153813166,13.029822387236607
Um5Jojapij4,30,11836.844448800995,62167.30684654423,9.379056835174561,11.03760061264038,50330.462397743235,37002.07564767261,10.518756313784392
Umc98cd5IxI,30,126982.43017094846,211210.93751294163,11.75181188583374,12.260617351531982,84228.50734199317,169096.68384194505,12.038231837820337
Uy8fGQoA_eI,30,166957.20183652538,1035977.9190740894,12.025498771667483,13.85085735321045,869020.717237564,601467.5604553074,13.307129544461091
UyVCHE0Hn6E,30,18834.292398117006,819595.7312080415,9.843487644195555,13.61656770706177,800761.4388099245,419215.0118030793,12.94614160735465
V7GQV-tyOws,30,32417.546410877978,54398.54146605696,10.386485958099362,10.904111003875734,21980.99505517898,43408.04393846747,10.67842308405819
VAIKpZ2hJI8,30,510502.177864319,907356.1098573814,13.143152141571045,13.71829137802124,396853.93199306243,708929.1438608503,13.471512272960304
VCWUcdw5DKQ,30,1843431.0293672918,2445016.680094122,14.427139625549316,14.709562911987305,601585.6507268301,2144223.8547307067,14.578288671947348
VD8X90_2IEo,30,16597.476493402588,482280.06651592604,9.717066192626953,13.086282348632812,465682.5900225234,249438.77150466433,12.426972768257926
VDF4w5jN5JA,30,45881.07880187314,3479994.5750072114,10.733829879760739,15.062541580200197,3434113.4962053383,1762937.8269045423,14.38249276248223
VOoG4TTtZK8,30,89806.26577497029,174622.74143911136,11.405421161651615,12.07038888931274,84816.47566414106,132214.50360704082,11.792188473404472
VRDLB-fAWlE,30,1035863.1214051271,5178594.711780808,13.850746536254883,15.460044479370117,4142731.590375681,3107228.9165929677,14.949242185184493
VXPKafhuVR0,30,5475.732122484178,59901.70445153392,8.608263874053957,11.000476932525636,54425.97232904974,32688.71828700905,10.394815881969562
VZiKMICEPzQ,30,74992.13989877052,330644.89306963724,11.2251519203186,12.708803272247316,255652.75317086672,202818.51648420386,12.220071781198072
VneaoXWkNFc,30,27162.732137002873,36399.961345516385,10.209637985229492,10.502350463867188,9237.229208513512,31781.34674125963,10.366666280701729
VpLKyojJkhY,30,554011.7975001051,1386660.2260131463,13.224943065643311,14.142409420013427,832648.4285130412,970336.0117566257,13.785398724938716
VtM3z1JcsQk,30,25623.19313931498,918620.5768959848,10.15129222869873,13.730629539489746,892997.3837566698,472121.8850176499,13.064994580296277
VxPito6NrEY,30,221247.13183947606,600550.1661062097,12.307040119171143,13.305603122711181,379303.0342667337,410898.6489728429,12.926104300582606
VzDhJEgddHw,30,17019.34234919685,108962.40555037139,9.742164516448975,11.598767375946043,91943.06320117455,62990.873949784116,11.050761012130337
VzbD2fZx_-k,30,83497.64776256875,170165.6190480413,11.33258571624756,12.044533348083496,86667.97128547254,126831.63340530502,11.750623649114116
W1tESUXIpnI,30,46120.282826637005,1656356.375734351,10.73902978897095,14.320131397247316,1610236.0929077142,851238.329280494,13.65444860101398
W38fLEmrmS0,30,114107.93139145707,1471350.2038727533,11.644908809661864,14.201691722869876,1357242.2724812962,792729.0676321052,13.583238048763278
WB8FVmRmCjQ,30,8189.144163082874,14907.729690793967,9.010686779022217,9.609702205657959,6718.585527711093,11548.43692693842,9.354391963847153
WFkogVhwK3E,30,112150.4358562923,2024768.9056224038,11.62760534286499,14.520966625213623,1912618.4697661116,1068459.670739348,13.88172954514566
WI0HR8GerIk,30,38024.918555942866,261116.29981390736,10.546023273468018,12.472725009918213,223091.3812579645,149570.60918492512,11.915530548336722
WLzG2yhKYAw,30,13924.442149049273,89989.36822733966,9.541472816467286,11.40745792388916,76064.92607829039,51956.90518819446,10.85818915411722
WRdqtdMtjjM,30,86143.33216316489,789638.6413734198,11.363779449462893,13.579331970214843,703495.3092102549,437890.9867682923,12.98972755339459
WXbT5o62mZk,30,12798.926526548481,87709.1266305801,9.457194709777834,11.381792640686035,74910.20010403161,50254.02657856429,10.824865852332728
WYm9s4aoB4Y,30,340646.97406311694,469716.8821526541,12.738604888916015,13.05988754272461,129069.90808953717,405181.9281078855,12.912093918454984
WgLrlz6wCUI,30,445759.3669415585,4221394.69565179,13.007536792755127,15.25567636489868,3775635.3287102315,2333577.031296674,14.662913283408663
Wj9-5XDYSGw,30,131654.85075578495,1765553.0781082984,11.787946605682373,14.383975124359129,1633898.2273525135,948603.9644320416,13.762747725842287
Wp1XAgH7oJE,30,424958.2714577181,579411.6974660625,12.959748611450195,13.269770278930665,154453.4260083444,502184.9844618903,13.12672581703639
Ws7Mi_79OvM,30,216607.55113083366,1083468.654243095,12.285847091674805,13.895679092407224,866861.1031122614,650038.1026869643,13.384787798042346
WuhVT2bZ6i8,30,1237069.6921363492,2665653.149298305,14.028256797790524,14.795960044860841,1428583.457161956,1951361.4207173272,14.484038363869516
WyemT4A2fgs,30,2830.9946686291246,4079.5900914884305,7.948736572265625,8.313996887207031,1248.595422859306,3455.292380058778,8.14795172705696
Wzorxdasl4w,30,22831.08254677994,136241.19499197698,10.035921955108643,11.822189426422119,113410.11244519704,79536.13876937846,11.283979345891614
X8F8eaKAsg4,30,121909.83182782143,284832.492949278,11.711045169830323,12.559660053253172,162922.66112145653,203371.1623885497,12.222792891816992
X8fEcG0yavI,30,62443.984892225766,271090.2094401716,11.042041206359864,12.510210609436035,208646.22454794584,166767.09716619868,12.02435948662188
XIMoMC8rN8A,30,268473.97387426306,675958.4052721381,12.500512981414794,13.423888301849368,407484.431397875,472216.18957320054,13.065194306133192
XMKj7HiU95c,30,120054.3516871112,174762.0195251516,11.695708179473879,12.07118616104126,54707.66783804042,147408.1856061314,11.900967574340704
XMdOEdDsO_A,30,1532591.9532139923,8296101.995875121,14.242471599578856,15.931296443939207,6763510.042661129,4914346.974544557,15.407669642446777
XOKHCbs6rkI,30,857125.3487274304,1886791.779912138,13.661340618133545,14.450389003753662,1029666.4311847074,1371958.5643197843,14.13175061476353
XRqXz5oY3LQ,30,913288.4313971773,3874639.5500911614,13.72480812072754,15.169963455200195,2961351.118693984,2393963.9907441693,14.688461541243825
XWnaQkvCgJg,30,46.27989749613886,57919.63083317463,3.856085205078125,10.966828918457031,57873.35093567849,28982.955365335387,10.27449769259772
XdwYXdcxGyw,30,452656.4553633688,1667810.1696653278,13.022890949249268,14.327022647857666,1215153.714301959,1060233.3125143482,13.874000491202237
Xeuy7DQZux8,30,297528.7448499919,2894738.454088333,12.603269481658934,14.878405666351322,2597209.709238341,1596133.5994691625,14.283095388942847
XhIvjmqBb3s,30,425752.9590923811,622831.5644592481,12.961616897583005,13.342033004760744,197078.60536686698,524292.2617758146,13.169806466629506
Xm56oX6_Yyg,30,612391.3555594101,890223.8371232285,13.325128459930424,13.699229335784908,277832.4815638184,751307.5963413193,13.529571760247496
Xxrw4rAK9k4,30,211246.04922693255,2605935.4502978837,12.260783576965332,14.77330265045166,2394689.401070951,1408590.7497624082,14.15810100422845
Y0IiQMS6aGY,30,10967.182165886834,420853.45619378675,9.302753829956051,12.95004234313965,409886.2740278999,215910.3191798368,12.282623043011128
YFEXKye4XzI,30,98741.50174047952,448178.0656102735,11.500270748138428,13.012948131561279,349436.563869794,273459.7836753765,12.51891350363596
YNGkRufI3dU,30,301525.3886480881,1106505.2661584716,12.616612815856934,13.916718101501464,804979.8775103835,704015.3274032798,13.464556827205445
YYSZoRN7_mY,30,142001.5984739883,545915.0194039466,11.863600635528565,13.210220432281494,403913.4209299583,343958.3089389674,12.748278641390844
YbSQYyT7RN4,30,3796.400414034217,100293.81081709353,8.242072010040282,11.515869235992435,96497.41040305932,52045.10561556387,10.85988525117794
YdW95_qWUAY,30,921119.7064741533,4630570.626189813,13.733346366882325,15.348190879821777,3709450.9197156597,2775845.166331983,14.83646618348687
Ye7Ad3Mz3Fw,30,283491.67351570376,1764480.0050567498,12.554941558837891,14.38336715698242,1480988.331541046,1023985.8392862268,13.839214232239454
YlrToWYx_Ic,30,350083.75358489854,1262838.7589134078,12.765930557250977,14.04887351989746,912755.0053285093,806461.2562491532,13.600412376009189
YoCIdgGyaGY,30,840242.4681789702,4718922.5695853215,13.641446971893311,15.367091274261474,3878680.101406351,2779582.5188821456,14.837811661091932
YtoAYfpSZ8c,30,1744031.7848297537,4413768.562361454,14.371710681915284,15.30023965835571,2669736.7775317,3078900.1735956036,14.94008332947551
Z0gEURBIAC0,30,5986.259239905685,29443.791997106513,8.697389030456543,10.290272331237793,23457.53275720083,17715.0256185061,9.782224911108091
Z2LS3JO_5bU,30,796.726794639936,1673.4348457902756,6.681766176223755,7.423230981826782,876.7080511503397,1235.0808202151059,7.119701024403448
Z69WB1KnEZI,30,219688.09562419844,1105101.097009132,12.29996862411499,13.915448284149168,885413.0013849335,662394.5963166652,13.40361823395842
ZC3vG-ilP0w,30,141898.71334809388,6674355.54284001,11.862875843048094,15.713783359527591,6532456.829491916,3408127.1280940515,15.04167376249635
ZHWyK79mibs,30,400345.9336758498,4242593.452486857,12.900086784362793,15.260685539245605,3842247.518811007,2321469.6930813533,14.657711462232061
ZImM6Enk4C8,30,125688.62510099002,942279.5297083752,11.74157085418701,13.756058311462406,816590.9046073852,533984.0774046826,13.188123172616814
ZK28SSAPCFg,30,103754.12728708074,508105.05411639577,11.549788856506348,13.138445472717285,404350.926829315,305929.59070173826,12.631113527433111
ZSq_O3Qhp9Y,30,137217.31019756102,1940642.2058224608,11.829328441619873,14.478530025482177,1803424.8956248998,1038929.7580100109,13.853702624944372
ZWNPna7Lz18,30,31475.677788770736,526692.8219923167,10.357002162933348,13.174374675750736,495217.144203546,279084.24989054375,12.53927256929427
ZfOvjZBKU6Q,30,576167.1231320775,811960.2599872458,13.264154777526855,13.607207908630373,235793.13685516827,694063.6915596616,13.450320450648482
ZfdEqxXQfmc,30,57285.23784991388,134579.52828317927,10.955815696716309,11.809918022155761,77294.29043326539,95932.38306654658,11.471409303181476
ZgSja8-w5mU,30,306355.3873643912,701874.7740499793,12.63250436782837,13.461511707305908,395519.3866855881,504115.0807071852,13.13056183939765
ZjRIc9Pki4A,30,135719.0063997519,1196403.847429887,11.818349266052246,13.994831657409668,1060684.841030135,666061.4269148194,13.409138679236095
Zl4v7myNcoU,30,371889.91045203386,577222.9418158387,12.826355838775635,13.265985584259033,205333.03136380482,474556.4261339363,13.07013791422755
Zo_D-FRBoDU,30,130746.02028826025,208443.98404731625,11.781019592285157,12.247430419921875,77697.963759056,169595.00216778825,12.041174429938224
ZrB7GPNHqR8,30,1232113.4367762916,1865994.7837011868,14.024242305755616,14.439305400848388,633881.3469248952,1549054.1102387393,14.253155696712374
ZsxjD8hGAPA,30,201896.42317691768,1181893.1457018533,12.215515041351319,13.982628917694091,979996.7225249356,691894.7844393855,13.44719062273729
_7UCsWx0TeU,30,708566.1413987138,2142790.8184365546,13.47100009918213,14.577620124816894,1434224.6770378407,1425678.4799176343,14.170159086050912
_D74w6aKpfM,30,139919.76236110186,476542.23665793554,11.84883155822754,13.074313735961914,336622.4742968337,308230.99950951873,12.638608023569729
_DC0vNW0IMM,30,246355.14694590875,556011.071468459,12.414533519744873,13.22854528427124,309655.9245225502,401183.1092071839,12.902175726127926
_HiNaxcOXss,30,111.46704076568574,8417.760423959588,4.722660207748413,9.038217878341674,8306.293383193903,4264.613732362636,8.358341349306531
_Nqmduiv5Gk,30,66139.45373349235,646842.7335660539,11.099535846710202,13.37986001968384,580703.2798325615,356491.09364977316,12.784067340890063
_Q9ZLCjbRlk,30,48.15934108746979,287.6030662612778,3.8950668811798095,5.665052270889282,239.443725173808,167.88120367437378,5.12919553090911
_SrosL0WdOQ,30,173716.78894194803,1633885.2213704288,12.065187358856202,14.306471920013426,1460168.4324284808,903801.0051561884,13.714365594540821
_SsI8-SWNto,30,411981.2882259728,598993.7874040761,12.928735637664794,13.303008174896243,187012.4991781033,505487.53781502444,13.133280642240033
_SzBO5h4_h4,30,5092.884951065186,100959.8135362571,8.535796070098877,11.52248773574829,95866.92858519191,53026.34924366115,10.87856308290524
_jShWDT1Uag,30,262257.00877181854,755382.5173765417,12.477084064483643,13.534980869293213,493125.5086047232,508819.7630741801,13.139851098104241
_w_JWT7Qme0,30,57044.43401314694,625135.7043203574,10.951603317260743,13.345725631713867,568091.2703072105,341090.06916675216,12.739904785615282
a5pFOB_6Gww,30,2668012.8146034605,10413113.547277385,14.7968448638916,16.158576583862303,7745100.732673924,6540563.180940423,15.693533985911508
a7So4mL2E9Y,30,39064.00044731391,82514.88013993144,10.572982215881348,11.320746040344238,43450.87969261753,60789.440293622676,11.015187823579225
aGGeznHZkMI,30,675969.2353969722,1270019.4879460784,13.42390432357788,14.054543590545657,594050.2525491063,972994.3616715253,13.788134594118265
aHrRFFz2aaw,30,86218.37109745987,252427.52036653215,11.36465015411377,12.438883399963379,166209.14926907228,169322.945731996,12.039568997765159
aI6Z8u9n174,30,25305.62521145883,116188.44842628531,10.138821506500244,11.662977313995361,90882.82321482648,70747.03681887207,11.166880066977347
aO1hEBB5UKI,30,104927.31447518541,400914.1503676459,11.561032676696774,12.901505088806154,295986.8358924605,252920.73242141565,12.440835361830475
aS5CVZczMj0,30,26652.15383857578,39029.003613558685,10.190662765502932,10.572085952758789,12376.849774982904,32840.57872606724,10.39945063567724
aaDrxWhDNAU,30,1055285.8231896,2195573.0108727193,13.86932315826416,14.601954078674314,1140287.1876831194,1625429.4170311596,14.30128321069275
ajFl5Idvh3s,30,421419.8723222997,1118202.336464012,12.951387310028078,13.927233791351318,696782.4641417123,769811.1043931559,13.553901743783447
amZXZ_AT444,30,14107.966710475546,191357.32563287666,9.554565811157227,12.16190299987793,177249.35892240112,102732.6461716761,11.539894958344751
anxefAEUH1M,30,269203.0050745406,403207.0904822883,12.503224754333496,12.907208061218261,134004.08540774765,336205.04777841445,12.725479488427858
b6g_nNUcVAc,30,405190.27754985844,706976.6888624153,12.912114524841305,13.468754386901859,301786.4113125568,556083.4832061369,13.228675509902235
b8stREZGaC0,30,204570.79696641513,271079.10310186946,12.228674278259275,12.510169639587403,66508.30613545433,237824.9500341423,12.379294382744035
bIPS9DCdPV4,30,577752.3643883059,5527657.405076753,13.266902351379397,15.525274848937988,4949905.040688448,3052704.8847325295,14.931538930598313
bIu5PeWhS54,30,235546.73427327117,500896.1620347179,12.369668865203858,13.124156093597412,265349.42776144674,368221.4481539945,12.816442513206756
bRWlY7oG4Cs,30,147976.5800759603,412244.4953410949,11.904816055297852,12.929374313354492,264267.91526513465,280110.5377085276,12.542943151790531
bWINKT7fnVs,30,594147.7947401479,1033152.1865251947,13.294885063171384,13.848126029968265,439004.3917850468,813649.9906326713,13.609286794604975
b_MWtxjRghU,30,113608.22642007968,1678774.71405742,11.640520000457762,14.333575344085697,1565166.4876373403,896191.4702387498,13.705910479422908
bdIWNztyc7s,30,499171.4667143522,4282941.180911465,13.120706939697266,15.270150756835937,3783769.7141971122,2391056.3238129085,14.68724622098072
bntls_a5YDQ,30,918379.077303612,1357252.4347098758,13.730366611480713,14.120973682403564,438873.3574062638,1137815.756006744,13.94462185786167
btYS7DhrvOU,30,64154.0650260895,385698.5760218504,11.069058322906494,12.862814044952392,321544.5109957609,224926.32052396995,12.323532609110927
bvZIUd32lgs,30,530514.6657952578,3117038.103803347,13.181604766845703,14.952394104003906,2586523.438008089,1823776.3847993023,14.416420394360575
bw2mE3oXISY,30,197408.49540932104,287883.8731604025,12.193035507202149,12.570315933227539,90475.37775108148,242646.18428486178,12.399363750747332
cIzYgH-8LfQ,30,51222.71081238991,4310565.759850726,10.843957805633544,15.276579952239993,4259343.049038337,2180894.235331558,14.595246008877156
cN84RsZhGt8,30,422555.95973075315,672041.972235302,12.954079532623291,13.418077564239502,249486.01250454882,547298.9659830276,13.212752314977847
cNXOIFeQKHw,30,1114993.6669953694,1807104.8548303465,13.924360179901123,14.407237148284912,692111.1878349772,1461049.260912858,14.194666091861068
cg_x-b02jTw,30,226889.6090512115,310047.84554090735,12.332223281860351,12.644485130310061,83158.23648969585,268468.7272960594,12.50049343907387
ckLk0EJqLpk,30,75986.71268496201,274706.29754143005,11.238326930999756,12.52346143722534,198719.58485646802,175346.50511319604,12.074525027427162
cwcETfcJtRk,30,577536.1418548863,832697.8331547055,13.266528034210207,13.632427310943603,255161.69129981915,705116.9875047959,13.466120425954422
czJ-ZVIXc0w,30,939923.8483479631,1891457.949557517,13.753555202484133,14.452859020233154,951534.1012095539,1415690.89895274,14.163128944075293
d3B2h8VOINc,30,1035033.1434643673,2502403.01076299,13.849944972991947,14.732762432098385,1467369.8672986226,1768718.0771136787,14.38576615731693
d99UXbWnVd8,30,44812.7721975853,69300.06369609549,10.7102707862854,11.146215534210205,24487.29149851019,57056.41794684039,10.951813372198576
dCJbhGlGBKw,30,534235.682771584,865983.1586596358,13.188594245910645,13.671621894836425,331747.4758880518,700109.4207156099,13.458993345464727
dNIY3-V5oTg,30,234882.30184184932,1988388.0954602794,12.366844081878662,14.502835369110107,1753505.7936184302,1111635.1986510644,13.921343540777873
dYThAX_xm68,30,97906.57809657278,229800.63337134055,11.491779232025149,12.344971752166748,131894.05527476777,163853.60573395668,12.006734763185401
dYnYur5tdUQ,30,27541.048768669018,5373149.461275816,10.223469161987305,15.496924972534178,5345608.412507147,2700345.2550222427,14.808890565353009
de10Z94_1b4,30,538.2035202066897,3431.6615580097923,6.290093088150024,8.141091203689577,2893.4580378031023,1984.9325391082411,7.593843875804741
dfKQxWRt7yY,30,244483.4498885216,850202.2882185066,12.406906986236573,13.653230762481689,605718.838329985,547342.8690535141,13.21283252932539
dgkYhK-ANek,30,489668.1103665241,976356.520454044,13.101485157012942,13.79158411026001,486688.4100875199,733012.3154102841,13.504919146338562
dlKJjodyUt4,30,9123.718882742669,299968.61416813626,9.118742370605469,12.611436462402342,290844.8952853936,154546.16652543948,11.948254613684268
du4iwMe5JE8,30,2764.062231044837,21921.973292205188,7.924818420410157,9.995290374755859,19157.91106116035,12343.017761625013,9.420926832929275
dugcpLrrprI,30,242677.9250649284,2573063.8413486844,12.399494552612307,14.760608291625978,2330385.916283756,1407870.8832068064,14.157589819519478
eB_X2hjTS8k,30,5504.515819418722,9278.664156293591,8.613505744934082,9.1355806350708,3774.1483368748695,7391.589987856156,8.908233424511002
eKIUO_C_NCI,30,31598.934294408857,116622.84582007924,10.360910320281983,11.666709041595459,85023.91152567038,74110.89005724405,11.213331258023842
eV1w0pViXW4,30,101830.5142467588,823630.6258739692,11.531074905395508,13.6214786529541,721800.1116272104,462730.57006036397,13.0449024026526
eaTnAr3AUko,30,1474206.0778282373,3469053.191946333,14.203630828857422,15.059392547607422,1994847.1141180955,2471629.634887285,14.720388666851528
ecVeC3zbJ7Y,30,72284.73265792281,1378668.1392791455,11.188382053375244,14.136629199981689,1306383.4066212226,725476.4359685342,13.49458524946991
f-Ds_sJUoa4,30,315860.2094786919,664634.4416914206,12.663058185577393,13.406993961334228,348774.2322127287,490247.3255850563,13.102667328621973
f5rPUVYIM-k,30,274005.81582798954,970627.4099750484,12.520908260345456,13.785698986053468,696621.5941470589,622316.6129015189,13.341205873067794
f7mI83GXKpI,30,95399.38185558184,2672436.638027567,11.465837860107422,14.798501586914062,2577037.256171985,1383918.0099415744,14.140429894619116
fDli6ReZVy4,30,145065.3826114588,258626.82843210563,11.884946727752686,12.46314535140991,113561.44582064683,201846.1055217822,12.215265786429855
fMjmNPJHB28,30,401016.5394628851,533726.5599943779,12.901760444641111,13.187640800476075,132710.02053149277,467371.5497286315,13.054881969641723
fNiWzrtPQqI,30,808978.9062019952,1523004.3375110563,13.603529357910157,14.236196136474609,714025.4313090611,1165991.6218565258,13.969083318133725
f_bUtopi104,30,102607.31580709567,306104.57945552067,11.538674259185791,12.631685352325439,203497.263648425,204355.94763130817,12.22762348709962
fgWr73pD6iI,30,421984.1129785985,887591.6391565289,12.952725315093991,13.696268177032472,465607.52617793035,654787.8760675637,13.392068136044594
fgmNvrvonig,30,59165.73181440247,80883.69920858678,10.988114700317384,11.30077995300293,21717.967394184314,70024.71551149462,11.15661781801962
fh8F9GDMiXk,30,990846.3880559339,39634224.78300775,13.806315803527832,17.495203590393068,38643378.39495181,20312535.585531842,16.826748819186484
fk0pfbR-SyU,30,197963.43009479006,835125.8250873536,12.19584264755249,13.635338878631591,637162.3949925635,516544.6275910718,13.154918903603438
fkBuJSNFaWs,30,143123.11859229935,1851183.9365487485,11.8714674949646,14.431336498260498,1708060.8179564492,997153.5275705239,13.81266102948204
fkWsZV3Xm-w,30,479082.9850073268,670222.0386432379,13.079631195068359,13.415365829467772,191139.05363591108,574652.5118252824,13.261522550020349
fl5p1Ct96CQ,30,260489.22259111475,3011444.332522467,12.470320606231686,14.917930698394777,2750955.109931352,1635966.7775567907,14.30774510008093
fpvl8gK9J_w,30,51670486.69496126,4353589484219.101,17.760397338867193,29.10202178955078,4353537813732.4062,2176820577352.898,28.40888647739994
g-eO8wgNLII,30,124792.29472132493,685843.4186175657,11.734414005279541,13.438406085968017,561051.1238962407,405317.8566694453,12.912429336748657
g20KVxi5Mf4,30,21813.197442354423,580628.8845670877,9.99031629562378,13.271868801116943,558815.6871247333,301221.0410047211,12.615602949537058
gCPbyJhWbFg,30,14154.457400250049,269787.372105551,9.55785551071167,12.505393123626709,255632.91470530097,141970.91475290054,11.863384533591399
gOcgh8YEb4U,30,134457.1803566854,466360.0492337081,11.809008502960204,13.052715396881107,331902.86887702276,300408.61479519674,12.612902205001715
gUnqAyvYN9c,30,1236458.726059234,17075363.598818243,14.027762794494631,16.653147315979,15838904.872759009,9155911.16243874,16.029910366565886
gVxz65CD_IQ,30,16350.008697665811,96793.85869902081,9.702044868469239,11.480349159240722,80443.85000135501,56571.93369834331,10.943285946606172
gYQ4QTzjMhw,30,412888.1086373427,686699.8063251702,12.930934333801272,13.439653968811035,273811.6976878275,549793.9574812565,13.217300683120216
gZzzaXYR5s8,30,35618.10588307285,357358.37656111515,10.480637454986573,12.786497211456298,321740.2706780423,196488.241222094,12.188362956742093
gsfdchVrBLo,30,13120.606666976864,417896.8508793904,9.48201551437378,12.942992305755615,404776.2442124135,215508.72877318363,12.280761332626112
h82-1URovzc,30,59519.44612121055,79860.21062598212,10.994075164794921,11.288045539855956,20340.764504771563,69689.82837359633,11.151824000910871
hAvX1pgwAIY,30,603391.192332751,930560.7548500078,13.310322666168213,13.743543720245361,327169.5625172568,766975.9735913794,13.550212058505496
hWXGKEwa810,30,367296.7227887936,1048473.6448422981,12.813928031921384,13.86284694671631,681176.9220535045,707885.1838155459,13.470038602430337
hWi6t9fdzCU,30,358273.8574015918,526960.6129462983,12.789055728912354,13.174882984161375,168686.75554470654,442617.2351739451,13.000462905872267
hXZueIoq1jI,30,108265.68541385201,305616.2868278675,11.592352771759035,12.630088901519775,197350.6014140155,206940.98612085974,12.24019377268155
hap5zzcMBMs,30,378781.12608390953,895005.8056061747,12.844716453552245,13.704586601257327,516224.6795222652,636893.4658450421,13.364359247116246
hcW-ygHI800,30,362024.47180964454,2311205.761222057,12.79946985244751,14.653280353546142,1949181.2894124126,1336615.1165158509,14.105651691831579
hgrsmjOk1cQ,30,8182.176052325974,974161.9960624867,9.009835624694823,13.789333915710452,965979.8200101607,491172.0860574063,13.104551862085513
hp-ZncmAicc,30,2883558.2566492953,4533149.622035484,14.874535942077637,15.326927757263183,1649591.3653861885,3708353.93934239,15.126098923671016
hq70EmhY_qg,30,202823.52853466067,616497.4248530233,12.220096492767334,13.331811046600341,413673.89631836256,409660.476693842,12.923086431029695
hs85-ZRfCxw,30,454972.7546541741,8141298.935919437,13.027995014190674,15.912460422515869,7686326.181265263,4298135.845286805,15.27369219497201
hwkCPw17K5w,30,12693.286381163223,112799.68011315969,9.448907279968262,11.633377647399902,100106.39373199646,62746.48324716146,11.046873748574741
iCnmRP0Bl-o,30,2250455.233725095,3207248.4640329764,14.626643524169921,14.980924263000489,956793.2303078813,2728851.8488790356,14.819391876975784
iEhZ8xVRe0s,30,651180.7917662692,1375652.6579903038,13.386544132232666,14.13443956375122,724471.8662240346,1013416.7248782865,13.828839062376503
iL1KZg9Tnnk,30,2237.3178442789103,20996.827985069416,7.713479900360108,9.952174282073974,18759.510140790506,11617.072914674163,9.36031717454192
iMm2lhGZog8,30,421701.09394716576,1034181.3432648154,12.952054405212401,13.849121665954593,612480.2493176496,727941.2186059905,13.497976953982137
iOgR7hi90Ac,30,501593.9835554136,2012538.5339516609,13.125548267364502,14.514907932281494,1510944.5503962473,1257066.2587535372,14.04429199350252
iXhT_GkKl2E,30,376243.14236493385,1366477.6099640338,12.83799352645874,14.127747631072998,990234.4675991,871360.3761644838,13.677812067795704
iZ1UNAnjbkw,30,489923.1504915811,1311335.6043404764,13.1020058631897,14.086557483673095,821412.4538488954,900629.3774160288,13.710850216478436
idLIfLWioXY,30,464815.8814665817,1127418.0923715925,13.049398803710938,13.935441589355468,662602.2109050108,796116.9869190871,13.587502678615037
ifk7Pk4mFoM,30,27238.33935379028,1093076.567751595,10.212417507171631,13.904507732391357,1065838.2283978048,560157.4535526927,13.235974975460412
j7eom77gGGI,30,8708.130585152847,56745.98592152545,9.07212724685669,10.946357822418213,48037.8553363726,32727.058253339146,10.395988039531238
jBRl24YLv-o,30,274374.90786214214,400843.040973001,12.522254371643063,12.901327705383302,126468.13311085885,337608.97441757156,12.729646586343238
jFAt3NsagSo,30,28737.99496320143,138810.3300889348,10.266010189056397,11.8408709526062,110072.33512573337,83774.16252606812,11.335891852634285
jKQcJIF6pmM,30,35612.53539836486,1416610.62766978,10.480481052398682,14.163778400421142,1380998.0922714153,726111.5815340724,13.495460352768243
jUkLjAUXUlU,30,2404.6955915584635,25523.615192259258,7.785594367980957,10.147398567199707,23118.919600700796,13964.15539190886,9.544320605557532
jVE71TKdkjo,30,301313.24552748614,540738.9199096363,12.615909004211426,13.200693702697754,239425.67438215011,421026.08271856117,12.950452440093235
jdj6ntU-vG8,30,148924.84342010104,492462.41154563095,11.911203765869141,13.10717544555664,343537.5681255299,320693.627482866,12.678244633070907
joCcfuVGYXQ,30,315640.0880183617,535624.156918558,12.6623610496521,13.191189861297607,219984.06890019623,425632.1224684598,12.96133303933016
jtfsPMTIRl0,30,1349097.5999538833,2370246.7398133567,14.11494722366333,14.678505039215088,1021149.1398594733,1859672.16988362,14.43591131513334
k0_WvflO4xo,30,346944.2098090883,5972509.507418739,12.756922149658203,15.602677917480468,5625565.2976096505,3159726.8586139134,14.965996461162696
k8NC9gKz--I,30,52540.06524577744,153057.11716074724,10.869350337982178,11.938572978973388,100517.0519149698,102798.59120326233,11.540536655373334
kEThxtqF6iU,30,49485.43491434684,1514900.2382268345,10.809453868865967,14.230860805511474,1465414.8033124877,782192.8365705906,13.569857861664467
kFaHoIiFLbA,30,582062.213645809,2203546.224787209,13.274334335327145,14.605578994750978,1621484.0111414003,1392804.219216509,14.146830414712632
kGph0UibSE4,30,105228.74947983403,182467.14046172972,11.56390132904053,12.114330863952636,77238.39098189569,143847.9449707819,11.87651903472118
kHp9WAB6RLU,30,119706.73323150276,168217.2914559093,11.692808494567872,12.033017768859864,48510.55822440653,143962.01234370604,11.877311686840022
kLatx6YvTII,30,350830.7417736602,545689.3746413939,12.768062019348141,13.209807014465333,194858.63286773372,448260.05820752704,13.01313106089544
kMOnkej8k6A,30,363760.2292691876,498457.0686274867,12.804252967834472,13.11927474975586,134696.8393582991,431108.6489483372,12.974117742642804
kOMJUvbBxVE,30,1436429.5015363821,2052419.3153216667,14.177671775817872,14.534530296325684,615989.8137852845,1744424.4084290243,14.37193578055725
kR6oAZwRUJc,30,472089.7575037592,1279890.6648569605,13.064926528930663,14.062285995483402,807800.9073532014,875990.2111803598,13.683111336969066
kgjqXgNzT_Q,30,359215.217665546,1108210.8025115086,12.791679763793946,13.91825828552246,748995.5848459626,733713.0100885273,13.50587459963839
kqQw2xeMmEQ,30,157443.19287987732,1577232.7970734553,11.966826343536377,14.271183109283447,1419789.604193578,867337.9949766663,13.673185177009293
ksKLGw4ISZY,30,34193.503516557656,950856.652090598,10.439820194244387,13.765119647979736,916663.1485740404,492525.0778035778,13.107302688047467
ktFOFxTZ-w4,30,10236.743935090886,30145.217415005834,9.233836555480957,10.313814735412597,19908.47347991495,20190.980675048362,9.913040808280673
l14fMN7vG0g,30,203202.22786652957,1915762.531274618,12.221961879730225,14.465626811981199,1712560.3034080886,1059482.3795705738,13.873291969517494
l6Yrf8Mg9cY,30,325843.3681386438,589394.3472083756,12.694175148010254,13.28685245513916,263550.9790697318,457618.8576735097,13.033794113371714
lFqTMWFQnIo,30,123877.01287470409,377771.6303875582,11.727052593231202,12.842047786712644,253894.6175128541,250824.32163113114,12.432512046085948
lGgptu7klVA,30,107119.35944298522,296493.9375603808,11.581708335876463,12.599785423278812,189374.57811739558,201806.648501683,12.215070287579259
lNhBYEwu8vg,30,262893.6717461644,370435.7140059248,12.479508743286132,12.822437896728516,107542.04225976043,316664.6928760446,12.665601899775606
lV1EM4teuOI,30,577055.5089780329,2602916.4220286757,13.265695476531981,14.772143459320072,2025860.9130506427,1589985.9655033543,14.27923637636618
lWeTGgNAxN8,30,872601.4636455516,3713403.3241600282,13.679235363006592,15.127459621429443,2840801.860514477,2293002.39390279,14.645373041953551
lcpmKxExXw4,30,67481.72401163942,831582.8368161134,11.11962690353394,13.631087398529049,764101.1128044741,449532.2804138764,13.015965168893628
lkSqjmmvpnk,30,337938.5107588282,1443531.7004693772,12.730622196197514,14.182603931426998,1105593.189710549,890735.1056141027,13.6998034848217
lnvhZ6v-HUs,30,10156.109319840714,116851.51798972773,9.225929164886475,11.668667888641357,106695.40866988701,63503.81365478422,11.058870987594839
m3__6vgYxro,30,734899.2558897693,3510485.9429655625,13.507490062713622,15.071265316009525,2775586.6870757933,2122692.599427666,14.568196405930333
mFwlQR1Lc8Q,30,938.1427661842359,17083.23615706248,6.84496750831604,9.745911455154419,16145.093390878246,9010.689461623359,9.106277842638788
mIKVBoozlKw,30,4538.000152856943,752605.1300307001,8.420462036132813,13.531297302246092,748067.1298778432,378571.5650917785,12.844163051031812
mXkw057jpJ4,30,402091.8858617146,738359.5809207659,12.904438400268555,13.512187576293945,336267.6950590513,570225.7333912402,13.253789338597455
mcdAbYdrz5c,30,295355.27943783667,716259.5103494797,12.595937633514403,13.481799221038822,420904.23091164307,505807.39489365823,13.13391321033938
mrSEbbQxlvM,30,156234.34133023157,511592.04197553114,11.959118747711182,13.145284748077392,355357.70064529957,333913.19165288133,12.718639327732578
mvkv6VQ39R4,30,807282.5774324029,1089613.3881247304,13.601430282592771,13.901334419250489,282330.81069232756,948447.9827785667,13.762583279645007
n6_Q2G6bj68,30,16398.03702055301,45981.11455294912,9.704977893829343,10.73600778579712,29583.07753239611,31189.575786751062,10.34787127005188
n9Upt3csn9A,30,129778.03623608702,985642.301243143,11.773588562011717,13.801049804687503,855864.2650070561,557710.168739615,13.231596488606408
nFNnULD3DsY,30,25594.81194014052,35554.05515575247,10.150184020996093,10.478837623596192,9959.243215611947,30574.433547946493,10.327952140273204
nH-q8lL6pmg,30,11639.652958060145,134529.80339922206,9.362258815765381,11.809548473358152,122890.15044116191,73084.7281786411,11.19938838972236
nHONUNywsgI,30,20734.554251025154,27702.168252690313,9.939605102539062,10.22930206298828,6967.614001665159,24218.361251857736,10.094907644003648
nI_mQKzxIxU,30,416491.30311322364,1041228.496217721,12.939623260498047,13.855912780761718,624737.1931044974,728859.8996654723,13.49923818299756
nOKbD30XNgs,30,1119122.2729428986,9549934.3687436,13.928056144714356,16.072044944763185,8430812.095800702,5334528.32084325,15.489711214054307
nRTUvHpvK4w,30,161281.2780206215,2170839.341352372,11.990911388397219,14.590624904632568,2009558.0633317505,1166060.3096864969,13.969142225716489
naKQU5zorRQ,30,304796.2895600584,451730.65605735156,12.627402210235596,13.020843601226806,146934.36649729317,378263.47280870494,12.843348893466409
ndhtyH6c0Tk,30,144997.8162895611,3091917.0282698963,11.884480857849121,14.944302177429199,2946919.2119803354,1618457.4222797286,14.296984662972887
nf7-4ekzr3g,30,1043019.1707878305,1384930.9673046002,13.857631072998048,14.141161575317385,341911.7965167697,1213975.0690462154,14.009411537924763
ngSjEs8anjw,30,547659.4301337149,739710.0044916428,13.213410720825195,13.514014854431153,192050.5743579279,643684.7173126789,13.374965869372417
nkcbxohDcbU,30,204680.6726778625,492732.53418318834,12.229211235046387,13.107723808288574,288051.8615053259,348706.6034305254,12.761989037503518
nnLze6m8EvI,30,221424.12497400228,1253136.7396137253,12.307839775085448,14.041161155700687,1031712.6146397231,737280.4322938639,13.510724960280552
o2ED1ZvAk0Y,30,134771.70947999932,836334.8974425412,11.811345005035397,13.636785602569581,701563.1879625418,485553.3034612703,13.093046411048347
oDNyvggPEJA,30,210046.4445866037,1358287.03665129,12.255088710784909,14.121735668182374,1148240.5920646864,784166.7406189468,13.572378231318572
oI0v4FvOL2Q,30,177236.76607247305,463499.0692313524,12.085247421264649,13.046561813354492,286262.3031588794,320367.9176519127,12.677228478396533
oOok29OcKZ8,30,1255.4407587084586,1837.9643800556787,7.136038208007813,7.516957855224609,582.5236213472201,1546.7025693820688,7.344526897046604
oUPeZfuSy7A,30,285730.1100123056,406997.4264021592,12.56280647277832,12.916564598083497,121267.3163898536,346363.7682072324,12.755247742089084
oaReaahDnKM,30,24487.32255565087,32981.73711595437,10.105951652526855,10.403739585876465,8494.4145603035,28734.52983580262,10.265889609463434
oj-iQ2oG_34,30,12652.572027782433,240567.58801489734,9.445694828033448,12.390760517120361,227915.0159871149,126610.08002133989,11.748875304778366
ooBuwqYljrQ,30,699459.0672651515,1032592.2000330398,13.458063983917233,13.847583866119386,333133.13276788825,866025.6336490957,13.671670941862757
p2x6deM3eas,30,42327.29362355537,72643.52060402656,10.65321102142334,11.19333324432373,30316.22698047119,57485.40711379096,10.959303800817999
p4H3O_ZAzHg,30,18944.003738412794,85226.94564595923,9.849295520782468,11.353084659576417,66282.94190754644,52085.47469218601,10.860660591201688
p4KZ7JasedA,30,155285.21564484906,1082249.0408390525,11.953025245666504,13.894552803039549,926963.8251942035,618767.1282419508,13.335485890604664
p5_Kp6DkHSA,30,67037.39550986732,293328.0772588479,11.11302080154419,12.589050388336181,226290.68174898057,180182.73638435762,12.101732366944345
pAnVyPylLak,30,960164.7841783671,2933587.805054978,13.774861240386963,14.891737079620361,1973423.020876611,1946876.2946166727,14.481737259572565
pBHW8twRHhA,30,94433.89836142887,2269153.45077458,11.455665969848633,14.634917831420898,2174719.5524131507,1181793.6745680044,13.982544751679466
pBlTkvpQbQ8,30,125195.0854511453,1143818.382887639,11.737636470794678,13.949883556365966,1018623.2974364938,634506.7341693921,13.360604755454554
pReDuSO7fCk,30,120983.43812982748,272817.25686634186,11.703417205810545,12.516561126708988,151833.81873651437,196900.34749808468,12.19045810816949
pTpL1yvFNKs,30,2489.044513586807,141580.94505878404,7.820055866241455,11.860633945465088,139091.90054519722,72034.99478618543,11.184921200661938
pU8Jq17Tfys,30,264195.72926622344,4770578.864007485,12.484449291229248,15.377978420257568,4506383.134741262,2517387.2966368543,14.738732531840435
pUZKGk0JYiw,30,7845.45948477644,343157.0827699708,8.967817687988282,12.745946502685547,335311.6232851944,175501.27112737362,12.07540726270104
ppqx6OZbpLI,30,20834.887993746124,38291.56518846002,9.944432163238526,10.553011035919189,17456.6771947139,29563.226591103074,10.29432034830184
pzTwTEhxLmU,30,59567.00649704539,187630.7989076346,10.994873905181882,12.14223680496216,128063.7924105892,123598.90270234,11.72480503680752
q7yV80gCtnw,30,39278.8255017152,511885.34980329854,10.578466320037842,13.14585790634155,472606.52430158335,275582.0876525069,12.526644450681756
qKKzXszFlHA,30,15408.282588744529,47460.360869683,9.642725372314453,10.767671203613281,32052.07828093847,31434.321729213763,10.355687435509935
qYeLwmd0-Bg,30,207076.1148837685,1158416.6272890756,12.240846538543702,13.962565517425537,951340.5124053071,682746.3710864221,13.433880188850944
qZ36leiBFbQ,30,184288.67268731925,257294.81162772325,12.124264106750488,12.457981719970704,73006.138940404,220791.74215752125,12.304979722181425
qcTQe7Y2z5M,30,376167.4401486075,2773103.266064177,12.83779230117798,14.835477924346923,2396935.8259155694,1574635.353106392,14.269534916666807
qdjFgZa9qu4,30,136423.06330936702,1158413.3130344,11.823523426055909,13.962562656402588,1021990.2497250331,647418.1881718836,13.380749258854776
qhGAJRWkgBY,30,468060.6893259258,1424000.817790413,13.056355381011963,14.168981647491455,955940.1284644873,946030.7535581694,13.760031413599828
qiFmJxfZ8lA,30,267681.4291570422,932526.7618777043,12.497556591033936,13.745654201507568,664845.3327206621,600104.0955173732,13.304860078055325
qoJyrkvBhVg,30,446868.58193858765,1148480.2522849694,13.010022068023678,13.95395097732544,701611.6703463818,797674.4171117785,13.589457048214607
qyqcbVonzKc,30,225511.80069572147,363688.5092821706,12.326132202148436,12.804055786132816,138176.70858644915,294600.15498894604,12.593377703535724
r7GkTFtlP-Y,30,594736.7866212896,805669.1873476608,13.29587589263916,13.599429740905762,210932.4007263712,700202.9869844752,13.459126981551723
rH2u0qUyLQI,30,2377980.5556191523,6450851.698275356,14.681762599945069,15.679722881317137,4072871.1426562034,4414416.126947254,15.300386362228148
rQkvbxODvu8,30,1330545.4909827986,1815848.9516465291,14.101100311279296,14.412064208984377,485303.4606637305,1573197.221314664,14.268621188922996
rZbaU6cApdc,30,5541025.416210275,12866562.855589729,15.527690315246582,16.370142555236818,7325537.439379454,9203794.135900002,16.03512647173018
r_lCtaE2hNE,30,274755.89507722226,1482772.073791229,12.523641967773438,14.209424591064453,1208016.1787140067,878763.9844342256,13.686272773949367
rb3f-4Oa1bA,30,46508.11185761315,211228.56314584173,10.74740352630615,12.260700798034671,164720.4512882286,128868.33750172744,11.766554282443021
rrtIpXbGd1s,30,1034273.8598232309,1750494.9372858393,13.849211120605469,14.375409698486326,716221.0774626085,1392384.3985545351,14.146528948333652
ruSIi0DbCyo,30,1079655.1488635466,2841757.110737577,13.892153167724612,14.859933471679687,1762101.9618740305,1960706.1298005618,14.488815746651552
rv2Rl3DQyEg,30,261729.06114709817,1325089.9205998383,12.475068950653077,14.096991634368894,1063360.85945274,793409.4908734682,13.584096009653884
ryUOt3kK2Ow,30,866174.2027321049,1713767.3664249142,13.671842479705811,14.354205226898193,847593.1636928093,1289970.7845785096,14.07013090367889
s2DlkLqVuT4,30,61862.7382987783,624723.8818464587,11.032689476013182,13.345066642761234,562861.1435476803,343293.3100726185,12.746343405095258
s6ICJrspACE,30,113986.60415270533,728125.1528141539,11.643844985961914,13.498229598999023,614138.5486614486,421055.8784834296,12.950523206824947
sUqbOScjZIg,30,678335.7079955428,1709165.4306350776,13.427399063110352,14.351516342163086,1030829.7226395349,1193750.56931531,13.992611485385897
sUqwO91zbdc,30,280533.39540567854,884072.2231705519,12.544451618194579,13.692295169830325,603538.8277648734,582302.8092881152,13.274747599600337
sXagZeRlJAs,30,18371.21663918035,1283524.0453025363,9.818594837188721,14.065120792388916,1265152.828663356,650947.6309708584,13.38618601019845
sir9NCfg5ig,30,158406.86796893104,237335.91307709162,11.972928428649903,12.377235984802246,78929.04510816059,197871.39052301133,12.195377609594203
spLWTxpA238,30,488653.9369937336,3182448.6638821643,13.099411869049073,14.973161792755125,2693794.726888431,1835551.300437949,14.422855975350158
suUvSetF8_U,30,178562.9030756606,362509.94850635494,12.092701816558838,12.800809955596923,183947.04543069433,270536.42579100776,12.508165725520692
tCSN5WT1kdE,30,37352.53711798152,70947.21234570433,10.528182888031006,11.169705486297605,33594.675227722815,54149.87473184292,10.899529406164646
tHED6G1y28M,30,36767.96969081463,50628.241521775475,10.512409553527831,10.83228458404541,13860.271830960846,43698.10560629505,10.685082914199066
tOwX4dZDPT0,30,581327.7267204981,1477788.7550257195,13.273071670532229,14.20605812072754,896461.0283052215,1029558.2408731089,13.844641347138873
t_Ut47p6O-U,30,533393.3998756526,838769.4947862019,13.18701639175415,13.639692401885986,305376.09491054923,686081.4473309272,13.438753085099906
t_yx2BzTPG0,30,103292.67075950357,160778.5942521443,11.545331382751465,11.987789726257324,57485.92349264074,132035.63250582395,11.790834682050752
thLCgHpLTio,30,4476.103204641584,125416.1874777362,8.406731510162354,11.739400959014892,120940.08427309462,64946.14534118889,11.081329069496029
tsgUUTacGV4,30,1063539.7189716827,1548299.5624971946,13.877114200592043,14.252668476104736,484759.8435255119,1305919.6407344388,14.08241882183781
tsr8gv5YskQ,30,91239.09988229304,686428.0811970519,11.421249771118166,13.439258193969726,595188.9813147589,388833.59053967247,12.870909315048483
ttIQsMyF_oE,30,115463.91232759673,692300.5390780078,11.65672197341919,13.447776889801025,576836.6267504111,403882.22570280224,12.908881069871553
tu_TZqUDbhQ,30,18607.337521740457,321932.0748605668,9.831365013122559,12.682098960876464,303324.73733882635,170269.70619115364,12.045144838884527
u-lieLKwJvw,30,43961.484268597,827316.4487064559,10.691091918945313,13.625943756103515,783354.9644378589,435638.9664875264,12.98457141626263
u46nGG3-f3M,30,115166.59737637341,617984.0536323397,11.654143714904786,13.334219551086425,502817.4562559663,366575.32550435653,12.811962033754604
u6Pq4i8pRP4,30,403207.0135764559,1235007.0651042531,12.907207870483399,14.02658805847168,831800.0515277972,819107.0393403545,13.615971270301523
uIVPYZ4m3tk,30,26426.20668908309,2300559.0225892877,10.18214931488037,14.648663139343265,2274132.8159002047,1163492.6146391854,13.966937773646842
uJGv8wAGhk0,30,1310137.838229924,3306406.007627691,14.085643672943114,15.01137266159058,1996268.1693977672,2308271.9229288073,14.652010150454753
uNEdzRVkIRk,30,59059.3543451985,3025369.429250043,10.986315155029297,14.922544097900388,2966310.074904844,1542214.3917976208,14.248730506747236
uY5uIXI08SA,30,337041.4972143749,2230608.778126972,12.72796430587769,14.617785549163814,1893567.280912597,1283825.1376706734,14.065355347265175
ucPQatPwNhw,30,667126.821047441,3244090.5180555517,13.41073694229126,14.992345905303953,2576963.6970081106,1955608.6695514964,14.486212554219042
upRhXCTp66c,30,2830253.7010203404,4042489.348202074,14.855877265930175,15.21237148284912,1212235.6471817335,3436371.524611207,15.049926974315172
upX7XTX_HS8,30,268600.7424488084,468638.30199703394,12.500985050201418,13.057588672637939,200037.55954822554,368619.52222292114,12.817522998801808
uu5oHyimI1w,30,30356.64158702836,693281.0143368662,10.320803546905514,13.449192142486574,662924.3727498378,361818.8279619473,12.798901654095474
uwXseJ_MkA0,30,921030.5481996442,2514987.42470571,13.73324956893921,14.737778759002685,1593956.8765060655,1718008.986452677,14.356677194345693
uy4RlXwj1zY,30,637151.0743834625,15398540.039410023,13.364763641357424,16.54978332519531,14761388.965026561,8017845.556896742,15.897180434672551
uynEJzqVySo,30,827857.7159933716,1981719.6715678305,13.626597785949707,14.499476051330566,1153861.955574459,1404788.693780601,14.155398165404273
v7T7Kqa4AEI,30,781085.9642235154,1701427.5161141993,13.568441772460938,14.346978759765623,920341.551890684,1241256.7401688574,14.031635730107663
v8YVqMjWo_8,30,3244.156579325411,8388.89646173349,8.084918880462647,9.034783458709716,5144.739882408079,5816.52652052945,8.668630453916283
vCylBRSL3no,30,205612.2292931101,827858.2686488704,12.233752155303955,13.626598453521726,622246.0393557603,516735.24897099024,13.155287866587122
vF60Ef4eOAM,30,402298.0514886499,659167.3133487905,12.904951000213623,13.398734188079832,256869.2618601406,530732.6824187202,13.18201563470988
vQOPcS7JTug,30,293494.7939531361,1285921.777049571,12.589618587493893,14.066987133026124,992426.983096435,789708.2855013536,13.57942016368089
vW8XcgXd6xo,30,598.4505004121853,7323.914351996564,6.396013402938843,8.899036741256714,6725.463851584378,3961.1824262043747,8.284550270167303
vWQ1b08-UpI,30,2384.0776976867382,63926.269907212445,7.776986980438233,11.065501308441162,61542.1922095257,33155.17380244959,10.408984216658396
vZQ11x62kB8,30,156551.35699010603,345027.5500263156,11.9611457824707,12.751382446289064,188476.1930362096,250789.45350821083,12.432373022854605
vjLZwEwJmk8,30,328992.7087306822,2001720.747394668,12.703793907165531,14.50951824188232,1672728.0386639857,1165356.728062675,13.968538660562574
vne8D3ubrW0,30,463735.747286688,1738533.8165205298,13.047072315216065,14.368553256988525,1274798.0692338417,1101134.781903609,13.911852734080457
vtjj__zzNWE,30,73114.39292373744,139806.94529867108,11.19979419708252,11.848024940490722,66692.55237493364,106460.66911120426,11.57554028489808
vvD9meKisvE,30,177632.64644986077,778883.1961233356,12.087478542327881,13.565617656707762,601250.5496734749,478257.9212865982,13.07790754115172
vzU5ZY4zy9s,30,10137.610299593694,113007.16794797168,9.224106216430663,11.63521537780762,102869.55764837799,61572.38912378269,11.027985061441212
w4GgUffKvDA,30,45962.056055953326,111134.77794101361,10.735593223571774,11.618507957458498,65172.72188506029,78548.41699848347,11.271483221612728
w5EAqoFaVLU,30,457503.7461257285,1504542.4768071186,13.033542537689211,14.224000072479248,1047038.7306813902,981023.1114664236,13.796352316702563
w7vNjL2SyXE,30,20262.41810230226,55962.67056347824,9.91657247543335,10.93245801925659,35700.25246117598,38112.54433289025,10.548324992243245
wBndzCmUxTU,30,125897.9070667865,2668355.5694871093,11.743234539031983,14.796973323822021,2542457.6624203227,1397126.738276948,14.149929071622969
wBrr4tqTkKc,30,197202.54756370932,4423692.600772112,12.191991710662842,15.30248556137085,4226490.053208402,2310447.5741679105,14.652952251597412
wDVVDjOO65U,30,43288.41279324802,409865.7630116275,10.675663375854493,12.923587417602539,366577.35021837946,226577.08790243775,12.330844923440674
wQikox8Thvo,30,178452.92844727452,1463154.6310932392,12.09208574295044,14.19610605239868,1284701.7026459647,820803.7797702568,13.61804057668853
wUgyanEO4Hg,30,903097.3235270442,1376441.3512544432,13.713586711883545,14.13501272201538,473344.027727399,1139769.3373907437,13.94633734164603
wVSe9M60gVw,30,771811.5600375739,1560149.1513000135,13.556497001647946,14.260292625427248,788337.5912624396,1165980.3556687937,13.969073655772275
wkHQED5e3Do,30,287994.2078494088,806155.6670567044,12.570699119567871,13.600033378601072,518161.4592072956,547074.9374530566,13.21234289709429
wwK7ZD4sZB4,30,6180.122103187448,512252.34320499585,8.729255104064938,13.146574592590333,506072.2211018084,259216.23265409164,12.465421725255275
x2AtcXXnVz4,30,227840.64691397594,1137393.5008677298,12.336406135559082,13.944250679016113,909552.8539537538,682617.0738908529,13.433690793116005
x9J1darZ3xE,30,465836.99773174076,1568219.3564659308,13.051593208312989,14.265452003479004,1102382.35873419,1017028.1770988358,13.832396363998551
xIH-woaXkTU,30,797334.3600721533,2029039.8843718711,13.589030647277832,14.523073768615722,1231705.524299718,1413187.1222220121,14.161358789550693
xIfzQLIjNGU,30,1353590.1535710006,4370233.240196994,14.118271732330323,15.290327167510986,3016643.0866259933,2861911.696883997,14.867000734399866
xP1p-7Pkd3M,30,74.82161045544564,1700348.012640253,4.328383350372315,14.346344089508055,1700273.1910297975,850211.4171253542,13.653241499746487
xQvo2WhavF4,30,155649.43126861381,392335.9171471409,11.955367946624758,12.879876232147216,236686.48587852708,273992.67420787737,12.520860298271138
xTGQ-Ru0P5U,30,67520.18800244459,163647.57464744893,11.120196723937987,12.005476570129398,96127.38664500434,115583.88132494676,11.657760442281116
xTPdZBTcqAA,30,289801.29591872776,401815.9773246091,12.576954231262208,12.903751983642579,112014.68140588136,345808.63662166847,12.753643719459193
xWasCpXm8go,30,611278.0531361254,7072547.728685198,13.323308849334719,15.771731472015382,6461269.675549073,3841912.890910662,15.161481209490672
xXE1B-jD6Xw,30,12479.739446843769,17990.217272470563,9.431941890716553,9.797638988494871,5510.477825626795,15234.978359657165,9.63141490725469
xdOatBq91MQ,30,581132.6112786344,2103496.865675732,13.272735977172852,14.559112167358398,1522364.2543970975,1342314.7384771833,14.109906843414205
xzRYER5Mqlo,30,10160.754706716083,13524.184311359615,9.22638641357422,9.512308731079102,3363.429604643532,11842.469509037848,9.37953189837018
y-zuwhhDWK8,30,7985.172292634583,185774.06430881532,8.985466861724852,12.132291889190677,177788.89201618073,96879.61830072495,11.481234760336305
y82SIHgDkvY,30,558210.0253669448,1738830.6231378822,13.23249235153198,14.368723964691164,1180620.5977709373,1148520.3242524136,13.953985867984997
y97BfLr97Zo,30,88819.46533033528,279612.8911683625,11.394372367858887,12.541164970397949,190793.42583802724,184216.1782493489,12.123870657137699
y9YICsByOqg,30,58949.51149947034,361525.12981308054,10.984453582763672,12.798089599609375,302575.6183136102,210237.32065627543,12.255997026500454
yAPeBYS0pM8,30,280170.8477411563,612061.0045595057,12.543158435821534,13.324588871002197,331890.15681834944,446115.92615033104,13.00833636289898
yAsmjdMseoM,30,67288.28859094749,179218.05662971133,11.116756343841553,12.0963641166687,111929.76803876384,123253.1726103294,11.722003946182417
yBcTts-PMB4,30,293823.4397653306,1260097.0534904893,12.5907377243042,14.04670009613037,966273.6137251586,776960.24662791,13.563145752466198
yCwHKTELCVs,30,627044.1715324323,3061730.773504385,13.348773860931395,14.934491252899173,2434686.6019719522,1844387.4725184087,14.427658329305137
yEEqEU8zDhc,30,166290.83042058794,829129.5623438166,12.021499538421631,13.628132915496826,662838.7319232287,497710.19638220227,13.11777526084075
yF08jqaPu-A,30,5603.596343375036,11236.210667503929,8.631342315673828,9.326985931396484,5632.614324128893,8419.903505439483,9.038472406163661
yVv_udR7AwA,30,166844.27079728752,1261968.9245265299,12.024822139739987,14.048184490203859,1095124.6537292423,714406.5976619087,13.479208943512942
yYbo2wY5wik,30,2337894.9700340694,3498192.4114316874,14.664761924743654,15.067757225036623,1160297.441397618,2918043.6907328786,14.886424323483185
ytVKdQR3bIk,30,178871.90918451088,3722409.328485161,12.094430828094483,15.129881954193113,3543537.4193006502,1950640.618834836,14.483668911719603
yuYrmcJT7Jk,30,113066.4909881025,268930.4157683443,11.635740184783936,12.502211666107177,155863.9247802418,190998.4533782234,12.160025845130553
z0mGZ6sip_A,30,104302.50978549042,531708.860621629,11.555060291290284,13.183853244781494,427406.35083613865,318005.68520355975,12.669827684194045
zD76Qrf83mc,30,203625.99496932485,285797.2278200158,12.224045143127439,12.563041343688965,82171.23285069095,244711.61139467033,12.407839786290989
zF7HEeyQ10A,30,65900.8254922156,876919.6356603092,11.095921421051026,13.684171772003173,811018.8101680937,471410.2305762624,13.063486093078751
zK_xqBGQ0dY,30,40188.23704785142,118543.48563195246,10.60135450363159,11.683043575286868,78355.24858410103,79365.86133990194,11.281836196637544
zqh2qxKrCLo,30,5951.6520452400655,12354.257356985217,8.691592121124268,9.421836948394775,6402.605311745152,9152.954701112641,9.121941272666565
zsVbokT-43k,30,838273.9346063272,1248885.8769526498,13.63910140991211,14.037763214111328,410611.9423463226,1043579.9057794885,13.858168535583928
zzNaimKzn0I,30,14600.408724418396,816303.4987804084,9.588873291015625,13.612542724609375,801703.09005599,415451.9537524134,12.937124658834163
