video_id,y_true_log,stack::linear,stack::ridgecv,stack::lassocv,stack::elasticnetcv,stack::huber,stack::random_forest,stack::hist_gbdt
-1X5QO57SyQ,15.27741527557373,13.712735719865103,13.71460729856596,13.683658068398154,13.689240063472527,13.688622846617017,13.39560500272115,12.78432399498302
-1fDIXoCf7E,6.222576141357422,5.512978496018678,5.521269777402751,5.6188069179201285,5.590725316363073,5.62948313127907,6.266894414107004,5.871534599177818
-4NGVSZlZAw,10.414632797241213,11.91062876003645,11.914932434788495,11.907932609205263,11.910257271176866,11.928165891160953,12.270087127049763,11.930843236465243
-CFdhHpP4RQ,9.827794075012209,7.464920762126898,7.488186328874282,7.5233414549352915,7.527873432641293,7.46315919176206,6.772621994177501,6.845541658226762
-D5lhCemLHM,13.644437789916992,13.251366990374855,13.261193834001311,13.221919246177814,13.229375829777235,13.18305325467936,13.409321378072102,12.904402569316181
-IKtoAyJ1kk,13.251385688781738,13.679052789249068,13.65572587377998,13.65503369253768,13.645368256428997,13.779979217251585,13.87177602005005,14.416579018894032
-Vl4yB00heQ,15.57473373413086,15.867385775628563,15.861744286676847,15.814537525489738,15.81968381709867,15.817771113892476,16.300872416178386,15.979496256394839
-XVZMuKdy9I,15.401473999023438,16.238049284848085,16.23149722852465,16.177895892962134,16.18850393331977,16.208197758737892,15.48589934094747,15.182110833982117
-ZVAdAydyU0,13.290359497070312,13.84847074073508,13.84673454636711,13.815595495489005,13.831201183286646,13.853411971573957,13.751850997289024,14.190218192718755
-Zp35LYUlZ0,13.437101364135742,14.511862908747512,14.505395050676208,14.479978147992833,14.48107028340776,14.520562133855378,14.172308743794758,13.964804878249199
-h9696jBkeY,11.865426063537598,13.137098853808022,13.133228629183328,13.132031446632093,13.130465475812988,13.165428936603275,13.170313529968261,13.494953171889305
-mKoitBpWRY,15.833330154418944,13.670050443782245,13.668597331749226,13.655833756535168,13.65969798837556,13.672495620593287,13.395016272226968,13.486449135556647
-mNmBKB112Y,14.82058334350586,14.316853857022787,14.312494760347809,14.295600244643326,14.294902924135329,14.333657389372377,14.083537464141846,14.430626335118417
-mgXtD-FKkg,13.655190467834473,15.374607971527347,15.367124541000052,15.334535739672653,15.332975965139186,15.358253177774913,14.724923018773396,15.501672209648923
-starXzzHFE,13.792086601257324,9.33242081077708,9.352553300155458,9.363306095155467,9.372650148020629,9.290661036449846,9.798511082013448,9.562352762533708
-u4GDA5dLvE,13.337610244750977,13.771841192363212,13.759416945561961,13.775365415224215,13.765139675356496,13.840183162337482,13.755654397646586,13.250545621790694
01eVZCe4Y10,14.212480545043944,13.221223538842908,13.207900887522774,13.211898086874983,13.205028425129868,13.28038140456752,12.988803257465364,11.950400947649674
07pL6m8M_hQ,12.475313186645508,13.203877390423784,13.192896035577661,13.206553181314105,13.200327859161954,13.298842160785895,12.705434096813201,13.033131759197708
0DP_nxqhlww,8.20412540435791,7.295650700351388,7.333228424783299,7.34540218684515,7.359969809201157,7.170511810650282,6.897307529131571,6.239598043008381
0GyGJnQPFb0,13.63841152191162,12.415626237887723,12.409250129057874,12.45430747643057,12.43764349906821,12.463022894808185,12.615059487024942,12.322055362360606
0IW63x8Oys4,14.501852989196776,14.828865516698807,14.827261876993582,14.808218930319319,14.812013345810444,14.811950888562029,14.821324158350627,14.732827391684587
0LtgYK8qW5E,14.895564079284668,13.367373751160846,13.357159754126677,13.371731295851902,13.358291196330375,13.369642972085602,12.299153432051341,12.419786608902678
0MEnTzeEXW8,10.693035125732422,12.509903284386466,12.506245208715923,12.538577227136733,12.53430898161396,12.609932345405838,12.380000201861066,12.142838383415613
0XEszzPe35E,7.217443466186523,8.485056166723773,8.505270745410106,8.522435209103039,8.526974136367896,8.499751452415003,8.475098260879518,8.956519566057134
0bYg79rQOY0,17.307151794433594,14.67350853023092,14.663238163601655,14.625227093117763,14.630119671696553,14.723778080837874,14.014853743871052,14.43527484544777
1-lnz0NfzIo,7.34342622756958,5.582534773060872,5.595327789640478,5.684658999108824,5.67527091623974,5.693224492956678,5.56883259789149,5.203273600247543
10nzkQwvY10,12.966717720031738,14.422947180207137,14.415971328885893,14.394905162874778,14.393892842385617,14.441288207442717,14.345045156478882,13.871990678027606
165HHgYAqvg,13.064562797546388,13.706331274643011,13.707592402168986,13.688023740943393,13.692245422956454,13.695904028537347,14.01536552349726,14.433267427633263
1Binz_hxbvY,12.733017921447754,13.42448436438834,13.419710223621808,13.417190789819285,13.41545298302708,13.434925828774178,13.479276905695597,13.73109831459952
1HhKzX_dof4,14.676809310913086,11.588061219812987,11.607399942712377,11.56990513296598,11.588423004838361,11.50058120072533,11.39187779903412,11.41166508390628
1WRQ01U0gBY,15.15725803375244,14.716755355511253,14.713687060597655,14.694511495346033,14.69808950979161,14.664884268848908,14.644193320592244,14.447312829691981
1Y5BKvsiMfo,12.352049827575684,14.265065614536583,14.261161083239301,14.23184250684176,14.236083725648347,14.275226136007404,14.647773731867472,14.89222198365821
1ngGTOe1Zvg,11.392056465148926,14.722855322672679,14.715881210826652,14.705643419687293,14.701028892573625,14.73358665588195,15.186098889668784,14.364551982387182
1wbRB8GIepw,16.413780212402344,15.968246778486241,15.960569096980697,15.897209248695765,15.903755777648852,15.976996077821454,15.148204177856444,15.866607297107057
2Bka_mZ9SnY,12.746001243591309,13.122919113036554,13.121023067619879,13.111092970189654,13.112675418101523,13.150888027032456,13.140316512266795,12.99167562906735
2CUx9pjQ1Ok,7.124478340148926,5.874910649437463,5.900407990081526,5.94525549812291,5.960109406134387,5.8079846715559,6.0461406850814825,6.656065061000851
2D62lF4CnJw,11.258459091186523,13.1611485245828,13.1608993496718,13.159411058095776,13.160275986628038,13.154500103996618,12.544213668187458,12.881135999819334
2Dam4BGWYO8,11.719549179077148,14.185187432964923,14.18291670384651,14.176186041236713,14.175764903777226,14.165003073955113,14.27694488588969,13.466736448529636
2Em6tkDE3ko,13.341889381408691,13.378200835641158,13.375397866027868,13.355751669843047,13.356901079523098,13.391949588944414,13.82283561770121,14.037679000391277
2GzwVS1ICgg,5.087596416473389,4.832795703939059,4.892960564469948,4.8768837071584965,4.906372362188002,4.677266306370808,6.083285740534464,5.579208684139414
2JwCH4Vn5qo,12.59819221496582,13.46109403631057,13.454689413750806,13.464165061505716,13.452213350279157,13.49894350155248,12.329206146558127,12.243451746362297
2QXjlY1ofso,7.9497971534729,11.249288747377783,11.255439894830928,11.246629857939231,11.24999029509548,11.25768709359936,11.885058010101318,11.367536120321938
2W4ObcDQxcw,7.286191940307617,6.7545383357690865,6.796567629396621,6.799528077975107,6.815103480370101,6.6293326001998985,6.5082956255277,6.115778899220657
2XdaSUR-igE,15.531070709228516,15.611965749101186,15.6006782474086,15.567283787371565,15.570741111926298,15.635020829588095,15.4119059937795,14.792179618846154
2ePTunTuahg,6.845880031585693,6.617160944550164,6.665652908234222,6.655999295958149,6.678997424592644,6.493328557741958,6.151965455373127,6.241951290431774
2k0fQbHsZjw,13.73064422607422,14.358366280391493,14.348240804257623,14.332631989248775,14.330987590891695,14.388690919362489,14.270408474604288,14.17246638255179
2lDs2-6zsVU,11.232099533081056,9.06370377074584,9.095072744683945,9.079471335968064,9.093197680141193,8.946980766431905,10.615458748181661,10.769946734337095
2syIlzwpsTc,12.156745910644531,9.363458042984197,9.376859659767723,9.38051877678671,9.385940194917465,9.367166526946852,7.958898717880248,7.444999257082756
3-BX9XwOw3A,12.682549476623535,14.27602153947615,14.271748008345346,14.249011159390404,14.251034342524688,14.315179550948073,14.363609115600587,14.53304306642466
33Yffii9zUw,10.758200645446776,12.578311707171475,12.5754725527929,12.559755425744603,12.563383075132753,12.619738579156845,13.19518381468455,13.77308212337187
35_5VoOWeZE,15.674424171447754,14.074654924074897,14.069232406748725,14.045720896174961,14.047301470499589,14.106070948618616,14.589345587412517,15.31260375722343
3CipDWJAQNw,13.537778854370115,13.025993509137132,13.024270046267619,13.02666128144771,13.025323635478268,13.075899697044981,12.98696372795105,13.797538519253479
3DX98bceKjY,6.499786853790283,8.537669691501664,8.506922421749342,8.619440021810934,8.596227962746605,8.974066792680535,8.461602824052175,8.355734604966264
3Eejzeu8uHw,14.835960388183594,12.536467800827063,12.53503699631464,12.533661379697834,12.532178523102983,12.554989579156592,11.806252971172333,12.315728396357152
3M9FugPpR4s,16.05011749267578,14.511505048123547,14.498456014472739,14.493457361266877,14.487366317652734,14.564248921657095,14.999002384185792,15.47879452062117
3acM1UYbBhA,13.433838844299316,13.769323732174291,13.755190464990969,13.76392082966868,13.759056121098027,13.85650301051976,14.459559567610421,14.357448842892602
3dNNdac-wQk,14.587696075439451,13.89045920406199,13.884214349561717,13.88316056196107,13.878897903159482,13.9333374242868,13.991988830566406,14.067874371072753
3fj8UhXZ57o,7.2262091636657715,9.130989739987209,9.138306836875733,9.156372790670577,9.152851078929661,9.136373051158323,8.462070100784302,8.288022190012597
3qRycjpWpRs,12.242414474487305,13.753379612223654,13.750665281265313,13.73833768168795,13.739828630572715,13.764719750788045,13.84934701093038,13.412605941649929
3zz8kHPimuU,4.624972820281982,4.718784922544085,4.770589538424597,4.807482996531751,4.842915147930403,4.658942704994916,4.551751853624979,4.98591372804113
47yh4JhcAdo,16.144306182861328,12.843388448092876,12.849215611628793,12.8152614984958,12.822658926932542,12.843821845779766,12.89962175432841,12.926245542916567
4H-ai43L_4w,13.062201499938965,12.796850234187351,12.797882481248593,12.785940947720155,12.789052955932682,12.794355271503987,13.152239496231081,13.361198523061033
4_OMi1ojpvQ,10.20562744140625,11.843628554133204,11.8259941289274,11.868379027233864,11.858566813161344,12.021172333026561,13.2198588886261,13.204846801384605
4dk0JVAVS7k,9.860840797424316,12.748267463768906,12.748639074457751,12.74383214116156,12.747045677383525,12.766553244591316,13.335030007044475,13.95979837268012
4gUnr7qmnhg,6.821107387542725,9.029325748722417,9.034645651772918,9.09170737156236,9.087489842696995,9.059269406082889,7.421007400194803,7.491434374438152
4sbbwahWUvI,6.94793701171875,7.167115899766802,7.211794515198979,7.198888544789329,7.222315007644473,7.053842943840916,7.298357621033986,7.11634982337922
4ugtOCfEyh8,12.477685928344728,10.532768415058124,10.528645264451292,10.560151511858425,10.552912907554855,10.649787986230692,9.911003368695576,10.195979184333664
4yESQrD1mFU,11.106534957885742,11.782328500986438,11.780099719813718,11.800986359357331,11.789107347922313,11.812053118259707,11.069615715344746,11.318102171893903
5JOB1i7Z-e0,9.830809593200684,10.036600909772202,10.040764803918753,10.07597066767616,10.072556669828307,10.12346314153808,9.594324021975199,9.182841965343961
5V9bqhUXrzQ,14.435787200927734,13.126029065761678,13.10470921135362,13.125949594751356,13.104793053296651,13.286850388228943,13.102230977058412,12.977228393623216
5bfI-xbES4M,14.206005096435549,14.906613855977838,14.903105216575758,14.871922884489784,14.878375854371848,14.900079525944813,14.004134461085002,14.082179128705377
5dH6AdgdbK8,12.839432716369627,14.719942447562099,14.713304369173756,14.693613075004622,14.692840013369176,14.727336569997961,14.76463081932068,15.009324796586428
5dSIKYEUqmk,15.432628631591797,13.575452955464243,13.568374034685673,13.569358360667318,13.564872769542198,13.619913483186702,12.579495815753937,12.452099546195862
5ddj3H0K0AU,13.150190353393556,14.237333303914772,14.22634113196971,14.227988193093736,14.22125324698255,14.309946886231335,14.705221879323323,15.406002988618106
5jqpTuN4sWo,10.122703552246094,10.414112471184302,10.420378335582603,10.445318966336915,10.443285618592244,10.461501415616725,9.756244203885396,9.400453159540877
5lfeKFoXEuc,15.081172943115234,12.802690555464883,12.795972278178612,12.802770176322383,12.79526221410223,12.86444935386133,13.640328855355582,13.239646725539417
5og28f8t_gg,4.736198425292969,6.215005057106073,6.233013317139527,6.289677145473547,6.287900509448032,6.285833775538282,5.162822336673737,5.68397623420086
5x-OsujjPCg,9.870241165161133,9.921157790647428,9.945054288420106,9.937787111277908,9.94689264700837,9.848448486763061,10.686540765762329,10.7171994819645
5xO7TyMfasU,14.000868797302246,12.887342799053984,12.889455661656624,12.851684137396456,12.860799236028148,12.89424262820031,14.12892933591207,13.820529730967154
63-e-oIv2uc,14.176323890686035,15.435047647229494,15.425757583572603,15.357675856060004,15.373159377691275,15.429323561427596,15.191293256759645,15.077701974048457
6DVXvnanjiI,12.857321739196776,12.811196702112492,12.81087142103956,12.810286683400028,12.810860049576965,12.848884678384055,12.880794383366903,12.078356459549582
6HgBFyIm82E,14.35429573059082,15.908172438038285,15.905229502150876,15.84690660776812,15.861872960182483,15.86384685712485,16.002217869440717,16.489633353250813
6Quz1p_h2GI,12.84728717803955,14.325858320388221,14.32938840940897,14.275833515352799,14.288659843377436,14.2824591753101,14.302024374008178,14.481842354888622
6SQaFF5cSXU,14.68467617034912,13.74004534731109,13.712864328449122,13.760942324276632,13.728363497908175,13.912325529724782,14.69167516899109,14.162173839664803
6UM9h2bOp8A,13.734417915344238,15.08419209955479,15.082876618598762,15.037451763964023,15.049520346980179,15.07155362730537,14.185367326100668,15.006962929059746
6WQNqdljEsM,14.311249732971191,14.651708856112647,14.649708339441654,14.61673475725898,14.623093990329314,14.630920433930205,13.374158374150594,13.424534266688442
6XyTZj66PL8,14.176374435424805,14.437211714398073,14.434467763067515,14.409401932030567,14.415274167924572,14.41732599653219,14.315566960652669,14.078855869399026
6YamJS9jL4Y,7.323830604553223,6.836064951072685,6.865325441608079,6.893553463023906,6.919155657527537,6.803715814398365,5.945526268005371,6.228308880891716
6amKvChQ1II,7.3987860679626465,7.100078908700127,7.109023578588491,7.196467512733913,7.192163967585516,7.377843004587631,8.219895115852356,6.677536733181053
6dA2wXCOGgk,15.805791854858398,13.11259630949642,13.090115186126845,13.129842626267191,13.103896101667566,13.267763456257851,13.620053261439004,14.00994937279257
6hHw2mrn5Uc,14.286949157714844,13.209337808276025,13.21143666161342,13.188697924171406,13.195209480640145,13.200753734515763,14.3528501663208,14.510035673084843
6pB3LKIxFrM,6.148468494415283,10.472399478717357,10.480326024279869,10.510967413012198,10.512710580540165,10.465119072666765,9.71539454873403,9.26031872860698
6qSxXIHEw7I,14.679224967956545,15.779339849649674,15.7758499844487,15.714709379147203,15.727908845425466,15.736498929042847,15.512230578740438,15.650945156676748
6v6Tk8JsluY,13.400808334350586,13.491206080690874,13.487236516832587,13.48299579260114,13.481929020045845,13.517291214441874,13.484371327559153,14.10990353934355
6z7ooZ0XuO4,11.973673820495604,8.973426439642864,9.002763223904937,8.993312422673828,9.002366402950218,8.88504796239579,11.376217702547708,10.607357846162815
6zJLP7T0LaQ,12.497943878173828,13.33142985933806,13.335775005864988,13.302549308407663,13.317245470122208,13.311707396729252,13.260046672185263,12.604225923346265
70Cp6VE4TdE,7.215974807739258,7.136818318187127,7.1724049377047665,7.160943515022882,7.178412341773149,7.023421458505517,6.9294336047172544,7.600188276514181
73rT3h_Iyso,12.701570510864258,13.86867762172511,13.856106143291678,13.867579948224494,13.86156732303102,13.95012560866065,13.370762258529664,13.649583683153935
75RJwrYtHfI,14.673334121704102,14.741155782051214,14.734349477140144,14.714270543728807,14.712159776249052,14.746229733441703,15.13748566754659,15.244748420711277
7N0Q5pOfCGk,14.822046279907228,13.340464957629228,13.332337155591366,13.324622129990743,13.320161231569733,13.391018413773468,13.466270304679872,14.284767812870163
7pbFXBuiLYE,11.219467163085938,10.754847887399093,10.750847685629095,10.781843901119407,10.77438818688271,10.82696392238671,9.594768084208171,10.168148120482892
7rIDMn9bHLg,15.15241813659668,15.415375750541877,15.410002959885652,15.383678567056664,15.38906051652603,15.37351132696945,14.386246684392292,15.053524141872222
7zBlAFlimlE,11.807138442993164,13.08444999669508,13.072287577251815,13.102564800329047,13.08587788588521,13.19462885309556,12.875852813561758,12.888994329484797
86567LeqnDI,11.386693000793455,13.223639612385712,13.218277738352635,13.232135789424447,13.220692431442558,13.271360869777729,13.010154229164122,12.512420789139279
87-QNfn9lOY,13.532572746276855,13.707961563577944,13.698603054497276,13.70028012420842,13.694887970810202,13.762371166162152,14.404462189356485,14.464232550391792
89po1af12e8,15.191534996032717,14.834158113626906,14.822448082515047,14.803865848899163,14.80022675806921,14.898513696900615,15.03551107788086,15.011616559737275
8BQfTZpgT28,13.079827308654783,13.10328701508486,13.104273922052316,13.099889012363974,13.101572453533642,13.121972418867871,12.976605379422503,13.393613558456423
8Bz5HuDITCU,7.46508264541626,7.026525199340067,7.050878351583929,7.082276690096882,7.086171774168899,7.014738781252134,6.383490408420563,5.882029822746252
8CwRBW7VJxM,12.782812118530272,14.297681399741089,14.273839825823435,14.296641800323398,14.284316204918762,14.474714514045559,14.75320591545105,14.967347680463542
8EXEL3SptS0,6.447305679321289,6.324014043810759,6.349091966136722,6.399199314405358,6.401213768547784,6.307930659258073,4.737349823474884,5.0899823222607505
8FwGqJtHupQ,13.538877487182615,13.484022302912415,13.481492544510354,13.481835304587975,13.480381054961143,13.510962363309579,12.23470288515091,12.309439715283174
8HFm--orgrk,12.16316032409668,13.474291942957718,13.454613700032368,13.489442686185413,13.438531159422448,13.548850116891764,14.156088891983032,13.716429488149977
8OASiDu7w6M,12.82777976989746,12.352473770016765,12.34329489389247,12.365999417299834,12.346054973926007,12.377632077446046,13.134752943674721,12.987359211552379
8UHMAIfJiRU,15.859703063964844,14.654727114329807,14.639325704026255,14.60835383428438,14.605863046989901,14.693404754013633,14.190206715901693,14.785861981006013
8YyDjG7QQcs,13.6364164352417,12.853211587187127,12.845847869434357,12.810619110662614,12.812982699129208,12.93230964331223,13.973781784534454,13.373193286287547
8aaeHkWxX5Y,7.342131614685059,8.069986311954555,8.100177494442566,8.120049915135889,8.164597101641508,8.053785357467577,9.212186864852905,9.823050278126923
8pTvOf_Y4K4,9.951562881469728,12.73425942521373,12.732884501338342,12.736087836482172,12.735037360321824,12.768939607429395,13.692477774937949,14.145428159320844
8qTQu6jvesY,14.069183349609377,13.498001644599695,13.49064192008233,13.47420129907493,13.47569021116359,13.555212752051402,13.367393681049348,13.756351454573668
8sCIYuz9BHk,13.940149307250977,13.736147612664533,13.729086031932093,13.717864761651159,13.715403980771228,13.772361106848074,13.977603724161783,14.411519828196594
8xA-1thsmJw,14.65833568572998,12.657377249536728,12.658795181846381,12.658239487917164,12.661408272158738,12.654044043926413,12.748938029607137,12.31528637951348
9BXiM8D0CC8,12.27987575531006,13.580104501987199,13.569669857230037,13.588697772372504,13.581589951114216,13.654710849792664,13.969118061383563,13.822038202643986
9E2S7PAvrTY,12.687118530273438,13.414303754901283,13.40801890224057,13.40661287946709,13.399343699799296,13.45608085111663,11.930362374941508,12.408359135740872
9F0OzS8pFO8,10.985919952392578,11.488324300380818,11.49195629799001,11.481745453967283,11.492104818018035,11.497131601832407,12.162854270617167,13.007076358080793
9S-dTbIk7nA,11.361695289611816,11.804857964308525,11.805716622716544,11.820460791809403,11.81548474020594,11.831589796099356,11.095949467341105,11.844492359935598
9bmqleDqtXE,15.88295078277588,13.24634995580756,13.246624376534777,13.256171743270777,13.25486330051901,13.263854198376153,12.402164031982423,12.677952257633782
9fpgTZPOlRI,9.189116477966309,6.394748010149658,6.442445614415578,6.444320797164173,6.4581228898195535,6.26209426250724,6.389127619425456,5.51055443760717
9oTkUcSuTh0,13.575634002685549,13.425919696751174,13.415327109406485,13.413361828572517,13.406221423504855,13.497897166016783,13.62702937221527,13.103611724794424
9tQRxBkojMA,8.088869094848633,8.770493268871903,8.793039152392325,8.803646272136818,8.829558194710986,8.75788890129308,8.241769883155824,8.039643362908029
A1JdI80yBE0,12.500554084777832,8.353513177523801,8.394137041226516,8.361765397840356,8.40834925319835,8.221521872717636,9.935387592633566,8.938097179875484
A2LB-26Mo9I,14.937278747558594,14.0459867755699,14.043584558102859,14.001224068487964,14.016443833118837,14.0493816827546,14.272057547251384,13.50541364250139
A82AAGEG4-A,4.077537536621094,6.784177825446302,6.82354915734157,6.83445757039446,6.850018813323803,6.641843896655755,7.170144307772318,6.651236825656265
AMT7MKra3vs,13.662060737609863,12.119976393603991,12.130987304803973,12.137752632055735,12.142573663975886,12.081038628323801,11.908487243970235,12.323657044851151
A_oNaKx-Ag0,9.221972465515137,10.247951751548545,10.267799817442024,10.259180125928099,10.267881100156576,10.184448134223171,9.725180537541707,10.113765081489047
AsSFN-Xmes4,14.511390686035156,13.10374855872145,13.093886263701146,13.112551838780524,13.106932955422556,13.18524909352441,12.735715241432189,13.172990187402368
AssQjXissX4,5.783825397491455,5.861231440106195,5.880729213587145,5.955123213043501,5.9543259224731635,5.901824021404658,6.024457140445709,4.91419740998828
B7nKZ5Hjy6U,14.017797470092772,15.10157879138054,15.094902892551447,15.074758044103518,15.072027330411203,15.153117871334748,15.114926644007364,14.848760936559765
BExCUxGJ6t4,7.117205619812012,8.987142563111682,9.010748149506211,9.03240968772567,9.040866856108423,8.961600785871369,8.977225906689961,9.406907672406199
BIVQ8A-BF_I,13.408894538879396,15.050151999114874,15.035801886853621,15.037443754028764,15.032761556314925,15.123923323680879,14.785626130421955,14.688813773794879
BSuTqP0efOw,11.430119514465332,13.334974191694341,13.339020759212616,13.30472975257164,13.30636590612608,13.295011231074744,13.4064158744812,14.09618629153916
BapolosU_aE,17.326671600341797,14.272270757424826,14.264973925867777,14.247468649335298,14.245449787655767,14.313512213360085,14.817796789169313,15.118300305213074
BeN0YoAdS3A,12.336811065673828,13.636832104620007,13.630800758299607,13.61711386162807,13.61663556216836,13.668876698601485,13.464964460213977,13.43300581835419
BiUZf2fA5kw,14.771554946899414,14.069818266078286,14.062249784547319,14.078549301165252,14.072101536947498,14.160786680612368,14.112930086135863,14.240201094515784
BkSldcoWiDg,11.318126678466797,11.785669297455273,11.78273510287404,11.820481858179518,11.809817427675645,11.850232769703297,11.09967096455892,10.995333472582507
Bl16sGgNV_E,13.178361892700195,13.562194357505495,13.560708463494912,13.551837247905103,13.552793714021169,13.576353100312113,13.6072210521698,13.441096155330692
Brw7rKZf6Uo,15.438146591186523,13.893272611563097,13.892055469619839,13.882067868185837,13.8841030947381,13.899795436472177,14.033554970423381,14.459022376030452
BsFjnVfJOxk,12.806583404541016,13.644723277462779,13.634990192187965,13.643642990419915,13.638880415749938,13.730166439453638,14.069987881978355,13.621433223038494
Bu7N22GWkc4,6.066108226776123,7.895018128541149,7.902538004496243,7.951955354635433,7.939979207708904,7.963275097002665,8.414128925641378,7.240295023816515
But3SCoM04U,18.502344131469727,14.909864714161984,14.90471254038689,14.880577181979547,14.883228449234315,14.915503911086136,14.405506790161134,14.444033282740206
BvI8iqqQva0,14.270697593688965,13.736245555658632,13.727894282002383,13.719035688109793,13.717378093634942,13.795626493455805,14.723480005900065,14.263731922185885
C1pMizWQhvU,14.921501159667969,13.712435536630105,13.706198091765069,13.70595403313606,13.70433407523648,13.753264338920701,14.584697352727254,14.66907610920898
C3mHr_GfyZk,14.91747760772705,15.060718888511134,15.056725517596545,15.02253418824001,15.031619153904856,15.060049338388986,14.559089726130168,14.973038705836766
C4R4iJVzXVM,2.6390573978424072,5.589584930011401,5.59848230520155,5.7185902720520945,5.684434996006651,5.745002430164341,5.522473892052968,6.344497859657818
C5oG7BTTqLA,10.134480476379396,12.38046946436811,12.372986621741864,12.406670264011384,12.380264718184277,12.47113864757111,12.944464773813884,13.533653379133149
C7130KsXXxg,14.420690536499023,14.693298344059315,14.682315265959843,14.658545386052936,14.65712503017057,14.721623580629062,14.87680099995931,14.62678300161659
CBg-NOB37BI,14.36830234527588,14.735254828996387,14.723984639563504,14.692376646503034,14.69299498229436,14.747770334961274,14.438412247339883,14.197700489230158
CCJ64sO3wP4,4.644391059875488,8.44294966409708,8.45927849525471,8.509126212963665,8.502402376554324,8.455387757999327,7.970767123540242,8.514301223809127
CHthslHO_dU,16.94597053527832,15.671112765245615,15.665302991970051,15.62676032978113,15.627562437287061,15.661987601830795,15.032190701802572,15.841805195999841
COk-p0876do,11.56643772125244,13.534271385247253,13.52983687116018,13.512482994624046,13.513497040073533,13.560053240784333,13.549921834468842,13.65855679621199
CRSWVC2AhO0,4.836281776428223,5.328217594664108,5.348015952057008,5.426309924337068,5.421491567006917,5.408815850712841,5.496061587333679,5.205111904275696
CTkxWexy6i4,4.976733684539795,6.167664077691643,6.191468594499963,6.23070083315353,6.242532563683269,6.176177918786821,4.956749340057374,3.770612745011084
Ck1r06UFj3k,11.799644470214844,12.126334763655521,12.135121941117623,12.11903418125672,12.12574781514831,12.077805422725637,11.761963534355166,11.786031763299315
CnRU6HF8heM,15.15009593963623,14.133204267468523,14.131928709424145,14.11752650380634,14.119510628496679,14.10948747961862,13.626966622034708,13.838316607194406
CtL__8JCU20,13.327987670898438,12.27834476821017,12.265374758483532,12.306545254884918,12.261508170439454,12.342917340758097,12.966443481763202,12.846719124729551
D5kgdAdZUqI,15.21843433380127,12.758677299024711,12.765142475687215,12.741299125409727,12.754526167845453,12.74241329906797,13.470284819285075,14.14138271782834
DI44AAs8lSo,13.18941593170166,13.029974122595222,13.025592119064958,13.006201356254342,13.00733581181226,13.044338344138689,14.054609977086386,14.814772298874088
DIYkNohNVEY,6.4520487785339355,8.699304887641551,8.715947074984431,8.740528305583737,8.742432946516049,8.721164903046377,8.284851826985678,9.030033679073902
DJn1O_3d_OA,13.87983226776123,12.091255994643683,12.086013357500542,12.106590789352694,12.099756257229382,12.145799317454367,12.730037313779194,11.970217409688134
DMaPJH3Zuiw,15.890810012817385,14.617666339898648,14.606165285959209,14.591210234373131,14.586211744919384,14.64364103011386,14.486320435841877,14.751162389969371
DQhvA8zbAZo,12.52406406402588,13.399706530326768,13.398974593564033,13.392422174052799,13.393901330621405,13.432157696750096,13.107665456136067,13.319954672295827
DTPGALkbTTg,15.004653930664062,13.172283501444786,13.175028804862668,13.167464123264262,13.17154828041067,13.169304209968189,13.479080510457356,14.150345629252122
DZnOl1zqDU0,12.98394012451172,12.56551502684543,12.562244911835307,12.559626728709361,12.558750060327528,12.613938905477937,12.489611208438873,12.473047115161627
DiNa2Wjyo-4,15.308682441711426,14.81120832385451,14.798249095724463,14.781307330197258,14.775632879685196,14.870868304111502,14.620927229563394,14.261536175363029
DjwlMMMjcbM,13.549667358398438,13.068404288528319,13.052438559097576,13.063780927500966,13.048448583149607,13.169612051037637,12.631286353905997,13.303499933187384
Dk5q15lFsRI,12.106975555419922,13.610420617038601,13.583049129407257,13.610263713482356,13.576367880200031,13.756328515744697,14.021998531341552,14.275924914423802
Dlg2gEih9lo,13.268302917480469,13.847866962694496,13.839270934872554,13.836522620899558,13.834643392049719,13.886573965953076,14.55302225812276,14.961974397484887
Dt28UK-ySG0,2.5649492740631104,4.832972962892717,4.876717724263335,4.891293295566957,4.952544447045113,4.833481931693473,4.491507547219594,4.760781161091245
DuW2Q-kFEdE,11.535860061645508,12.64944976259678,12.654269953115596,12.631902011440175,12.638658121982859,12.629274571828935,11.904938704490663,12.044027645760357
DxKpOtmK_5s,16.55712127685547,14.033816943856792,14.02741964706148,13.986414686009832,13.993696385202554,14.073852481866524,14.667926305135092,14.959749126985088
E1Y6ayTpVw8,17.76451873779297,16.164325897462835,16.15585967972179,16.12228929229263,16.123705955643157,16.151065153333118,16.09308516629537,14.536308738510044
E9eki0Jsh2g,14.004448890686035,14.23528642827885,14.21652916142869,14.217666856473429,14.208751298984213,14.293404304451562,14.420032457987467,13.825207827248141
ECIMMCSmBxg,12.60455322265625,13.277401509589872,13.280184559928378,13.262499714784992,13.269284754130128,13.2503140030326,14.015440272013345,14.074624142864025
EGnRLAIH39c,12.38864803314209,14.070868871547317,14.072809374686818,14.020809231928405,14.030714939538017,14.043873162742225,14.408980502446491,15.008793701237826
ENsNtN7fTBM,14.343629837036133,13.129269143398226,13.1333061263916,13.086439235801585,13.098514466991361,13.101892875194446,13.472859324773154,14.068410810034443
ERPWp3GugLQ,13.66196346282959,14.318664465286254,14.32096740110751,14.289541785612348,14.303353676906466,14.310036599656664,14.039891761779785,13.74058592994119
EXPAmmytCzs,15.325249671936035,14.664429337468453,14.658867162506093,14.64548410363786,14.645931562286556,14.6732346718484,14.848565077463787,15.1899457415568
EYUFiR9_j4A,16.8857364654541,15.27537786317545,15.266376768295055,15.229796079647462,15.236749696705374,15.292641904817486,14.723170462926229,14.370477253828675
Ec5f5477MHA,15.101569175720217,13.379514687044898,13.382295986032736,13.35575388181686,13.371684703272685,13.384120776874889,13.634302163441975,13.924338968458619
EeGejr1laNE,14.890303611755373,14.925910323396138,14.92257254083721,14.90492649998784,14.907464815269933,14.919955441603667,15.153767915089924,14.62560611744867
EijqufYWprU,14.197157859802246,13.571311095281887,13.566023684984456,13.591573572281973,13.58677764443432,13.636591619432338,14.43509969139099,13.946207262008924
Elbec_sLo_Q,15.907508850097656,14.437279255376035,14.425989040621351,14.43649786979213,14.423612367892092,14.441219047242209,14.075688407897948,13.673465501057004
EmYv7WtJHfM,10.266775131225586,13.431081021884259,13.420018938114382,13.447045773923035,13.434476010847574,13.468624898859224,13.372839418411255,13.201479115322632
EmyVLhK2SIU,12.278733253479004,13.529215756145234,13.528800838941072,13.51125677872394,13.512091768631644,13.511966216299614,13.839706433614095,13.338716446496832
EsKIIbNoy2s,8.859363555908203,8.154758714573923,8.164713185311202,8.226105119806963,8.220060944820803,8.236342543074672,6.934030485153198,6.708423002886498
F0NhAJ9_FWM,14.480633735656738,13.209242905028638,13.185484135053747,13.231981741404821,13.171255115551155,13.334603911848118,13.892976541519166,14.759049355182997
F2X5OKfqOzk,11.762944221496582,13.337088586006226,13.33102973158194,13.339552853320148,13.328981690738667,13.371413496031927,12.35263489373525,12.290047824806523
F2rxkK2AP44,15.404157638549805,13.830068707219107,13.823404802585928,13.809435435710492,13.80728002765158,13.82463461332946,13.974104712804158,13.821590824293153
F9GbDMGTyeg,12.892149925231934,13.22455763380371,13.218199016729827,13.214054560697795,13.210703471728422,13.278461207949329,14.008338074843088,14.060306009317733
F9H7hXb87fg,7.789040565490723,9.706791037641517,9.731020125714554,9.746769439454342,9.77586912974472,9.683859212443773,11.198159259160361,11.065619112914403
FD3Fk1_I-GM,16.41246795654297,15.06371993405623,15.0532513599847,15.039639788965076,15.035450349348077,15.073505935389896,14.315918201446534,14.234868387624632
FDfPpuKd_Vc,14.889294624328612,13.825266681201242,13.808843263571086,13.810642091989479,13.804378925792546,13.954950642894184,13.70079044087728,12.907301148198362
FMp3ShRU6pI,2.4849066734313965,5.148064071294323,5.181658071949382,5.199751933712744,5.224244899461534,5.123008173337541,3.8904976318677265,3.0896734723083
FN_S18qgl24,12.756108283996582,13.266412624376427,13.25654076619667,13.272044194750947,13.26504386271015,13.35729725862145,12.357512894630432,12.563139612633305
FPwP6WoYoro,11.551251411437988,8.460737872739989,8.491966736853085,8.500889614587802,8.544594416521505,8.420339453040798,10.9068247645696,11.070932560525337
FRzgHFhAD5k,14.489642143249512,14.701576661055435,14.695489577109777,14.658152796076621,14.665765174889998,14.716740186545957,14.36160278892517,14.201322223291703
FUhVN5D1ihE,7.387709140777588,7.130394513051807,7.161122410219995,7.178361972209113,7.182142528594635,7.098144393105123,7.4561084678967795,7.08810457204162
FVVpYAZkOUI,10.544366836547852,10.683116231188132,10.683859810269269,10.717793274230573,10.707922281538016,10.727846658224093,9.855067313194274,9.254260473985134
Fjcm-ualacY,12.633318901062012,13.107373431686488,13.110750068544519,13.082481133241743,13.088716387682465,13.089227783844711,13.26557648531596,12.86293239262148
GBkP_st1j1M,13.363945960998535,12.398896263270274,12.384125463874037,12.444818963587304,12.385846377938906,12.492444965486238,12.979945612589518,13.08561981973837
GCQt2vCjVnc,13.022521018981934,12.059563449282523,12.069376171990264,12.035137635167493,12.052057896089075,12.052074202866763,11.519624556541443,12.551113879296054
GFPYUbfWn38,14.737253189086914,13.933972496526152,13.92834510072945,13.918032023866807,13.917092526823742,13.932576466278169,13.836160492579141,13.8921372193249
GGrGcLztru4,13.197333335876465,11.310314848054285,11.324938462540386,11.310403868962096,11.318979224934198,11.255324974604797,12.020446055412293,12.289960620087223
GHtMiQqftos,11.884847640991213,14.135957410235449,14.11892280984758,14.120546764599558,14.116344937295437,14.235730048036656,14.374211097717286,14.382234098527883
GHzecPfyl8E,14.038208961486816,13.195617203550631,13.1748072922595,13.197766809077903,13.175812444537522,13.342164860106324,13.744643015543621,12.89613087338101
GI5TGen4s9I,15.09787940979004,14.643882813545494,14.626368147007488,14.638910650365519,14.624790744764438,14.727164257302071,14.305252311706544,14.956662695657764
GJvUNv4qoDI,14.002634048461914,14.467604609241207,14.466962603565394,14.433453084620943,14.436748326882688,14.456733553572137,13.474782314300535,13.319522591009418
GNL07RtCUzo,15.31707000732422,15.502027128165503,15.49297472458918,15.458679136866257,15.460561065726942,15.493066473112277,15.176293778737387,15.295298039479116
GXMp1sA4jC8,12.042323112487791,12.60346337596613,12.597096677439952,12.625810433423785,12.61493011149219,12.67563342835225,13.549725227673848,13.532630851636418
GZpIM3ajPs8,13.955947875976562,14.977646150550305,14.98030007393048,14.918146358260634,14.924599132570087,14.91768578910272,13.815453526814778,14.38810446906644
GtgZSS5kXG0,14.325139999389648,14.717825926749702,14.709969985436388,14.683754966976865,14.686112703923863,14.742506532663171,14.616668659210205,14.690902304703885
GxNY4_fyWJA,7.396335124969482,8.240084844630005,8.274133162573696,8.27280910771541,8.324288741234856,8.18990129823254,10.185242679278057,10.34881118455313
H8rJXgdGI8k,12.872685432434082,12.447179905787346,12.436195333590069,12.465299463347847,12.441987533761376,12.522299806370823,13.503510906219482,14.229011693965704
HANLQs1a-K0,10.286230087280272,11.702354482590858,11.700481383406649,11.710742864878554,11.708418081730244,11.748256195013028,10.921649782816568,11.585181575507127
HOCjM8T4-QI,12.984530448913574,8.476509372482557,8.505711531286652,8.536950460905812,8.549033859133148,8.442581679873552,8.303715312957763,9.181692917164762
HQaH_vkpKo0,12.402786254882812,15.156564555283326,15.144214479009008,15.127978974594738,15.125827678363654,15.158536663353653,15.423967980702718,15.492593565299037
HQpkdYGIXKo,5.1704840660095215,6.399868888394507,6.429712944608475,6.4846136109745585,6.514633326647801,6.422218823305738,5.921650796890259,5.9699364570440165
H_m2zQY7RUs,12.703262329101562,13.380714538488897,13.38637292718576,13.372296179466034,13.382471989099995,13.342258240567674,13.097677221934001,13.958490141200203
HeqvvEjXex4,3.044522523880005,5.508326081094708,5.538579770232242,5.604576136834951,5.624618319885738,5.529521452041464,5.836164647420247,5.6215308277547775
HjEYFcr35cg,14.583148002624512,13.21584258297952,13.2056347581226,13.222473425811629,13.216067982721007,13.29575194530834,11.882899952570597,11.641640093020127
Hr-QvUm8Crc,12.950150489807127,13.890134093501473,13.880720438566016,13.873162416270086,13.872040386445832,13.951375823756601,14.424817120234172,14.20538687990436
I-jRkud7txU,13.54576015472412,14.275592908532671,14.265233441113166,14.26214563926794,14.247107197616964,14.30374975744568,14.022740623474121,13.964865678924982
I2KSGKLltgw,12.603418350219728,14.580802001871504,14.576448995848105,14.554987539058148,14.557521276771746,14.592338344017252,14.625566705703735,15.621567609817276
I3QMIzQLFFw,7.024649143218994,7.705910628419347,7.726491612724733,7.775892316925803,7.7766057699133215,7.723843358798732,7.070650292396546,7.172854489891179
I5FdJXi_Dss,12.58430004119873,14.20588861353292,14.196773419952308,14.19129361426863,14.181430880140804,14.226214411710487,13.832930270512898,13.21207383108606
I5ROl9bber0,13.143392562866213,13.108409757296693,13.099581059832692,13.101404911374024,13.086258574682489,13.1795364167755,13.424459228833518,13.672260132415929
I5XwmicFNPs,13.984559059143066,13.554778488067251,13.534113260548423,13.548102039547494,13.530182732296252,13.67636378063581,14.173863422393799,14.461022080384163
IBCwiYjGODU,11.798247337341309,12.314746100135253,12.315281081159332,12.319748848124021,12.318841174687094,12.335930601894482,12.901474685033163,12.2870615231284
IDEmvXUQEf4,13.55881404876709,13.587005392295666,13.576209432285607,13.593457441569937,13.578964361978883,13.646413840143829,13.989382087707519,13.842111400544349
IDY9GBR3Hc4,9.261794090270996,6.563694463348543,6.597442100290901,6.614995429295894,6.6722063561160025,6.541863245853254,6.532774092038473,6.156470895908234
IP1OjSMiYnI,13.616195678710938,13.330870830917425,13.318996921284198,13.308483793826,13.30498842597955,13.400036142421163,12.796053393681845,12.875169514019499
IQKP4FBCtuc,13.67524242401123,13.414908248479312,13.391314942472706,13.449028601627631,13.421847285140714,13.559235509216714,12.691348140716551,13.233084547706289
IZgZE_sgWZU,15.404192924499512,13.747243439041862,13.725934893562886,13.751804024593795,13.734038576127666,13.84868973580405,13.246178010304769,14.033919176980882
IeNCpAheakc,16.138734817504883,14.443375947230132,14.439407979617647,14.426968627350545,14.425929728591086,14.431974925450907,14.219268966039023,15.134438584435749
Ig1rAUAirTo,10.860631942749023,12.186860180105496,12.194438508490633,12.16632490566717,12.177956294078696,12.132863075025123,12.03570741780599,11.868438467597981
IlX6ZVr0Rpo,7.013915538787842,10.62555819702623,10.641848861657168,10.628086421934215,10.638002391556979,10.577410560458757,10.981364919026694,12.483501128129467
IpkLkqKXEzk,9.746190071105955,12.079797612552687,12.077890008919928,12.087359191212988,12.08388784240964,12.126291029571291,12.392955668449403,13.116418763929987
IwYnujah4Ns,12.196168899536133,13.294528040217395,13.276186953624714,13.298499267995359,13.27488034671977,13.401324259598491,14.250265088081361,14.43098328445573
J0W3Hw94ShA,15.502533912658691,13.61846940119842,13.609357861141767,13.610257954134696,13.598247694379026,13.662471186496623,13.680499318917592,13.199287051725236
J9CWbTSimPU,15.754820823669434,15.715209621720623,15.708734164852237,15.68040256137334,15.683884643429238,15.70793860163288,15.028280914942423,14.978808387850842
JCt8UaVJy-0,14.041131973266602,15.485843952237998,15.478583978650725,15.45431267811987,15.45630277071742,15.48103639600257,15.008008788426716,14.794234705319207
JF14TeESUZI,14.645365715026855,14.445643836212371,14.436032310789349,14.4265145833353,14.425746364529275,14.499934854851334,14.243576140721638,14.754807859929818
JFvnJpw4JBk,5.384495258331299,10.96165720473229,10.961392255901117,10.990355884358117,10.985894504105639,11.030569566958539,10.495371171633401,10.685369971182416
JSvZMObCMPQ,10.95967960357666,12.484523827010797,12.48956616942131,12.478314443149037,12.48348989594849,12.484994548129045,12.56410667848587,12.854807071098632
JXscZuuoWwQ,12.202441215515137,13.003375577402048,12.996208508753389,13.009561570777116,13.005417000245425,13.087782837271314,13.337022087256114,13.112826755510133
JZZ-SHq3IUI,15.124200820922852,14.604750828554748,14.598197289871893,14.578663156156159,14.57581422508759,14.612565036417818,14.271335655212402,14.549477803332715
JlHzBlhVoOQ,14.041936874389648,14.457985639544054,14.436345723600894,14.458086457110584,14.446768428405854,14.586806336920944,14.253536954879761,13.819965481392295
JmF9rIieLkg,14.35243320465088,13.5729395309393,13.567821901946798,13.566385964148319,13.563412878001346,13.622693805398043,12.83332624721527,12.77868288248458
Jyz4XzuRsvc,12.755216598510742,13.441104872950852,13.419358455839586,13.440447024471302,13.421102983902541,13.609928752259593,13.967216905593872,13.763393539502019
KJNzhOCHD3s,13.124686241149902,12.504041508040968,12.496173688705461,12.5140582702198,12.50219081593177,12.571324741928706,13.373209575017293,13.90822636659054
KS2SZ10rhBs,13.99549961090088,13.854256050142089,13.854958038288094,13.844779618921036,13.848890131846312,13.879812202223748,14.342472742716472,15.493852397794647
KSDY_F8Rs7g,14.07069969177246,11.792744343042166,11.799503914947215,11.785978470624277,11.791992108388373,11.782578111727624,11.70363271522522,12.267922032915472
K_iCwrAdmlo,15.32032299041748,13.205369077188108,13.203392360903178,13.2019373106464,13.201458448861146,13.16314864792088,13.116776732126873,13.346473481552843
KaeW6wIESCM,7.282073497772217,7.5209883497846555,7.555374534388168,7.578280553451573,7.602097120444029,7.471302370781827,7.740031943003335,7.9700298388688475
KlkMGW1KzJ8,14.41887664794922,14.484445177460534,14.478143120834723,14.455464054403464,14.457895455131824,14.504710927548999,14.289846134185792,13.775887965164253
KpEPvRgD8cI,12.045868873596191,13.986173044138516,13.965691301652702,13.975785259074598,13.936920598756446,14.074337786705001,14.25726703643799,14.201413728472318
Kq40revmCDw,13.547430992126465,13.503793959321053,13.502354376620938,13.496551889111371,13.49742146133014,13.499320070892159,13.094754323323569,13.161165020413994
KsK99zYSEqU,11.168771743774414,11.860686942478866,11.843256653512663,11.882354497662751,11.86816349115051,12.044090399744327,12.988075262069701,12.206357395933233
KtB2R5tJ2xU,10.75449275970459,13.429933835629745,13.424327835871518,13.414200446538866,13.413728799827913,13.456736441799153,13.239628002166748,12.662096193548289
KwG37hCelm4,13.86001968383789,13.75544976473442,13.74472319097449,13.733718987984142,13.72563960997875,13.813893748274566,14.603312920252483,14.273175089755634
L-icLTCMuaA,13.675631523132324,13.212512707010092,13.187375245741828,13.20540643777415,13.186709507581709,13.319118580931084,13.953091800053917,13.329854461999473
LFERj5ogdLc,13.37266731262207,14.111064802090652,14.110127992904873,14.086052456780033,14.08472902032271,14.073644599253711,14.551859724680583,13.91634040045559
LMcn_QpEwpI,3.0910425186157227,4.9017946308328995,4.944399218047292,4.9614507114066315,4.99955425487162,4.8768387638571395,4.0666110779444375,4.072861070096388
LPLdufT-ckI,11.871606826782228,14.411625019462994,14.409453310862427,14.399450680395518,14.399467122161624,14.391178279023272,13.635864559173584,14.179002345176471
LbdJh81dr-8,13.9496431350708,15.15506657874866,15.136056307705934,15.115028505950422,15.108732295915118,15.247287334048421,14.640318114598593,14.701643248637287
Lc3A4AkLnUk,8.184514045715332,12.510805091111996,12.522217669844835,12.48897622488611,12.505502219673916,12.451270591477027,12.70648073577881,12.94504223076999
LdYm7G5is1U,12.385088920593262,10.356640635000527,10.369080413391911,10.384897706702102,10.390914119698122,10.357877654436725,10.351906081994374,10.562905828812701
Lhh9tLVqILk,13.598261833190918,12.527949074505502,12.508927697606135,12.551952970129548,12.53041978526862,12.689169613566206,13.495091889063517,13.060990300544661
Lj7yv7tINqc,6.349139213562012,5.935743614576484,5.9619416187970335,5.996288015007881,6.012423614988528,5.908102940069877,5.903425044536591,5.962941712602088
LjNqK8JSlkI,7.932362079620361,13.46799374380605,13.458961243434914,13.467637621342883,13.459840143602655,13.486868093840949,13.374329877853393,13.731123670278388
LqK5bHE6y5I,13.393925666809082,13.759581556915387,13.752469160482583,13.723999682873076,13.725918716139242,13.76473526346088,13.606956778208414,12.873941326264847
LvXUt7bRuI8,4.521788597106934,7.609082904726477,7.645365503085553,7.634417743880206,7.691418024033028,7.553412512582934,7.663868712584178,6.799054788454687
LxTzNzsDR38,13.11896800994873,13.48070876770248,13.465368161511767,13.480722245727462,13.47251123392212,13.577023539009796,13.83104361009598,13.290271010188059
M9X8BxgheP4,10.68681812286377,10.168553401762743,10.183124557798083,10.17922513795078,10.183683814209402,10.161116964729622,9.112821699142456,7.902554585734016
MH3_YoF_b3M,11.09101104736328,10.291903183976606,10.297638362658754,10.302022308610056,10.307969672086566,10.32290875483577,9.836421831448872,8.526229418101318
MMXXA5Z3sak,13.880622863769531,14.340035717946243,14.336398210269886,14.28895136653228,14.299827023662358,14.321416770080388,13.549430589675902,13.415830876440817
MZX8v1fAGjY,15.085134506225586,14.256157453177593,14.249509300604222,14.204354059116246,14.208411139386124,14.271983488848084,14.257123256047565,15.060792637286426
MfI7a7mHjBE,14.788773536682127,14.229696199191778,14.225087932961754,14.202976268408596,14.204135762307414,14.237336260300966,14.21928033955892,14.323886914237102
Muq5BxeBqMY,14.988255500793455,14.140635261855628,14.139180801485729,14.109298442801446,14.115804032703503,14.121290151649774,13.951374209086099,13.780462491691798
Mwlsu7602NU,15.79690933227539,14.18794483802391,14.180076518653221,14.159173002238802,14.159172928051907,14.22435619398238,14.228117490132648,13.969249735863386
MyTj7eUgSf8,16.42929458618164,13.7580069617723,13.752077824336746,13.751213464058784,13.747535556085412,13.762311789515737,14.270826930999755,13.959933186895803
N2467TEyS48,2.7725887298583984,5.809028750465188,5.85382520300891,5.866258984398342,5.89836302422406,5.687395522016817,6.206807046413421,6.143757955448734
N4W8_6t8CUE,15.362175941467283,13.321789371754562,13.311524390730733,13.313115081349963,13.309155492094723,13.377844938862964,13.54497659111023,12.929709414491422
NAhY87bfFdQ,10.028753280639648,11.391053650510734,11.39605924463074,11.40972363295217,11.408756117326405,11.395446446185474,12.116126169363659,12.031102555676034
NAuz4jDF4bE,13.715457916259766,11.615577949323596,11.630171767707253,11.62394197224613,11.629612922556328,11.543134253947747,12.035152313550313,13.40081897954596
NPV-v6AakFs,13.772276878356934,14.368952236885134,14.350209311328124,14.348295917272315,14.322674332623945,14.428863270195189,14.877453175862632,14.667714292472851
NS9_vwH5jjw,5.8749308586120605,5.336562249902539,5.354548738599984,5.424368007382306,5.429137309568556,5.454066590634018,4.844377516746522,4.350557712311781
NcfvJE1Mqmg,11.662836074829102,11.915322924397435,11.916633197973239,11.932793050326667,11.933391421685547,11.96713229505341,11.837239989280699,11.971658544890177
Nh-Cx1TlSKw,13.744325637817385,12.205143981282779,12.201512103367834,12.217863608560572,12.210695803281387,12.259670082998772,12.744214817365012,12.107279265864506
NpY1z4cr8C8,14.272260665893556,14.863970522436214,14.859688858693644,14.809724225027887,14.826676873326287,14.83314499458369,14.663870182037352,14.833516651869248
Nq84lH--RFo,15.364112854003906,13.020724032356535,13.017930789567247,12.980516792835468,12.984185262624186,13.006350093808166,13.20953467273712,12.62945328892446
O05018tIrUA,13.613533020019531,13.557554506418597,13.550396206698224,13.544298545112726,13.542139836457318,13.584330905192521,13.695038084030152,13.41809359233995
O1X48yxZgeU,15.454303741455078,14.597153019477659,14.590719686728422,14.564593843278343,14.56674980073065,14.590395058284015,14.080681514104207,14.60285952235227
O1f41uZLBOY,2.890371799468994,5.418587943910769,5.471362617896564,5.470451063514143,5.488881299094438,5.243670595062333,5.478663860321045,7.073087322790033
OCLQv1uVFTY,7.550135135650635,7.808286987871033,7.827140496703503,7.860677823594613,7.862363255122172,7.835239500684854,7.9890313269297275,8.213923231921783
OTQge9FcO6g,12.760595321655272,12.163945552620973,12.17958548216127,12.14196889894077,12.180151469392433,12.107986429636034,11.677749797503154,11.835485242092366
Ocq6qk77Fn4,10.408164024353027,11.950096651544216,11.95270232408511,11.947597604216845,11.94920757859604,11.955651154002652,11.503476725260418,12.031848310029106
Oi6VcSgrgeE,9.9595365524292,11.16771564456092,11.170600686751756,11.20159459753252,11.198489420169878,11.203481473839352,10.140712372779847,10.142038754009752
OnqVLN3QvvI,13.591507911682127,14.06605414150547,14.05372164641736,14.077476194547543,14.068238211944056,14.106814560059044,14.30140258471171,13.334545036473523
OoBh6D16RZQ,10.570393562316896,12.192511720073439,12.205086760380718,12.198404299987693,12.20446424728491,12.161558602464396,11.792555221557619,11.89341744320138
OylMEy1vRUw,14.577780723571776,12.741246624840272,12.742707862075813,12.750636287946884,12.750431798214677,12.787035433873791,12.655388639450072,12.053607402143859
P2gOA4XpfV8,13.78270149230957,14.280320797110186,14.26955033355568,14.251117525993186,14.240969157881693,14.322017052354553,14.802053490320842,14.785825600555413
P3icEff5Ft4,13.854650497436523,14.324999112063336,14.30797671466349,14.30719908697492,14.289455059023751,14.349788047581265,14.169701960245767,13.420446979993605
P7miHMNKyqQ,14.500076293945312,13.634492341259559,13.6321168810816,13.60893923328562,13.61395850928801,13.65640049713759,14.08430490430196,14.187823803771456
PGxuRSVpxhc,6.756932258605957,6.0072099857589025,6.039825580774387,6.096154260729279,6.095033388708664,5.972747268906805,5.614614518642426,5.980383011566087
PLh-A6H5PeU,13.477341651916504,14.586583901552936,14.582260826580914,14.550604637970261,14.557884229780091,14.598131885653338,13.968262235005696,13.30636218602564
PP0HefQ4AOM,14.137535095214844,14.125098388159692,14.11035340311401,14.124545048521519,14.117579294784582,14.197758878294032,14.439869062423705,14.393849865732284
PU_zFsvy0Go,13.759913444519045,13.867264900137911,13.860231505440714,13.860098514770884,13.85632632620345,13.86445577961985,13.931814591725667,14.207009086227254
PXIABNoPBdA,12.879976272583008,12.512331812766442,12.509186835615317,12.514108969089223,12.510833407660618,12.576302062401671,12.937446450710297,13.031286581103322
P_nWjj6-DVc,6.295266151428223,5.345704234181693,5.3751094549169,5.45501886427071,5.477318656865222,5.37992197531289,5.852522629261017,5.529192742774314
PdKaEf34-cg,13.647951126098633,14.554591346094796,14.546475171476146,14.508109776934646,14.510553103264598,14.571234844260884,14.446213530222574,14.570480514311429
PgJRsz9l-Cw,13.121874809265137,13.693476935825728,13.689675001741639,13.66788685914995,13.67207658806982,13.723801056791004,13.305380373636881,13.284746320845075
PnF8PWgOdgg,10.794255256652832,12.219364406890818,12.216591250970827,12.261147959482175,12.256638807504475,12.309444656283274,12.510443904240928,11.647951521407586
Pu4JJFAXKsY,11.465184211730955,13.028423328206173,13.021434906465258,13.017426454317032,13.015017300615412,13.061514536366987,13.303653574943544,13.826580556916886
PxOMUvJpgV8,15.15703582763672,14.162394493103621,14.161033153064452,14.115843829807986,14.124460485698497,14.138371509470753,14.450114372889201,14.143682865777151
QJj8LigrENw,9.175127983093262,8.725912615804072,8.74008871507871,8.77456176532863,8.775568758525338,8.737516934014073,8.299281348228455,8.041314813582236
QSTL0kcNWsY,11.490076065063477,12.238972434629275,12.245968896401614,12.23297032126658,12.240339619149543,12.227033704599457,12.195563489913942,12.744290383041132
QWmpnog5QCs,14.10578155517578,14.062465999421265,14.056479063496766,14.035481255055066,14.032265348878804,14.070111028401515,15.021959213256835,14.748821118250733
QwOUZSEsd6s,12.407992362976074,12.86197104209428,12.862043751214117,12.87760635450045,12.874780093867486,12.874210751119534,13.848861511866252,12.854590860816288
R1u7EJ_3now,13.531025886535645,13.467882374423667,13.466212526538811,13.454724525222979,13.454793289889798,13.440951024772813,13.37049879391988,12.94664249251094
RE2Taao_1u0,12.797137260437012,15.132720119055941,15.124225043211723,15.101913766405099,15.09921864128925,15.112760338351272,15.43728124364217,15.757915898658245
RGrsTmv1xKQ,12.917555809020996,14.831473549840267,14.823018925424632,14.80568880329527,14.805953135571329,14.859976957853666,14.974758966445924,15.045872316432487
RISRcljx1no,15.70648193359375,14.086036612143303,14.086506076767712,14.057297208564123,14.06061649479271,14.054100389884262,13.420309596379598,13.650172645379065
RMB_KGVKCgc,9.910562515258787,8.920604680715128,8.943152592522223,8.924866857206412,8.936647308367837,8.836473981038845,10.607297417640686,11.358221430233984
RMDV-TZm4lw,15.066987037658691,13.576240668275359,13.574430366989077,13.565152438307527,13.566269799070879,13.572033288029361,13.377914206981659,14.087711929073166
RQV5eSnnyBs,14.849407196044922,13.763997575868487,13.759073727311025,13.752795221711798,13.752029578048159,13.788525198385722,14.673370009104412,14.240158384909456
RdjuNXBPBz8,14.88327980041504,14.241979053866027,14.237243034929902,14.224639410807683,14.224953564500469,14.231372291422607,14.201303134918213,14.081000275670712
Rh6v2cXEhvI,13.118160247802734,13.116505310713308,13.111592313301854,13.100960171216107,13.100054356857251,13.116554525137575,13.978908563454945,13.724902812318524
RhhVlLBrr5A,9.451009750366213,8.856737207356405,8.871428451801641,8.893503660113867,8.895925101488753,8.892511138912637,8.11129407119751,8.904534172985112
Ri3MfbmTzw8,10.600577354431152,13.210116178875458,13.20422892533715,13.220520314821881,13.209328756821547,13.270666253164658,12.407784518877664,12.613782488718778
RpYCdiyxZZM,6.899723052978516,6.167821324297236,6.185483285639042,6.263999293950263,6.2592632709922915,6.257131872875789,5.025552780628204,5.56845827737664
RqPR6QlZDWM,13.338630676269531,12.842569102090813,12.827674709365473,12.8540380978011,12.833801462589376,12.90246502795352,14.392649052937827,14.082404758468202
SBujs8mFc6Y,13.779339790344238,11.29943232683469,11.322941759297166,11.263224762531047,11.281294503010429,11.198158676719926,11.237936055819196,12.268678713971257
SHBMpUSjphM,11.970584869384766,13.375825642298475,13.366444082931627,13.386007944778976,13.377577656285565,13.449434116878868,13.241382795651754,14.05294663346821
SHlem4Dp4MQ,7.546446323394775,7.910224022627144,7.9212307339344745,7.978119338111945,7.971657756575641,7.973565380688146,7.161572227636973,7.249321179386068
SVCcxQQA-9A,12.198328018188477,13.34650639839739,13.350369071726979,13.29870311479337,13.3144155343879,13.317667961848109,15.239322077433267,14.618144793171558
S_SS40BfX94,11.783921241760254,14.24653175441381,14.250840822014547,14.213566822252544,14.220838717638166,14.146228373547006,14.056106754938762,13.811321410878278
SbXVPa7qK40,14.735919952392578,13.752378282647328,13.737271310710474,13.748745194396788,13.7416106617779,13.863651720541684,14.004932622114817,14.144036924898863
Sh-gwqpVUTE,12.22164535522461,12.779135239823177,12.782143575062577,12.78992109469713,12.789584147354844,12.785356831430136,13.052648355484008,11.791942619433245
SjGJdm88kDM,12.021722793579102,11.140036763968387,11.126315774253712,11.197260283608239,11.127038383314916,11.226609520244317,11.245088070551555,10.670661262989283
SkRF23pbYic,16.943111419677734,15.827101705931653,15.823292111323767,15.762437421205007,15.774189344286624,15.749612936151317,16.070669623692833,15.706771171385503
SlhFvFk5hYo,13.757162094116213,14.202213818452373,14.198238892282872,14.1743356121358,14.179353992530999,14.19876263505436,14.03133247756958,14.043514207286696
Svo5O5PBREc,11.30550765991211,11.182276043690807,11.16546935458386,11.228342501185656,11.195602344993398,11.311787777720971,12.158110953648885,11.976382628358644
T9fcPS6uZBk,16.583662033081055,14.3837418246107,14.374930042575736,14.368078362696224,14.366955463938318,14.437560186463207,14.688776416142781,15.081281745511589
THhgs-iJSFQ,16.071998596191406,13.38326392982143,13.374291665834741,13.382468949575978,13.376702602689775,13.47154200875273,13.375634267807007,13.224719269539229
TMiP8pKVXw8,16.077556610107422,14.404350883400353,14.400930270955419,14.380357304688287,14.386382595380022,14.409476487084136,14.304907293955486,14.995500367224217
TSdqu1d5Q4k,14.02911376953125,12.146672848293589,12.139081955035584,12.156561034602916,12.144627817339474,12.22992102574257,12.569572559674581,12.331374008462468
T_Cjn4qmNwU,10.562793731689451,13.067394167824991,13.053011005124306,13.069616337072675,13.060855626764997,13.169038272416268,13.459385583400726,13.422236663646872
Tf2BQBpzxvQ,7.320527076721191,7.203331600373384,7.2385723516919755,7.239472784594217,7.265363173262536,7.147464931075073,6.456500583171844,7.232368139940379
TiSGy-0ibfQ,5.620400905609131,7.893334429610011,7.929937155583086,7.920141624278746,7.952674683777826,7.795607295746502,9.940686660766602,9.66639426459418
TkCmFQtvqZw,13.33067226409912,13.844625546610594,13.819938330202644,13.849092357483366,13.794863400291192,13.96100893449284,14.533013063430786,13.631931028250738
TpsLMFzQ6Us,13.961869239807127,13.335627497973796,13.331407624330149,13.332972960176308,13.331342363914745,13.348693845517047,12.353403285980226,12.601796333964678
TrMJ2StIc0I,10.309918403625488,11.953853035789146,11.94940386933993,11.976624811248561,11.968009942308653,12.034070435559498,12.167109072367348,12.387063017966867
TtE57HfUKj0,14.53809642791748,14.035202902730736,14.025504620663405,14.022488860396642,14.013369748039688,14.085361780977962,13.953628512064617,13.913499423595598
Tum1Y4r2yK0,12.39914894104004,13.379760941586854,13.373519866356467,13.373382464701328,13.371429866228278,13.406445717838208,13.25270157877604,13.297088534164851
TzQsVrMUYk4,15.517569541931152,14.00379420957384,13.983237835261969,14.008439321806712,13.996511305947637,14.125492072474946,13.965662829081218,13.30118865459105
U16Oc5ttXOY,14.25415325164795,13.098890422767434,13.08936514389493,13.10691034479124,13.088143897908163,13.151038822631534,12.851291714986166,13.057544712190994
U5ZevoxxvnM,13.251072883605955,13.447934483261056,13.430488691595874,13.453102531803493,13.414497828294623,13.548328337379763,13.81540099366506,13.516034128375885
U7C4l7VsvAI,7.293697834014893,6.816647518291347,6.853403559199177,6.859912568228263,6.881858248359388,6.752119880528562,6.355755118529001,6.363693920552945
UE9eu0pqHUI,11.093310356140137,12.556225838762224,12.55859086610638,12.546975344021016,12.549857069321726,12.557423657767258,12.598887453079223,12.142835891334448
UQKBizdBGo0,15.307561874389648,13.903082268591413,13.90421853392057,13.892102116056977,13.895935691175973,13.907423460656455,14.01985397084554,14.558138827950716
UToy9DFnl-8,12.897490501403809,13.86148967414512,13.85980541314334,13.841136310982298,13.848195788210424,13.872168883554812,14.097814437230426,13.550117431128463
UkKM-hQCKfc,14.306503295898438,13.636676062153414,13.620432973084393,13.62369860147568,13.601036390326266,13.725459895435192,14.219445349852244,13.509309511690738
Um5Jojapij4,14.51440715789795,13.000859362112081,12.978253726205134,13.026123940512463,13.005160503068078,13.172528956486104,12.854053519566854,14.031723799071422
Umc98cd5IxI,12.20583724975586,13.097972208758748,13.090585686688229,13.115330882473783,13.106925563491437,13.223319942893335,11.982653515021006,11.367075027524864
Uy8fGQoA_eI,13.476781845092772,13.432414209900978,13.428150125863901,13.423133208097823,13.420234104232597,13.469329061188139,12.865153888384503,12.396894396383502
UyVCHE0Hn6E,13.370981216430664,12.761271617497009,12.754004488112173,12.782390725909268,12.750804290730542,12.800985522497589,12.771552046775817,13.162686218880815
V7GQV-tyOws,16.054950714111328,12.866509004301365,12.849083258005265,12.885084766678963,12.87381003949555,13.023516195750728,13.043149986902874,13.345871496231583
VAIKpZ2hJI8,14.10417652130127,13.679965876114851,13.677835013519056,13.670637747988748,13.669825586764825,13.721321799322489,13.16159012413025,13.37374970626257
VCWUcdw5DKQ,14.695311546325684,15.101865265745653,15.101498551872405,15.049173498431623,15.063684128838469,15.055232855823737,14.432647144953412,14.52156421372595
VD8X90_2IEo,9.063810348510742,10.687754596256903,10.698090682678052,10.717662269277652,10.724320226068967,10.725611671828299,10.59859867890676,11.155865494078009
VDF4w5jN5JA,12.836490631103516,14.094268165759866,14.08731636416549,14.090130387665985,14.08651236628132,14.123625854567601,13.880167264302571,13.469259967150677
VOoG4TTtZK8,12.868977546691896,11.623224869271068,11.621204178652569,11.619798939530169,11.618850781529396,11.67414369059837,10.820122009913126,11.585580946015419
VRDLB-fAWlE,13.947076797485352,14.630431098892494,14.629415126713875,14.570058873445367,14.586033479904579,14.61224643180005,13.683333826065065,13.561575998583757
VXPKafhuVR0,6.401916980743408,6.565189684854917,6.596605469295646,6.6393549669449925,6.646682442590143,6.532737376954599,6.495838638623556,6.95495337371023
VZiKMICEPzQ,12.78408908843994,8.524788874645873,8.556000735209173,8.55168240195158,8.60418254706397,8.472876986724145,10.696053254763285,9.981167850635972
VneaoXWkNFc,7.207859992980957,8.274596669866495,8.295073200527208,8.33077432606091,8.3439292406617,8.265364759422411,8.211151356061299,9.796204326128247
VpLKyojJkhY,11.111238479614258,13.837102555787263,13.837668577545644,13.816950703369272,13.822747120398219,13.838178976001371,13.953949883143109,14.443258943653627
VtM3z1JcsQk,13.820304870605469,13.620990474331398,13.609512015094218,13.632425515810672,13.599397316500372,13.677908135215569,13.681339257876077,13.898647210582082
VxPito6NrEY,12.640974044799805,12.78900723960657,12.790866087078834,12.788220693078886,12.790834191484976,12.816986677040177,13.239424248377482,13.443629137715073
VzDhJEgddHw,9.558246612548828,10.508855948533114,10.487428118366923,10.541443208114577,10.525687022744366,10.786900678425816,10.056660557428996,10.093687446365808
VzbD2fZx_-k,10.663545608520508,11.839733258359436,11.845431924510791,11.84802452562574,11.854033786761692,11.815105628938447,11.526570437749227,11.677247614370328
W1tESUXIpnI,14.25143051147461,14.318573668372684,14.30557077545208,14.316322720075547,14.30897231976484,14.39516296599254,14.5902906777064,14.251122746008795
W38fLEmrmS0,14.042795181274414,13.581198535876046,13.577446196466989,13.596027817246755,13.589261046353547,13.63351124592518,13.174312474568685,13.159697766941582
WB8FVmRmCjQ,7.582738399505615,7.029865338076618,7.047237278939913,7.095786028194676,7.101853908647179,7.0650956141169425,6.132159601847331,6.399785952175662
WFkogVhwK3E,13.960490226745604,14.33734463062089,14.32764549993894,14.320523021767501,14.31799995678619,14.364580103839424,13.928505892435709,13.704668468540481
WI0HR8GerIk,13.26290225982666,12.457965381585149,12.449632615861637,12.470687602630184,12.457512861742595,12.530879093015864,13.362656496683757,13.883564749341737
WLzG2yhKYAw,13.125777244567873,12.23861051705594,12.225345193944216,12.269591943399158,12.2553404286975,12.359159391215625,12.274613120396934,12.920950967691375
WRdqtdMtjjM,9.68880844116211,13.343556517934006,13.337070865812095,13.339135470253233,13.336107830540215,13.355695881926225,13.396939841270447,13.216744226373395
WXbT5o62mZk,12.271977424621582,12.310056965523458,12.297124886479295,12.333751635869424,12.313262949482022,12.417441258260892,12.830994957606,13.677277736457668
WYm9s4aoB4Y,16.368465423583984,13.075255594265656,13.072446344966744,13.05437404322474,13.056558000693622,13.103102374683104,13.352603989919027,13.306303994223185
WgLrlz6wCUI,14.827133178710938,15.127112436624017,15.119022658559023,15.107943041852314,15.105973969056459,15.173166094727671,14.982308223724365,14.457918926998495
Wj9-5XDYSGw,14.753148078918455,14.284692508913471,14.275772815670498,14.271651601445724,14.26158656280304,14.299686729685105,13.772993291219075,13.725350249679074
Wp1XAgH7oJE,15.382814407348633,14.24766988805869,14.239779876705507,14.235561477719159,14.231511981982791,14.304168671599916,14.135512933731079,14.37569597049895
Ws7Mi_79OvM,13.28125286102295,12.550510189899894,12.557995044514952,12.538167225943473,12.55546684252076,12.543177480180136,11.725150610605874,12.764432326591551
WuhVT2bZ6i8,14.28127670288086,14.705434904419784,14.704192807421192,14.659904458752528,14.681810441451894,14.683818717387622,14.15854417037964,13.9167718315187
WyemT4A2fgs,7.8220438957214355,8.149770994819763,8.151401396861042,8.212013526568793,8.20022074983367,8.258942736973006,6.922322105089823,7.332802752352195
Wzorxdasl4w,9.896161079406738,10.399457197400565,10.41039394355169,10.426721571432598,10.429350508654549,10.396471034768183,10.59499459330241,10.33301333398835
X8F8eaKAsg4,13.810635566711426,13.737695720251232,13.7265169332779,13.730692003406233,13.72508328258428,13.818410485217468,14.10131833378474,14.896375024886057
X8fEcG0yavI,13.298648834228516,12.124847312766052,12.121655254161398,12.138818472474128,12.128834350947818,12.176227711103431,12.371685478846231,12.254183642476157
XIMoMC8rN8A,11.856351852416992,14.159088232635332,14.148163950421187,14.137999139897802,14.137139132666503,14.212468653043482,14.213195999145507,13.574496663834744
XMKj7HiU95c,14.99439811706543,13.489509015206082,13.476599659135859,13.496134614867472,13.483201442942061,13.571231566638728,13.937969411849977,13.85067293462041
XMdOEdDsO_A,13.675979614257812,15.782116817229527,15.778401747311817,15.749921792833968,15.754396570806108,15.78992755843195,15.629410682678222,15.520259871236377
XOKHCbs6rkI,15.758997917175291,13.958194150464225,13.958298828131205,13.924303403224854,13.931405190378152,13.931646421449294,13.825636191685994,14.589093080514564
XRqXz5oY3LQ,13.710651397705078,14.503583161621089,14.500854821063394,14.452617003364248,14.460178395714811,14.495418589855078,13.953982657114665,14.07198006517718
XWnaQkvCgJg,12.93710994720459,10.187667715571761,10.166979099083912,10.262464501396694,10.243557848496076,10.471013924452473,10.953104659716288,10.436707668770039
XdwYXdcxGyw,9.879195213317873,12.758681643666923,12.765916116091345,12.732567891317364,12.756290453324128,12.720336642994669,12.501094829559326,12.309326011906643
Xeuy7DQZux8,14.793078422546388,14.727426506554549,14.71980371479402,14.701534367803594,14.697178815490682,14.748064188726923,14.372051353454589,14.589973761622621
XhIvjmqBb3s,14.132285118103027,13.521183248576454,13.517899904122203,13.50836761690565,13.509491820817622,13.544400063530526,13.22788099161784,13.694983842736555
Xm56oX6_Yyg,15.283113479614258,13.743707879090302,13.745441711616913,13.731700437563726,13.737784760183523,13.727924160160143,13.617517280896505,13.852318421814681
Xxrw4rAK9k4,15.387279510498049,14.61386491149033,14.603224768309538,14.592282569402455,14.585931379049663,14.597640686422194,14.58064896965027,14.550020441175137
Y0IiQMS6aGY,10.740324020385742,13.924842364578765,13.905347365369039,13.944429961539635,13.905463703312128,14.026558344661845,14.471849913279215,13.763269292237036
YFEXKye4XzI,16.25128936767578,13.975183622921648,13.961415403328848,13.96681085771243,13.953836700093078,14.05297240758298,13.874432779312135,14.389076087827311
YNGkRufI3dU,14.514707565307615,14.170343210339071,14.159465528980336,14.154779275390018,14.141953635791024,14.192798361134274,14.195441231409708,13.580630136522723
YYSZoRN7_mY,14.272575378417969,12.881232666439592,12.878619264770682,12.882102861473577,12.878857961546709,12.913399708979705,13.415187004884084,13.501397040374636
YbSQYyT7RN4,16.943918228149414,12.27339357841249,12.249183807974491,12.305827747535607,12.28435247031303,12.489390439419616,13.260173345565796,12.014366297386978
YdW95_qWUAY,13.13198471069336,14.62453782139665,14.626193070041642,14.593805440479874,14.606905184474153,14.60327672484332,14.334440201441447,14.398781379849353
Ye7Ad3Mz3Fw,13.994832992553713,14.201186872361399,14.194796137160177,14.180803898675066,14.179524437991342,14.20562898159728,13.96247853342692,13.49545490521151
YlrToWYx_Ic,14.335914611816406,14.016399537965365,14.008130638498,13.998420786576913,13.997274944283534,14.042084158691184,14.289871867497764,14.492122722581101
YoCIdgGyaGY,13.233808517456056,14.695192489604267,14.69570039315152,14.65608484022183,14.67243660317819,14.662306692118102,13.407397239049274,12.554034829069176
YtoAYfpSZ8c,14.610540390014648,15.42870966417547,15.419337044890336,15.36922047570053,15.38164080373457,15.454749526448472,15.484784447987872,15.521227844699482
Z0gEURBIAC0,1.3862943649291992,4.452836787500279,4.499127530782323,4.557004383366108,4.574177459782832,4.440992716490761,4.668648895422618,4.320299385290369
Z2LS3JO_5bU,6.976347923278809,4.991167242480311,5.014922418505123,5.12438389474494,5.106548754771263,5.077651800641568,5.325575222651164,5.38763533305108
Z69WB1KnEZI,14.371912956237791,13.645711904520086,13.641851842942492,13.63331394397422,13.63329947423022,13.662578058965522,13.286165971597034,13.490955870378556
ZC3vG-ilP0w,13.33681297302246,15.001159157447077,14.995820974035288,14.978415752146617,14.978157578240411,15.00834368684613,14.749603740056356,15.407352002935204
ZHWyK79mibs,16.059520721435547,14.85517895990859,14.84995615084403,14.835437572577101,14.836766320704086,14.852779075435988,14.745821399688722,14.985710611502762
ZImM6Enk4C8,10.30888557434082,13.32852913929076,13.325032491626557,13.32736646410734,13.326071477409135,13.379304177704816,13.240211905161539,13.894829364627212
ZK28SSAPCFg,15.437297821044922,11.906502613682859,11.90876148930527,11.906151499227533,11.9070504651228,11.930900739847743,11.471813302516937,10.431225239542504
ZSq_O3Qhp9Y,12.621207237243652,12.891905071022963,12.898410204176747,12.885186896954016,12.889084684069038,12.86390203516894,13.00969811630249,12.382082350301717
ZWNPna7Lz18,13.455740928649902,11.246582831863586,11.25591708280293,11.263930178118805,11.2737083618306,11.274401659173412,10.23629014905294,10.672180338418315
ZfOvjZBKU6Q,11.072185516357422,12.691081786224908,12.696191689827769,12.666514235424387,12.681542342987631,12.669243179256064,12.073661921183268,12.402169378721034
ZfdEqxXQfmc,8.2495756149292,8.500766492760876,8.525106105325378,8.543919844974068,8.558262228128818,8.47751372263977,8.798164268175762,9.662516045844262
ZgSja8-w5mU,13.722747802734377,13.1495226027533,13.15179396962133,13.139480093309182,13.141429238096586,13.15183465727727,13.815433326085406,13.554424680222468
ZjRIc9Pki4A,13.41030216217041,13.623630273006407,13.621874886966914,13.614708282417189,13.614613173189957,13.63785352767915,13.830341909090677,13.655143823566961
Zl4v7myNcoU,14.34696102142334,13.242006534110923,13.246134464716723,13.237293040296082,13.246448425967253,13.240459717342182,13.255868889490763,14.104468757350757
Zo_D-FRBoDU,13.97302532196045,12.474732715842194,12.470756406201495,12.481549337978336,12.477503773704905,12.523065020907891,13.427773747444151,13.328210855101728
ZrB7GPNHqR8,13.816283226013184,14.76628168779981,14.760944318878567,14.722844073742976,14.732441753699987,14.765291640545115,14.72646069018046,14.326131740570576
ZsxjD8hGAPA,12.211085319519045,13.661756789635826,13.652573102615468,13.630474721701018,13.629054286563766,13.674510648283606,13.811496447881064,13.982087887244157
_7UCsWx0TeU,15.921825408935549,14.160074446272,14.159782855857236,14.131005588172087,14.13637015891897,14.151590530087752,14.319524850845339,14.743912421372926
_D74w6aKpfM,10.523929595947266,12.500734614911602,12.50724872973376,12.507817201237359,12.510796168112053,12.446431313707654,12.452120082855224,12.659115759540072
_DC0vNW0IMM,13.682493209838867,13.503972233689131,13.496431230565392,13.492505064059594,13.490303109213619,13.541710374499393,13.093209689299266,13.358026277975425
_HiNaxcOXss,4.382026672363281,5.224892715064075,5.234587197353737,5.338399897903213,5.326344783793401,5.395899673531074,4.232710391839345,5.203273600247543
_Nqmduiv5Gk,11.73888874053955,13.28285105354304,13.274856999198533,13.283791437267785,13.274037816773763,13.358206193649734,13.157447058518727,13.313454793698364
_Q9ZLCjbRlk,4.718498706817627,4.199414837701058,4.200569999601724,4.348736835902704,4.294657168715184,4.420404497846756,5.2832020080884305,5.65278654449115
_SrosL0WdOQ,15.211326599121094,14.44644925129562,14.436503341442636,14.427137638776804,14.415168332974522,14.481279323259264,14.085449176152546,13.906240205806014
_SsI8-SWNto,13.010065078735352,13.327321662189613,13.322005287103854,13.313564488333881,13.3128872375769,13.346806455522715,13.011218532562255,12.998031174863604
_SzBO5h4_h4,14.311306953430176,11.63894821510864,11.627418791141059,11.666983662031987,11.646068170902119,11.76227206548368,12.05143927637736,11.627187189200937
_jShWDT1Uag,14.08945369720459,14.431583596347883,14.421292119945155,14.412990184306148,14.408019599519006,14.497430070822235,15.116177726745605,14.994470502480278
_w_JWT7Qme0,12.462905883789062,12.781168697493898,12.776535097260526,12.790228386855057,12.783798691533669,12.825083707018074,13.570085013389587,13.624882647914282
a5pFOB_6Gww,16.574676513671875,15.160490829149976,15.16362962705603,15.11290305977436,15.13831292527068,15.147843535740455,14.585276779174805,14.764241644560462
a7So4mL2E9Y,9.492280960083008,9.424270275847933,9.43472818864407,9.454456149825395,9.46190468254757,9.442946927006338,8.327881884892781,8.969552257000617
aGGeznHZkMI,13.945550918579102,14.090302637841623,14.08539914449464,14.059712507200272,14.059262426891658,14.098619412785297,14.842579292933147,15.288864220212895
aHrRFFz2aaw,14.74876594543457,13.75841716559774,13.745275235392436,13.758816215457424,13.743160320391171,13.851010942575337,13.805029267628987,14.235583655844557
aI6Z8u9n174,15.408881187438965,13.274300387061984,13.258668942570765,13.28572308247459,13.276829662475505,13.401407866018767,13.067435883839925,13.287018110085379
aO1hEBB5UKI,14.283163070678713,13.021872171415637,13.014676229969274,13.02430186472228,13.019707085204603,13.078615120333268,12.796827635924023,12.166393302501339
aS5CVZczMj0,7.309212207794189,9.375002345957974,9.386528943311644,9.420633032608027,9.424938467951804,9.42388423312429,7.804696025212606,7.176387551079331
aaDrxWhDNAU,13.7941255569458,14.473906895273949,14.467805711752618,14.42250810070478,14.427078896572226,14.451533592006022,13.524078254063923,13.694764194902618
ajFl5Idvh3s,12.461617469787598,13.42833896058467,13.425162200788245,13.407959982057287,13.409505298298434,13.473434207565584,13.293879824797314,12.961564358798633
amZXZ_AT444,15.527610778808594,13.84544905752527,13.825764911703265,13.859902491796404,13.832285998561835,13.919684153819498,13.434188908259074,13.257238462328004
anxefAEUH1M,13.664192199707031,12.774122171367566,12.77392425593498,12.77460015715136,12.774516991214275,12.793646173306238,13.020517472902933,12.982219831302048
b6g_nNUcVAc,13.333928108215332,13.602245422082731,13.598238667759086,13.582830183311282,13.58378795035563,13.633066095262771,13.661529390970864,13.523210030980565
b8stREZGaC0,13.656279563903809,12.456732644025097,12.45567245623507,12.458659906027137,12.458056397263343,12.498852228415279,12.214529315312703,12.586763405615676
bIPS9DCdPV4,13.543741226196287,14.287629394572596,14.288316697746323,14.244061785572162,14.252358423278876,14.271372839380026,14.133246293385824,14.289628278820167
bIu5PeWhS54,13.131196022033691,12.850663172566561,12.852842793308392,12.84361487967628,12.845528740774832,12.85276588525833,13.06556908416748,12.704515429040592
bRWlY7oG4Cs,14.944881439208984,12.252042107605897,12.255488674471442,12.250482835315802,12.259047256748884,12.260884824194898,11.800667649269103,11.44061701956844
bWINKT7fnVs,14.776915550231934,13.8386153865376,13.832227125814546,13.811036736222116,13.811446548276573,13.864518621321636,14.401482563018797,13.485369188703062
b_MWtxjRghU,14.096707344055176,13.639709707023727,13.635636400974251,13.631290943538362,13.62810014220861,13.710849333428412,14.626408461729687,14.47830324400943
bdIWNztyc7s,12.586821556091309,14.844805752423255,14.832980756173763,14.804762518859022,14.804526401363256,14.887023542524055,14.78433556811015,14.111934263063366
bntls_a5YDQ,15.409658432006836,14.244502510510998,14.24355751520722,14.226065044898922,14.226817528528699,14.24849051219554,14.401959309895831,14.458201930213752
btYS7DhrvOU,8.923458099365234,12.525928046286195,12.52601798753375,12.530570892042197,12.528052953572711,12.544779351225522,13.298596238136293,12.957993377604872
bvZIUd32lgs,13.006328582763672,14.185316670112394,14.181524049051463,14.13041898906886,14.154065042309247,14.185827007411097,14.671848624547323,15.287010185310367
bw2mE3oXISY,12.668126106262209,12.103600562775325,12.105434004947634,12.093275965291369,12.097979092166781,12.140705035069061,12.118344022750854,11.458136825529627
cIzYgH-8LfQ,14.724076271057127,14.340863671645925,14.331733072457789,14.32677779607466,14.324699588023213,14.383356582772329,13.927500336964926,14.241406486514657
cN84RsZhGt8,15.694097518920898,14.430128889843067,14.419701670897425,14.419109419002728,14.411552278229586,14.463040179177463,14.919253868738812,15.217714558040788
cNXOIFeQKHw,12.704044342041016,14.345230975813786,14.337720420751205,14.307812778056922,14.310225599939585,14.358886985199886,14.006483400980633,14.865090916925098
cg_x-b02jTw,13.492741584777832,13.604866744246602,13.59505389276889,13.601248412375858,13.596649123501377,13.64018616176771,13.9616223710378,14.10906364868314
ckLk0EJqLpk,8.577912330627441,9.172816753459422,9.190350952404573,9.19571961156661,9.201246124549657,9.15982988033082,8.547408109664916,8.59342979558159
cwcETfcJtRk,14.084098815917969,13.864255255528528,13.859424516619809,13.85748869520411,13.855184725246206,13.87291763975736,13.988986821492512,13.788128163889942
czJ-ZVIXc0w,13.287775993347168,14.486957512089035,14.482381779315695,14.453104166831869,14.459945568543425,14.497233633293419,13.955872567494708,13.710521526581502
d3B2h8VOINc,11.208043098449709,14.492299927580016,14.488948061147164,14.453934866780385,14.454520782130393,14.485041498411581,13.893542667388916,13.250494967184592
d99UXbWnVd8,14.071003913879396,12.380752459177273,12.368162026847349,12.403327089791427,12.366870541008842,12.471376301669174,12.94565948486328,13.415254603573777
dCJbhGlGBKw,10.968180656433104,14.03952722206506,14.034897603632714,14.030095577190812,14.026145803149868,14.071316029397451,14.752731113433837,16.03363853585044
dNIY3-V5oTg,13.098756790161133,14.40268978538551,14.394802745151194,14.380449618649402,14.379227371014672,14.44190350333927,13.54787151145935,12.793277462465456
dYThAX_xm68,12.71511936187744,12.582371153567474,12.578667230608469,12.59439365383237,12.585691847697795,12.63913474765881,12.609212150255837,12.356325011877532
dYnYur5tdUQ,14.626775741577148,14.219831719508178,14.212226608514063,14.213965994527308,14.209790740826437,14.24310196598075,14.01769593111674,14.693782096812333
de10Z94_1b4,5.493061542510986,6.636876952285852,6.651120628443093,6.752393912866913,6.729567672076976,6.694042373390104,5.834667758782705,6.5412313790886145
dfKQxWRt7yY,13.632441520690918,13.691743080378096,13.69341569518542,13.668939717404081,13.679378696279409,13.662640581290056,13.217956602096558,13.517368693675417
dgkYhK-ANek,15.08370590209961,13.557967564345295,13.555736662785051,13.533406700083939,13.538990141817052,13.572143445518885,14.024641583760578,14.545911487995724
dlKJjodyUt4,7.749753475189209,7.906009715531606,7.929193902900849,7.950544136612518,7.972909617718057,7.897615199089183,7.717324418703716,7.405906964545234
du4iwMe5JE8,2.3025851249694824,6.573665510657539,6.5944851728145935,6.646528939093453,6.6447274871557696,6.601214027832937,5.631573071797689,5.002813228285915
dugcpLrrprI,7.264029979705811,7.187620035315452,7.233234962105475,7.207112954650209,7.233686652359744,6.955218317486559,6.382529599666596,7.1083353952861
eB_X2hjTS8k,12.821142196655272,12.642225783542356,12.608443911918977,12.698660516961695,12.666054486803953,12.91759301222652,13.147826754411062,12.542564027667979
eKIUO_C_NCI,9.029537200927734,10.891619904795617,10.90130157860135,10.925857437321476,10.933015212438425,10.906869016948548,10.62370058441162,11.538770326619327
eV1w0pViXW4,14.483811378479004,13.68644964438674,13.67825534582255,13.68438661395276,13.678955075511139,13.735132352248739,14.643991696516673,14.582213778021824
eaTnAr3AUko,15.0694580078125,15.167337056726366,15.16118911059425,15.123556475293483,15.117972653422756,15.174907401632092,14.715809209187826,14.778831025694005
ecVeC3zbJ7Y,14.241449356079102,10.872865139890935,10.89965172309701,10.882304623908396,10.925989524550088,10.801127695872163,10.913103746096292,11.593682673340686
f-Ds_sJUoa4,14.92471981048584,14.00021870605588,13.99297468352979,13.98666782244632,13.983369674279741,14.060145339013204,14.669474298477175,14.567840617073287
f5rPUVYIM-k,13.918813705444336,13.615660072008586,13.611843297791333,13.593862184682644,13.597170505447643,13.64653004742135,13.209391405741373,13.575853562126758
f7mI83GXKpI,11.7025785446167,14.087129908853782,14.07866931036216,14.069376869693501,14.058435262777635,14.108470550009526,14.234335349400837,14.400462519398753
fDli6ReZVy4,15.541651725769045,12.912650258659623,12.904522245561537,12.916086434449467,12.911233437557437,12.998386179940532,13.899299342950185,13.615298220699612
fMjmNPJHB28,12.412607192993164,13.290659927422942,13.29257224581418,13.285343524330903,13.286972589127705,13.293243826348222,13.671463338851929,13.392857945358811
fNiWzrtPQqI,13.691186904907228,14.57062328802805,14.56090787910979,14.530679294836967,14.528293591752098,14.60065488439299,14.63185825030009,15.106152559641835
f_bUtopi104,13.402995109558104,12.384470871535255,12.379316366311398,12.373709046962416,12.371353485150872,12.405194522152414,12.554246527353923,12.254170997973139
fgWr73pD6iI,12.772689819335938,13.669293835222048,13.66830018716985,13.66175613756697,13.662936922314847,13.696321157840494,13.790529004414877,13.397311562392593
fgmNvrvonig,6.073044300079346,7.140563694894358,7.173225124668696,7.181362589979696,7.187333207466292,7.096815565667952,7.4273564674059545,6.141130198391887
fh8F9GDMiXk,15.123502731323242,15.066122816080115,15.06947315544231,14.99428771651383,15.026215814121118,15.008944249751494,14.591556015014648,14.907759894107715
fk0pfbR-SyU,13.741658210754396,12.848352869221538,12.85570089814558,12.83547018898423,12.855451783617488,12.852684855655923,13.102880516052247,12.999768852689188
fkBuJSNFaWs,13.771992683410645,14.10823574057882,14.107306754115221,14.091733684147144,14.09244356988051,14.036067763341137,13.84930537033081,13.697862386103536
fkWsZV3Xm-w,13.118417739868164,13.44043271882302,13.440542348718894,13.429946913432724,13.432347447061455,13.439301062528676,13.118391098022462,13.283754430200316
fl5p1Ct96CQ,13.033506393432615,14.480309889565882,14.47458664646119,14.459674232974068,14.460920282628528,14.503756939826554,14.30495381863912,14.661280569813497
fpvl8gK9J_w,15.53405475616455,16.59561789299657,16.66233173251686,16.404211926643374,16.5243596098617,16.120020409831554,14.761358970006308,14.292234577047045
g-eO8wgNLII,12.283635139465332,12.159125684301813,12.154680446201331,12.15184158381995,12.150593085393085,12.23854657023297,12.28886730750402,11.90705373188664
g20KVxi5Mf4,15.633484840393066,13.134050399256685,13.12409395878076,13.138904273016564,13.12970474841949,13.236460200812784,12.835929935614267,13.192178573303217
gCPbyJhWbFg,12.506847381591797,11.985366118960732,11.978452071167268,11.999120988223398,11.986157827175655,12.04149053278667,12.473213640848796,11.862259302824379
gOcgh8YEb4U,15.376139640808104,12.31328057039012,12.317008027644787,12.31598369441707,12.32263959584114,12.32718518683024,11.83724714978536,11.2005367061414
gUnqAyvYN9c,15.256258964538574,14.526648653341455,14.531479437143902,14.467588163660702,14.496985177724275,14.459093850779086,13.499547665278117,14.417592758679282
gVxz65CD_IQ,7.344072818756104,9.19558055301727,9.206104982592104,9.230711043308897,9.233369338473407,9.213518671204609,8.236309333483378,9.51492790099298
gYQ4QTzjMhw,12.665864944458008,13.668357988969403,13.662380014724725,13.649438537757595,13.650322328564116,13.713969333057298,13.221939932028453,13.633242305021787
gZzzaXYR5s8,11.063962936401367,13.036857188763998,13.025206834274345,13.052302407882626,13.021773927639773,13.123815065070843,13.223371281464892,13.292857666238069
gsfdchVrBLo,11.816550254821776,13.003387230441403,12.9885068848275,13.02248146161782,13.0074535514944,13.168460195525093,12.605533487796784,12.57589932060362
h82-1URovzc,13.20141315460205,12.670087045410503,12.658267568610894,12.688239143617333,12.655663794545278,12.756036257146055,13.467845319430033,13.79037199318794
hAvX1pgwAIY,13.060710906982422,13.976976196241262,13.97921650283314,13.953428216404179,13.962212698621277,13.948195742363202,13.647505091349283,13.693341245066543
hWXGKEwa810,14.273821830749512,13.669008421916722,13.6688302279916,13.660663653410943,13.663907857978344,13.706972785440849,13.55522629737854,13.62530260522347
hWi6t9fdzCU,14.612408638000488,14.054850245356368,14.045105711890045,14.035306886692291,14.030860833876574,14.116282971056757,14.220265928904217,14.08134644859333
hXZueIoq1jI,10.78199291229248,7.793177871569829,7.827767660022023,7.830852152254476,7.842514501551091,7.692282541767743,7.642953011830649,9.697732812312209
hap5zzcMBMs,13.86129093170166,12.651782324034023,12.657996945215237,12.635774197737222,12.642775828447776,12.631605599709134,11.234570176442462,10.854985038797432
hcW-ygHI800,14.010787010192873,13.731217334266669,13.736013857708208,13.71321900825158,13.721543493143344,13.694818582637659,13.244540976842245,13.266503906704456
hgrsmjOk1cQ,12.72872543334961,12.033928458060721,12.017384624220966,12.056140268737428,12.034828942638251,12.216055897997864,13.316295188268024,13.61058829258836
hp-ZncmAicc,15.00256633758545,15.684034655425583,15.682051046745585,15.628375232656106,15.645508762463663,15.627051337740133,15.68788948059082,16.369199226384193
hq70EmhY_qg,15.118298530578612,14.114083142717442,14.10325853057392,14.105610088712018,14.085733465657983,14.136411535265028,13.687852540969848,13.43360020413926
hs85-ZRfCxw,14.524903297424316,14.163867208702051,14.170163241524678,14.124561842811483,14.14576584527766,14.116799603416638,13.862285110473634,13.782164421835384
hwkCPw17K5w,7.181591987609863,7.82222375249417,7.845663643358331,7.855688607761041,7.866005206280562,7.760861213245143,7.922744833946228,7.735904989213782
iCnmRP0Bl-o,15.204349517822266,15.181334702098818,15.174489505704676,15.137108723640457,15.136556206603023,15.166265407515688,14.360997090021769,13.417469094692608
iEhZ8xVRe0s,14.876322746276855,14.905195565342368,14.889781919191657,14.866069177577705,14.857641597591607,14.96000278555816,15.06422165298462,14.776575134415289
iL1KZg9Tnnk,3.4965076446533203,5.930553052253522,5.960216553450592,6.033344907287314,6.035062838021389,5.936825357319717,6.242774191856384,6.4651836351204075
iMm2lhGZog8,13.467552185058594,13.392545754127616,13.394297699027897,13.374378818648992,13.382470083373528,13.392453521053545,13.389524422327677,13.950265287967994
iOgR7hi90Ac,17.30062484741211,14.716117248057076,14.708501578558746,14.691614254220923,14.691820364782947,14.747906531461908,14.093182371139525,14.018301563062833
iXhT_GkKl2E,17.344741821289062,13.488158753460986,13.487914611849584,13.457238857631886,13.462466879498285,13.515700081975039,13.32699607594808,13.41850594378918
iZ1UNAnjbkw,15.07499885559082,13.659261200096315,13.657985825120413,13.628179961017088,13.632923669097103,13.658439684133574,13.866463010470072,13.734010497851132
idLIfLWioXY,11.981271743774414,13.994973584571653,13.994839554703953,13.972799822844124,13.976113179247585,13.983564381446435,14.318718105951945,14.550218892461578
ifk7Pk4mFoM,15.75593376159668,12.96012475288889,12.954572496270783,12.971311455371671,12.9640424503956,13.013502695481236,12.685772620201112,12.046602752235323
j7eom77gGGI,4.394449234008789,6.938971483659752,6.9722995300250945,7.024652764366955,7.024926070352763,6.864156603461683,7.029961728254953,7.541748781908873
jBRl24YLv-o,13.813899040222168,12.959533791075069,12.960151019813713,12.954595759937908,12.957688917161057,12.959240524286715,13.199579868952434,13.366114773675685
jFAt3NsagSo,12.420215606689451,12.304793986389525,12.292441553795518,12.32221576072913,12.31463037984454,12.438249268949804,13.646656796137492,12.284341052759958
jKQcJIF6pmM,14.015092849731444,13.003702527498916,12.98605888136832,13.01089640676389,13.000293500953996,13.162892943054196,13.816401246706645,13.23613894903781
jUkLjAUXUlU,7.229114055633545,6.8915486464218825,6.914410703202261,6.945532798940918,6.952005921775181,6.907174516607776,6.769585661888122,5.511020774799097
jVE71TKdkjo,13.846949577331545,13.02640975662482,13.023826195035141,13.014735749156955,13.014119732918887,13.035170304071473,13.286505116939544,13.332841513391918
jdj6ntU-vG8,7.146772384643555,7.207175849578412,7.245339481777555,7.239048711843462,7.267061156328232,7.074785226978842,7.663842711607614,7.767406740584247
joCcfuVGYXQ,14.932649612426758,14.207374625525944,14.197517169507917,14.187249268315426,14.182850160569174,14.255047964141724,14.235933751265208,13.962824185271366
jtfsPMTIRl0,13.918700218200684,14.618699373796503,14.617682908705996,14.589684017656852,14.600100040719354,14.625334708562368,14.214818935394286,14.687823194742398
k0_WvflO4xo,15.800562858581545,13.920066873420154,13.925638642966925,13.89881207947478,13.910752810669551,13.884476169733118,13.396896065394083,13.166091798033536
k8NC9gKz--I,10.468403816223145,11.57498955892642,11.574789447841212,11.599882904829627,11.595374891479926,11.64589911938126,10.984463067690532,10.481249290073366
kEThxtqF6iU,13.423181533813477,11.52386836271266,11.535834778745963,11.529171586768966,11.536160069567089,11.500548787785595,11.979280014038087,11.828905669100456
kFaHoIiFLbA,16.776212692260742,14.824483139746041,14.814050794527304,14.789904531907444,14.784386088355808,14.856661056867793,14.743411568959553,15.108328608804861
kGph0UibSE4,13.198768615722656,12.489819200421676,12.485174046119107,12.497395718175556,12.493663023279465,12.56696823000435,13.428150810241698,13.724461480907562
kHp9WAB6RLU,13.888506889343262,13.296870724886732,13.283141651356987,13.297485045051838,13.289570800443627,13.404514793937466,13.837419109821319,14.48609486973711
kLatx6YvTII,14.799437522888184,14.741660951960617,14.728684036761512,14.730170187930161,14.717280589677216,14.83040364217937,14.98604817390442,14.97372609306506
kMOnkej8k6A,12.10582160949707,11.189759854564466,11.20112110342285,11.189996632471315,11.197077345869163,11.159149392746478,11.956844928105673,12.456286780503072
kOMJUvbBxVE,14.28953456878662,14.64404848478685,14.639899811626938,14.615758812050231,14.618795325386571,14.652227685501856,14.270425329844159,14.316829361442197
kR6oAZwRUJc,14.898818969726562,13.613138276782692,13.60985387253177,13.587129653043855,13.587080549064423,13.601547640426935,14.321573872884116,14.126890204379427
kgjqXgNzT_Q,14.176339149475098,13.719670622004037,13.712923782856114,13.688916871791804,13.692233648129404,13.746106182348846,14.352699043909709,15.137486233343045
kqQw2xeMmEQ,16.121410369873047,14.975377155299265,14.960700565440447,14.9588526442439,14.934411022407586,14.989337026568512,14.199244384129841,14.310615516751902
ksKLGw4ISZY,15.376486778259276,14.283633919728162,14.266371807021834,14.267562862635566,14.259295063496893,14.326311406567742,14.56145166460673,14.263242726925201
ktFOFxTZ-w4,4.804020881652832,6.796953251192472,6.821096678579548,6.856430213061107,6.866017892990302,6.8115017896100385,5.709842912832895,6.3125325390570834
l14fMN7vG0g,11.458120346069336,14.490094905542785,14.481190393450788,14.469339267734112,14.462059552280083,14.501472251360907,14.454952461242675,14.386882404723318
l6Yrf8Mg9cY,13.79459285736084,13.122017426807496,13.118281419651199,13.106521822333606,13.106946806430853,13.127363046262866,13.95996925719579,14.535291972008544
lFqTMWFQnIo,15.190425872802734,12.684191268729199,12.681500416634606,12.691036561281328,12.688226799196629,12.727748976719788,13.181195856571199,12.325482267094536
lGgptu7klVA,10.236130714416504,8.316185203692994,8.35081900251012,8.350848327403172,8.399234811220087,8.276266575077226,9.108479683558146,8.382206325647964
lNhBYEwu8vg,11.609262466430664,11.889869210948826,11.897381617962145,11.886577125916927,11.893401034146928,11.886245491941745,12.037391791343689,11.034064221933201
lV1EM4teuOI,11.895012855529783,14.593390352481116,14.58328273333713,14.557987048198683,14.556818304003789,14.63802236001881,14.366830464045208,14.574405654156012
lWeTGgNAxN8,13.780325889587402,15.060716743564571,15.055082941433469,15.015953533579719,15.022517469940942,15.061720795325485,14.890139050165812,15.236325496439784
lcpmKxExXw4,13.818222999572754,13.791728589252003,13.78122185854103,13.787006281915728,13.782182150021962,13.830078247615157,13.598752783139545,13.613403851845026
lkSqjmmvpnk,12.77973747253418,13.492877414422486,13.49112232217999,13.464569001419944,13.472232064300982,13.498827252798884,13.846230964024862,13.44647527390458
lnvhZ6v-HUs,7.724004745483398,4.548454627814525,4.60279998758056,4.642308538583567,4.7049023935066545,4.507372272564688,3.6909988120396933,5.540853791954558
m3__6vgYxro,13.7174654006958,14.88769996551265,14.877745317400416,14.843788487992834,14.845921632707233,14.922320986828032,15.261399436950683,15.493674307629552
mFwlQR1Lc8Q,7.2562971115112305,7.309925502149047,7.325520444338697,7.408310501365743,7.410111728629434,7.406365815323138,7.26882451915741,7.77736940120024
mIKVBoozlKw,7.888709545135498,8.301200065038387,8.334124810718793,8.351923289008134,8.370150177687457,8.230665975350846,9.75059141699473,10.10897940289641
mXkw057jpJ4,12.823081016540527,13.29497834071322,13.294729217343255,13.282677744830371,13.28845150905731,13.299415768574876,13.4874728864034,14.105953359516604
mcdAbYdrz5c,15.116499900817873,14.056648465886829,14.047986665218524,14.051054015263267,14.039130406419934,14.121040373089391,14.256312475522359,13.735430364973004
mrSEbbQxlvM,12.945423126220703,12.982168053815338,12.979752912651293,12.975532041046138,12.97450043651557,13.0027398076747,13.942262819925944,14.045561007950697
mvkv6VQ39R4,14.419350624084473,14.085558737743094,14.081685271359612,14.054510224452459,14.057338552782104,14.086367082608026,14.779282073338827,14.738804668784868
n6_Q2G6bj68,9.02821922302246,10.48035951651039,10.486249588073454,10.52226128341912,10.519308170204248,10.514070728789461,9.73061707464854,10.120733099039287
n9Upt3csn9A,14.077442169189451,13.892338530160936,13.883920945419542,13.891031783009774,13.872887107148303,13.929907764522946,14.117611159324646,14.15003194791125
nFNnULD3DsY,14.484481811523438,11.411834497252068,11.402436579965523,11.444106458811682,11.427820921764052,11.52865520742993,10.996598038673403,11.75756410819587
nH-q8lL6pmg,9.965429306030272,8.28731064617997,8.302754075308995,8.322011773642307,8.332926195780857,8.318354435083917,8.085108638127645,7.945509048667138
nHONUNywsgI,11.315669059753418,10.904648344435984,10.885162561914397,10.94817402332825,10.882150551739976,11.068367550682856,11.85324026075999,11.121924874028423
nI_mQKzxIxU,15.747790336608888,14.01890649341991,14.010626040106525,13.991031429876132,13.988918654333775,14.057998271322747,14.47927332496643,14.865098869332904
nOKbD30XNgs,14.341440200805664,15.153088282585097,15.15313454268543,15.088026340410813,15.101835667297294,15.098475461428189,14.966772968292238,14.183927345906111
nRTUvHpvK4w,12.038115501403809,12.999906392142941,13.00681048693185,12.991557876281009,12.99554325852398,12.993296091030695,13.709417421976724,13.391904367328493
naKQU5zorRQ,14.65931510925293,13.074724917989386,13.07405642438531,13.065335575965522,13.06686035575909,13.093474992810442,13.459601422627765,13.445131634657178
ndhtyH6c0Tk,12.278816223144531,14.41509660932582,14.412841545664655,14.396781913620678,14.401891129180976,14.409139743644268,13.977983345031738,13.522030927025922
nf7-4ekzr3g,14.213537216186523,14.43637759206087,14.436406032888405,14.40203416710006,14.416928154505262,14.414113497243159,14.153367102940877,13.710400626543821
ngSjEs8anjw,12.499346733093262,13.53638247174248,13.538286316793238,13.516939123415156,13.525464993373562,13.520628573296777,13.494317276636759,13.722164600628469
nkcbxohDcbU,10.798595428466797,8.058863247208777,8.09554623595235,8.103556695087422,8.121081649550582,7.989596887598434,8.26272103913625,8.050111417038295
nnLze6m8EvI,14.279810905456545,14.876782229847159,14.86296321398163,14.85490397345747,14.837131094639586,14.916195204343635,14.694765296300252,14.560579087280516
o2ED1ZvAk0Y,15.977810859680176,13.837456121249991,13.82192682054381,13.830813477390016,13.824068303591025,13.928174688874693,13.924609459400179,13.663140834610227
oDNyvggPEJA,13.492319107055664,13.79932736897655,13.794696892880978,13.78084032785496,13.782206489866809,13.818511476474384,14.339762407302857,14.557269211191993
oI0v4FvOL2Q,12.065338134765623,14.083488828016689,14.071017956350756,14.077709534191968,14.069316036694195,14.18885723580749,14.495436537424723,14.254241829043417
oOok29OcKZ8,3.044522523880005,6.463399645994925,6.472799835658812,6.505799619384437,6.508411807689786,6.496858566948883,5.423458007971445,5.062313627538077
oUPeZfuSy7A,10.009557723999023,13.096806180822023,13.093522889199901,13.09908700452228,13.097089219839432,13.128563400369877,12.813867355982461,13.150111528387876
oaReaahDnKM,10.575692176818848,10.26770096701157,10.268830452757065,10.31365394012912,10.30317057869194,10.306750399108056,8.768046727180481,9.14263630495358
oj-iQ2oG_34,5.72358512878418,6.498487306724658,6.53378214283859,6.56325124941671,6.578951981316845,6.477070619218403,5.223539637247721,4.436733233559888
ooBuwqYljrQ,13.517498970031738,13.882862083464145,13.884153670351964,13.854371930107922,13.869533184800261,13.896083900780562,14.377648265202842,14.680598699114716
p2x6deM3eas,8.563313484191895,8.123017181902954,8.15072197977893,8.177515565379073,8.215552403018398,8.126944143901284,8.322926609039307,9.627277415584658
p4H3O_ZAzHg,2.1972246170043945,7.200124738291541,7.2233424648534355,7.241316366561615,7.254819783109714,7.178242535025455,8.035507251739501,8.373998751146313
p4KZ7JasedA,14.663186073303224,14.164168228616104,14.149870252634871,14.139583742259996,14.13289723838299,14.224327495637459,14.339463008880616,14.635276885783101
p5_Kp6DkHSA,13.479491233825684,12.12308859143667,12.1164488931542,12.126025592586537,12.123001550749166,12.165943115471238,12.893733310699462,12.343704772994412
pAnVyPylLak,13.676337242126465,14.254272116980992,14.253791036245863,14.203496800395513,14.220239984164188,14.232787223301132,14.486834364573161,13.68848354850453
pBHW8twRHhA,13.991211891174316,13.944103678206602,13.937269686497608,13.926627727036966,13.924996095730469,13.938040969187355,13.882271112442018,13.988141339893327
pBlTkvpQbQ8,15.220364570617676,13.612160967160795,13.598908371941024,13.597180645084558,13.577819572035954,13.67319216168162,13.904012484550478,13.577290796426155
pReDuSO7fCk,14.323688507080078,14.638985388189026,14.621363386683276,14.627977632973392,14.618254978797738,14.727802373801753,14.413489728291829,14.649934883355115
pTpL1yvFNKs,10.32829761505127,11.226988666389204,11.214887991260207,11.264316419483166,11.237745495036664,11.387612025441898,12.369317255338032,11.81785976650391
pU8Jq17Tfys,13.620229721069336,13.749082184241454,13.747161986950752,13.71759845023385,13.721161409210469,13.691941469303785,14.247493926843006,13.89476513790269
pUZKGk0JYiw,12.475996971130373,13.122488918974389,13.10589215377316,13.145639688201099,13.116358666109447,13.211388559168403,12.27401442750295,11.759064955140383
ppqx6OZbpLI,10.218626976013184,8.176670422390721,8.212563458247603,8.23510078208884,8.26888559273194,8.121796503852915,10.811856415112814,9.977904469417098
pzTwTEhxLmU,11.113029479980469,8.83431038292799,8.860917393085884,8.873587321709188,8.901235272201022,8.808648889465543,10.921401710828144,11.40622379064945
q7yV80gCtnw,7.191429138183594,7.405806222515018,7.451508188920154,7.446089317534761,7.506133898959763,7.292393091393755,7.8889877309799195,8.05368465387104
qKKzXszFlHA,14.37060546875,13.033256317339541,13.012237428597311,13.058632734231674,13.028318502940975,13.212679763628302,13.543868912378947,14.267382827186665
qYeLwmd0-Bg,12.7359619140625,13.002640799910353,13.002683371357962,12.985562658953091,12.990126321360245,13.010346112434169,13.727195440928142,13.656752969129847
qZ36leiBFbQ,14.416596412658691,12.664162898178624,12.661549701753538,12.666170328954673,12.663027159269207,12.71384438965469,13.165560310363768,13.611420667688074
qcTQe7Y2z5M,13.713726997375488,13.72177365423587,13.719113822622598,13.695477537816842,13.69681030152772,13.706851329479255,14.005733374277751,14.0968760755292
qdjFgZa9qu4,15.130447387695312,13.946647599880004,13.938056855435626,13.940004225581722,13.933786776917236,13.97313176156164,13.819938013712566,14.16882824351102
qhGAJRWkgBY,13.3157958984375,12.904815724604887,12.9085706954122,12.864298689804764,12.88491799002145,12.869769799953723,13.95249287668864,13.549310282655462
qiFmJxfZ8lA,13.07188892364502,13.638256777379084,13.630727161110208,13.6220909983171,13.61982771376515,13.682536279878235,13.57922393544515,13.396682233975989
qoJyrkvBhVg,12.61456298828125,13.565444314255535,13.563789206897019,13.544872279160288,13.549095658495276,13.57914542008856,13.147249823729197,12.969709945868203
qyqcbVonzKc,12.431784629821776,12.66172365063882,12.66254072194919,12.656287626805282,12.658814339485248,12.68700320624737,12.971687435150146,12.852804779559134
r7GkTFtlP-Y,14.073827743530272,13.30887378882406,13.312213996857302,13.29010073295265,13.294869568350592,13.28156329858468,12.99290654373169,13.203012735158971
rH2u0qUyLQI,13.183012008666992,15.183118436896171,15.182629132316313,15.128989846402803,15.144569876966832,15.156695812568847,15.047752924601236,15.625554755657383
rQkvbxODvu8,12.872105598449709,14.474451758968774,14.471142338879893,14.418311103735222,14.419948406170006,14.459837807011068,14.153580560684205,13.926240384091583
rZbaU6cApdc,18.245515823364254,15.52830143736235,15.530476700623998,15.46518797263134,15.4980939299081,15.492357154231547,15.099179021835326,15.428801827324781
r_lCtaE2hNE,12.26006317138672,13.312174602994574,13.312013409688737,13.28796535546436,13.295644549061768,13.313079432019295,13.709609897613525,13.670799756362122
rb3f-4Oa1bA,9.853772163391112,11.054421304202528,11.053128888456868,11.069362884941825,11.066118473354678,11.119906718838642,11.074607380549113,11.715438513315265
rrtIpXbGd1s,15.271678924560549,14.561174824983075,14.55807044025517,14.521245561892734,14.525463505401726,14.528462316765376,14.037538715998332,14.673020741038007
ruSIi0DbCyo,14.784856796264648,14.928887228605435,14.919924877120977,14.853524235350116,14.859914148376134,14.916828879573012,14.589348162333172,14.041641759071124
rv2Rl3DQyEg,14.259584426879885,13.688880079805003,13.679397586745743,13.671704590701651,13.667297588071113,13.712690676002373,14.055516248703002,14.155429364076518
ryUOt3kK2Ow,15.48328971862793,14.430050587729456,14.427993923548735,14.405326090070567,14.409901127867462,14.440707162301104,14.02835752105713,13.869415674290517
s2DlkLqVuT4,13.152409553527832,13.803369547055084,13.789619351538432,13.796957507171484,13.790173129620669,13.939360813186932,14.276695103963215,14.344658194676372
s6ICJrspACE,15.075027465820312,14.145386871983026,14.13279470934497,14.132055691257216,14.11885374753453,14.208026676405447,14.280708896478018,13.795107295127176
sUqbOScjZIg,13.557156562805176,13.479605744133934,13.4814547001641,13.455161893415825,13.45833842286,13.462049375702385,13.41118871498108,13.484876712060284
sUqwO91zbdc,12.76734447479248,13.03998237442174,13.039573133884723,13.03334592001269,13.035098136742754,13.069729474261296,13.307599746704101,12.875125434881099
sXagZeRlJAs,13.707808494567873,13.165210371707209,13.16359152775292,13.176917785446093,13.172362967736875,13.111613414716162,13.908081541061401,14.214966304930039
sir9NCfg5ig,11.516966819763184,12.34666520633087,12.347831516794585,12.345522909943861,12.348507043348084,12.373756713913835,12.391814302285512,12.149359526668306
spLWTxpA238,15.547383308410645,15.164816754357787,15.154198161638798,15.131110296317337,15.126327724364955,15.178651976899147,14.513772404352823,14.399072341337815
suUvSetF8_U,15.460773468017578,13.200136954509754,13.19364162860733,13.19324406061753,13.191009573222535,13.25097247946563,13.083703503926595,13.419130177579108
tCSN5WT1kdE,7.273786544799805,6.056177416674797,6.094251566858138,6.115374918014974,6.140612243123069,5.966341576023704,6.839395650863647,6.302822578230693
tHED6G1y28M,10.058566093444824,11.752366634248174,11.742189398788577,11.772130912276936,11.755030901809663,11.826038458433741,11.500850675582887,11.860812741574955
tOwX4dZDPT0,13.19870376586914,14.329904270035087,14.324650303790213,14.302640474920196,14.303783352208633,14.359718134482712,14.19420336786906,14.050967555113857
t_Ut47p6O-U,12.960392951965332,13.378021941135842,13.379614178934476,13.361032872055654,13.364772746530202,13.374987432843541,13.029364472071329,12.743634570263964
t_yx2BzTPG0,14.68625259399414,12.234661056467615,12.23040627370707,12.244791618827902,12.237345199776795,12.26524154883172,12.177327201207477,11.428714475734443
thLCgHpLTio,10.495293617248535,7.178258501051393,7.2082060351116946,7.262348364427577,7.26104097811755,7.125876265085914,6.668459129969279,6.468285520394016
tsgUUTacGV4,8.89631462097168,12.654233906924256,12.663950869898741,12.62629535217212,12.640164587609588,12.606016683968377,11.722894236246745,12.217269135819175
tsr8gv5YskQ,13.459592819213867,13.283903338687042,13.277806330226506,13.28202118225436,13.272584573798925,13.310562005358731,12.532264633019764,12.652736817925977
ttIQsMyF_oE,3.25809645652771,13.396445034161765,13.386695667081435,13.386492815937137,13.372339380427627,13.431335555096547,13.50452254295349,14.284509383173784
tu_TZqUDbhQ,13.661383628845217,9.364989262119643,9.385859152932499,9.401734903447222,9.411459796120893,9.329092117355943,11.26735369459788,10.741443220232187
u-lieLKwJvw,10.299508094787598,13.008103779110854,13.002226859059412,13.008143411056873,13.004813833425295,13.032860943826284,12.931888044834137,13.641893200855506
u46nGG3-f3M,11.88802719116211,12.282667406116078,12.28701963455883,12.29237807354049,12.29487725459638,12.2956481521294,12.924782087961832,13.039633399780014
u6Pq4i8pRP4,15.892685890197754,13.911282596741628,13.904778688306367,13.883861199735072,13.886081375703272,13.956847069276506,14.46839837582906,14.757401928436963
uIVPYZ4m3tk,14.555663108825684,13.533937043224034,13.526607903263917,13.53765414794625,13.524061948072164,13.531076140772745,12.11647578048706,12.609679709322933
uJGv8wAGhk0,15.148728370666504,13.953420092028248,13.955988293470169,13.901889587649379,13.91559654667855,13.931256734449201,13.800627862294514,13.512288948724477
uNEdzRVkIRk,13.88385772705078,14.07468510973898,14.069793152656437,14.072140865616818,14.066782539363468,14.068420159964447,13.79464690430959,14.089170234165556
uY5uIXI08SA,16.614147186279297,14.378143914210815,14.368874615726062,14.354369210599517,14.347591932531406,14.402225273089043,14.059124825795493,13.638361366446853
ucPQatPwNhw,12.877572059631348,14.918610590982036,14.90916109776019,14.89214727932051,14.891672083471647,14.950494379941127,14.469818599065144,14.799499060591097
upRhXCTp66c,13.788808822631836,15.00580574008316,15.00485380862492,14.962533717586567,14.982690297799868,15.009249111529892,14.135533683776856,14.660302885598929
upX7XTX_HS8,11.305937767028809,13.470618555932676,13.465574454939464,13.471912691102318,13.462747023286367,13.516848926311198,12.372042523384094,12.367684901735322
uu5oHyimI1w,13.796399116516112,13.643436342665877,13.630882614870226,13.662324908276153,13.640784601421252,13.730858960431604,13.450985900878905,13.195488847479004
uwXseJ_MkA0,15.27143669128418,14.042834400412323,14.042762134587464,14.00151943297358,14.00866572925848,14.030231452594158,14.538293642679852,14.527965778680036
uy4RlXwj1zY,17.7816219329834,16.2047123002025,16.19489365673835,16.13567977442255,16.145336360515063,16.167845977395118,16.153951360702514,15.24675592226181
uynEJzqVySo,14.474231719970703,14.497882515685736,14.491613557917299,14.464656911716895,14.46625896169889,14.498958281354803,14.784855915705363,14.186830141345789
v7T7Kqa4AEI,15.57802391052246,14.510115596239915,14.502985387091135,14.47144471712326,14.475006784876228,14.521133846448707,14.106699381510417,14.345886021415446
v8YVqMjWo_8,5.361292362213135,5.3864350854189835,5.414015165148438,5.488385275839476,5.501817876809139,5.384007015847456,5.100367719173431,5.114256530603065
vCylBRSL3no,13.071210861206056,12.838529732396212,12.841821453902531,12.835638553354661,12.842730602549011,12.844433941807809,12.997132731755576,13.687010957970076
vF60Ef4eOAM,14.229012489318848,13.378700229088315,13.376069321737,13.362474353991182,13.365342238988044,13.40717344597058,12.932787669499715,12.80602123411957
vQOPcS7JTug,15.478059768676758,14.067918827067595,14.061768003210249,14.050889693720324,14.049140528703582,14.089408074209219,14.064406874974567,13.534708107178036
vW8XcgXd6xo,6.806829452514648,4.995151123852543,5.022195369129226,5.0889872909561324,5.099386523751909,5.043083881314133,5.384658323287963,5.165905166524213
vWQ1b08-UpI,7.329749584197998,6.5379410758481775,6.559968763542789,6.603447358371787,6.608750398088156,6.564988688188276,4.315887811660766,4.241956745766204
vZQ11x62kB8,16.221263885498047,13.052969852221606,13.047795829192403,13.050614391486455,13.047895417320646,13.093162822104114,14.017879274845123,13.737428869591803
vjLZwEwJmk8,15.380715370178224,14.276745102533035,14.272672434896384,14.253880423536344,14.255639076047741,14.282980314419497,14.316577639897664,14.175552338363323
vne8D3ubrW0,12.877909660339355,13.8026187206244,13.801587145369297,13.766465718114985,13.77674499215499,13.825123185293242,13.588782065391541,13.493950629997949
vtjj__zzNWE,14.145071983337402,13.779695371078896,13.763842364007006,13.779775827618275,13.766192041787283,13.877231911236615,14.094068802515665,13.661674061631631
vvD9meKisvE,11.12905502319336,13.557445388241996,13.55166728832333,13.551829611240825,13.548656183003928,13.57724480509606,13.898213512102764,13.520758083465273
vzU5ZY4zy9s,15.359183311462402,13.77051444854736,13.747938782446772,13.784954639750389,13.753779156104537,13.856973824830304,14.0103015683492,14.00521433688263
w4GgUffKvDA,7.438971519470215,9.609742907039355,9.622132107759677,9.636364368003305,9.647563874173969,9.636598318248376,9.074776918729144,9.512724900199776
w5EAqoFaVLU,14.967702865600586,13.196276500337328,13.199358829756108,13.17105722459312,13.17673851927929,13.186069949781066,13.541226484298706,13.866593089057025
w7vNjL2SyXE,9.746833801269531,11.382299147643623,11.371718248893083,11.416924100875818,11.39715345455042,11.5237380243795,11.227573227882386,11.750041047060101
wBndzCmUxTU,14.461792945861816,14.594387174720795,14.58412560177698,14.593183313343639,14.584100140888152,14.615280606381411,14.16772289530436,13.992568279495439
wBrr4tqTkKc,14.854863166809082,13.39049708847194,13.398901072997242,13.365445859060939,13.382518919549597,13.338785570329142,13.363639610926308,13.212713412452837
wDVVDjOO65U,15.931001663208008,12.457424919692707,12.451055289815608,12.479341935688515,12.473763946582105,12.58055612209281,12.416607987085976,12.862426006740877
wQikox8Thvo,12.831679344177246,14.400054266828311,14.3901679184803,14.383175196172473,14.369713145100299,14.44096755885387,13.874886475880942,13.79436955168596
wUgyanEO4Hg,15.191537857055664,14.199093735714529,14.195344694148403,14.163097140003488,14.169318563491709,14.20125817978789,13.922033801396688,13.753897341817
wVSe9M60gVw,15.360602378845217,14.113674476408358,14.110935434997495,14.072176298612407,14.084392767029636,14.121848595589997,14.286935612360637,13.72845604852455
wkHQED5e3Do,13.325602531433104,13.408506500970423,13.40596495251115,13.409444855902207,13.405317303370529,13.462843160358588,12.654811952590942,12.320383108496488
wwK7ZD4sZB4,12.047064781188965,13.421717710732073,13.380152366241424,13.429358469091447,13.406450760305402,13.75687819339864,14.127814907709757,13.908164001673079
x2AtcXXnVz4,13.410449028015137,13.671151536991426,13.665821272371529,13.656297022890143,13.653033689662388,13.688448960518945,13.108396427472433,13.518158168611023
x9J1darZ3xE,12.233410835266112,13.707091535375193,13.710847312202139,13.68422231795588,13.697722720283965,13.692685222723645,13.166374661763507,13.146426433743345
xIH-woaXkTU,15.858356475830078,14.684916220785984,14.678994506224226,14.658824098797728,14.656513619841006,14.690082720147904,14.520224700927734,14.875939378302872
xIfzQLIjNGU,14.52197551727295,15.258393407576811,15.247068116451226,15.224648342643903,15.218999408653437,15.285880339565216,14.370803050359092,15.54233102097863
xP1p-7Pkd3M,7.0003342628479,6.537099578722898,6.556674626044665,6.622914700766479,6.616476819251726,6.6254150821960165,5.134207858403523,4.518627850392922
xQvo2WhavF4,13.785540580749512,12.812303264093943,12.803221044985067,12.814956653838712,12.804698142155438,12.87308874284241,13.958431658267976,14.124267804998446
xTGQ-Ru0P5U,11.979454040527344,11.422697063068787,11.426185658033324,11.437052522393818,11.43680569433686,11.451423433448992,11.573219138463338,11.560068127940015
xTPdZBTcqAA,16.246658325195312,13.808971392925782,13.799674434437541,13.792190543925228,13.779190686724538,13.853767279589784,13.723327036539715,13.962941839251819
xWasCpXm8go,12.979737281799316,13.823799421177535,13.829863774754495,13.784191667627276,13.793206553666908,13.757398268016582,13.11556213569641,12.948065046347274
xXE1B-jD6Xw,7.512617588043213,9.315007423711917,9.31927479511854,9.370727291012097,9.35035603541825,9.392257708460798,7.365869314193726,7.531160937480934
xdOatBq91MQ,13.11489963531494,12.859582141006593,12.867781227181178,12.83924993370386,12.854118182974057,12.83587948538864,13.146815780639649,12.774674644789881
xzRYER5Mqlo,7.167809009552002,9.049281036491418,9.051329027524387,9.122066820622962,9.104062823914834,9.151193845272722,7.626416983286539,7.840215638120296
y-zuwhhDWK8,6.7393364906311035,6.588575262095303,6.622623503322874,6.641733661028209,6.661222715102479,6.527231584755055,5.860688464641572,5.079868853054956
y82SIHgDkvY,14.11154079437256,13.785975384990557,13.78645942791528,13.777216220335921,13.781749179732715,13.786332916826558,13.98326620833079,12.916664935782252
y97BfLr97Zo,12.215785026550291,13.276754579930481,13.265819356006796,13.285680568540092,13.279648725074745,13.365112911424632,11.387083229382833,11.15893154125468
y9YICsByOqg,13.596022605895996,13.561117423313751,13.54888754607883,13.57032162773107,13.562256755000035,13.707673981198345,13.80865855662028,15.069485109163255
yAPeBYS0pM8,13.318947792053224,12.92892999765509,12.92939419638789,12.925411437812153,12.928542248483021,12.933675135212047,13.274972166061401,13.593066595700094
yAsmjdMseoM,13.923070907592772,13.442243221458133,13.428080109437012,13.454086473399213,13.445381368207672,13.55607496983827,13.77721562576294,13.846441868230174
yBcTts-PMB4,12.952061653137209,14.007804833390603,14.008074369491561,13.989491177422446,13.995411830662036,13.99446365564711,13.886586479822796,13.673298884111384
yCwHKTELCVs,14.71234130859375,14.86549565255144,14.8614667842443,14.830678982474405,14.834320231803131,14.830663307080625,14.81876024754842,15.316908663809002
yEEqEU8zDhc,13.000040054321287,13.478818192276968,13.473445386863114,13.476564158660175,13.473886460630617,13.518194842828999,13.02608324925105,12.309719865673813
yF08jqaPu-A,8.927048683166504,9.868475101693095,9.86414519679441,9.937829798351311,9.902975953002578,9.99419370201518,8.143749818960826,8.637448166976268
yVv_udR7AwA,14.24611759185791,13.511405616103376,13.508402293537038,13.519200211140387,13.517564247361777,13.566181672912691,13.246370448112486,12.77855759935165
yYbo2wY5wik,12.495752334594728,14.614354140427167,14.615308074177827,14.563316260547936,14.571728300605386,14.579911362561722,13.705336160024006,13.299906784092883
ytVKdQR3bIk,15.880332946777344,14.556472131743769,14.550842733543783,14.534217676051034,14.534163077740184,14.568160481214122,13.657418781280517,13.028152161229686
yuYrmcJT7Jk,11.737252235412598,11.059440983475149,11.06777113462939,11.07470816084362,11.079993273673269,11.074631698100072,10.707001951853435,11.266456636494231
z0mGZ6sip_A,14.155746459960938,13.516409334804289,13.508947034312081,13.517197998486862,13.513596528701877,13.55931056039629,12.78780650949478,12.764017185198417
zD76Qrf83mc,13.678184509277344,12.88241697218789,12.874705303746614,12.878735889323252,12.874287253064288,12.95198547662841,13.287957526683806,13.440388838058182
zF7HEeyQ10A,14.415254592895508,13.147383650016353,13.145321557707257,13.149020798107287,13.147579874820522,13.114080586038954,13.175944219271342,13.369195324268533
zK_xqBGQ0dY,10.202739715576172,8.907719636129647,8.929438281187858,8.944850835933368,8.95442531397721,8.87611453834145,8.468963534037272,9.13728299805472
zqh2qxKrCLo,7.362645149230957,3.7650674100880104,3.8011032103167257,3.8551096563083713,3.870140143539677,3.74949693237513,3.370833811601003,5.203356082687492
zsVbokT-43k,13.634785652160645,14.159991322723846,14.160207705575447,14.128391816922308,14.133391451582265,14.141844434806949,14.876220206578573,15.375239643507262
zzNaimKzn0I,14.787360191345217,12.351509258210653,12.345021205768953,12.38654376613921,12.378504838184128,12.486847936302302,12.875698258082073,12.767196944840242
