video_id,horizon,range_min_raw,range_max_raw,range_min_log,range_max_log,range_width_raw,range_midpoint_raw,range_midpoint_log
-67kb-NHjHY,7,271851.05110049865,434415.3521135473,12.51301326751709,12.98175868988037,162564.30101304868,353133.201607023,12.774603438191555
-6bye_nqBSE,7,247928.751841548,560565.686492903,12.42090072631836,13.236703491210935,312636.934651355,404247.2191672255,12.90978437215377
-8Gs_qnW5c0,7,59413.849242983575,157854.19477570505,10.992299461364745,11.96943340301514,98440.34553272148,108634.0220093443,11.595749120768339
-DSuGJqlSvs,7,39210.950211905176,82207.68398846292,10.57673683166504,11.317016220092773,42996.73377655774,60709.317100184046,11.013868931306096
-GakK-_ARy0,7,77074.15019794845,193787.19528825648,11.252536201477051,12.1745210647583,116713.04509030803,135430.67274310248,11.816222531921456
-Iwl0gjhHa4,7,39205.54694460694,432047.31685155205,10.57659902572632,12.976292705535888,392841.7699069451,235626.4318980795,12.370007158184007
-OWHhr7b0cs,7,77897.39358926003,604921.6126688985,11.263160610198975,13.31285581588745,527024.2190796385,341409.5031290793,12.740840853746457
-ep-Qk4o11I,7,179206.22959047087,382810.5603915128,12.096298122406006,12.855298137664795,203604.33080104194,281008.39499099186,12.546143381888617
-jbPQFEpmP4,7,541775.3137570473,993588.8179079291,13.202608489990235,13.809079742431638,451813.5041508818,767682.0658324882,13.551132252258892
-l6Cup4lYDQ,7,175983.9842382094,248204.1825574355,12.078153953552246,12.422011032104493,72220.1983192261,212094.08339782245,12.264789959698632
-tNICUlIXPU,7,35479.18939457564,58242.950702945716,10.476729774475098,10.972395515441894,22763.761308370078,46861.07004876068,10.754963886262377
01Bq7uwQgtM,7,132417.73844722201,727164.7437963483,11.79372444152832,13.496909713745117,594747.0053491263,429791.2411217852,12.97105721072836
06PfI8c9C6s,7,147147.9096849415,418372.9768132173,11.89920034408569,12.944130992889406,271225.06712827575,282760.4432490794,12.552358864420539
09UtJdKG1V0,7,160814.75385467394,255385.77483814416,11.988014602661133,12.450534439086914,94571.02098347023,208100.26434640907,12.24578008803078
0AU8gfebaPc,7,156084.6704466674,288100.71075086686,11.958160305023192,12.571068859100345,132016.04030419944,222092.69059876713,12.310854601549096
0Cc-rFfnlDI,7,228433.95027405708,310159.6348537703,12.339006767272949,12.64484561920166,81725.68457971324,269296.7925639137,12.503573081825559
0H-QH9R87vw,7,317558.41682774253,1672047.1973481248,12.668420219421387,14.329559898376464,1354488.7805203823,994802.8070879336,13.810300817892337
0O7hAX2mgio,7,148553.41033386774,621759.4644156863,11.908706569671631,13.340310192108154,473206.05408181855,385156.43737477704,12.861407457927728
0S4ukO9t3lc,7,233891.84239770917,374459.84051128366,12.362618350982666,12.833242511749265,140567.9981135745,304175.84145449643,12.625364526568438
0SGWiWX9d9E,7,71638.9712523332,191605.49511155087,11.17940845489502,12.163199043273925,119966.52385921768,131622.23318194202,11.787698826227038
0X_m0UER36Q,7,28914.28495925057,113338.73201740813,10.272125625610352,11.638145065307617,84424.44705815756,71126.50848832935,11.172229439535412
0_CZKVGg6dg,7,74174.90464042343,105970.48942875849,11.214194641113279,11.570925369262696,31795.584788335065,90072.69703459096,11.408383470172685
0_bIYImevIw,7,39867.306489068054,72205.30569934234,10.593336963653565,11.18728265762329,32337.999210274284,56036.306094205196,10.933772928171386
0bx-03Baqmo,7,747091.4980837002,1236589.8578153832,13.523944282531735,14.027868843078616,489498.35973168304,991840.6779495417,13.807318774688571
0gtcXVP0OHo,7,756964.5630281587,1515304.8145139732,13.537073040008545,14.231127834320068,758340.2514858145,1136134.688771066,13.943143315471053
0p-dh0kbNPs,7,242091.2398810261,346231.9905072411,12.39707408905029,12.754867210388184,104140.75062621501,294161.6151941336,12.591888006315473
0yzT9b9uGHE,7,576234.7347169832,1228725.422305649,13.264272117614746,14.021488761901855,652490.6875886658,902480.0785113161,13.71290300333096
1281VEhY0oM,7,120553.54877669575,346243.6993671056,11.699857616424557,12.754901027679447,225690.15059040987,233398.62407190067,12.360507388173058
12F9SUQmBSs,7,39169.35117985681,90040.53238228627,10.57567539215088,11.408026313781738,50871.18120242946,64604.94178107154,11.076061663576136
12FNL421nxI,7,158298.96556686168,242154.44844266018,11.972247028350834,12.397335147857662,83855.48287579851,200226.70700476092,12.207210532914505
1HoSqnZj4GQ,7,112510.00867274807,348717.30616714933,11.630806350708008,12.762019729614257,236207.29749440128,230613.6574199487,12.34850344689576
1LCDs4TZOoA,7,68928.4643220233,113792.7488381336,11.140839004516602,11.642142868041992,44864.2845161103,91360.60658007846,11.422580609893696
1PV9G45KRmc,7,68834.88659746974,101764.95420833727,11.139480495452881,11.530430889129638,32930.067610867525,85299.9204029035,11.353940523608
1PxpAVxe-7Q,7,213585.9803616039,299953.46410787554,12.271799430847167,12.61138595581055,86367.48374627164,256769.72223473972,12.455938834308979
1VJ_Qct312c,7,68620.16256850839,158663.24378848766,11.136356258392334,11.974545574188232,90043.08121997927,113641.70317849802,11.640814622894805
1dWoYfUQUCI,7,45585.19248178281,168585.06078685264,10.727360153198244,12.03520164489746,122999.86830506983,107085.12663431773,11.581388711484262
1gnKmlJKcQs,7,143825.45889617433,591220.312652445,11.876362705230713,13.289945697784423,447394.8537562707,367522.8857743097,12.814543590827169
1o5HRKfddoc,7,188079.99106416552,427350.9198479262,12.144627952575682,12.965363121032713,239270.92878376067,307715.45545604586,12.636934038775365
1pLMTBcAyPM,7,167646.94694433775,312770.5648455378,12.029621505737301,12.6532283782959,145123.61790120008,240208.75589493779,12.389267803519035
1xD20nH1Vxo,7,224009.2178481672,336898.07407731574,12.31944694519043,12.727538681030273,112888.85622914854,280453.64596274146,12.544167300899254
23xAUlutLKo,7,527618.4890055791,701146.5794974269,13.17613063812256,13.460473670959473,173528.09049184772,614382.534251503,13.32837466073562
29temM0dAvk,7,704305.943663718,1437206.0810708776,13.464969539642333,14.178212261199954,732900.1374071597,1070756.012367298,13.883876444480032
2Ae9_uU5-kI,7,61142.90773636418,259042.2681658681,11.020985507965088,12.464750385284423,197899.36042950393,160092.58795111615,11.98351384790867
2MYeUkgQezo,7,131935.64366435478,1645886.6750290934,11.790077114105225,14.313790416717527,1513951.0313647387,888911.159346724,13.697753701230285
2OkEOW50ZT8,7,97867.92974242734,200948.1041887473,11.491384410858155,12.210806941986084,103080.17444631996,149408.01696558733,11.914442904381596
2OtYn2xN-tU,7,55136.52260535067,123851.46198400964,10.917585754394533,11.726846313476564,68714.93937865898,89493.99229468015,11.401937950682827
2OtqkvubdVk,7,122402.20534561355,164464.28413257454,11.71507583618164,12.010454788208008,42062.07878696099,143433.24473909405,11.873631984350064
2aPSctrD8no,7,35699.895151230274,95662.1957836141,10.48293104171753,11.468588924407959,59962.30063238382,65681.04546742218,11.092580886568026
2mLdiB4ewwA,7,34778.507869689,48305.567316462475,10.456783638000488,10.785322799682616,13527.059446773477,41542.03759307574,10.634485219289031
2qC65QrXZnU,7,208625.41782795277,337837.3930979955,12.248300457000733,12.730322933197021,129211.97527004272,273231.4054629741,12.518078014077192
2qq3tEmLkeE,7,214326.16234225154,388300.15693729423,12.275258922576905,12.869536495208738,173973.9945950427,301313.1596397729,12.615908719167733
2tuvu0LGZv8,7,137256.90153546756,771689.5312995492,11.829616928100586,13.556338882446289,634432.6297640816,454473.2164175084,13.026896461436051
2wfL6QZySbA,7,162971.76607508544,666512.3222673876,12.001338386535645,13.409815406799316,503540.5561923022,414742.0441712366,12.935414436775794
2z8lKA93SuU,7,2506023.0506711607,4107224.2150119147,14.734208011627198,15.228258228302002,1601201.164340754,3306623.6328415377,15.011438478669874
35dO8Xd_AoU,7,270321.7263829347,1509282.0434527188,12.507371807098389,14.227145290374756,1238960.317069784,889801.8849178267,13.698755239558112
3CVgzfmk6Jw,7,87920.06632921578,122343.53550102367,11.384194717407228,11.714596405029297,34423.46917180788,105131.80091511973,11.562979600611243
3UJSW53p5GI,7,339931.4074446552,561477.3821526411,12.736502075195313,13.238328552246093,221545.97470798588,450704.39479864814,13.01856917842882
3_w5Anu-HRw,7,1164492.9628796002,2210404.503725233,13.967797183990475,14.608686542510988,1045911.5408456328,1687448.7333024167,14.338728913612519
3daJ5RWx734,7,158944.07360137493,486857.34776228503,11.976313972473145,13.095728492736816,327913.2741609101,322900.71068182995,12.685103254601115
3g6Nr7dbChw,7,38909.52956696203,100090.28611325876,10.569020175933838,11.513837909698486,61180.756546296725,69499.90784011039,11.149095093915202
3i1k8cOOpkY,7,49964.18230419814,78004.1987498173,10.819081687927243,11.264530754089357,28040.016445619156,63984.19052700772,11.066406937549653
3ktZ_dLfiFY,7,144351.54406313278,205357.03016421956,11.880013809204101,12.232510223388672,61005.486101086775,174854.28711367617,12.071713980030795
3zI31zAnhas,7,163464.42282264336,840291.91099216,12.004356765747067,13.641505813598634,676827.4881695167,501878.16690740164,13.12611466632845
45FAhSCGkDY,7,195679.74711958997,1094348.5628597727,12.184239768981934,13.905670738220214,898668.8157401828,645014.1549896813,13.377029091609913
4C9jIUtBaj8,7,604190.1202590212,844812.5435329194,13.311645851135253,13.64687122344971,240622.4232738982,724501.3318959703,13.493240259365672
4EqLc55E7LM,7,119193.59716111812,249394.45820241747,11.688512706756594,12.426795101165771,130200.86104129936,184294.0276817678,12.124293163813592
4KsY-RE4AfU,7,38817.647557292985,97283.27736557514,10.566656017303467,11.485392665863037,58465.62980828215,68050.46246143406,11.128019498832286
4TGShN_RCSg,7,966823.7410635556,1881447.9881860744,13.78177251815796,14.44755277633667,914624.2471225188,1424135.864624815,14.169076479133844
4ZFgVn_UQew,7,96191.0893259289,167144.26708129921,11.474102401733399,12.026618576049804,70953.17775537031,131667.67820361405,11.788044032594252
4bq9hAPWJsE,7,452350.9235678954,794093.077057987,13.022215747833252,13.584957218170166,341742.15349009156,623222.0003129411,13.342659679649904
4fGOkiWCUGI,7,343036.11568592384,586683.7315757503,12.745593929290768,13.282242870330812,243647.61588982644,464859.92363083706,13.049493550867526
4qnrdL-0S7I,7,404017.6456970487,1005903.2034434979,12.90921630859375,13.821397399902343,601885.5577464493,704960.4245702733,13.465898363375782
4sZJgPoLnKo,7,75332.73080056088,104290.15017950264,11.229683265686035,11.554941787719729,28957.419378941762,89811.44049003176,11.405478780218871
4wM0fiXf8DQ,7,23770.866655420505,382317.4759126999,10.076258087158203,12.854009246826172,358546.6092572794,203044.1712840602,12.221183751911015
4x4fj9wM4go,7,124555.26936203697,277507.3072526432,11.732512855529786,12.533606147766113,152952.03789060627,201031.2883073401,12.21122081248523
5-y_qpSJjoc,7,147924.58560182055,569758.079839939,11.904464626312253,13.252968883514406,421833.49423811847,358841.3327208798,12.790638386379099
52fhp--qH5o,7,191166.04034794436,1823087.1798905905,12.160902881622315,14.41604242324829,1631921.1395426462,1007126.6101192674,13.822612886729873
533dWOV7I8Q,7,70024.02865494114,158597.5114690435,11.156608009338381,11.974131202697754,88573.48281410236,114310.77006199231,11.64668481965186
5BW0xh2ih-k,7,40153.52738157811,83159.72058285495,10.600490474700928,11.328530406951904,43006.19320127684,61656.62398221653,11.029352166513712
5DZELqKSKGk,7,156884.8746129819,235352.99820079975,11.963273906707764,12.368846035003662,78468.12358781786,196118.9364068908,12.186481671509002
5HCzDjAJfGc,7,159171.14759246327,224346.42157487417,11.977741584777831,12.320951118469239,65175.2739824109,191758.78458366872,12.16399874574337
5KQA7YbIDPQ,7,365022.92618576135,615471.7380389944,12.80771818161011,13.330145931243896,250448.81185323303,490247.33211237786,13.10266734193629
5M1BJbnZObE,7,62045.8999114129,83580.92226081708,11.03564582824707,11.333582534790041,21535.022349404186,72813.411086115,11.195669169073977
5NeXlkJP9JU,7,69240.5283947406,510052.6204124678,11.145356082916258,13.142271137237552,440812.0920177272,289646.5744036042,12.57642020225737
5Or7UIbcd6w,7,243026.25554855797,382456.7812787468,12.400928878784182,12.854373550415039,139430.52573018882,312741.5184136524,12.653135506104261
5PK0U8zTkJM,7,86541.58598497197,338530.4846614794,11.368391895294193,12.732372379302975,251988.89867650747,212536.0353232257,12.266871536034941
5TxURNw0Tp4,7,156372.7469009563,302776.90052533225,11.960004234313963,12.620754814147947,146404.15362437596,229574.8237131443,12.343988640466767
5VxgqAXCpG4,7,56139.78475585136,124231.90265176017,10.935617828369143,11.729913330078126,68092.11789590881,90185.84370380576,11.40963883847027
5Yc69MPJvUg,7,36364.02373333676,77987.35088239776,10.501362705230715,11.264314746856689,41623.327149061,57175.687307867265,10.95390152974311
5ar8HsaUamc,7,113000.35690043351,225717.75563638733,11.63515510559082,12.3270450592041,112717.39873595382,169359.0562684104,12.039782238050133
5fqyvETPSxY,7,117465.18149665806,251446.75199768852,11.673905754089356,12.434990501403808,133981.57050103048,184455.96674717328,12.125171472694696
5lhAn4IFrXo,7,100496.86761376297,191670.4667083275,11.517891788482665,12.163538074493411,91173.59909456453,146083.66716104525,11.891941644668407
5o2lpjFDgaI,7,81886.07064288424,110921.2111877887,11.313096389770507,11.616584434509276,29035.140544904454,96403.64091533647,11.47630962171511
5pHLHxYzkJs,7,77984.02636898053,132858.97702313703,11.264272117614746,11.797051048278806,54874.950654156506,105421.50169605878,11.565731380881363
5tZLRC3hMyc,7,50126.26576621419,96876.41971816336,10.822320365905764,11.48120174407959,46750.15395194918,73501.34274218878,11.205072558736346
5vdmJ86umPA,7,568059.2343632146,2439865.354661514,13.249982738494875,14.7074538230896,1871806.1202982995,1503962.2945123643,14.223614377949671
61WshXT90ik,7,217704.43831602947,411186.91026454675,12.29089822769165,12.926805591583252,193482.47194851728,314445.6742902881,12.6585697836406
62uU6XaLru4,7,197170.67262108403,354296.6595313225,12.19183006286621,12.777892684936521,157125.98691023845,275733.6660762032,12.527194327505024
63I_jmip6c4,7,72428.43671044357,134806.89253318426,11.19036808013916,11.8116060256958,62378.455822740696,103617.66462181392,11.548472753022796
63NLuFK_mz4,7,161726.01867596086,310049.31214505335,11.993665122985844,12.644489860534664,148323.2934690925,235887.66541050712,12.37111521596039
64LJnjkZsLs,7,80303.72777210492,176937.7898380372,11.29358377456665,12.083559131622314,96634.06206593227,128620.75880507106,11.764631274024461
660iNQyBedQ,7,46131.83025121851,177290.55865892564,10.739280128479,12.08555088043213,131158.72840770712,111711.19445507208,11.623681150585288
66kfDq3SejI,7,128583.89116913514,234750.78220109444,11.764344596862793,12.366283988952636,106166.8910319593,181667.33668511477,12.109937977697118
6LVOQs6bSCQ,7,68224.36850125139,110473.80054976774,11.130571746826172,11.612542724609375,42249.43204851635,89349.08452550956,11.40031746659171
6LYbIioha2Y,7,295762.15541509364,480377.3821997764,12.597314262390137,13.082329368591308,184615.22678468277,388069.76880743506,12.868942995807274
6RXEXOhsQIQ,7,151446.1879145893,316406.1155320502,11.927992248535158,12.66478500366211,164959.9276174609,233926.15172331975,12.3627650284488
6S-edhWBc1s,7,83931.08291954767,219539.32975080714,11.337763214111328,12.299291229248047,135608.24683125946,151735.2063351774,11.929898807493316
6VoIP6WRfrg,7,43633.15795664141,164892.7902938688,10.683595561981202,12.01305685043335,121259.6323372274,104262.9741252551,11.554681175044859
6W3dvwKRvFs,7,173341.20041962733,245206.78234712683,12.063022956848144,12.409861221313477,71865.5819274995,209273.99138337708,12.251404414354571
6ZmrGnRyM2Q,7,630816.5752622645,2626870.041892852,13.354771995544434,14.781303977966308,1996053.4666305878,1628843.3085775583,14.303381308171655
6aOmFN6ayGY,7,38190.84291028665,53889.64096445645,10.550377235412597,10.894712104797364,15698.798054169798,46040.24193737155,10.737292837653827
6b3NEAyp-Ig,7,169934.8948219221,383395.8616254318,12.043176555633545,12.856825923919677,213460.9668035097,276665.37822367693,12.530567648539105
6zsn1sCZ-2g,7,112650.38943550696,172210.98308837903,11.63205327987671,12.05648145675659,59560.59365287206,142430.686261943,11.866617769091455
79xFPmCU6C0,7,83669.74716029067,128442.48067265745,11.33464469909668,11.763244247436523,44772.73351236677,106056.11391647406,11.571733038520705
7D372dLCDo0,7,123659.29651750099,225058.5111188287,11.72529354095459,12.324120140075683,101399.21460132771,174358.90381816484,12.068876854724309
7FDJtIbbOCs,7,214129.62133855268,467432.6994565667,12.274341487884525,13.055012798309322,253303.07811801403,340781.1603975597,12.738998726315893
7FZaMYwrQAk,7,98123.67476918001,193805.4924236358,11.493994140625,12.174615478515625,95681.81765445578,145964.5835964079,11.891126144110348
7FrcbMFnczk,7,308989.551889771,929442.7926277816,12.641065979003907,13.74234161376953,620453.2407380106,619216.1722587764,13.336211333849162
7NcwhlDRtdE,7,65323.3382869764,177986.9194494798,11.087119960784909,12.089470958709718,112663.58116250341,121655.12886822812,11.708953728103518
7V2wAcpQfb0,7,113807.91690821967,163034.7618399167,11.64227615356445,12.001724853515624,49226.84493169702,138421.3393740682,11.838064720802588
7gKczyP5NIk,7,277494.6836133651,550572.5120427634,12.533560657501221,13.21871576309204,273077.8284293983,414033.59782806423,12.93370481894871
7hr09apujb0,7,247916.6934787272,2285701.2740632305,12.420852088928223,14.642183876037597,2037784.5805845032,1266808.9837709789,14.052012474710434
7lQcNuAYsyU,7,70723.89595936479,322076.4062781596,11.166552925109864,12.682547187805175,251352.5103187948,196400.15111876218,12.18791453597882
7saEN5PuIr8,7,156842.76279066346,245178.94661791227,11.963005447387696,12.409747695922851,88336.18382724881,201010.85470428786,12.21111916393034
7vpzY3sO_MA,7,334544.9307913998,523219.40740504285,12.72052946090698,13.167758083343509,188674.47661364306,428882.16909822135,12.968939827716381
82JzN5uVQOA,7,55962.01943965978,117814.39816536751,10.932446384429928,11.676874256134035,61852.378725707735,86888.20880251365,11.372389124054813
84h82ft49Hc,7,198341.4721811666,364626.8830887743,12.197750473022458,12.806632614135744,166285.41090760767,281484.17763497046,12.547835070237625
87IVraqB9-k,7,123420.12214841208,168852.1670809287,11.723357543945312,12.036784782409669,45432.04493251661,146136.14461467037,11.8923008064563
89FfxB2bg-A,7,134865.50420658645,247872.76816795653,11.812040710449219,12.420674896240234,113007.26396137007,191369.1361872715,12.161964717547644
8DV3ephb-Ns,7,74186.19130361316,287789.5812269548,11.214346790313721,12.569988346099853,213603.38992334166,180987.88626528397,12.106190906513532
8IW_lRTRMkw,7,97708.40649705345,133254.00130543168,11.489753112792968,11.800019874572754,35545.59480837823,115481.20390124257,11.65687171829551
8LhEqCszo6g,7,178753.64655935642,270418.08335284394,12.093769454956055,12.50772819519043,91664.43679348752,224585.86495610018,12.322017837635562
8MS2IWBIjtY,7,44181.51342179616,59236.0394654309,10.696084365844728,10.989302291870116,15054.526043634738,51708.77644361353,10.85340214210909
8NixAgvmUsQ,7,29566.980846410082,57897.760945536895,10.294447326660157,10.966451263427734,28330.780099126812,43732.37089597349,10.68586672572548
8ZxuXGuIVo0,7,211512.5404088074,292704.79061175324,12.262044296264648,12.58692325592041,81192.25020294584,252108.66551028032,12.437619452426299
8_TCy5FnH_M,7,227309.55753899913,322747.02507534204,12.334072456359863,12.684627189636231,95437.46753634291,275028.2913071706,12.524632884820768
8cpuadsUlBM,7,64613.2271113494,103614.17980064917,11.07618989944458,11.548439121246338,39000.952689299775,84113.70345599929,11.339936663687846
8lQc4s_3Cxs,7,38928.25504350274,83273.01019729186,10.569501304626463,11.329891777038577,44344.75515378913,61100.6326203973,11.020293865267469
9-YDot04L18,7,392706.4371877584,1535878.505739355,12.880820178985593,14.24461374282837,1143172.0685515967,964292.4714635566,13.779150958241768
919LB2jL7jA,7,394664.02134950226,611266.5106146644,12.885792636871338,13.32328996658325,216602.48926516215,502965.26598208334,13.128278381190894
94ie7wZj7ZY,7,164249.03120683186,227106.36923891483,12.009145126342771,12.333178176879885,62857.338032082975,195677.70022287336,12.184229308538317
98oQ3jUWtAk,7,54768.307759207826,79687.20380140217,10.910885238647461,11.285876846313476,24918.89604219434,67227.755780305,11.11585634837981
9G-OZl9vje4,7,117673.95638931904,297133.09668730997,11.675681495666504,12.601938819885254,179459.14029799093,207403.5265383145,12.242426399700028
9MFjMR4j43g,7,146535.235617089,218308.4525461035,11.895028018951416,12.293668842315673,71773.21692901451,182421.84408159624,12.114082590455702
9PqxdSGIq0M,7,172304.66472375864,232543.28887345458,12.057025299072265,12.356835975646973,60238.62414969594,202423.97679860663,12.218124611937075
9QVpiLPsAXU,7,302786.0714120912,411892.0081455977,12.620785102844238,12.928518905639649,109105.9367335065,357339.03977884445,12.786443099806469
9W_-QKxL0pg,7,610378.6235020701,918962.7443018893,13.32183637619019,13.731001949310299,308584.12079981924,764670.6839019797,13.547201849318322
9YlVyuRBY1Y,7,57102.59299485352,94894.83969492308,10.95262231826782,11.460535144805911,37792.24670006956,75998.7163448883,11.238484886957401
9_CNeufdSA4,7,150856.75836494594,1075739.5427071336,11.924092674255371,13.888519859313964,924882.7843421877,613298.1505360397,13.326608106542253
9lh2Y9uiv1A,7,105973.6486829646,299471.6877635712,11.570955181121827,12.609778499603271,193498.0390806066,202722.66822326792,12.219599090415265
9mE4iuxdY4g,7,92784.91921948908,750068.9681315002,11.438050174713135,13.527921772003173,657284.0489120111,421426.94367549464,12.951404089676007
9uRpcwG4CfU,7,141037.68501814452,235930.76991348152,11.856789493560793,12.371297931671144,94893.084895337,188484.22746581302,12.146774913917573
9wBhjdZlx-Q,7,94527.78766684797,316035.78423505725,11.456659698486328,12.663613891601562,221507.99656820926,205281.78595095262,12.23214375122538
A-JCJOSlStQ,7,90158.1483952515,226154.51408761062,11.409331703186036,12.328978157043457,135996.3656923591,158156.33124143106,11.971345583912498
A6So4z4cbl8,7,85082.09027947772,196120.31949778198,11.35138359069824,12.186488723754886,111038.22921830426,140601.20488862984,11.853689940231686
A85Nr1k0edo,7,63152.89783077357,2271673.7853464554,11.053329849243164,14.636027908325195,2208520.887515682,1167413.3415886145,13.970301896744566
A9OyzadVX1c,7,45391.232329603794,117136.20144355213,10.72309627532959,11.671101188659668,71744.96911394833,81263.71688657795,11.305467214701489
AD-879FO88U,7,33651.32971398472,58743.02524346967,10.42383756637573,10.98094472885132,25091.695529484947,46197.17747872719,10.740695627779319
AMHfjh-VgDg,7,65422.90422350748,134451.43580617022,11.088642978668213,11.80896577835083,69028.53158266275,99937.17001483885,11.512306973892436
AT-d3ZX_9Xk,7,147177.59292516013,719954.5628422899,11.89940204620361,13.48694477081299,572776.9699171297,433566.07788372505,12.97980179883501
AUCDp1s4zzE,7,45413.964958225944,83202.59773818825,10.723596954345703,11.329045867919922,37788.63277996231,64308.2813482071,11.071459244260174
AjDnzWWkAuI,7,207056.4582468729,290336.65669791726,12.240751609802246,12.578799858093262,83280.19845104436,248696.55747239507,12.423992808562708
AnhsQCKIXzw,7,1148781.8216494764,1728278.8031663923,13.954213523864745,14.362637138366702,579496.9815169158,1438530.3124079343,14.179133229138943
AqEhuzBRfaI,7,60939.826508779326,121684.80301424945,11.017658615112305,11.709197616577148,60744.97650547013,91312.3147615144,11.422051891235062
Avq3wz7nO7c,7,27661.122769676065,128170.28326956106,10.227819347381589,11.76112279891968,100509.160499885,77915.70301961857,11.263395625044664
B8YTwMyGfWQ,7,336249.3041731544,571944.688915915,12.725611114501953,13.25679931640625,235695.38474276057,454096.9965445347,13.026068305150599
BCdx1ZejNmQ,7,73238.54201384037,101186.09666065304,11.201490745544433,11.524726524353028,27947.55464681267,87212.3193372467,11.376112342925984
BFrUIrYUF50,7,172041.05179681434,363992.9899460924,12.055494213104248,12.804892635345459,191951.93814927808,268017.0208714534,12.49880949929001
BJzmtcxqVrU,7,337374.8228540183,4061013.427566988,12.728952789306641,15.216943359375,3723638.6047129696,2199194.125210503,14.603601999211266
BNvlCrEq8B4,7,382577.6387863863,764193.4480962973,12.854689502716067,13.546577548980713,381615.80930991104,573385.5434413418,13.259315364143022
BUsoWjCgYHU,7,307194.1683465842,628810.2663911496,12.635238552093504,13.351586437225345,321616.0980445654,468002.2173688669,13.056230449595954
BXPW1dLqM_A,7,100401.45406941732,177003.94905970164,11.516941928863526,12.083932971954345,76602.49499028432,138702.70156455948,11.840095293506726
B_SO5Ywy9Z8,7,68340.83616135616,244091.87093525165,11.132277393341065,12.405304050445556,175751.0347738955,156216.3535483039,11.959003608477357
B_dul5fuaNM,7,424348.5873266135,3458692.062632476,12.958312892913819,15.056401348114013,3034343.4753058627,1941520.3249795446,14.478982411858434
BfyUWDEq0YY,7,48807.76414063842,89023.09395102288,10.795665168762207,11.396662330627441,40215.32981038446,68915.42904583065,11.140649876267467
BijdEVyOp5Y,7,151780.04722092932,632962.6158219182,11.930194282531739,13.35816822052002,481182.56860098895,392371.33152142377,12.879966493283725
Bk-OkENVuew,7,338589.0222061554,624928.8651901173,12.732545280456543,13.345394706726074,286339.84298396186,481758.94369813637,13.085201226848516
Bu73y2brU_Y,7,49524.999245119965,93220.96309037798,10.810253047943116,11.44273862838745,43695.96384525801,71372.98116774898,11.175688672499149
Bv-MBo6aK0s,7,184721.71417772447,291565.57416826824,12.126611137390137,12.58302364349365,106843.85999054377,238143.64417299634,12.380633516675243
Bw0RNBdHq1A,7,69808.02520970038,307649.5374259821,11.153518581390383,12.636719799041748,237841.51221628173,188728.78131784126,12.148071542527763
C1NXc_isx3E,7,182730.9291471632,787650.8125914703,12.115775489807127,13.576811408996585,604919.8834443071,485190.87086931674,13.092299701726429
C2q1dkndugY,7,29454.529221948953,42343.391168711874,10.290636920928957,10.653591251373292,12888.861946762921,35898.960195330415,10.488491465710586
CGSvWZAiZIg,7,135103.65886687418,416733.34644657926,11.81380500793457,12.940204238891601,281629.6875797051,275918.50265672675,12.527864445118256
C_G1_qY-vZY,7,142442.0703955747,519087.52287713636,11.866697692871094,13.159829711914062,376645.4524815617,330764.7966363555,12.709165840886177
CgrojExyb_s,7,97333.7892767744,175748.54551476715,11.48591175079346,12.076815223693847,78414.75623799274,136541.16739577078,11.824388764551944
ChSy-1JkfR0,7,103392.60671217844,214816.60405264713,11.546298408508301,12.277544593811035,111423.99734046869,159104.6053824128,11.977323445524314
CpA8zPxaqiE,7,86436.7874502089,115617.26680858717,11.367180213928224,11.658049240112305,29180.479358378274,101027.02712939803,11.523153253659085
CwTTSHeAlRk,7,77129.14830498962,106865.61817527782,11.25324951171875,11.579336776733399,29736.4698702882,91997.38324013373,11.429526282399955
CwfCTYDHIMA,7,163661.42777996266,222759.17274598943,12.00556121826172,12.313851013183594,59097.744966026774,193210.30026297603,12.17153968902408
CxPNE0cmMaU,7,111194.44362499473,177020.914782639,11.619044685363766,12.084028816223146,65826.47115764428,144107.67920381686,11.878323010595881
D60yD96kgsI,7,98853.53121999116,303718.9711181951,11.501404666900637,12.623861408233642,204865.43989820394,201286.25116909313,12.212488277128967
D8kYJw-FikU,7,357674.20320990833,785563.0968198819,12.787380599975586,13.574157333374023,427888.8936099736,571618.6500148951,13.25622910165987
DDqJVQfCDks,7,31837.54377777577,184176.00420460643,10.368432903289794,12.123652553558353,152338.46042683066,108006.7739911911,11.589958484915737
DHoIICtSohQ,7,163641.76904156775,315755.9111954955,12.005441093444825,12.66272792816162,152114.14215392777,239698.84011853163,12.387142753415711
DIXXFxfFK6Y,7,104395.60696980233,562706.0159887429,11.55595245361328,13.240514373779295,458310.4090189406,333550.8114792726,12.717553489030642
DMPGT1_o_gY,7,34578.30320051082,95628.71966969658,10.451010608673093,11.46823892593384,61050.416469185766,65103.511435103705,11.083749125873918
DYcY-58x0yg,7,45220.0415963193,64225.24444869839,10.719317779541015,11.070167198181153,19005.202852379087,54722.64302250884,10.910051125784111
DdSwOE3IHuA,7,48489.90375408984,64952.39706395833,10.789131507873535,11.081425323486329,16462.493309868485,56721.150409024085,10.94592007319933
DeETcajnq3M,7,735318.1363825107,1162351.2440319574,13.508059883117674,13.965956306457523,427033.1076494467,948834.690207234,13.762990922672465
DeJlUk2pCtQ,7,56160.776368976214,186027.85479588291,10.935991668701172,12.133657073974609,129867.0784269067,121094.31558242957,11.704333246566993
DqSR20Q_Z7E,7,13502.908792972634,78531.51220928253,9.510734462738036,11.27126798629761,65028.603416309896,46017.210501127585,10.736792477590534
E0W9MkxKRZA,7,70611.44759703003,198467.81060802762,11.164961719512938,12.198387241363529,127856.3630109976,134539.62910252882,11.80962150752027
E2M_bgeaHdc,7,45552.07529973604,62949.54842999182,10.726633415222167,11.050104751586915,17397.473130255778,54250.81186486393,10.901391669275663
E4n0haf2ago,7,106328.52190374161,149848.3464943532,11.574298248291015,11.917385711669922,43519.82459061159,128088.4341990474,11.760484003601338
E8lIamq3wDQ,7,226252.30238016747,468584.226675911,12.329410457611086,13.057473278045654,242331.92429574352,347418.26452803926,12.758287584700243
ECV3Ax06IvE,7,43878.17270923368,933813.1716551958,10.68919506072998,13.747032737731931,889934.998945962,488845.67218221474,13.09980416546913
EUKqibHDW2g,7,270149.44211317174,546859.4702087834,12.506734275817871,13.211948966979978,276710.02809561166,408504.4561609776,12.920260549768217
EWKTrbouLxg,7,274242.79872247647,828090.021715435,12.521772766113282,13.626878356933593,553847.2229929585,551166.4102189557,13.219793871786592
EX78dSg6KD0,7,1060724.7903570374,1955892.7034705074,13.874463939666752,14.486357784271236,895167.91311347,1508308.7469137725,14.226500208920555
EY6R0p3RGmw,7,54195.64673572135,105325.8073035039,10.900374317169188,11.564823246002195,51130.16056778255,79760.72701961262,11.28679905710457
EhV4WI25hHI,7,55827.84700355102,91295.56289945621,10.930045986175534,11.421868419647218,35467.715895905196,73561.70495150362,11.205893450085462
EnNpu6O9NzI,7,417919.4884763129,1041569.6454726518,12.943046474456784,13.856240367889406,623650.1569963389,729744.5669744824,13.500451213979831
Er2xTYaLSqI,7,2237674.543283198,3150942.9217007332,14.620948181152343,14.963212623596192,913268.3784175352,2694308.7324919654,14.806652600573146
EsPYuzMcsgk,7,240836.46258786033,444751.169628152,12.391877555847167,13.005272483825687,203914.70704029166,342793.81610800617,12.74488734338607
EtZOyEAUyjo,7,297561.3774841553,2150963.094949338,12.603379154205323,14.581426715850828,1853401.7174651828,1224262.2362167467,14.017849781200418
EuLtgE5W63c,7,251095.63390220533,344340.5442940831,12.433593139648437,12.749389305114747,93244.91039187775,297718.0890981442,12.603905666876745
Eu_QQMBQFx8,7,474586.055421947,930627.7599520717,13.070200347900391,13.743615722656248,456041.7045301247,702606.9076870093,13.462554273642372
F-WjXjMsc3M,7,319538.072543745,5713382.986379798,12.674634838104248,15.558322048187256,5393844.913836053,3016460.5294617712,14.919595023412416
F0eEvaiRfEQ,7,82723.46804457442,305667.29647181864,11.32327070236206,12.63025579452515,222943.8284272442,194195.38225819654,12.176625205717317
F2gpQAXf4Zw,7,86512.49783639084,277531.39167931856,11.368055725097657,12.533692932128906,191018.8938429277,182021.9447578547,12.111888028210869
F61MyoU0cDo,7,89027.48848306692,119189.24811813993,11.39671169281006,11.688476219177247,30161.759635073016,104108.36830060343,11.5531972438354
F7eR92nCN5E,7,232013.58417005144,400046.79019204044,12.35455551147461,12.899339294433593,168033.206021989,316030.18718104594,12.66359618131006
F9RCkTHi19c,7,108990.75741429062,266070.15970401524,11.599027538299561,12.491519069671629,157079.40228972462,187530.45855915293,12.141701889301432
FFn_1yqWK6M,7,560161.5691821846,2002515.0450420585,13.235982322692871,14.509914970397949,1442353.475859874,1281338.3071121215,14.063416422551606
FMg2c8A0HgU,7,92993.76329685764,373059.54414523224,11.440298461914063,12.829496002197265,280065.7808483746,233026.65372104495,12.358912411003319
FOEPQRMrlDs,7,46881.56041514716,159011.26887004654,10.755401039123536,11.976736640930175,112129.70845489937,102946.41464259685,11.54197359939264
FV6-UJedvSc,7,238674.93628347473,449278.73111657973,12.382861995697022,13.015400981903076,210603.794833105,343976.8337000272,12.748332497360863
FXZGgXIr-x4,7,421575.83770189824,2103704.502293503,12.951757335662842,14.559210872650146,1682128.6645916046,1262640.1699977005,14.048716251700466
F_efd1OZI8g,7,24311.646509057216,78482.17227938102,10.09875192642212,11.270639514923095,54170.5257703238,51396.90939421912,10.847352777351857
FfurIf36rpc,7,27132.28555314505,71240.07894535978,10.208516502380371,11.173824882507324,44107.793392214735,49186.182249252415,10.803388345149108
G3LP0sJch1k,7,328486.6886305324,462282.01607330015,12.702254638671876,13.043932571411133,133795.32744276774,395384.35235191626,12.887616143893155
GAaokRPQvvQ,7,87225.08933150099,198747.56618536232,11.376258754730227,12.199795818328857,111522.47685386133,142986.32775843167,11.870511288241415
GD8PDdJV8-A,7,199929.97917479972,307484.3984548542,12.20572748184204,12.636182880401615,107554.41928005448,253707.18881482695,12.443940022618008
GDjDgYX3UGE,7,299209.6964277336,405727.4641616011,12.608903274536132,12.913439407348633,106517.76773386751,352468.58029466734,12.772719600474252
GGTW0X4vvcc,7,329541.9203745056,492282.0990762188,12.705461883544922,13.10680923461914,162740.17870171322,410912.0097253622,12.92613681590682
GWkjO6q4M1o,7,165046.22612134952,219202.51110568162,12.013986930847167,12.297755851745604,54156.2849843321,192124.36861351557,12.16590339945202
GdiwzjwuPaI,7,146359.39866380263,337368.6132006808,11.893827342987063,12.728934383392334,191009.2145368782,241864.00593224174,12.396135022769338
GeX2PfPEPQg,7,19508.47137727718,101147.74150654799,9.878655338287354,11.524347400665283,81639.27012927081,60328.10644191258,11.007569960151784
GneQdiJLBzs,7,416302.66090322525,593832.9709761031,12.939170227050779,13.294355049133301,177530.31007287785,505067.81593966414,13.132449968161149
GoZywXMBm7s,7,797294.8203433378,1786275.4335362527,13.58898105621338,14.39564380645752,988980.6131929149,1291785.1269397952,14.07153641319771
Gs8dkYozXkk,7,53376.67962583351,131414.02732921895,10.885147953033448,11.786115741729736,78037.34770338544,92395.35347752622,11.433842792322093
GwpTKLxJsmc,7,134452.36671443353,180166.84591093488,11.808972702026367,12.101644172668456,45714.47919650134,157309.6063126842,11.965977514063043
GxFYH6oQ2Vc,7,201796.80604049665,1674902.352754452,12.215021514892578,14.331266021728515,1473105.5467139555,938349.5793974743,13.751878910183367
H2lwmDaYTjI,7,55736.07913017919,146589.35597411328,10.928400897979737,11.895397281646728,90853.27684393409,101162.71755214623,11.524495449339055
HErGV8_sCdE,7,251788.77028251885,1221191.0616827763,12.43634977340698,14.015338039398195,969402.2914002575,736489.9159826476,13.509652180772976
HJHPxLKXTNg,7,658598.5213061309,1197703.559273264,13.397870922088623,13.995917415618896,539105.037967133,928151.0402896975,13.740950834867672
HM9aOZJ3C_s,7,200952.1784964415,272235.0866359567,12.21082721710205,12.51442493438721,71282.9081395152,236593.6325661991,12.374103544581015
HVIv0IuGAZw,7,1367491.5959347445,3108247.050197515,14.1284893989563,14.949569797515869,1740755.4542627707,2237869.32306613,14.621035222951878
HwSxkl3JSSA,7,218929.8137057597,313233.55482185294,12.296511039733888,12.654707565307616,94303.74111609324,266081.6842638063,12.491562382559145
Hxu3AeNlP0U,7,1121248.1750393393,2115517.240462614,13.929953956604004,14.564810371398925,994269.0654232749,1618382.7077509768,14.296938497898555
I9nKTsf4tg8,7,122415.86384440883,165944.9512486647,11.71518741607666,12.019417419433594,43529.08740425587,144180.40754653676,11.878827560336612
IANzkLIshB4,7,86942.58972700563,117433.73371387413,11.373014793395996,11.67363800048828,30491.143986868497,102188.16172043988,11.53458090142592
IHWFLpSM3Tc,7,74460.92738759975,279341.9620240876,11.218043231964112,12.540195560455322,204881.03463648786,176901.4447058437,12.08335369975755
ITqbuf4EtJw,7,110009.55392340942,277112.85858088837,11.608331584930417,12.532183742523195,167103.30465747893,193561.2062521489,12.173354219127834
IX0pObAqgHA,7,90913.25257873558,1574362.4523954801,11.417672061920165,14.269361591339115,1483449.1998167445,832637.8524871079,13.632355276703171
IbEv7b2KOOo,7,451174.0805173818,603029.1998154238,13.019610748291015,13.309722557067873,151855.11929804203,527101.6401664028,13.175150571683728
IbbPgK_BSmw,7,18918.816524288297,60482.69298698445,9.847965145111084,11.010129070281982,41563.87646269616,39700.75475563637,10.589150666092337
IcuMLnA4aGk,7,840631.9992900036,5963013.572267818,13.641910457611084,15.601086711883545,5122381.572977815,3401822.785778911,15.039822253353302
IdCUNHB8AEc,7,716195.5086831228,1298000.691218313,13.481709861755368,14.076336479187013,581805.1825351903,1007098.099950718,13.822584577931853
Ie-oY6d4Lao,7,1436801.5287869966,2315108.1731344177,14.177930736541745,14.654967403411867,878306.6443474211,1875954.8509607073,14.444628874668354
IiL-uCsn3f0,7,479264.4047151854,665122.3903788327,13.080009803771972,13.407727851867676,185857.9856636473,572193.397547009,13.25723406847543
IjdlZr9ImpY,7,189070.0084728631,368721.69645423046,12.1498779296875,12.817800140380859,179651.68798136737,278895.8524635468,12.53859728801424
In61cA5i2Po,7,64090.710701345444,148898.67018992163,11.068070316314698,11.911028003692627,84807.95948857619,106494.69044563353,11.575859798013658
InASSPfs9vk,7,301040.95546951605,852638.6288778275,12.61500492095947,13.656092262268068,551597.6734083116,576839.7921736718,13.265321583973849
InnG9lXMcPY,7,58511.73280404807,119608.96358079845,10.976999664306637,11.691991424560548,61097.23077675037,89060.34819242326,11.39708071678518
J2EL6EiS8rU,7,64227.006049309035,138047.07658864764,11.07019462585449,11.835357284545902,73820.0705393386,101137.04131897834,11.52424160840906
J2wNymKaXQI,7,41988.91965436397,58010.95718104352,10.645184860229492,10.96840442657471,16022.037526679553,49999.93841770374,10.819797052588235
JF56hfN_Xis,7,229706.04323534196,459345.48864203144,12.344560050964354,13.037560081481937,229639.44540668948,344525.7659386867,12.74992706145022
JeIZnoQJRNM,7,48698.22095243219,73538.39405808314,10.793418312072754,11.205576515197754,24840.173105650952,61118.30750525766,11.020583093692082
JjkhWlqGIP4,7,453318.28441459866,2970620.3913699887,13.024351978302002,14.904281711578367,2517302.10695539,1711969.3378922937,14.353155509536236
JsCHL1fcwVQ,7,151314.5959936626,309694.543002028,11.927122974395752,12.643344974517822,158379.94700836542,230504.5694978453,12.348030303807384
K3kdXOt7Ab4,7,359561.89974719036,685484.4269622039,12.79264440536499,13.43788251876831,325922.5272150136,522523.1633546972,13.16642650740673
K9x6gCV-_E0,7,345064.50374362536,737416.2635403024,12.751489543914795,13.510909175872802,392351.75979667704,541240.3836419638,13.201620638803925
KBAa_kVRxO0,7,253665.22443007657,382692.840984433,12.44377460479736,12.854990577697755,129027.61655435644,318179.0327072548,12.670372642154042
KIzE2P_XSH4,7,213824.8494950529,404563.29350982816,12.272917175292969,12.910565948486328,190738.44401477525,309194.07150244055,12.641727656054917
KKdXqXbZ1kc,7,40327.26062331795,141860.44828384405,10.604807758331297,11.86260614395142,101533.1876605261,91093.85445358099,11.419656599255285
KOT8akwpbUM,7,112745.88387456223,218728.0581688399,11.632900619506836,12.295589065551757,105982.17429427766,165736.97102170106,12.018163332393149
KV1-XWGncZA,7,132843.86956031504,180621.37054605907,11.79693733215332,12.104163780212403,47777.50098574403,156732.62005318707,11.962302955766603
KWMDzUV6s8k,7,212235.50956301056,282875.4483219679,12.26545654296875,12.552765502929688,70639.93875895735,247555.47894248925,12.419394032705167
KZswPzGdiPc,7,45114.54890453008,62522.89608652749,10.716982231140136,11.04330410003662,17408.347181997415,53818.72249552878,10.893395268108717
KbouG9g2HPM,7,52077.99240465522,175097.09100573798,10.860516929626462,12.073101615905763,123019.09860108276,113587.5417051966,11.640337914910788
KgeJnAwS-zQ,7,269408.97338065546,361000.0832843342,12.503989562988279,12.796636238098145,91591.10990367876,315204.52833249484,12.660980175937988
Km6w28Q2Evw,7,50098.450926079764,679240.8240874178,10.821765327453614,13.42873249053955,629142.373161338,364669.6375067488,12.806749862194847
KpzdxXC7aJU,7,94645.19031684019,292005.3786637606,11.457900905609131,12.584530925750732,197360.18834692042,193325.2844903004,12.1721346336569
KwYDasj1U1A,7,90568.91671604972,208892.43593227718,11.413877391815184,12.2495795249939,118323.51921622746,149730.67632416345,11.91660014671568
KyFgiUusNDU,7,26533.739025780676,101814.02560769407,10.18621006011963,11.530912971496582,75280.28658191339,64173.88231673738,11.069367171950942
KygyDhmwR4Q,7,35106.92391485474,56148.57671624133,10.466182136535647,10.935774421691894,21041.65280138659,45627.75031554804,10.728293286203607
KyuagC7BTSw,7,180169.72566140568,274194.47052466683,12.101660156249999,12.521596527099613,94024.74486326115,227182.09809303627,12.333511570865754
L6d8k5mD7Fo,7,251160.42696204648,753272.5661945998,12.433851146697997,13.532183742523197,502112.13923255337,502216.4965783232,13.126788564959984
L8P4wtZbO5Y,7,142820.28670042,392942.1527373946,11.869349384307862,12.881420230865478,250121.86603697462,267881.2197189073,12.49830268423315
LKtWQB-6ki4,7,48923.26898235553,71073.038834987,10.79802885055542,11.17147741317749,22149.769852631478,59998.153908671266,11.002085739582665
LLXfMVuvtj8,7,164470.2067561583,403003.72583786346,12.010490798950194,12.906703567504886,238533.51908170516,283736.9662970109,12.555806437352487
LXfZGjPuqk8,7,54276.69916701669,93758.95259512537,10.901868724822998,11.448493099212646,39482.253428108685,74017.82588107104,11.212074743629405
LY1QI42se40,7,228316.24002544148,512555.5613442717,12.338491344451903,13.147166347503665,284239.32131883025,370435.9006848566,12.822438400671235
LjCRqGbDLgY,7,220091.5664648737,435271.49990588584,12.301803493499754,12.983727550506595,215179.93344101214,327681.53318537975,12.699800532031617
Lj_uZDSMRGI,7,68954.23512269245,92289.98279514724,11.14121280670166,11.432701721191407,23335.74767245479,80622.10895891985,11.297540599049919
LnDCz06mkao,7,110377.52096303823,149828.62656073755,11.611670837402343,11.917254104614258,39451.10559769932,130103.07376188789,11.776089976553704
M1Q3YO7dGmk,7,76498.56406870559,111474.66808549441,11.245040321350098,11.621561622619629,34976.10401678883,93986.6160771,11.450918308712518
MCBD448-ZA4,7,154025.12796948492,419203.7049086163,11.944877529144286,12.946114635467532,265178.57693913137,286614.41643905063,12.565896583714778
MEAzw7td6wM,7,101591.7482478293,214713.68353454358,11.528727436065674,12.27706537246704,113121.93528671429,158152.71589118644,11.971322724450095
MGUWWmXr2l4,7,45005.39800447839,176580.33402787984,10.714559936523438,12.081536865234375,131574.93602340145,110792.86601617912,11.615426690898042
MQ04-x_jWHM,7,179098.16456350533,345233.2643694933,12.09569492340088,12.751978492736816,166135.09980598796,262165.7144664993,12.47673589513847
MYswfTB1CIs,7,56558.36070871418,233507.98563032693,10.943045997619627,12.360975837707523,176949.62492161276,145033.17316952057,11.884724670666419
McZxlqXGuxg,7,140688.3382140465,511450.3286482352,11.854309463500977,13.145007705688476,370761.9904341887,326069.33343114087,12.69486838380016
MdCFYXDOhIU,7,164550.06378722648,558874.1027022125,12.010976219177246,13.233681297302246,394324.0389149861,361712.0832447195,12.798606588822425
MhrcfGdFdOM,7,246722.16691717986,621400.8289106786,12.416022205352784,13.339733219146728,374678.6619934988,434061.4979139292,12.980943807124877
MjsxSpwHSBU,7,210263.49980974392,549907.1284415314,12.256121540069582,13.217506504058838,339643.6286317875,380085.3141256377,12.84815364834552
Ml2vgpaJZ90,7,120600.81061677347,451815.96347719344,11.700249576568604,13.021032428741455,331215.15286041994,286208.38704698347,12.564478944472917
MmctJIq3Uls,7,202355.48874651542,1060905.5763482288,12.21778621673584,13.874634361267088,858550.0876017134,631630.5325473722,13.356061484986597
MsXTopk6prI,7,61663.05851093,130775.47540139487,11.029456520080567,11.781244850158691,69112.41689046487,96219.26695616244,11.474395289684875
N1HKD8lt3vQ,7,1012606.8094679328,2185610.0537016317,13.828039550781247,14.597406005859376,1173003.244233699,1599108.4315847822,14.284957426988287
N7bPuV4vKAQ,7,896089.8662738332,1285453.3960885007,13.705797100067137,14.066622829437259,389363.52981466753,1090771.631181167,13.902396839045807
N9Nfb-xXMCA,7,97846.97825885416,292069.8536654462,11.491170310974121,12.58475170135498,194222.87540659207,194958.4159621502,12.180546692614206
NBLBKQjSSi4,7,251602.50187595288,472620.7311733608,12.435609722137448,13.066050624847414,221018.2292974079,362111.6165246568,12.799710537799756
NG049_h2Nfc,7,51861.25350848006,122569.50895451763,10.85634651184082,11.71644172668457,70708.25544603757,87215.38123149885,11.376147450413328
NGPaSUFhOFg,7,50410.79341286653,137117.0676033414,10.827980422973633,11.82859764099121,86706.27419047485,93763.93050810396,11.448546189905437
NIdLTunXtY4,7,511570.965425852,815903.8427325316,13.145243549346924,13.6120530128479,304332.8773066796,663737.4040791919,13.405643381071842
NKg6pZAYtYo,7,22101.774100572093,98632.86320829255,10.003458404541016,11.499169921875,76531.08910772046,60367.31865443232,11.008219720722368
NUK8qFwNQoM,7,725201.5928104311,2355145.5527100135,13.4942063331604,14.672113513946533,1629943.9598995824,1540173.5727602222,14.247406326900382
NdJTeaR6SxU,7,154324.7088629389,313960.28331687296,11.946820640563965,12.65702495574951,159635.57445393407,234142.4960899059,12.363689437543892
NgEDT7QqSVI,7,61414.42344965021,109542.02420349864,11.025416278839113,11.604072666168213,48127.600753848434,85478.22382657442,11.35602862921608
NpNxDgn-_FI,7,178715.20886977107,289381.435448209,12.093554401397704,12.57550439834595,110666.22657843793,234048.32215899002,12.363287150586403
NsOaNxLwiac,7,315636.91529616725,432588.46576542023,12.662350997924804,12.977544441223145,116951.55046925298,374112.69053079374,12.83231501557893
Nw09YqVFdj4,7,30122.219553192015,40558.55615379692,10.313051567077636,10.610526695251465,10436.336600604904,35340.38785349447,10.472810016565358
O19ExSs1ghE,7,342916.8918062477,967693.3351656176,12.745246315002442,13.782671546936035,624776.4433593699,655305.1134859327,13.392857754277422
OD6mgL2_d_g,7,301400.18315332895,555898.6688919392,12.616197490692139,13.228343105316162,254498.48573861027,428649.4260226341,12.96839700797701
OE5_gFWrVBQ,7,106699.39629278844,470903.20841108257,11.577780151367188,13.062409973144531,364203.8121182941,288801.30235193553,12.573497658101772
OGbJ0DVg-Q0,7,243380.4244037601,671978.2047036662,12.402385139465332,13.41798267364502,428597.78029990604,457679.31455371313,13.03392621622087
OL0Yrr-DC1Q,7,147986.74123887348,237619.23604227175,11.904884719848631,12.378429031372074,89632.49480339827,192802.9886405726,12.169429348914365
OQ5Lm0fowBk,7,148929.88545514384,289805.36974443553,11.911237621307373,12.57696828842163,140875.4842892917,219367.6275997897,12.2985088248022
OVwDNxx41R8,7,142230.31085080467,338302.4688206903,11.8652099609375,12.731698608398437,196072.15796988562,240266.38983574748,12.38950770646384
OZzbkDhtRvU,7,1400907.0443477894,2204532.032972031,14.152631187438965,14.60602626800537,803624.9886242414,1802719.5386599102,14.404807492201927
O_5WqW4xHjY,7,379784.5180257018,1017951.7126060853,12.847361946105957,13.833304023742675,638167.1945803836,698868.1153158935,13.457218758069413
Oga4UleFa1s,7,70002.09450897394,176867.94444767374,11.15629472732544,12.083164310455322,106865.8499386998,123435.01947832384,11.723478239905994
Ol5pu6WQLco,7,40202.056466532864,95901.38407811838,10.601698303222657,11.471086120605468,55699.32761158552,68051.72027232562,11.12803798189234
P08jHzGk2gs,7,240663.91952723797,497865.3319541369,12.391160869598389,13.118086910247802,257201.41242689893,369264.6257406874,12.819271517008591
PCRZWubgJfY,7,25698.668199907246,325644.92187228496,10.154233360290524,12.693565940856935,299946.25367237773,175671.7950360961,12.076378424600364
PE5rXUq8A74,7,47619.785192234216,363578.057089572,10.771024608612061,12.803752040863035,315958.2718973378,205598.9211409031,12.233687429007155
PIt6Hf7CjUw,7,298086.11873303825,985580.2643372379,12.605141067504883,13.800986862182617,687494.1456041997,641833.1915351381,13.372085280678153
PJoPU48p2oc,7,261718.69275092345,362884.74072871904,12.475029335021972,12.801843299865725,101166.04797779559,312301.71673982125,12.651728242368208
PT41ksWunBc,7,87198.97306373253,131225.7955786143,11.375959300994873,11.784682369232177,44026.82251488179,109212.38432117342,11.601058901825928
PTiWOw4ACw4,7,121672.18918252533,202150.78036612077,11.709093952178955,12.216774082183836,80478.59118359545,161911.48477432306,11.994811250802055
P_tKdTaGYUs,7,317956.15404009534,652965.6717286152,12.66967191696167,13.389281368255613,335009.51768851985,485460.9128843553,13.092856114376389
PcaSxitlJok,7,681888.4413169313,1499926.5033909956,13.432622814178467,14.220927333831785,818038.0620740643,1090907.4723539634,13.902521367944876
PkEpVIcwg20,7,72450.16377100468,173126.88037049506,11.19066801071167,12.061785793304443,100676.71659949038,122788.52207074987,11.71822696589802
Q-7tHcIGuQ8,7,167664.36854221116,229304.4616768097,12.02972541809082,12.342810287475587,61640.093134598545,198484.41510951042,12.198470900891085
Q8Jbijf1T1A,7,253482.39296143697,340759.1626881343,12.443053588867187,12.738934173583985,87276.76972669733,297120.7778247856,12.601897360093085
QBamKMqUWyQ,7,54804.54268925375,162731.9230857099,10.911546611785885,11.99986562728882,107927.38039645614,108768.23288748182,11.596983787451846
QDBB1V-ISwM,7,242370.77172590495,843506.71349977,12.398228073120118,13.645324325561523,601135.9417738651,542938.7426128375,13.204753621511232
QITgzgKOXZo,7,246363.01767989158,1101504.180668494,12.414565467834473,13.912188148498535,855141.1629886024,673933.5991741928,13.42088835132017
QKMknuwkqMA,7,20572.0124415835,41809.95150179888,9.93173542022705,10.640913581848148,21237.93906021538,31190.98197169119,10.347916352683656
QPz6TPibfsI,7,81633.20745445884,126049.72663617128,11.310003662109375,11.744439697265625,44416.51918171244,103841.46704531506,11.550630289796251
QcOdVGMV7YI,7,1412627.1282017198,1906768.3806627863,14.160962448120115,14.460920944213868,494141.25246106647,1659697.754432253,14.322146670630884
QdkZvRm32n8,7,69242.27567291383,92457.18757077387,11.145381317138671,11.434511795043944,23214.91189786003,80849.73162184385,11.300359914090393
QeIFiwPr1Y4,7,355479.79400543397,471529.67312549124,12.781226501464843,13.063739433288575,116049.87912005727,413504.73356546264,12.932426659287993
QlSUo1s5YKg,7,565884.5115969843,1365847.0185406574,13.246147060394287,14.127286052703857,799962.506943673,965865.7650688209,13.780781179322817
R5KnCa9cjvE,7,79542.92584255795,226701.272433368,11.284064674377442,12.331392860412597,147158.34659081005,153122.09913796297,11.938997446411182
RGX6WQjRYH0,7,45942.68385274274,64622.08511078375,10.73517166137695,11.07632698059082,18679.401258041013,55282.38448176325,10.920227680911905
RN7f7mjVsrI,7,628084.9508949348,1092571.1012567626,13.350432300567627,13.9040452003479,464486.1503618278,860328.0260758487,13.665070183521676
RPL6coDZJvg,7,101008.6219272081,214626.06076613738,11.522971057891843,12.27665719985962,113617.43883892927,157817.34134667274,11.969199912240763
RQzeFZ-oH8U,7,44786.133135262215,122091.76826292588,10.709676170349121,11.712536430358885,77305.63512766367,83438.95069909404,11.331882498819901
RdE1Fm4H0Eo,7,80328.92804434558,134776.10525277274,11.293897533416748,11.81137762069702,54447.177208427165,107552.51664855916,11.585743831962887
RkpfxqAEruc,7,78442.19898907203,230808.32365766866,11.270130062103274,12.34934720993042,152366.12466859663,154625.26132337033,11.948766266967066
RtwyKAfgGWg,7,300227.83987897454,410137.92103134404,12.612300262451171,12.924251213073731,109910.0811523695,355182.8804551593,12.78039090746891
RwMZY61jkhg,7,58161.09494464984,87189.26047291596,10.97098913192749,11.375847911834716,29028.165528266123,72675.1777087829,11.193768930438987
S2dxxRQiZy8,7,80496.41556621563,169655.92106532186,11.295980358123778,12.041533565521243,89159.50549910624,125076.16831576874,11.736686172330613
S5bZBl_tdsM,7,159114.16357195732,246732.33180782275,11.977383518218996,12.416063404083252,87618.16823586542,202923.24768989003,12.220588024291668
S9-tTcmTldk,7,141479.4171296176,2215577.271981907,11.859916591644287,14.611023998260496,2074097.8548522894,1178528.3445557624,13.979777900968362
SHKeybwu5Os,7,93425.78114013627,209112.1874141835,11.444933319091794,12.250630950927736,115686.40627404724,151268.9842771599,11.926821494617322
SKIIvPnHOig,7,133993.40722187806,339605.66063526087,11.805553340911866,12.735543346405029,205612.2534133828,236799.53392856946,12.374973436755363
SV6xl8FotL4,7,255643.29436377675,432180.21805414016,12.451542282104493,12.97660026550293,176536.92369036342,343911.75620895845,12.74814328851801
SoRJaX4POck,7,1673007.0966889919,2492752.8485956597,14.330133819580078,14.728898620605467,819745.7519066678,2082879.9726423258,14.54926257633598
SqmPmV72FS4,7,179863.79497857223,402438.3812510464,12.099960708618164,12.905299758911132,222574.58627247415,291151.0881148093,12.58160104919493
Sr2qYEHlsTc,7,90227.3048060736,182905.83720457854,11.410098457336426,12.116732215881346,92678.53239850493,136566.57100532606,11.824574796802404
Su4s2D-SlWk,7,90525.00262826872,126466.22907253259,11.41339241027832,11.74773849487305,35941.22644426387,108495.61585040065,11.594474261157336
SxVJ-h70v-c,7,153426.8317916247,398659.91178974166,11.940985584259035,12.895866489410402,245233.07999811697,276043.3717906832,12.528316899135149
T1rXuHKMqss,7,53030.20271737231,73724.41307683323,10.878635749816896,11.208102836608889,20694.210359460914,63377.30789710277,11.056876935146374
T2T2zQA4QBw,7,76985.84536317048,106330.57839135629,11.251389846801757,11.574317588806153,29344.733028185816,91658.21187726338,11.425832759698235
T5ckXx__miI,7,347474.50735659915,624493.0581704674,12.758449459075928,13.344697093963623,277018.55081386823,485983.7827635333,13.09393259120628
T8IBZ_0Vl08,7,67275.8057151659,91910.71313941585,11.11657081604004,11.428583755493165,24634.90742424995,79593.25942729088,11.284697251484262
TACpS_JqQYs,7,36958.44831570538,101161.97079346426,10.517576599121096,11.524488067626953,64203.52247775889,69060.20955458481,11.142748485337156
TG5B8TQAlCE,7,219427.29516213783,303570.86288604874,12.298780784606933,12.623373641967772,84143.5677239109,261499.07902409328,12.474189864682454
TLdwiQ5VZ4g,7,115632.73321515879,277454.77869451797,11.658183002471922,12.53341684341431,161822.04547935916,196543.7559548384,12.188645450030268
TQl1N8DTq28,7,162957.23467795752,384577.95237030264,12.001249217987063,12.859904384613039,221620.71769234512,273767.59352413006,12.520038479355618
TR2SYxrGK6k,7,395279.88576775015,1047702.503137636,12.887351894378662,13.8621111869812,652422.6173698858,721491.1944526931,13.489076838638157
TW986GosV2k,7,258813.68145740274,547326.4359397133,12.463867568969727,13.212802505493164,288512.7544823105,403070.058698558,12.906868149699555
TYise3IhFno,7,40951.92863761226,59965.69303115757,10.620178604125977,11.001544570922851,19013.76439354531,50458.810834384916,10.828932473364892
TYyf1XoFuLE,7,60619.45504899525,89755.03786127972,11.012387657165528,11.404850578308103,29135.58281228447,75187.24645513749,11.227750200583131
TbmtcbS7Qm0,7,211292.1807475234,300380.56772667647,12.261001930236816,12.612808837890624,89088.38697915306,255836.37423709995,12.452297264714222
ToKci_IUxOs,7,64071.18499965123,248256.7275837965,11.067765617370608,12.422222709655761,184185.54258414527,156163.95629172388,11.9586681396917
Tq3JphT7cBc,7,55427.9703198101,168577.02216869622,10.922857666015622,12.035153961181642,113149.05184888613,112002.49624425315,11.626285366256553
TsDwEJsqq_4,7,123808.09778159758,215691.72564979029,11.726496124267578,12.281610107421875,91883.6278681927,169749.91171569395,12.042087416338441
Tu_aDZXRIs8,7,582724.267574231,910383.2895603938,13.275471115112303,13.721622085571292,327659.02198616276,746553.7785673124,13.523224273801397
U3RYWSmHtsU,7,157320.9427975667,689162.0081032445,11.966049575805666,13.443233108520507,531841.0653056777,423241.4754504056,12.955700521811139
U5DDTQZZU8c,7,85388.87026422874,136563.478841693,11.35498275756836,11.824552154541015,51174.608577464256,110976.17455296087,11.617079824490755
UPWF_kSJUws,7,179806.16245430073,256369.44759688593,12.09964023590088,12.45437873840332,76563.2851425852,218087.80502559332,12.29265762132437
URkMw5Mc4dI,7,250111.93986932232,439443.06754824787,12.429667854309082,12.993265724182129,189331.12767892555,344777.5037087851,12.750657471596131
UTW6Rz3HYQk,7,69263.47632410355,93408.78621392709,11.145687446594238,11.4447513961792,24145.309889823533,81336.13126901531,11.306357910447524
UTh5f-E4gas,7,262266.7631935792,508910.31620064215,12.477121257781983,13.140029048919677,246643.55300706293,385588.53969711065,12.862528714009057
Ul8IYdZYWCE,7,295435.9787079308,415274.57566202554,12.596210823059081,12.936697616577149,119838.59695409477,355355.2771849781,12.78087616289423
Uriu2ai0BYg,7,68614.8292331915,427106.8643875501,11.136278533935545,12.964791870117185,358492.0351543586,247860.8468103708,12.42062680061334
Ut9xrMdAGjs,7,48762.910951613434,67693.57908242497,10.79474578857422,11.122761383056641,18930.668130811537,58228.2450170192,10.972142999214212
V3qKDtazXhs,7,99786.75337565003,329801.6780388168,11.51080074310303,12.706249809265136,230014.92466316675,214794.2157072334,12.277440368125003
VG3ufgYF8zM,7,250668.4435773077,726116.6124757539,12.431890392303467,13.495467281341552,475448.16889844614,488392.5280265308,13.098876769751957
VJN5mJESVOg,7,138389.57449990962,227586.06402145332,11.837835216522217,12.335288143157959,89196.4895215437,182987.81926068146,12.117180333020897
VJh5n9dHcoA,7,867788.5329330831,1165802.7462584022,13.673704490661619,13.9689213180542,298014.2133253191,1016795.6395957427,13.832167693969684
VOHkah8eQxU,7,205266.52287025086,432679.219663711,12.232069396972657,12.977754211425781,227412.6967934601,318972.8712669809,12.67286447015834
VTGPmOkaCMg,7,99339.86289796013,485189.4123764001,11.506312274932858,13.09229669570923,385849.54947843996,292264.6376371801,12.585418385643392
VTNazLEpUfk,7,47016.624402956215,226720.83938993356,10.758277797698971,12.331479167938234,179704.21498697734,136868.7318964449,11.826784890384404
VYHjkAcUtk8,7,73689.1090214269,178547.18583352177,11.207623863220215,12.092613792419431,104858.07681209486,126118.14742747434,11.744982353625637
Vb-PbbtaHgU,7,636609.2939288155,966065.8481343162,13.363912963867184,13.78098831176758,329456.55420550064,801337.5710315658,13.59403882217684
VhQ-OBx9FkE,7,41604.57836079037,56121.06171964826,10.635989532470703,10.935284271240235,14516.483358857891,48862.82004021932,10.796792525141147
Vico2TosUWI,7,61423.588044377895,84548.98290685956,11.025565490722656,11.345098152160645,23125.394862481662,72986.28547561873,11.198040533394032
VsDjCiFCQP0,7,322000.1666616708,449357.378748351,12.682310447692872,13.01557601928711,127357.21208668023,385678.7727050109,12.862762699743639
VzKBkA2h2ek,7,81941.69216513785,113338.52016279077,11.313775405883787,11.638143196105956,31396.827997652916,97640.10616396432,11.489053853446865
VzbzjnB4-E0,7,121179.45387613714,255328.66738708544,11.705036067962647,12.450310802459716,134149.2135109483,188254.0606316113,12.14555302780605
W3YiKvilN3A,7,421131.80976578547,757712.9640969821,12.950703525543215,13.538061237335206,336581.1543311967,589422.3869313837,13.286900027717031
WAAgrSE9mLQ,7,198515.00237734616,288448.07318685687,12.198624992370606,12.57227382659912,89933.07080951071,243481.5377821015,12.402800505512724
WAZ-A32YMOA,7,37856.373884436965,110810.66525789385,10.541581058502194,11.615587329864503,72954.29137345689,74333.51957116541,11.216330720003299
WCBhTcSsKlo,7,160628.66931814316,230130.81835075497,11.986856803894044,12.34640754699707,69502.14903261181,195379.74383444907,12.182705466316326
WJYLLbmcsTg,7,60927.4777486197,423692.3622061566,11.017455959320067,12.956765270233157,362764.8844575369,242309.91997738814,12.397976973793163
WLWq3N_lzkY,7,343182.05369658454,876388.7480281218,12.746019268035889,13.683566188812256,533206.6943315372,609785.4008623532,13.32086401230755
WVnq1oIgEdE,7,111363.39427515143,262333.97851985344,11.620562934875489,12.4773775100708,150970.584244702,186848.68639750243,12.138059756547236
WiMe8_ocyEQ,7,48211.02372255888,132795.00632907226,10.783363723754883,11.796569442749023,84583.98260651338,90503.01502581558,11.413149493630062
WkpH2BEmYAo,7,74941.521515245,173324.95762311842,11.22447671890259,12.062929248809814,98383.43610787342,124133.23956918171,11.729118836193903
Wq60NfDvGHw,7,543253.2170251152,794965.9742762207,13.205332660675046,13.586055850982667,251712.7572511055,669109.5956506679,13.41370464032131
WsA2oG9eDRQ,7,660175.9697935069,1023979.6843206291,13.40026321411133,13.839208221435547,363803.7145271222,842077.827057068,13.643628907675117
WsU5zAOGVQA,7,96246.41832560868,136381.27246028036,11.47467742919922,11.82321704864502,40134.85413467168,116313.84539294452,11.66405597776331
WsuDyefq_qQ,7,205126.11428724334,363033.05024052795,12.231385135650635,12.80225191116333,157906.9359532846,284079.58226388565,12.557013217262453
Wt87JUkZQZ8,7,32515.406156963087,120482.02431050116,10.389500045776368,11.69926414489746,87966.61815353807,76498.71523373213,11.245042297372825
WvvZRe8JQOU,7,195839.4619975862,383434.98664579116,12.185055637359618,12.856927967071536,187595.52464820497,289637.22432168864,12.576387920844857
WzHeu7VvDV4,7,109501.94702348414,170240.77291524707,11.603706741333008,12.044974899291992,60738.82589176293,139871.3599693656,11.848485571222456
X0LfitbG4Hc,7,58322.64668830986,212933.78544596766,10.973762893676758,12.268741226196289,154611.13875765778,135628.21606713877,11.817680089003012
XEmBCBiTrkw,7,258835.7732300384,706094.3403768013,12.463952922821045,13.467505550384521,447258.5671467629,482465.05680341984,13.08666584869265
XGQQMm5akBc,7,217121.59983639876,335122.6504348942,12.288217449188231,12.722254848480228,118001.05059849544,276122.1251356465,12.52860215078772
XO2Qvscmuoo,7,92712.87055960708,127259.90120784743,11.437273368835449,11.753994598388672,34547.030648240354,109986.38588372726,11.608120964414715
XPRC-Lq4qI8,7,174663.43047834886,436198.3842254746,12.070621871948243,12.985854721069336,261534.95374712575,305430.90735191177,12.629482143558521
XXeo3UgUkoQ,7,72739.52183689407,239410.98271429632,11.19465389251709,12.385941123962402,166671.46087740225,156075.2522755952,11.958099963447943
XddtumzwMi8,7,46819.40907302017,177013.65561757845,10.75407447814941,12.08398780822754,130194.24654455828,111916.53234529932,11.625517560716194
Xg8ssssu2sM,7,215262.81434851486,486522.69942569727,12.279619598388672,13.095040893554687,271259.88507718244,350892.75688710605,12.768238769697746
Xh1I17YoVDk,7,169543.88098442365,346942.62162359135,12.040872955322266,12.756917572021484,177398.7406391677,258243.25130400748,12.461661126536669
Xh3ByV8Lh9E,7,671509.4588297774,1891311.8444992446,13.417284870147705,14.452781772613525,1219802.385669467,1281410.651664511,14.06347288106324
Xk63NyArB_4,7,153888.58012280797,227698.9548586303,11.943990612030028,12.335784053802493,73810.37473582235,190793.76749071915,12.158953613567443
Xo9LVCjjLr8,7,82545.63920356263,165460.7489937465,11.321118736267087,12.016495323181154,82915.10979018387,124003.19409865457,11.728070667391423
XqdAW6BSxtI,7,56449.91215356851,170472.20507252472,10.941126728057862,12.046333408355713,114022.29291895621,113461.05861304663,11.639223774670185
XyioAB3kUjA,7,24345.289967732722,160163.9167979091,10.100134754180909,11.983959293365478,135818.6268301764,92254.6033828209,11.432318301335288
XzYPs2PgOtQ,7,178039.59155193876,247213.18073351213,12.089766845703123,12.418010368347169,69173.58918157336,212626.38614272545,12.267296551940781
Y4ZzKGJ8PD8,7,263362.42645133025,362073.0661742033,12.48129020690918,12.799604072570801,98710.63972287305,312717.7463127668,12.653059491481974
Y6cGQ8956E4,7,194706.54833344457,295376.3212125634,12.179253959655759,12.596008872985841,100669.7728791188,245041.43477300397,12.409186677684048
Y7xbfxihILQ,7,93844.3663114967,134889.26217673928,11.449403667449952,11.812216854095459,41044.89586524258,114366.814244118,11.647174974323233
YDqVEGr7waY,7,42413.22201488992,129775.89508579773,10.65523900985718,11.773572063446045,87362.67307090781,86094.55855034382,11.36321310430414
YLlfPvE5mUk,7,27933.902712816696,160540.4937809284,10.237632179260254,11.986307716369627,132606.5910681117,94237.19824687255,11.453580879930072
YNeHoPUkSQA,7,100159.11336233674,531052.0934377887,11.514525318145752,13.182617282867431,430892.9800754519,315605.6034000627,12.662251791055825
YQPUOtB1nac,7,162525.1496437535,316013.3310184716,11.99859418869019,12.663542842864986,153488.18137471811,239269.24033111258,12.38534890482201
YR3Wl6o1Qwo,7,438974.06682188483,924963.6286996249,12.99219789505005,13.737510776519775,485989.5618777401,681968.8477607549,13.432740724353748
YRezvQL63uw,7,94780.6344691284,360514.62072540063,11.459330940246579,12.795290565490724,265733.98625627224,227647.6275972645,12.335558612180137
YZrXsquNhh0,7,129962.32720891996,181848.87721353667,11.77500759124756,12.11093677520752,51886.550004616714,155905.6022112283,11.957012403162825
Y_fSLH7zbxY,7,194968.3580060001,346426.84628140123,12.180597686767578,12.75542984008789,151458.48827540112,270697.6021437007,12.508761311731286
YgoXI7FCE0Q,7,285011.91226124455,641665.4395300087,12.560289764404299,13.371823883056642,356653.52726876416,463338.67589562666,13.046215705328438
Yiy4kvLI4AE,7,272022.08574220503,466071.0470568585,12.51364221572876,13.052095508575439,194048.96131465345,369046.5663995318,12.818680820946764
YjecG9o9w4Y,7,158229.38525538216,542420.8740774986,11.971807384490967,13.20379934310913,384191.4888221164,350325.12966644036,12.766619798657327
YzZOHEKIbSM,7,517682.4213795605,1057981.5816493244,13.157119178771973,13.87187442779541,540299.1602697639,787832.0015144425,13.577041419368184
Z3SRbak0HHw,7,427993.2189498494,682594.1871782447,12.966864967346192,13.433657264709472,254600.96822839527,555293.703064047,13.227254248311606
ZF-HcUXdseE,7,99041.07674588515,132474.9879379206,11.503300056457519,11.794156684875489,33433.91119203546,115758.03234190287,11.659266002095436
ZHrh5BXDz0I,7,216850.1965624704,287928.63901327166,12.28696666717529,12.570471420288087,71078.44245080126,252389.41778787103,12.43873244453816
ZN_6Lg0IK6s,7,46939.60844698547,116496.0114885937,10.756638431549073,11.665620899200439,69556.40304160822,81717.80996778958,11.311039486512623
ZQILxlhHdXk,7,517880.68043913285,1162962.745601091,13.15750207901001,13.966482257843017,645082.0651619582,840421.7130201119,13.641660274027698
ZR7LKqiWLZQ,7,234299.72386226477,544937.6389591445,12.36436071395874,13.208428478240966,310637.9150968797,389618.6814107046,12.872926366442506
ZSgs86P4Lik,7,24410.88898913003,70810.29628266075,10.102825546264649,11.167773818969724,46399.40729353072,47610.592635895395,10.770831553338697
ZV32wa4LLHA,7,151624.8825481689,291750.12506421056,11.929171466827393,12.583656406402586,140125.24251604165,221687.50380618975,12.309028539529136
ZbrJ7unqroE,7,148292.04221201423,222398.30774553024,11.906945610046387,12.31222972869873,74106.26553351601,185345.17497877224,12.129980571618013
ZdU_fKOb67I,7,51657.87935215701,102201.69882037629,10.852417373657223,11.534713363647462,50543.81946821928,76929.78908626665,11.250661453598694
ZriFUoq6osE,7,333849.81056771334,1113128.2137541433,12.7184494972229,13.922685718536377,779278.40318643,723489.0121609283,13.49184202006679
ZvJ4CpJBOSs,7,273316.8165250564,415614.6973520082,12.518390560150147,12.93751630783081,142297.88082695182,344465.7569385323,12.74975286822978
ZwVwQV7QBo4,7,341843.2947448216,827487.6775578319,12.742110633850094,13.626150703430177,485644.38281301025,584665.4861513267,13.278796854496951
_-tAsOmsAYQ,7,21148.639663134378,71755.94372168035,9.959378147125241,11.181039905548099,50607.30405854597,46452.291692407365,10.746202607014418
_H6dmOyU9uM,7,189175.7911384437,438399.73490480444,12.15043725967407,12.99088869094849,249223.94376636075,313787.76302162407,12.656475309276049
_JnlroKWkUk,7,27234.235224586868,153768.45949786538,10.212266826629637,11.943209743499759,126534.22427327851,90501.34736122613,11.413131067044748
_Lzt9WiYmXU,7,43947.88142152689,252365.057468144,10.690782451629639,12.43863592147827,208417.1760466171,148156.46944483544,11.906030969853173
_NXjm8atBV0,7,128203.69408299448,221728.03437687998,11.761383438110352,12.309211349487304,93524.3402938855,174965.86422993723,12.072351887719694
_SzBO5h4_h4,7,325879.40463221836,465727.38559123414,12.694285736083984,13.051357879638672,139847.98095901578,395803.39511172625,12.888675416464205
_Yn_LvAf7SI,7,98559.7363042766,2064058.164281526,11.498428249359131,14.540185070037841,1965498.4279772495,1081308.9502929014,13.893683781048786
_bjWG-8s_zk,7,510880.3403374082,727907.1731285821,13.143892631530761,13.497930183410645,217026.8327911739,619393.7567329952,13.336498081411138
_mEcp3gP4-c,7,79352.29339827059,603047.0050013233,11.281665229797362,13.30975208282471,523694.7116030527,341199.64919979696,12.740225997293622
_nQ5NaHNBZM,7,20559.341854980787,265737.834290115,9.931119346618653,12.49026927947998,245178.4924351342,143148.5880725479,11.871645432929022
_ovqtVbHUxE,7,133276.27553578332,383187.87132651865,11.800187015533448,12.856283283233642,249911.59579073533,258232.073431151,12.461617841488815
a-Qjcf12p3M,7,228033.67055301927,307034.76105606405,12.337252960205078,12.634719505310061,79001.09050304478,267534.21580454166,12.497006484520824
a3kLXTcTsTc,7,258033.16623659685,821779.7699490597,12.460847282409668,13.619228935241699,563746.6037124628,539906.4680928283,13.199153048473795
a4qF-OadheE,7,83689.81791978539,508400.96882857574,11.334884548187256,13.13902769088745,424711.15090879035,296045.39337418054,12.59827145539688
a4xFDtC5eA4,7,81933.17774952593,121100.3973914672,11.313671493530274,11.70438346862793,39167.219641941265,101516.78757049656,11.527989309109984
aGjzGuhH-Bg,7,1086671.1226814406,1517217.2337487799,13.898630485534667,14.232389106750489,430546.1110673393,1301944.1782151102,14.079369995038608
aKS8o2KdEPc,7,80593.35550693292,187816.0928545797,11.297183895111086,12.143223857879638,107222.73734764679,134204.7241807563,11.807129156714055
aM1RPmLUVLY,7,335627.2930248008,1077585.1904498842,12.72375955581665,13.890234088897703,741957.8974250834,706606.2417373424,13.468230262563045
aOzONZcnaSo,7,103147.03017367124,177047.33728055254,11.543920421600342,12.084178066253662,73900.3071068813,140097.1837271119,11.850098768123376
aWIdbia9w_E,7,226850.0150127284,315706.5419025123,12.332048759460449,12.662571563720704,88856.52688978391,271278.27845762036,12.51090411702608
aeBWiTMyqHE,7,19356.121338259614,81516.29459582306,9.870815658569336,11.30857048034668,62160.17325756344,50436.20796704134,10.82848443499884
anMOSIQBDgM,7,239846.73224617777,324252.57264561113,12.38775955200195,12.689281120300292,84405.84039943336,282049.65244589443,12.549841952393223
auFWWea1S8A,7,293872.76136107347,2802931.4191353424,12.590905570983887,14.846176719665525,2509058.6577742686,1548402.090248208,14.252734693452307
b0GmcEURZ34,7,234388.22541947648,554144.5343602045,12.364738368988037,13.225182628631591,319756.30894072796,394266.3798898405,12.884784587277458
b7uC2n_3mvA,7,35684.49083403615,50895.03406033724,10.482499465942384,10.837540283203124,15210.543226301088,43289.762447186695,10.675694552828553
bAvuwVvOnJA,7,63709.19017459107,87928.223447144,11.062099800109863,11.384287490844729,24219.03327255293,75818.70681086753,11.236113522152635
bN96tSASrlo,7,117875.85127848244,407055.83073039923,11.677395725250244,12.916708087921142,289179.97945191676,262465.84100444085,12.477880033051692
bOS9IW5X4fs,7,406089.50838249084,623444.5556860453,12.914331340789797,13.343016719818115,217355.0473035545,514767.0320342681,13.151471654940426
bS-7-lMx70s,7,578611.4205305635,776757.6327276817,13.268388137817384,13.562884941101075,198146.2121971182,677684.5266291226,13.426438634291637
bU7PyyyWLrU,7,78884.17825244118,369660.0125731015,11.27574863433838,12.820341682434082,290775.83432066033,224272.09541277133,12.320619764195555
bWtNdre0aYY,7,186474.0986707279,344979.3483206484,12.136052989959719,12.75124273300171,158505.24964992053,265726.7234956882,12.490227467650936
belD2JdMNOo,7,241192.4913977476,335410.26570621086,12.393354759216308,12.723112716674805,94217.77430846327,288301.3785519792,12.57176513385947
bfs1-MBlDAY,7,225472.22346542383,306162.8357186508,12.325956687927246,12.631875648498536,80690.61225322695,265817.5295920373,12.490569135367357
bkd0eyy3_N8,7,19505.448188249055,86629.66920229579,9.878500366210938,11.3694091796875,67124.22101404674,53067.55869527242,10.879339916894113
byrJRl4x3AM,7,195080.88251255272,512297.28927954275,12.181174659729,13.146662330627443,317216.40676699,353689.08589604776,12.776176345103384
bzEqioxkdCQ,7,151648.3098348264,563112.1300441545,11.92932596206665,13.241235828399658,411463.8202093281,357380.21993949043,12.786558333990794
c0GUO4VSgQo,7,190599.2566308639,674640.4255915993,12.157933616638184,13.42193660736084,484041.16896073543,432619.8411112316,12.977616967742017
c7NS-mf331U,7,54657.52914349734,75493.70919052775,10.908860549926757,11.23181785583496,20836.180047030408,65075.61916701254,11.083320611105474
cD9V0RHmX30,7,125161.23640341469,165815.7045006775,11.737366065979003,12.01863826751709,40654.46809726281,145488.47045204608,11.887858994947818
cJHZIzkR4cU,7,338577.7078177379,455434.5422129182,12.732511863708496,13.029009475708008,116856.83439518034,397006.12501532806,12.891709506650164
cOX5nEQ8bxg,7,169043.38033135695,250715.23140017793,12.037916564941407,12.432077026367187,81671.85106882098,209879.30586576744,12.254292675136004
cPaz1jGGWfM,7,79875.7689067345,225190.4420436253,11.288240337371827,12.324706172943113,145314.6731368908,152533.1054751799,11.935143492485553
cY7-Ev0AByA,7,64301.25645924952,785941.89471762,11.071350002288819,13.574639415740966,721640.6382583705,425121.57558843476,12.960132819472735
cYZDNorZZ5U,7,87708.73349105447,2003528.4227444485,11.381788158416748,14.5104208946228,1915819.689253394,1045618.5781177515,13.860120165406974
cePtbPbBWmk,7,98868.52208589629,1299641.287127366,11.501556301116942,14.077599620819095,1200772.7650414698,699254.9046066311,13.457772055228242
cg3B8vcHJ1s,7,232402.1209444575,436434.10744797456,12.356228733062741,12.986394977569583,204031.98650351705,334418.11419621605,12.720150318236811
chnDzxrUXgw,7,903903.3588631355,1249901.0957060473,13.71447883605957,14.038575782775881,345997.7368429118,1076902.2272845914,13.889600098140964
cnKZVTa21LY,7,111579.30640050572,202448.95229864272,11.622499847412112,12.218247985839843,90869.645898137,157014.1293495742,11.964097444971522
cnWNzdiucdg,7,177631.630024891,349928.43980752747,12.087472820281985,12.765486812591552,172296.80978263647,263780.03491620923,12.482874624778841
coj-cHocDuo,7,36677.73542114506,162756.445618248,10.509952449798584,12.00001630783081,126078.71019710293,99717.09051969653,11.510102389035554
crhLJoYCE5k,7,87681.34353326481,206903.9211137531,11.381475830078125,12.2400146484375,119222.5775804883,147292.63232350897,11.900183372212227
crqmTJymq0Y,7,39931.08127574064,92862.39585023205,10.594935321807862,11.438884830474851,52931.31457449141,66396.73856298634,11.103418277098195
cwvMp-rKqKo,7,22428.49503676466,76186.85574126847,10.018132114410397,11.240957355499269,53758.360704503815,49307.67538901657,10.80585531592928
d0j26OxB4Ns,7,81347.36775518194,153630.7472984321,11.306496047973633,11.942313766479492,72283.37954325016,117489.05752680702,11.674108992193016
d1A69YFTV1Y,7,227369.62227122756,371322.77643762954,12.33433666229248,12.82482967376709,143953.15416640198,299346.19935442857,12.60935938055369
d3QtfG3SLYM,7,91511.81488923953,145816.77026871432,11.424234294891358,11.890112972259521,54304.95537947479,118664.29257897692,11.684062141708372
dA_wbFaeprw,7,142358.89005942421,334750.8438156126,11.866113567352295,12.721144771575927,192391.9537561884,238554.8669375184,12.382358804804548
dEKcthJv4tQ,7,76560.01741242227,157581.6474220424,11.245843315124512,11.967705345153808,81021.63000962014,117070.83241723233,11.670542977672332
dHpl94cCttc,7,47015.099884645126,68461.661559226,10.758245372772217,11.134043788909912,21446.56167458088,57738.380721935566,10.96369472787253
dLWyhI15lWI,7,119799.41627686602,309373.0752430515,11.693582439422608,12.642306423187256,189573.6589661855,214586.24575995875,12.276471674793529
dSk9DZoMU-U,7,730857.7129982917,1694162.4262225798,13.501975440979004,14.34269962310791,963304.7132242881,1212510.0696104357,14.008204031327718
dSrcCqwGWEU,7,49909.55514581359,67027.91750360263,10.817987785339355,11.112879409790041,17118.36235778904,58468.73632470811,10.976264571576994
dXsGaFZzTVc,7,68707.5180721943,148471.1497148635,11.13762845993042,11.908152675628662,79763.6316426692,108589.3338935289,11.595337676015399
dhvxhN3WHVU,7,190792.75867433316,659900.3911525548,12.15894832611084,13.399845695495605,469107.6324782216,425346.574913444,12.960661936997026
di-GSwjaZhU,7,234522.15873020768,356680.8188293238,12.365309619903563,12.784599399566654,122158.66009911612,295601.4887797657,12.596770887438081
dlcnA_i7D00,7,44043.54684654442,76103.85243573287,10.692956829071045,11.239867305755615,32060.30558918845,60073.69964113865,11.003344060860814
dmYBlUkjuWc,7,41017.81005002733,144003.63495509044,10.621786022186278,11.87760076522827,102985.82490506311,92510.72250255889,11.435090645228373
doQPqZtnZ_E,7,76548.0440075276,229589.3546746936,11.245686912536621,12.344051933288574,153041.31066716602,153068.6993411106,11.938648647891693
dpPxCCplCP0,7,1271775.4669320376,2368030.2808346036,14.05592527389526,14.677569484710695,1096254.813902566,1819902.8738833205,14.41429424111051
dv799byI5Dw,7,644507.3255388953,2175422.5852521234,13.376243019104004,14.5927339553833,1530915.259713228,1409964.9553955095,14.159076116953285
dzrQ-56pMAQ,7,106476.01849397352,329663.78794805513,11.575684452056885,12.705831623077392,223187.7694540816,218069.90322101433,12.292575533023912
e2uHeqixwyY,7,81512.62219605997,115756.8326246487,11.308525428771972,11.659255638122561,34244.21042858873,98634.72741035433,11.499188821919917
e8pg7Wig4zI,7,52313.619733483654,192233.19423429872,10.865031147003174,12.16646966934204,139919.57450081507,122273.40698389118,11.714023035540071
eADSkPSHzts,7,25491.02481096355,139376.88152638465,10.146120929718018,11.844944095611572,113885.8567154211,82433.9531686741,11.319764814895088
eBholTZ_y6g,7,422236.3146955971,964409.8267847403,12.953322792053223,13.779272651672363,542173.5120891433,693323.0707401687,13.44925280341078
eJ7sYdUEN9g,7,131149.20256404026,225401.21949310307,11.784098529815674,12.32564172744751,94252.01692906281,178275.21102857165,12.091089373909874
eRcH0UwtIIc,7,30952.248449660023,263391.1208681709,10.340233230590822,12.481399154663086,232438.8724185109,147171.68465891547,11.899361901881534
eYPUMZdUT5o,7,38289.78677218899,91242.94595297585,10.552964591979983,11.42129192352295,52953.15918078685,64766.36636258242,11.078557149972815
ebqO_hs3XFE,7,80390.35330142122,124604.59912279967,11.294661903381348,11.732908821105957,44214.245821378456,102497.47621211044,11.537603211226784
ee_C59PbWnU,7,190682.16203599083,535511.5347242025,12.158368492126467,13.19097957611084,344829.3726882116,363096.84838009666,12.802427631689735
ehXsmPLT_KE,7,353290.43819477526,468128.8741304367,12.775048599243163,13.056501045227051,114838.43593566143,410709.65616260597,12.92564424594992
em1iTDOWCCY,7,244303.05176616093,360801.30402667035,12.40616884231567,12.796085453033449,116498.25226050941,302552.17789641564,12.620012335701851
enrymmL62gI,7,113479.31346184466,191120.04879157417,11.639384651184082,12.160662269592285,77640.7353297295,152299.68112670942,11.933612011143177
eqprKq6W3jc,7,249899.02656974123,444439.52955287753,12.428816223144532,13.004571533203125,194540.5029831363,347169.27806130936,12.757570653441917
ewniMnZuvgw,7,113807.81271309228,202594.9668467582,11.64227523803711,12.218968963623047,88787.15413366593,158201.38977992523,11.97163044026939
exutgWhQWtM,7,187431.88776270705,284331.21846027195,12.14117612838745,12.55789861679077,96899.3306975649,235881.5531114895,12.3710893038285
eyXlejNUAqU,7,57248.64582441886,112416.71882253319,10.955176734924317,11.629976844787596,55168.07299811433,84832.68232347602,11.348447940128866
f3PP9bQX-J0,7,630568.466327888,934473.75142182,13.354378604888916,13.747739887237548,303905.28509393206,782521.1088748539,13.570277455150473
f4Krt4J6wXY,7,769835.2033263142,1535178.5249123876,13.553933048248291,14.244157886505127,765343.3215860734,1152506.864119351,13.95745087736055
f7V3D6RVyUA,7,487249.7315004647,671525.9429867299,13.096534118652343,13.41730941772461,184276.21148626518,579387.8372435973,13.269729098069655
fDlkrs1GQkc,7,376767.1965733307,658149.4021274968,12.839385414123536,13.397188758850096,281382.2055541661,517458.2993504137,13.156686152430463
fXOJmjYg1Kg,7,72974.65171939213,107004.5138051228,11.197881126403809,11.58063564300537,34029.86208573067,89989.58276225746,11.40746030786276
fZW0P-yCr7c,7,52316.53844478901,80711.55403690644,10.86508693695068,11.298649406433107,28395.01559211743,66514.04624084773,11.105183460312048
fe3t7uLUFyI,7,316036.4774469953,911110.7059876095,12.66361608505249,13.722420787811279,595074.2285406141,613573.5917173023,13.327057119633665
fl8GEVUNfAA,7,140228.9476538562,212209.75312829198,11.851038837432858,12.265335178375246,71980.8054744358,176219.35039107408,12.079490481791654
g8n_WzFKNr0,7,438065.93235163024,763661.9787760247,12.990126991271973,13.545881843566894,325596.0464243944,600863.9555638274,13.306125488707597
gLf_6NweOFE,7,84792.17645186203,114977.09928879322,11.347970352172851,11.652496948242188,30184.92283693119,99884.63787032763,11.511781189239672
gNzamizI_JU,7,101561.71790475039,158344.14122189593,11.528431797027588,11.972532367706297,56782.42331714554,129952.92956332315,11.774935278653023
gX0P-SHufvE,7,40388.03475190446,154161.97340192684,10.606313610076905,11.945765590667724,113773.93865002238,97275.00407691565,11.485307619844361
g_Q-SWvpzrM,7,44150.80883530953,67752.15646287789,10.695389175415036,11.12362632751465,23601.347627568357,55951.48264909371,10.932258085393592
gdeT_VBqPDA,7,81565.26744134945,115021.07801326054,11.30917106628418,11.652879371643067,33455.81057191109,98293.172727305,11.495720023882729
gjhA2B3YURI,7,226132.79628483808,387696.2764424018,12.328882122039794,12.867980098724368,161563.48015756372,306914.53636361996,12.634327862863874
glKVoSx7w30,7,122745.18365333807,271647.66129414435,11.717873954772946,12.512264823913576,148902.4776408063,197196.4224737412,12.191960650445278
goZk8TYReCs,7,48534.667835288856,97807.765780017,10.790054225921628,11.490769481658937,49273.09794472814,73171.21680765293,11.200571076093365
go_xfBlgPl0,7,165519.50710601098,1484680.1908587439,12.016850376129153,14.210710620880128,1319160.6837527328,825099.8489823774,13.623260899036733
gzpL81hjQAE,7,269272.97389341635,420381.52320922405,12.503484630584717,12.948920345306396,151108.5493158077,344827.24855132017,12.750801741768829
h185iwcC3Ro,7,60349.38186525583,143303.77285316325,11.007922554016112,11.872728919982913,82954.39098790742,101826.57735920954,11.531036243850682
h6S_ZQxjBU0,7,39821.991765611565,156057.53655804452,10.59219970703125,11.957986450195312,116235.54479243295,97939.76416182805,11.49211812757249
hA5A3HKFe_A,7,1361986.1848746806,2331039.4604581143,14.124455356597903,14.661825275421142,969053.2755834337,1846512.8226663973,14.428809999120766
hBqObfrDKqc,7,93741.05312888157,1410003.549467897,11.4483021736145,14.159103488922122,1316262.4963390154,751872.3012983893,13.530323106421266
hLCviWTfZ3c,7,184484.30794812454,506525.64272251463,12.125325107574463,13.135332202911377,322041.3347743901,345504.9753353196,12.752765216787978
hOYfMsBDHog,7,753571.6574387283,1003463.8139141768,13.53258071899414,13.818969383239747,249892.15647544852,878517.7356764525,13.685992513275957
hRFLuBNLSDw,7,51163.706751423124,71722.38804129399,10.842805252075195,11.180572166442873,20558.681289870867,61443.047396358554,11.025882241243625
hSAfEBQTSkI,7,58351.438055187034,519325.9400431836,10.974256420135498,13.160288906097412,460974.50198799657,288838.6890491853,12.573627104014149
hSgSzXkFQvs,7,223178.0231355528,422477.26472969423,12.315729522705078,12.953893280029297,199299.24159414144,322827.6439326235,12.684876947291892
haj786AzMl0,7,239704.72885746765,327283.5211844547,12.387167320251464,12.698585166931153,87578.79232698702,283494.12502096116,12.554950206308838
hdR4Od-7jHM,7,19864.737343477344,349449.714348194,9.89675178527832,12.764117813110351,329584.9770047167,184657.22584583567,12.126261967600596
hm_D6nstwQc,7,293435.1814356234,1044250.083736475,12.5894154548645,13.858810520172122,750814.9023008517,668842.6325860491,13.413305578735304
hyeaOXbK1XU,7,91111.62397985805,129953.81014654544,11.41985164642334,11.774942054748536,38842.18616668739,110532.71706320174,11.613075885190387
hzUhxguAA3I,7,173572.71565033015,413071.5242057389,12.064357662200926,12.931378459930423,239498.80855540876,293322.11992803455,12.589030078752948
i-aJKQ5Ecp4,7,34279.34387504861,127540.13385900913,10.442327404022214,11.756194210052492,93260.78998396052,80909.73886702888,11.301101836721985
iCHGKIPcv2s,7,152138.7983767061,313805.6726149874,11.932555103301999,12.65653238296509,161666.8742382813,232972.23549584678,12.358678856833338
iKqOMA_zswQ,7,85566.82613793391,211625.37760999403,11.357064628601075,12.262577629089353,126058.55147206012,148596.10187396395,11.908993908208613
iMagd13nBf8,7,101305.27230300999,151736.0062820594,11.525903606414795,11.929904079437256,50430.7339790494,126520.63929253469,11.74816863412141
iViV_1jQGns,7,197387.97566000896,473530.0454883172,12.192931556701657,13.06797275543213,276142.06982830825,335459.01057416305,12.723258034770128
ieRz41ufzVI,7,133929.40121445773,207292.3147982316,11.805075550079344,12.241890048980716,73362.91358377386,170610.85800634464,12.047146419281525
ifnQnbbe5Po,7,129943.2463936237,255150.121605255,11.774860763549805,12.449611282348632,125206.8752116313,192546.68399943935,12.168099111123142
iowxymu3sok,7,377679.33996223845,2731271.738477433,12.841803455352782,14.820278263092044,2353592.3985151947,1554475.5392198358,14.256649416195836
ir3ozI6fqIM,7,52454.52703098953,430348.7605939301,10.867720985412596,12.97235355377197,377894.23356294056,241401.6438124598,12.394221539584187
j0cX_DpDpSo,7,36578.10924041369,82842.14384469243,10.507232570648194,11.324704265594482,46264.03460427874,59710.12654255306,10.99727365626229
jBzRj7-H1Ag,7,105651.7402804628,185092.68514134426,11.56791296005249,12.128617382049558,79440.94486088147,145372.21271090352,11.887059595409387
jCBbX9fXV4A,7,29663.56206751063,95305.59938587956,10.297708415985111,11.464854335784908,65642.03731836892,62484.580726695094,11.042691100734343
jOGnmtit0fg,7,421602.77571167506,1113242.8684347118,12.951821231842041,13.922788715362548,691640.0927230368,767422.8220731935,13.550794498889662
je569BukeSE,7,356979.6913953484,497994.75140044815,12.785436973571775,13.118346824645997,141015.06000509975,427487.2213978983,12.965682014693762
k-nSbHrEhYQ,7,224460.7579639738,500072.3425400851,12.321460628509522,13.122510051727295,275611.5845761113,362266.55025202944,12.80013830691007
k0RjQmruIyI,7,48286.51059893419,255290.92746787195,10.78492822647095,12.450162982940673,207004.41686893775,151788.71903340306,11.930251414597405
k12xwRms1w8,7,220467.49717091175,778196.7784520183,12.303510093688962,13.564735984802248,557729.2812811065,499332.137811465,13.121028762825292
kJRh7HG6qac,7,29674.07378744757,56955.51134831296,10.298062705993651,10.950043296813968,27281.43756086539,43314.792567880264,10.676272571926209
kKM6kTwfrN0,7,52625.59237997608,112498.01329976924,10.870976829528809,11.630699729919431,59872.42091979316,82561.80283987266,11.321314529265496
kMP8lgIEbhI,7,60550.61096848734,182209.51900933572,11.011251354217528,12.112917995452884,121658.90804084839,121380.06498891153,11.706690173357876
kN9RgA_r7Lw,7,158360.18832508606,214114.25297970753,11.97263370513916,12.27426971435547,55754.06465462147,186237.2206523968,12.134781889422422
kNJ7dHskhR4,7,105088.6470201882,169865.82119452508,11.562569046020508,12.04277000427246,64777.17417433688,137477.23410735663,11.831220886157364
kb8-eXaHies,7,16252.490201389475,44669.70993215676,9.69606294631958,10.707073307037353,28417.219730767283,30461.100066773117,10.324238569140611
kxvoKNXnvho,7,1694742.1668028778,2283300.466254214,14.343041763305663,14.641132965087891,588558.299451336,1989021.3165285457,14.503153777747297
kyA_eII1WMw,7,122420.36331095858,470669.06659670995,11.715224170684815,13.061912631988525,348248.7032857514,296544.71495383425,12.599956667504186
l3wcKWYBXNs,7,134134.814233595,273376.0440258912,11.806608104705811,12.518607234954834,139241.22979229622,203755.42912974313,12.224680584616301
l6NC1oUV9kY,7,103065.80885626998,220487.61950636387,11.54313268661499,12.303601360321045,117421.81065009389,161776.71418131693,11.993978537292481
l8Wnj2cB7M4,7,94234.71197774285,131552.15272137645,11.453554496765136,11.787166252136231,37317.440743633604,112893.43234955965,11.63420843403741
lEa8Z28QfhA,7,125189.88704455312,170792.86863029454,11.737594947814939,12.048212661743165,45602.98158574142,147991.37783742382,11.904916050321537
lRAj7CUB2i0,7,40790.47722227475,56443.653552162665,10.616228446960449,10.941015853881837,15653.176329887916,48617.06538721871,10.791750456605781
lbJVZy2gYZ8,7,99445.60029528764,256652.9629120725,11.507376098632815,12.455484008789062,157207.36261678484,178049.28160368005,12.08982127030355
liMWf3ybEDA,7,171429.57789877593,405174.1254942896,12.051933670043946,12.912074661254882,233744.5475955137,288301.8516965328,12.571766774998084
luNTixO9zq0,7,54960.43808536193,76027.4315011436,10.914387092590331,11.238862648010254,21066.993415781668,65493.93479325276,11.089728087232395
m4n8xbfQ9hY,7,98254.81969411184,152864.41537612115,11.495329761505127,11.937313175201416,54609.59568200931,125559.6175351165,11.74054392919098
mL4M3IXy0QE,7,144516.70469303805,277529.80363077857,11.881157302856446,12.533687210083007,133013.09893774052,211023.2541619083,12.259728354486752
mUNj9fLtg3A,7,76967.311885954,525258.718356212,11.251149082183836,13.17164812088013,448291.406470258,301113.015121083,12.615244259786717
mUxQDT3Csts,7,87772.70122470507,117759.3041822575,11.382517204284667,11.67640651702881,29986.60295755243,102766.0027034813,11.540219595101675
md5LpK8-0X8,7,535457.8113004799,1691914.8916050515,13.190879249572754,14.34137210845947,1156457.0803045714,1113686.3514527658,13.923187006086533
meFMnHr4F-E,7,427777.9649553886,895252.0872184812,12.966361904144286,13.704861736297605,467474.1222630926,661515.026086935,13.402289489132471
mfpGl9nBW18,7,141735.80662948414,254073.46959961028,11.861727142333985,12.445382690429687,112337.66297012614,197904.6381145472,12.195545620899575
mlCteY04bzI,7,432433.2595029022,613603.080329512,12.977185592651367,13.327105178833008,181169.8208266098,523018.1699162071,13.167373396134806
mniiuWop-XI,7,179727.3001161723,252674.8855492082,12.099201545715331,12.439862861633301,72947.58543303591,216201.09283269025,12.283968864217591
mp8mq6FySxo,7,438712.2693243686,624778.7202194029,12.991601333618163,13.345154418945313,186066.4508950343,531745.4947718858,13.183922141168422
n7EuxelhUhE,7,210514.59720168225,287854.50896018354,12.25731502532959,12.570213928222657,77339.91175850129,249184.55308093288,12.425953091024446
nCm3jDZV6BM,7,38655.154606073884,125367.45703337542,10.562461280822754,11.739012336730957,86712.30242730153,82011.30581972466,11.31462458595912
nGAH8zCQbBg,7,25458.85724138599,275851.70322387025,10.144858264923093,12.527622318267824,250392.84598248426,150655.2802326281,11.922756231260923
nJxHDsplZFk,7,52296.061010379155,221066.00037436918,10.8646954536438,12.306221103668213,168769.93936399004,136681.03069237416,11.825412563394059
nKOJ1yEzYXY,7,617843.3902531543,1016192.69676275,13.333991909027096,13.831574535369874,398349.3065095957,817018.0435079522,13.613417682637749
nOCmkUqEnx0,7,125027.08828942738,371170.0042526161,11.736293697357175,12.824418163299562,246142.9159631887,248098.54627102174,12.421585340863313
nmzlWWSYLJ4,7,99190.33556366312,301387.7373203358,11.504805946350098,12.616156196594238,202197.4017566727,200289.03644199946,12.207521777241437
nsV8MiVlnMg,7,86227.33411008428,147535.13154617892,11.364754104614262,11.90182838439941,61307.79743609464,116881.2328281316,11.668922149836664
o5dYIw_1HRM,7,193097.38131471153,516128.21737721906,12.170955085754395,13.154112434387207,323030.83606250753,354612.79934596526,12.778784587110316
o7JfdSrO-xk,7,45392.31457765865,345157.87640113995,10.723120117187502,12.751760101318359,299765.5618234813,195275.0954893993,12.182169710445603
o8SEHrd1OLM,7,44031.367326439366,68774.07182202171,10.692680263519287,11.138596630096435,24742.704495582344,56402.719574230534,10.940290385209256
o9vNFd5hQes,7,487711.37581294635,694338.7194611243,13.097481117248535,13.45071662902832,206627.34364817792,591025.0476370354,13.289615369252944
oKPtc4ll4RI,7,41605.92902767162,168535.0668041026,10.636021995544434,12.034905052185058,126929.13777643097,105070.4979158871,11.562396329942551
oLncuneDerU,7,182334.81511915085,314534.64035866875,12.113605403900145,12.658852672576907,132199.8252395179,248434.7277389098,12.422939450175798
oSOrNNZYpE0,7,189209.3509415686,288982.0971274352,12.150614643096924,12.57412347793579,99772.74618586659,239095.7240345019,12.384623452116676
oZ-qgVXrJD8,7,552930.5125118943,757027.1831040831,13.22298942565918,13.53715576171875,204096.67059218872,654978.8478079888,13.392359747438723
oaBa0jLLJd0,7,82745.56081028924,154589.51492348098,11.323537731170655,11.948535060882568,71843.95411319174,118667.5378668851,11.684089489582902
orvDybbGs90,7,62857.68856393522,108442.97842981113,11.04864444732666,11.593988990783691,45585.289865875915,85650.33349687318,11.358040072771443
owkH2On9VGs,7,500195.54281840654,1008982.479526681,13.122756385803223,13.824453926086424,508786.9367082745,754589.0111725437,13.53392984917658
oxtw1Y-G2no,7,160111.42688681124,397793.82454819215,11.98363151550293,12.893691635131836,237682.3976613809,278952.6257175017,12.53880083092178
pBkUJpD2rWk,7,50715.33632280135,73019.74232866516,10.834003353118897,11.198498821258545,22304.406005863813,61867.539325733254,11.032767079481728
pI8HKI57kyY,7,2662938.8888140987,3735961.2292006114,14.794941291809081,15.133515968322754,1073022.3403865127,3199450.059007355,14.978489808994388
pLqXcIlp4z8,7,909650.6415453478,1965540.360574884,13.720816993713381,14.491278266906738,1055889.7190295365,1437595.5010601159,14.178483180572702
pR5NEacCd_E,7,92759.7921587375,214998.49962184668,11.437779331207276,12.278390979766844,122238.70746310918,153879.1458902921,11.943929304944103
pVqkcUGo5rA,7,57946.08454809894,102450.34949448924,10.967285537719729,11.537143325805664,44504.26494639031,80198.21702129408,11.292269030980192
pWTlOa88NTc,7,917988.1000042657,1860991.174857893,13.729940795898438,14.436620330810547,943003.0748536274,1389489.6374310793,14.144447790057129
pZtV1JzRs4Y,7,264265.7827747373,474028.1901452334,12.48471441268921,13.069024181365965,209762.40737049613,369146.9864599854,12.818952889941718
paLwz9lkTC4,7,91495.10006481413,124393.02301392572,11.42405162811279,11.731209411621094,32897.922949111584,107944.06153936993,11.589377687229707
pdk0wd6LiaQ,7,79730.67050380092,154284.27006950593,11.286422157287598,11.946558570861816,74553.59956570501,117007.47028665344,11.67000160677188
ppfWQiJ8dew,7,303952.02593137237,725271.2409883636,12.624628448486328,13.49430236816406,421319.21505699126,514611.633459868,13.151169728586474
pqx3WtoDpdI,7,44674.25998364507,92590.38004900297,10.707175159454346,11.435951328277586,47916.1200653579,68632.32001632403,11.136533410316533
pt13eqmcFP8,7,15967.392293119428,59449.37019273042,9.678366565704344,10.992897129058841,43481.977899610996,37708.38124292492,10.53766418181561
qDIP-X60ZcM,7,207417.3441645102,285281.46809254505,12.242493019104003,12.561235084533692,77864.12392803485,246349.40612852763,12.414510216554179
qDShV5VrAwg,7,142496.28258404127,780905.8675462839,11.86707820892334,13.56821117401123,638409.5849622426,461701.07506516256,13.04267510288646
qHGwoKW-yU8,7,124442.88903199045,208117.5308400322,11.731610202789307,12.245863056182861,83674.64180804176,166280.20993601132,12.021435669837642
qIQ8TsCNT9o,7,171145.01660308978,448438.22425116895,12.050272369384762,13.013528442382814,277293.20764807914,309791.6204271294,12.643658386239391
qMPzZF-KS00,7,349535.1398823698,1093343.4649710606,12.764362239837647,13.904751873016357,743808.3250886908,721439.3024267151,13.489004912853531
qX-vr14JHuU,7,578785.2881789007,2150752.8450063346,13.268688583374022,14.581328964233402,1571967.5568274339,1364769.0665926177,14.126496523029308
qXum2z26bgY,7,347729.5966744186,1505546.485362506,12.759183311462403,14.224667167663572,1157816.8886880875,926638.0410184623,13.739319384703748
qYHV2HvAwlA,7,79551.72597320743,218429.34385266324,11.284175300598145,12.294222450256347,138877.6178794558,148990.53491293534,11.911644770648833
q_Lj30PL6pY,7,195924.17213861895,267307.1262384988,12.185488090515136,12.496157302856444,71382.95409987983,231615.64918855886,12.352838909785259
q_khn1vCt3w,7,224046.07253605756,362538.9899295772,12.319611454010014,12.800890064239498,138492.91739351966,293292.5312328174,12.588929199600665
qdwrX5qXh8M,7,140579.49991226994,217543.63369125794,11.853535556793213,12.290159320831297,76964.133778988,179061.56680176395,12.095490558955078
qo2Bx5HeF9g,7,80392.34360576316,107336.79210590504,11.294686660766601,11.583736076354981,26944.44850014188,93864.5678558341,11.449618908448086
qp76kkpbS3E,7,367899.17664401396,808034.135243653,12.815566921234131,13.602360820770263,440134.958599639,587966.6559438335,13.284427218469586
qqmemQIdTFo,7,259228.06162330217,379522.27316429344,12.465467357635498,12.846671199798584,120294.21154099127,319375.1673937978,12.674124895178194
r032HAspshI,7,296887.7436775789,1009907.6176042004,12.601112747192383,13.825370407104492,713019.8739266214,653397.6806408897,13.389942758925901
r0NhZqtqiNw,7,668253.2488511312,1290046.4664784253,13.412423992156981,14.070189571380618,621793.2176272941,979149.8576647782,13.794441003272473
r0zVf8oSGmQ,7,359758.9394409573,483181.02617094485,12.79319225311279,13.088148727416993,123422.08672998752,421469.9828059511,12.951506211363773
rGE6D0ZyDfQ,7,458598.21172967023,625167.9225458662,13.035931930541992,13.345777168273926,166569.710816196,541883.0671377683,13.202807359272485
rLJVJe9X2Ok,7,27144.903190796518,55911.29777317236,10.20898141860962,10.931539630889892,28766.39458237584,41528.10048198444,10.634149676914776
rSpftKHe_ZU,7,614117.2344476398,3140324.6264736527,13.327942752838135,14.959837055206298,2526207.3920260128,1877220.9304606463,14.445303545372326
rfAt_uQvOQ0,7,181621.96322742812,425957.32273030095,12.10968818664551,12.962096786499023,244335.35950287283,303789.64297886455,12.624094068731576
ri9-dcyap_4,7,253801.9335329688,354259.8455404238,12.44431339263916,12.777788772583008,100457.91200745502,304030.8895366963,12.624887874678524
rjQSCEfbJrw,7,423623.9998430326,697959.931029021,12.956603908538819,13.455918407440185,274335.9311859884,560791.9654360268,13.23710707082218
ruL1xMRgBJU,7,263441.43909118976,739186.3699848949,12.481590175628664,13.513306713104248,475744.9308937051,501313.9045380423,13.124989734583089
rv1UqO2UBEU,7,250931.304958447,509162.26775126223,12.4329384803772,13.140524005889894,258230.96279281523,380046.7863548546,12.848052277361658
rvCfjAH4ucg,7,80030.40418063676,795344.3759599258,11.290174388885498,13.58653173446655,715313.9717792891,437687.3900702813,12.98926249797063
ryg1SHuh98c,7,206922.92389359287,1500888.0687269608,12.24010648727417,14.221568202972412,1293965.144833368,853905.4963102768,13.657576977678302
rzzfNTNKoVY,7,61280.940552114385,148897.8891821184,11.02324047088623,11.911022758483886,87616.94863000402,105089.4148671164,11.562576352583473
s1f5f6hrxdU,7,327095.75826584455,1205151.0489833113,12.698011302948,14.002116298675537,878055.2907174667,766123.4036245779,13.549099842356766
s2AuBQb7TP0,7,123681.05682103323,207252.5828540642,11.725469493865967,12.241698360443115,83571.52603303098,165466.8198375487,12.016532012823752
s3AHhmtVLQ4,7,158141.9566846725,214405.83934606166,11.971254692077636,12.275630607604981,56263.88266138916,186273.8980153671,12.13497880792677
s3I0s3X75vk,7,101043.06201985033,133756.92135953865,11.523311958312988,11.803786888122561,32713.859339688323,117399.99168969449,11.673350633441773
s3aSdooEN2c,7,182807.2739264726,266526.65791694255,12.116193199157713,12.493233299255369,83719.38399046994,224666.96592170757,12.32237888424392
s3kj1Wr6i-c,7,287620.235293564,651585.3225626939,12.569399738311768,13.38716516494751,363965.0872691299,469602.7789281289,13.059644594584874
s9cDgrHzlco,7,350046.02866495104,1071821.578065475,12.765822792053223,13.884871101379394,721775.549400524,710933.803365213,13.474336007485602
sBILsIAJS9c,7,93670.72220662849,341725.2024040418,11.44755163192749,12.741765117645263,248054.4801974133,217697.96230533512,12.29086848058443
sCUtx_CpNZc,7,226437.51048800556,790595.2287796332,12.330228710174561,13.58054265975952,564157.7182916276,508516.3696338194,13.139254652459277
sDJDjWrf-oU,7,169946.40171987,446540.2123167387,12.04324426651001,13.009286975860595,276593.8105968687,308243.30701830436,12.63864795214008
sFGFZftu7C0,7,298529.495455631,588768.2293604712,12.606627368927,13.285789585113529,290238.73390484025,443648.86240805115,13.002790932127182
sPyZtcwGhmY,7,110109.47763311109,190107.9652055737,11.609239482879639,12.155352687835693,79998.48757246262,150108.7214193424,11.919121781809068
sRz-ELAtfxk,7,164398.5410259883,292734.0912418028,12.010054969787596,12.587023353576663,128335.5502158145,228566.31613389554,12.339586046078633
sXS1IYVqkkg,7,84150.84722393549,112324.2390347232,11.340378150939939,11.629153861999512,28173.39181078771,98237.54312932934,11.495153913561413
scRiq3L8A74,7,85370.30204524407,121825.42372953147,11.354765281677246,11.710352554321288,36455.1216842874,103597.86288738778,11.548281632756817
shtOB8MI_FQ,7,82290.65768167248,214798.16690104242,11.318025016784668,12.277458763122558,132507.50921936994,148544.41229135747,11.908645997151368
siglvE9CEq8,7,394034.63358272397,540610.033456473,12.884196624755859,13.200455322265624,146575.39987374906,467322.33351959847,13.054776660075348
sjGjI5oXiXc,7,52493.06080393575,173732.47861776326,10.86845531463623,12.065277671813964,121239.41781382752,113112.7697108495,11.63614940280005
sjXAD4MTgI0,7,29952.260293696654,96273.33820529164,10.307393455505371,11.474957084655761,66321.07791159498,63112.79924949415,11.052694713201966
sl8fuiKa49A,7,159256.78491279224,221252.9850197515,11.978279457092283,12.30706657409668,61996.200106959266,190254.88496627187,12.156125208051156
soARosE408g,7,176980.5373443885,270033.32497466536,12.08380069732666,12.506304359436035,93052.78763027687,223506.93115952692,12.31720217857852
sp6ihIeBmuc,7,511153.76025174727,990214.6098690894,13.144427680969239,13.80567798614502,479060.8496173422,750684.1850604183,13.528741648532762
spAf_0-vWP4,7,236559.7676624155,828078.5707220925,12.373960399627686,13.626864528656006,591518.803059677,532319.1691922541,13.185000409091625
sxbAc5DIBL0,7,44978.04389879299,76241.2236147097,10.713951969146729,11.241670703887939,31263.17971591671,60609.63375675134,11.012225631197401
t6DqR6klBVo,7,87304.73398449666,158999.0618423205,11.377171421051026,11.976659870147705,71694.32785782382,123151.89791340858,11.721181934846394
t8cGrtTWYpw,7,266409.1913778134,376084.127917064,12.492792472839355,12.83757080078125,109674.9365392506,321246.6596474387,12.67996763002087
tMoTShXcri8,7,59367.630697670786,218508.09975967277,10.991521263122559,12.294582939147949,159140.46906200197,138937.86522867178,11.84178929686554
tMybyjV1fk8,7,280699.1844434328,872947.4688531545,12.545042419433594,13.679631805419922,592248.2844097216,576823.3266482936,13.265293039251278
tQhzG6QlBno,7,106116.9003720894,141458.33512621195,11.572306022644044,11.859767570495604,35341.43475412256,123787.61774915067,11.726330694368924
tRbaW--NEMk,7,233269.22658125823,11096838.823259318,12.359952831268311,16.222170925140382,10863569.59667806,5665054.0249202885,15.549827165533927
tTyYIfCfI6k,7,97239.33487202504,132641.8603599188,11.484940872192384,11.795415534973145,35402.525487893756,114940.59761597191,11.65217943152988
tVCk7SmgXbE,7,144222.68355318753,290711.9321529853,11.879120731353757,12.580091571807863,146489.24859979778,217467.30785308641,12.289808407873702
tcJ4ExqOe7w,7,777923.1968678551,1926028.5287148764,13.564384365081787,14.470971202850341,1148105.3318470214,1351975.8627913657,14.117078422118617
tcRAv9OTkwg,7,512545.93183777045,1822013.89045764,13.14714756011963,14.41545352935791,1309467.9586198695,1167279.9111477053,13.970187594510989
tkmAtJBBWEo,7,199871.35704106497,298452.5507292653,12.205434226989743,12.60636959075928,98581.19368820035,249161.95388516516,12.425862394672528
tpt-ZbzBF8M,7,122210.79664641492,171468.20487685845,11.713510856628417,12.052158966064452,49257.40823044353,146839.50076163668,11.897102247858543
uTb5daWC0d4,7,114711.52969367319,217003.0258250758,11.650184535980221,12.287671184539796,102291.49613140261,165857.2777593745,12.018888954250418
uWo8abCDaxM,7,204156.94000675704,416158.4650833127,12.226649188995362,12.938823795318601,212001.52507655567,310157.7025450349,12.644839389156525
uerf1Pn-SRM,7,99399.4714983799,182531.2763241762,11.506912136077881,12.114682292938232,83131.8048257963,140965.37391127806,11.85627665802
ulDA9JbfoQ0,7,489605.07146931154,710662.483251203,13.101356410980225,13.47395429611206,221057.41178189142,600133.7773602572,13.304909537906743
umD9dLc0Oe0,7,85621.02824608436,141697.7206294705,11.357697868347165,11.861458396911623,56076.69238338615,113659.37443777744,11.6409701092129
unPVlzvSx3U,7,173771.87638702933,248144.30293391703,12.065504417419433,12.42176975250244,74372.4265468877,210958.08966047317,12.259419505794465
us8xifTo91w,7,72705.85012505522,202146.34631464953,11.194190883636473,12.216752147674564,129440.49618959431,137426.09821985237,11.830848860721108
utlRBhN5qJI,7,324577.3548966687,774562.8310481445,12.690282249450684,13.560055351257324,449985.4761514758,549570.0929724067,13.216893422023057
uycMhUJE4i4,7,168428.65955503014,225376.6164791233,12.034273490905761,12.325532569885254,56947.95692409316,196902.6380170767,12.190469740927208
uzIo9OAZK5A,7,54488.330610478784,286347.7694107983,10.90576019287109,12.564965820312501,231859.43880031953,170418.05001063854,12.046015682965745
v1YkSVaRN-A,7,173107.28320606807,533529.0832968483,12.061672592163086,13.187270736694336,360421.80009078025,353318.1832514582,12.775127129216688
v2R4iuOrCFA,7,370635.81408728263,937342.4127633458,12.822977924346924,13.750804996490478,566706.5986760631,653989.1134253142,13.390847513238397
v4M6-Djt-00,7,196828.08410159763,373345.8775828296,12.190091037750246,12.830263233184814,176517.793481232,285086.9808422136,12.560553116320815
vHKVREY25XM,7,685047.0905179359,1872455.0383309508,13.43724431991577,14.442761516571048,1187407.947813015,1278751.0644244433,14.061395210654837
vMrK-SxeLCI,7,74195.0710125701,157618.7715776272,11.21446647644043,11.96794090270996,83423.7005650571,115906.92129509864,11.660551372937997
vN9JFEHeuYI,7,136936.24604988514,242703.08353364468,11.8272780418396,12.399598217010496,105766.83748375953,189819.66479176492,12.15383503590027
vPtNgA-4cAM,7,344251.97585229145,544865.9259084286,12.749132061004639,13.208296871185302,200613.95005613717,444558.95088036003,13.004840197463334
vQJsPKQHBic,7,111354.26098851244,491564.790704708,11.62048091888428,13.105351066589355,380210.5297161956,301459.52584661025,12.616394360695946
vXzwHwATpHk,7,162618.17446462586,825835.6551571261,11.999166393280033,13.624152278900143,663217.4806925002,494226.914810876,13.110752055787403
vcBk30EE3Rw,7,141125.14035310273,239560.693958324,11.857409381866457,12.386566257476808,98435.55360522127,190342.91715571337,12.156587805196613
vhGEfYcBjEs,7,389442.3229449004,736927.6626276469,12.872473621368409,13.510246372222898,347485.3396827465,563184.9927862737,13.24136521275368
vjpC8jmnXPY,7,114884.9477001088,345257.79369917803,11.65169515609741,12.752049541473392,230372.84599906922,230071.37069964342,12.346149193627603
vwZJRNAgpz4,7,70624.44565979413,228917.82017286896,11.165145778656006,12.341122722625732,158293.3745130748,149771.13291633155,11.916870304163874
wDhODWhn_8w,7,62001.62743841232,92177.87161803804,11.034932041168213,11.431486225128173,30176.244179625726,77089.74952822518,11.252738572174561
wHJM1lyuYJE,7,455723.3637379173,890253.9765854074,13.029643440246584,13.699263191223144,434530.6128474901,672988.6701616624,13.419485259566516
wIGQw8X9zew,7,624177.369986062,4257572.021702265,13.344191455841065,15.264209842681884,3633394.6517162034,2440874.6958441637,14.70786742462256
wJJ9ZvXoYoU,7,29670.154447028664,272466.37011514476,10.297930622100834,12.51527414321899,242796.21566811608,151068.2622810867,11.925493701233908
wNGycITNGtI,7,20865.909279636286,219752.2575197483,9.94591989517212,12.300260639190673,198886.348240112,120309.08339969229,11.697827717233983
wOU5bYfFTs0,7,139504.3845671276,676841.5007970873,11.845858478546143,13.425193881988525,537337.1162299598,408172.94268210744,12.919448692636646
wOYUhIWLQS4,7,156628.5581274393,213007.52090071345,11.961638793945312,12.269087448120116,56378.962773274165,184818.03951407637,12.127132460556307
wUJ31uAfH-8,7,174195.90395026075,399370.36380510277,12.067941570281983,12.89764699935913,225174.45985484202,286783.13387768174,12.566485064969802
wepQPAHvo34,7,93648.65972325926,271659.44897787564,11.447316074371338,12.51230821609497,178010.78925461636,182654.05435056746,12.11535470416778
wnUmTgUBa0o,7,98057.44321216656,857740.0231755641,11.493318939208985,13.662057495117187,759682.5799633976,477898.73319386534,13.077156226277467
x3h-9n05gUc,7,157478.85765843562,310404.04365261574,11.967052841186524,12.645633316040039,152925.18599418012,233941.45065552567,12.362830426722736
x6QiZBanH8s,7,240995.2241203894,569965.9547118499,12.392536544799803,13.253333663940428,328970.7305914605,405480.5894161197,12.912830749327165
xDfzUTy4nQU,7,293889.15702014655,1345574.6061371518,12.590961360931397,14.112332439422607,1051685.4491170053,819731.8815786492,13.61673381199864
xFtwbqUM55E,7,125446.1885387965,319046.0589619395,11.739640140533446,12.673093891143802,193599.87042314297,222246.123750368,12.311545211786752
xJW189r68Uk,7,67774.40686911243,110199.3184182998,11.123954677581786,11.610055065155032,42424.91154918737,88986.86264370612,11.396255264624571
xZJvtG0qSF0,7,147906.38832590185,557019.9994280193,11.90434160232544,13.230358219146728,409113.61110211746,352463.19387696055,12.772704318421088
xZzofvs3u-Q,7,70020.95679303994,126899.70892513216,11.156564140319825,11.751160240173338,56878.752132092224,98460.33285908605,11.497419190282177
xbaMJRs0zdg,7,27340.16496881321,36975.590925814926,10.216148719787597,10.518040313720704,9635.425957001717,32157.877947314068,10.378443832986298
xe3kdQ1tNW0,7,43933.151499336025,81369.18613414509,10.690447235107422,11.306764221191406,37436.03463480906,62651.16881674055,11.045353577709712
xffEwpoEOYI,7,573661.5004404108,1017840.0772617726,13.259796524047848,13.83319435119629,444178.5768213618,795750.7888510916,13.587042593148212
xhOZApM8PAg,7,134381.54634228506,220875.0745850121,11.808445835113524,12.305357074737552,86493.52824272704,177628.31046364858,12.087454132317617
xkrwitAhYKU,7,71639.44950233381,112435.91103113156,11.179415130615235,11.630147552490234,40796.46152879775,92037.68026673268,11.429964205353897
xmJCj-9eALU,7,55829.52203890855,76157.98240563758,10.93007598876953,11.24057830810547,20328.46036672903,65993.75222227306,11.097330506063592
xreQ8w5wfJk,7,56733.74571785989,173258.35592727523,10.946142101287839,12.062544918060304,116524.61020941535,114996.05082256756,11.652661761995397
xu3avUZqrwA,7,172044.82549618286,1438342.7805280886,12.055516147613528,14.179002857208252,1266297.9550319058,805193.8030121357,13.598839518444947
xyw37Hc5Blg,7,173091.18778432597,355352.5987847763,12.061579608917237,12.780868625640867,182261.41100045032,264221.8932845511,12.484548318658332
xz_LdtptC5s,7,556911.2487544827,762086.16900399,13.230162963867187,13.543816223144532,205174.9202495073,659498.7088792364,13.399236809712928
yL0eBiP7j2Q,7,16287.745600528773,242326.32686144236,9.698229694366455,12.398044681549072,226038.58126091358,129307.03623098557,11.769952714653705
yL3V31OVAOU,7,50404.44772318234,186165.93172527614,10.827854537963866,12.134399032592777,135761.48400209378,118285.18972422925,11.680862303711741
yU-6rJPnxFg,7,276707.031964722,368315.0858208426,12.530718193054199,12.81669677734375,91608.05385612062,322511.0588927823,12.683895806434508
yaHcow0IBpA,7,290850.67115021165,434608.0404837459,12.580568695068358,12.982202148437503,143757.36933353427,362729.3558169788,12.801415015777609
yb9GkmZZ7oo,7,477296.2480152986,928382.393143209,13.075894737243653,13.741200065612793,451086.1451279104,702839.3205792538,13.462885004991543
yzhdG92lVg0,7,112338.8899532056,1208295.6683949104,11.629284286499026,14.004722213745117,1095956.7784417048,660317.279174058,13.400477238934519
z50lzecbLGw,7,894875.0520636024,2263022.38317836,13.704440498352051,14.632212257385252,1368147.3311147573,1578948.7176209812,14.272270448285504
z7qWehPs2CU,7,117951.5316150718,205785.68347350028,11.678037548065186,12.234595394134521,87834.15185842848,161868.60754428603,11.994546398413336
z8SJtcG3saw,7,171505.2899917736,246865.1962481962,12.052375221252444,12.416601753234863,75359.9062564226,209185.24311998492,12.250980249545957
zF80I_yrKWw,7,52344.81097153127,88555.21288427697,10.865627193450928,11.391392803192138,36210.40191274571,70450.01192790412,11.162672880998034
zLf5XzewOJU,7,47743.496350465015,160828.43467075162,10.773619079589844,11.988099670410156,113084.9383202866,104285.96551060832,11.554901662044214
zMksPUNfx-Y,7,114291.17265155858,196624.09188395287,11.646513366699219,12.189054107666015,82332.9192323943,155457.63226775572,11.954134944776614
zPTXYJmjxG4,7,2352076.764098508,4275882.805463415,14.67080965042114,15.268501377105714,1923806.0413649068,3313979.7847809615,15.013660678756592
zTeveBsR4eA,7,50921.361213443386,310866.33506881306,10.83805742263794,12.64712152481079,259944.97385536967,180893.84814112823,12.105671191934888
zV912CZUxjU,7,305701.20073281176,561227.3745009815,12.630366706848145,13.23788318634033,255526.17376816977,433464.2876168967,12.979566997295077
zaI6llvEFw0,7,217890.12981970873,430014.6085830325,12.291750812530518,12.97157678604126,212124.47876332377,323952.36920137063,12.688354862198679
ze_cJUeqCVM,7,41202.296187241824,150598.18835057877,10.62627353668213,11.92237720489502,109395.89216333695,95900.2422689103,11.471074214582314
zozJ3iiioy4,7,82572.40608078642,109607.39284313656,11.321442947387695,11.604669227600098,27034.98676235015,96089.8994619615,11.473049891847355
zsA_zscf_Jc,7,63504.88534339575,112013.15642486491,11.05888786315918,11.626380538940428,48508.27108146916,87759.02088413032,11.382361332917752
zu9XjGQ-wyg,7,298053.9970465711,537259.9709824239,12.60503330230713,13.194239234924316,239205.97393585276,417656.9840144975,12.942418156521141
zuaJkJslFhA,7,157952.27352669285,251044.331499169,11.970054531097412,12.433388805389404,93092.05797247615,204498.30251293094,12.228319843764464
zwIzj1jGktI,7,88095.23485633852,188146.40482469017,11.38618507385254,12.144981002807617,100051.16996835165,138120.81984051433,11.835891327210021
zyn0ZrcmsNo,7,192028.39678756165,360600.9284913555,12.165403747558594,12.79552993774414,168572.53170379385,276314.66263945855,12.529299196382158
zzz3a_11-tY,7,336357.3884357439,1642057.2890875048,12.725932502746582,14.311461067199707,1305699.9006517609,989207.3387616244,13.80466024439737
