video_id,y_true_log,stack::linear,stack::ridgecv,stack::lassocv,stack::elasticnetcv,stack::huber,stack::random_forest,stack::hist_gbdt
-67kb-NHjHY,14.017763137817385,12.442045433069836,12.451113532102568,12.389538392311387,12.419578382615493,12.483002248547024,12.792376949946087,12.950833971087432
-6bye_nqBSE,13.442347526550291,13.053958475296447,13.050989991027434,13.077130239528495,13.072537617866766,13.099129475058172,12.589659514745078,12.447150363465573
-8Gs_qnW5c0,15.24874496459961,12.237602288815486,12.203337582689159,12.245447487340707,12.233785778954873,12.159040654407,11.879780519485474,12.316638519197916
-DSuGJqlSvs,12.294546127319336,10.603995433515449,10.617896636330512,10.597653841627865,10.61015894247654,10.510034073602927,10.309120098114015,10.016354223578128
-GakK-_ARy0,10.53539752960205,12.35987609391796,12.3416540447341,12.353361190712333,12.342427319492524,12.34985601620108,12.582267367045084,12.319241651910486
-Iwl0gjhHa4,11.053537368774414,12.344695933626726,12.31119844480133,12.323258593255145,12.309571076075862,12.273855870415927,12.097065642674764,12.122769640451784
-OWHhr7b0cs,10.172407150268556,11.59866395620417,11.617236972784463,11.599986871848179,11.615799582937408,11.58101065068,10.833962677637736,10.803463934893237
-ep-Qk4o11I,12.84819793701172,12.517981990444794,12.515404285360832,12.514023285225713,12.512059294804311,12.527790881451617,12.457433319091797,11.958820104626065
-jbPQFEpmP4,12.07217502593994,13.668314920079132,13.660032039176231,13.658018585287147,13.648355625863898,13.754869687389457,14.145527414321899,14.222934386708644
-l6Cup4lYDQ,11.521845817565918,12.115522006813343,12.127376503237622,12.112131094894094,12.11952913175668,12.141882383848165,11.281638697306315,11.496808552964806
-tNICUlIXPU,11.622344970703123,10.348997278353394,10.374388093348637,10.367313168686396,10.382901317685672,10.248470791748366,10.219003180821737,10.262945051737903
01Bq7uwQgtM,13.051058769226074,13.125079802739146,13.097259702315108,13.120685047388642,13.102529806850228,13.137421158112309,12.9755009059906,12.946409630979707
06PfI8c9C6s,10.43869400024414,11.748248631664966,11.775690947010625,11.7345468171046,11.770803227869004,11.78039176633704,12.356032628377278,12.964393941674873
09UtJdKG1V0,12.371442794799805,12.703840552223228,12.686202422118042,12.684656987655446,12.672268173946213,12.700051368697755,13.009033121109008,13.011391914115416
0AU8gfebaPc,12.142088890075684,13.675060491901716,13.62676484616845,13.654065606292823,13.62995059828478,13.71075801011274,13.024225335439047,12.955154838977762
0Cc-rFfnlDI,14.457743644714355,13.003693095172828,12.98815173256881,13.005809516904746,12.988335568596801,13.030393964715742,12.713737740198772,12.840600293815527
0H-QH9R87vw,14.448640823364258,14.443568464636604,14.418673724826249,14.420154637444142,14.403897095213296,14.533145506866616,14.330344748179117,14.574735445027281
0O7hAX2mgio,12.893266677856444,13.240546313875441,13.205761518242511,13.228649175707162,13.209584556559696,13.266625407068284,13.277246369679768,14.052082148696153
0S4ukO9t3lc,9.903837203979492,11.508439082834805,11.545858378845201,11.508260539998004,11.53553498742931,11.547737298817184,10.834420513788858,10.351795437903048
0SGWiWX9d9E,9.899981498718262,12.041085661677114,12.015882463257483,12.020601635398615,12.01580716052686,11.986115160964212,12.02143659909566,12.49417083026045
0X_m0UER36Q,14.58195972442627,11.22562247676992,11.211166923753412,11.266223192170495,11.247611935766713,11.104460362466488,11.130546728134156,10.592665639445284
0_CZKVGg6dg,10.303437232971191,11.021275853872043,11.044016991859886,11.060887311758401,11.084889284034134,10.971777119087891,10.104910978953043,9.875415701345077
0_bIYImevIw,12.152624130249023,10.70996455961454,10.709546323298847,10.717636655744954,10.709752421680946,10.58820797972386,10.329992918014526,10.438082902922252
0bx-03Baqmo,14.883615493774414,14.149260851359292,14.150787779540721,14.139181759683277,14.138024915211133,14.279987337953813,13.680418023427327,13.341431758057864
0gtcXVP0OHo,12.854331970214844,14.117612060396695,14.100608768187838,14.10686064338333,14.102498617521027,14.249879093786811,14.593290850321452,14.540493159055318
0p-dh0kbNPs,12.357784271240234,12.430539180219599,12.43583526816329,12.430969455378447,12.434020212542245,12.464692171109128,12.694797732035319,12.756010192803872
0yzT9b9uGHE,11.218755722045898,13.18069073262275,13.19747026245316,13.17511989269759,13.18712495889679,13.28446264628114,12.957599445343016,13.580727795649887
1281VEhY0oM,11.141368865966797,12.105210926057438,12.106594240805817,12.113876770074652,12.11400958423411,12.103028701608906,12.273847778956096,12.386691388401578
12F9SUQmBSs,13.19674301147461,11.202080862624156,11.200389492935999,11.227681090519944,11.210676444318489,11.088696967294004,11.641143900553386,12.031310890473764
12FNL421nxI,13.82921314239502,12.429419656734034,12.424557274835195,12.433696999526639,12.4307514764035,12.421107539550936,12.20683960088094,12.547439323511204
1HoSqnZj4GQ,12.481766700744627,13.028609924419058,12.991870158205955,13.038555793452872,13.013540038965507,12.988708602256878,12.406768332799274,11.726654352527035
1LCDs4TZOoA,10.29299259185791,10.489585240684848,10.541512323247993,10.489385875035866,10.52885707047976,10.444659300215383,11.319585784276326,9.867129080810088
1PV9G45KRmc,11.454925537109377,12.233824894198142,12.212545533853783,12.252482664023887,12.22714347830257,12.180910328077987,13.231147650400798,13.037402961983963
1PxpAVxe-7Q,10.436113357543944,10.773407228359138,10.847619752278183,10.784300303028019,10.809309860616176,10.775909302758267,11.38516006787618,10.181051238039252
1VJ_Qct312c,14.798141479492188,11.32990308575777,11.355742475824108,11.33609564255002,11.35413750134819,11.330547235897201,10.703023790359495,10.8736511721899
1dWoYfUQUCI,12.552250862121582,10.868879693611312,10.89348568602656,10.890990165301856,10.913718236069274,10.80241467922945,11.165257424036662,11.609099940497709
1gnKmlJKcQs,9.960906982421877,11.827716291385032,11.848858726745993,11.83242174958575,11.852001927061186,11.829535346493396,11.56879450861613,10.9984908417032
1o5HRKfddoc,11.009241104125977,12.865969301045702,12.858883056641767,12.874685369965647,12.87000506256669,12.884757553839938,13.262175662358601,13.376002538148834
1pLMTBcAyPM,13.270904541015623,12.547754698076673,12.543529700741244,12.569406740362178,12.556066324302199,12.562417697117725,12.9224105981191,12.807923166237922
1xD20nH1Vxo,13.844740867614746,12.657822183343205,12.655335120593932,12.659545766403298,12.659073109489169,12.694745503211445,12.268641635894776,12.381457770781523
23xAUlutLKo,12.846111297607422,13.420659664157844,13.41088389209508,13.430976281417259,13.420430200886093,13.505244744879581,13.6257654838562,13.56803112972576
29temM0dAvk,14.60426902770996,14.202152139386248,14.193768270495184,14.207235935564578,14.195950446583126,14.309202109594759,13.941984735488893,13.482429660664218
2Ae9_uU5-kI,10.157160758972168,10.906926483379031,10.936982315908937,10.913521261389098,10.936241763982805,10.85892183736044,10.803400952657064,10.078540047931517
2MYeUkgQezo,14.92274570465088,14.417986757302927,14.383947037020503,14.417301755505283,14.382336844853436,14.515052231396941,14.375743432998656,14.393598071794182
2OkEOW50ZT8,11.255733489990234,11.822696978456918,11.836218719702705,11.824499421256249,11.832747707313843,11.81928085315188,12.157761813481647,12.479742423776718
2OtYn2xN-tU,9.85219383239746,10.783400075006059,10.807899490516876,10.811920976270336,10.8273607255894,10.71969662572161,11.023363463083903,11.624789960095319
2OtqkvubdVk,11.689446449279783,11.200471035054113,11.223989037759416,11.18137567006749,11.205314896553766,11.176521638410387,11.244582546234133,11.418046755130282
2aPSctrD8no,9.09043025970459,10.94449662722719,10.962103635439272,10.940991446143485,10.953297089091782,10.879241286961594,11.097341917037964,11.175085838181163
2mLdiB4ewwA,10.926603317260742,11.034393691238575,11.026261519535355,11.053276061351752,11.037462564098478,10.911063949866659,11.236381563822428,11.136125399063763
2qC65QrXZnU,12.65264129638672,12.292585713777365,12.300862199564193,12.294381344367181,12.300427859540624,12.30409456139193,11.854032361348471,11.377590710392466
2qq3tEmLkeE,11.969501495361328,12.571908498683321,12.564036236129782,12.540827777638858,12.551446900188504,12.619539237802057,12.646374758402507,12.8731866592615
2tuvu0LGZv8,11.358864784240724,12.582574892730724,12.580538068523126,12.568009179386264,12.563305252328632,12.668834153299159,12.977510231018066,13.069631640845193
2wfL6QZySbA,13.888911247253418,12.213077481135018,12.231077752543863,12.198907187227567,12.215098700845965,12.268880458331891,12.479384813308718,11.876923593570053
2z8lKA93SuU,13.55205249786377,14.54995157378203,14.565976420381403,14.538664272657215,14.549145098727521,14.762353022673457,15.422273738861085,14.874709422211327
35dO8Xd_AoU,10.271700859069824,13.417844961434618,13.411154843690204,13.415476382472077,13.40205438609236,13.517639258716713,13.234090305964152,13.372058366323822
3CVgzfmk6Jw,11.730999946594238,10.780627341305548,10.810124875851976,10.782076425146869,10.793056190180913,10.731375760990003,10.968426076253257,11.195405287658184
3UJSW53p5GI,12.339448928833008,13.19294327112262,13.193966216157435,13.188943536113428,13.189477872571937,13.281149294407163,13.578979445775351,13.554640866828189
3_w5Anu-HRw,13.918899536132812,14.627725542376217,14.60840377083887,14.579573570017601,14.587603649382386,14.795827621654695,13.993965985616049,14.096490737673733
3daJ5RWx734,14.970611572265623,13.48876247519815,13.462581191168818,13.472157737116758,13.451822805041239,13.518552499003805,13.43313458506266,13.059378309884037
3g6Nr7dbChw,9.620859146118164,10.811861303559297,10.829496393602573,10.786008427889378,10.820156759527782,10.791200007075458,10.287985266367594,10.529636852611253
3i1k8cOOpkY,10.840678215026855,10.84890645676243,10.859198887247578,10.842514476427928,10.84474543980106,10.77609336114825,11.055870301564534,10.42070477248344
3ktZ_dLfiFY,9.652908325195312,10.427873289656569,10.493241170976306,10.435503128732686,10.481413258213355,10.399876055926002,10.74284063212077,10.25362196723829
3zI31zAnhas,10.85131549835205,11.549127149288095,11.607886437121941,11.603746680817531,11.646874702032877,11.617652424954207,10.894197693506877,11.50177452877174
45FAhSCGkDY,13.45374584197998,14.162933727737885,14.104649228514171,14.161975678891238,14.102410949993214,14.215115560771045,13.810927691777549,14.034219606416864
4C9jIUtBaj8,13.975905418395996,13.933755842211207,13.90832713377093,13.90199103411444,13.881940619211733,14.030776663226051,13.348596932093301,13.360580351768581
4EqLc55E7LM,9.886290550231934,12.592783121500977,12.569964494586069,12.590999316531446,12.581488866377313,12.56564191373061,12.839512773513794,12.512089293903948
4KsY-RE4AfU,8.91395378112793,10.741050449939229,10.755736404052797,10.739851585447818,10.745273944395201,10.641954696466165,10.82803884633382,10.914944336051912
4TGShN_RCSg,13.708540916442873,14.573526489883681,14.552281626338532,14.568008210820942,14.552004385715243,14.709799874482707,15.06289595222473,15.020804443075022
4ZFgVn_UQew,10.128029823303224,12.057952190123936,12.049740060126611,12.05713702589648,12.048155094896865,12.036857973910202,11.830669383366903,12.234445527813735
4bq9hAPWJsE,12.948217391967772,13.537654333289211,13.5268802850017,13.536863282961887,13.527185066656097,13.609418911589245,12.799647085825603,12.311897558685153
4fGOkiWCUGI,14.671895027160645,13.054553984417439,13.055438477096168,13.061462673021774,13.064034257443561,13.089462671630622,12.539513191858928,12.530403269185634
4qnrdL-0S7I,12.225924491882324,13.379820198131037,13.380358364843518,13.371404225384351,13.369980546471886,13.469691884460934,13.081477821350099,12.612180526696088
4sZJgPoLnKo,13.19637966156006,11.179690184466892,11.205902378109139,11.186157760734751,11.202498147626605,11.162516076305659,11.190208915710448,10.781630899798321
4wM0fiXf8DQ,10.29603672027588,10.642180520846956,10.671971572711058,10.651989990382962,10.675026871068427,10.559152387644994,10.874575577418009,11.222271673631802
4x4fj9wM4go,10.73332691192627,12.618266007007001,12.586675095266537,12.620584111813612,12.599131142429448,12.57334073778639,11.673336867014568,12.03642998516351
5-y_qpSJjoc,10.47305393218994,12.989570522637216,12.978823528573335,12.995976942918228,12.98387183977598,13.041129135537147,13.709675043741862,14.22094638857039
52fhp--qH5o,15.534185409545898,14.54902476132179,14.493550208520679,14.534247660877327,14.498158118585557,14.672421990175673,14.631556161880495,14.68080895229248
533dWOV7I8Q,9.182147026062012,11.045494873817821,11.078177465919376,11.064655888540683,11.086631371386497,10.992767087897766,10.980091526031494,10.678785013750575
5BW0xh2ih-k,9.112837791442873,10.7109101053876,10.72384693808241,10.710524295901811,10.717895733758638,10.628585594347221,10.755525752385457,11.123474535657666
5DZELqKSKGk,12.367749214172363,12.240691925753717,12.23510192532507,12.239026503486079,12.233580719449726,12.246358753139225,12.008149044672649,12.319979786418395
5HCzDjAJfGc,10.19731330871582,12.159797225716238,12.176936550046074,12.150844881676944,12.165426237945667,12.190766722890471,12.064855246225994,11.83361577761425
5KQA7YbIDPQ,12.542312622070312,13.491474093709295,13.46676108022701,13.490811754377502,13.464790126324052,13.574413808693182,13.825780363082885,14.314969963982243
5M1BJbnZObE,12.205562591552734,10.858661389963588,10.876852262842988,10.866321883009116,10.879588051791304,10.77585152740037,10.660877290089925,10.515632197655533
5NeXlkJP9JU,9.939336776733398,10.794116634491658,10.83197260317437,10.792885913732166,10.82234401598518,10.813516989041227,10.289544058481852,10.576239548002949
5Or7UIbcd6w,13.11741542816162,12.69118917329174,12.690346121467883,12.690989738955132,12.68767682376776,12.745132832856799,12.60128524208069,12.9253294561236
5PK0U8zTkJM,12.241898536682127,11.658776579580836,11.681411707379587,11.685246535186126,11.704996981251497,11.667068550708057,11.844222211201986,12.14560221859707
5TxURNw0Tp4,10.769305229187012,12.445122326005341,12.435017300434033,12.446543009180127,12.444979114404143,12.428495514183915,12.440135564168294,11.635773649564952
5VxgqAXCpG4,12.67855739593506,11.07737101973944,11.086179165907403,11.065323455390986,11.077666451797931,11.01959362569498,10.766251235961912,10.88035948890211
5Yc69MPJvUg,10.359265327453612,10.846737954731822,10.846305995430404,10.8295872989395,10.839813061977049,10.77134624480187,10.760423298517864,10.905180006528752
5ar8HsaUamc,13.811665534973145,11.838559521360702,11.843109831456987,11.83597784733204,11.838149618786346,11.822632006149675,12.354385557810465,12.405072898747667
5fqyvETPSxY,13.088142395019531,10.82229680914201,10.874950198207506,10.832197213067175,10.862822350490761,10.81614144746922,11.023823380788167,10.616268029022846
5lhAn4IFrXo,11.863574981689451,11.945128862108566,11.93239922413565,11.964666486594282,11.95033223494651,11.88833217879497,11.370620356241863,12.16588277585138
5o2lpjFDgaI,10.651738166809082,11.124288348964832,11.139097327413564,11.14160803390466,11.147239306307243,11.06944306813376,11.31412670771281,11.41607128719559
5pHLHxYzkJs,12.686453819274902,11.302144444016143,11.329584401604064,11.3080639266337,11.325565995243792,11.29559616435195,11.322215865453083,11.703343061691028
5tZLRC3hMyc,12.020291328430176,11.19788029377357,11.18833769123386,11.167217019307856,11.17628467932483,11.107688466298532,10.90820132191976,10.784918611888974
5vdmJ86umPA,13.32923412322998,14.681486080817683,14.6373526117362,14.635462008056402,14.603942336305217,14.799056252880577,14.288385441462198,14.229072475734403
61WshXT90ik,12.95219898223877,12.525188129828441,12.526597371355455,12.536153819369789,12.531146072936243,12.54080053158489,12.331405849456788,11.97459749459179
62uU6XaLru4,12.61062717437744,12.60213401444583,12.596221181900594,12.601826843914258,12.59344062966857,12.636219503118037,12.436819474538167,12.37560473554958
63I_jmip6c4,9.55243968963623,11.006559976155389,11.026511732093837,11.023357724073186,11.047016524463482,10.962368426925451,10.794234554926554,10.665363201550035
63NLuFK_mz4,10.50141716003418,11.443602932656816,11.472293740646696,11.470976912991985,11.487081897559895,11.457296739473636,11.017010908762614,10.847747916638996
64LJnjkZsLs,11.023387908935549,12.025814682989859,12.019664284799484,12.02704638815221,12.019196501709823,11.998364709002834,11.97076694424947,12.366555450515941
660iNQyBedQ,7.273786544799805,9.597610011600361,9.660935052204138,9.597936809120375,9.65645339561177,9.49272175746966,9.441103567759196,9.766493399987366
66kfDq3SejI,12.268230438232422,12.348035201499707,12.331659441840907,12.33418705395034,12.31407523793171,12.32037125440668,11.632278373718263,11.693615318725351
6LVOQs6bSCQ,11.628029823303224,11.110619286611126,11.12129995253688,11.13456479014568,11.13309222990661,11.038373496076167,11.05880856513977,11.005466063994831
6LYbIioha2Y,11.80876922607422,13.020121426659463,13.013999687399204,13.01781849356125,13.012078464568106,13.067522968177641,14.111651149749756,13.86386698908269
6RXEXOhsQIQ,13.959026336669922,13.078115881897796,13.045075912855353,13.081162741599195,13.030573341091078,13.052487208153977,12.416828886667886,12.023909040757138
6S-edhWBc1s,10.0338134765625,10.908674254326542,10.948785178064334,10.956777115244323,10.971554385399847,10.911147892466312,11.141767259597778,11.039643307370753
6VoIP6WRfrg,12.833341598510742,10.724229888642128,10.74746744443362,10.707226323832296,10.73720191286411,10.691216726099825,10.552632781982423,9.344562642954543
6W3dvwKRvFs,12.101089477539062,11.099684145269583,11.133334863333355,11.102657342761857,11.124270573295851,11.082695238448734,11.05266846783956,10.43212152006663
6ZmrGnRyM2Q,13.910106658935549,14.646517716244304,14.607779677310747,14.640089536658557,14.615719291436292,14.754471866885744,14.889221634546915,15.361038143481267
6aOmFN6ayGY,10.500866889953612,10.34971162157167,10.371692932305223,10.366954396497851,10.373054020225474,10.25619837570176,10.37637469291687,10.728125271072287
6b3NEAyp-Ig,16.942041397094727,12.432547917573894,12.434775605144878,12.444404960690862,12.446582919182584,12.452709996831677,12.815336270014447,12.497396973925168
6zsn1sCZ-2g,12.413782119750977,11.821439091500176,11.825716051208133,11.816745243522767,11.817883865919145,11.799443494995645,12.086049231847127,12.028385494981228
79xFPmCU6C0,11.477380752563477,11.343029097388538,11.339742965011498,11.351176106398254,11.34152210973136,11.25318078479853,11.548773848851523,11.90877538813091
7D372dLCDo0,11.959839820861816,11.8969708761424,11.903981231892528,11.898342209508991,11.909935700063121,11.86019884056646,11.13972310066223,11.209514933243403
7FDJtIbbOCs,13.55864429473877,12.582459086116708,12.59924327083749,12.582674113859689,12.596055899257388,12.64549528621277,13.023198260625202,13.255222198958108
7FZaMYwrQAk,12.580367088317873,11.919359038362671,11.909693677911598,11.859513184898455,11.889238313144238,11.911097312924781,12.17454407310486,12.234404074266868
7FrcbMFnczk,15.36648941040039,12.939152360978689,12.965917344027622,12.960544070592283,12.967699432849088,13.071573834871975,12.172297592163085,11.77990076754397
7NcwhlDRtdE,10.761153221130373,11.878204422778886,11.873619410700021,11.88053882873755,11.877686355046999,11.84470583751609,12.212439168930054,12.679158367726425
7V2wAcpQfb0,10.400954246520996,10.651593216947731,10.6919385379394,10.66182290049617,10.696803216163511,10.614976864195024,10.959293270746867,10.506008895308446
7gKczyP5NIk,13.130156517028809,13.296729927965153,13.279390488633396,13.28537608924431,13.279460070362575,13.345557491601594,13.410929620107018,13.717034823203662
7hr09apujb0,12.840132713317873,11.985407426909953,12.03384971014193,12.027921038701875,12.086359892192888,12.039916128809807,11.854491221110026,12.301783336122448
7lQcNuAYsyU,10.10459041595459,11.398142276506084,11.41681040555809,11.404697981542695,11.412013351379889,11.37340244795782,10.258380970637004,10.249825121669616
7saEN5PuIr8,12.74331760406494,12.619648159710495,12.60758583797361,12.62728228240276,12.62156483936513,12.613171605470306,13.144628505706786,13.310320812314961
7vpzY3sO_MA,12.626557350158691,13.13416459333515,13.126284267071066,13.111343707501979,13.116698243063032,13.19923780204357,13.310518887201946,13.283974953687824
82JzN5uVQOA,10.856245040893556,10.716166658771884,10.736346766640615,10.708794258099894,10.724198095406516,10.65869521250157,11.424460910161336,11.727421424347403
84h82ft49Hc,11.22858428955078,12.100257888075513,12.112010336996727,12.10179350631923,12.112488620332046,12.120157751931677,12.144609584172565,11.890041871659413
87IVraqB9-k,14.558650970458984,11.856419079705466,11.85353177784926,11.829605081868744,11.846505645045882,11.837135354080232,12.094581892649332,11.421396878422973
89FfxB2bg-A,12.676401138305664,11.659431003025167,11.685309700636884,11.66469706416356,11.688623882720613,11.68120296480079,11.693846350987753,11.943772005514274
8DV3ephb-Ns,9.809946060180664,11.176910528393904,11.2093295322461,11.199412269482778,11.222854905768349,11.171275187203014,10.841249858220417,10.743775807953606
8IW_lRTRMkw,10.482401847839355,11.114387865957239,11.137956288679055,11.123380711668515,11.141674685672056,11.077161616188286,10.654959384918213,10.761762165268811
8LhEqCszo6g,12.84685516357422,12.24961557070362,12.254865023301795,12.263032031741497,12.26118401689729,12.238772009955019,12.468436595916748,12.231744183069035
8MS2IWBIjtY,10.717856407165527,10.868964256429779,10.867577990177473,10.878565544862846,10.873397947261912,10.774993128363649,10.64512010637919,10.874149692253923
8NixAgvmUsQ,13.641390800476074,10.364752228940974,10.368662624279787,10.387376749420353,10.377306854545889,10.228354815553327,10.707777755101523,10.541041538794586
8ZxuXGuIVo0,14.038092613220217,13.41988554296492,13.386111106122378,13.418354874159204,13.391177708989316,13.456689119320963,12.845139783859253,12.932280532527452
8_TCy5FnH_M,12.023807525634766,12.724441305262255,12.716655501091417,12.723458168875988,12.71778483688314,12.74949964125424,12.50543346341451,12.553226975519678
8cpuadsUlBM,9.906831741333008,10.923375505703865,10.940363099096928,10.924863931785751,10.930363600671383,10.861414600912324,11.357995549519856,11.231183994792309
8lQc4s_3Cxs,10.69023895263672,10.36028385648052,10.362394858485365,10.38116956463908,10.385196899514925,10.176933472222796,11.38806176884969,11.573485089322794
9-YDot04L18,12.565832138061523,13.247893249200194,13.260452755549274,13.272170550550404,13.272351367095075,13.369177856275519,13.745169324874878,13.726159934566532
919LB2jL7jA,10.26329231262207,12.183720380234222,12.221136993847972,12.193684145168698,12.216450771895941,12.241513837761609,13.227976403554282,12.93535436034611
94ie7wZj7ZY,14.83356475830078,12.41732220267391,12.411721210923629,12.429564825010095,12.417603932105854,12.398239589093896,12.966667594273886,12.390589257937227
98oQ3jUWtAk,10.48913288116455,11.200735498760528,11.197973756158687,11.203935430120604,11.200130474003883,11.123421739400039,10.961668190002442,11.010730455997281
9G-OZl9vje4,12.87757968902588,12.300929374863777,12.286137784510208,12.291296053274406,12.277422578767185,12.269991393697367,12.235533684412637,12.07565890191266
9MFjMR4j43g,12.631706237792969,10.580696391013385,10.639599650743444,10.590627145997367,10.625217271131417,10.571231854877857,11.029394929885866,9.13327823134829
9PqxdSGIq0M,11.399163246154783,11.829391322305762,11.843427730421647,11.844141303869518,11.843579507627565,11.833952810135694,12.072614991505942,11.647148917758456
9QVpiLPsAXU,14.309882164001465,12.697437517370487,12.700644826307274,12.695694784204447,12.697500596468172,12.749809399494199,13.06034494972229,13.017115884129304
9W_-QKxL0pg,14.853684425354004,14.151693947113685,14.129028694636993,14.135797641444194,14.127337841612615,14.227181194173232,14.069971204121908,15.24300590195925
9YlVyuRBY1Y,13.254494667053224,11.900261255723734,11.867378449433971,11.891818347473972,11.875517638452129,11.814503461072627,11.813916868845622,11.482042500939857
9_CNeufdSA4,13.016669273376465,13.590133346671742,13.553332347307729,13.588676551327287,13.548786017067755,13.642877368312874,13.11394000307719,13.469685304698515
9lh2Y9uiv1A,11.4814453125,12.258838064144335,12.253477577424874,12.229630102097067,12.24396695095546,12.25951747955452,12.925183899561562,13.36433057573869
9mE4iuxdY4g,12.534473419189451,11.876236813154813,11.907713773828581,11.862405773126369,11.870071131425489,11.922648965589994,12.40441400337219,12.686902712782212
9uRpcwG4CfU,11.181068420410156,12.130643276309543,12.11591871711741,12.156238490043846,12.138479208731724,12.081970056223433,11.857950668970744,11.972335691714974
9wBhjdZlx-Q,11.693804740905762,11.68571562752517,11.679736493177934,11.6959262016367,11.697577249995092,11.614086359237026,11.710000283559163,12.389113000093253
A-JCJOSlStQ,11.839166641235352,11.915083013375524,11.902720993963184,11.915215410916497,11.900481512368756,11.86183010969795,11.688464326858522,11.312882269623634
A6So4z4cbl8,11.281838417053224,11.498378081141814,11.50792354712115,11.513909428799243,11.511935700950858,11.46303674469806,11.26702647781372,11.145829589600398
A85Nr1k0edo,15.0513277053833,14.818551526967886,14.735830135112076,14.7408696445304,14.720295779530057,14.86284250433071,14.328380381266276,14.744918439300909
A9OyzadVX1c,12.022612571716309,11.284082486991176,11.275993988219135,11.281771471176903,11.271971215283706,11.201123304954548,10.975321964899699,10.715374905913782
AD-879FO88U,10.801247596740724,11.367949764815961,11.338461374637612,11.363178260257731,11.34242889219856,11.260712073044699,10.655615834554036,9.991166550541172
AMHfjh-VgDg,11.656072616577148,11.583900232575694,11.581841352946038,11.60434862337771,11.592459630201638,11.51569659995102,12.03004980723063,12.343980982547697
AT-d3ZX_9Xk,9.831830024719238,12.317113874160315,12.325745827160114,12.354497588117217,12.360676404826998,12.339688905048412,12.569829521814981,12.308867833861067
AUCDp1s4zzE,10.628884315490724,11.632738199659125,11.61153721765349,11.59745749582197,11.59289504163654,11.545338337169733,11.66902531560262,11.829245784655603
AjDnzWWkAuI,13.59498691558838,12.874563683367318,12.855578088484009,12.880105311761767,12.856551023773974,12.878286576551728,12.790714211146037,12.744588946124972
AnhsQCKIXzw,10.520914077758787,14.536151121346988,14.51537151837322,14.496342205456912,14.478679055565195,14.663892963031145,14.543094090779624,14.316945809105553
AqEhuzBRfaI,11.56801986694336,11.273220530817206,11.26445289747698,11.273589019324497,11.26659863704119,11.172638435876044,11.297943878809612,11.173645869226675
Avq3wz7nO7c,13.611414909362791,12.36331130894355,12.32766694592499,12.354595449567334,12.328256009130408,12.285331225180068,12.349831517537433,12.524986740577376
B8YTwMyGfWQ,13.283056259155272,12.675376499523457,12.692252346902825,12.676012357897742,12.699817307940656,12.720289498897714,13.544055544535318,13.61824666710865
BCdx1ZejNmQ,12.0701265335083,10.436919058592201,10.469307988914629,10.44319343073351,10.480936120600225,10.367943676074114,10.410054752349852,9.31349787071296
BFrUIrYUF50,10.222123146057127,12.207287122150722,12.21616527920847,12.206286169453954,12.21448744504738,12.232378922433229,11.594289238611857,11.73946306364814
BJzmtcxqVrU,13.67344093322754,15.028479653232521,14.987108410042566,15.01890237138398,14.992426449774854,15.195689693822807,14.429563344955445,14.067772769535248
BNvlCrEq8B4,14.352503776550291,13.83988521047072,13.822262071217603,13.846352813363405,13.824482513146302,13.926703372535792,13.872823882420859,13.978848232190051
BUsoWjCgYHU,14.002349853515623,13.0657407446014,13.063271770437131,13.051424390300985,13.05001599294478,13.1353086954139,13.19559165318807,13.494106094774935
BXPW1dLqM_A,10.608341217041016,11.580406545104196,11.594953539329486,11.59565198445353,11.599354621449814,11.562717776875587,11.687297386169433,11.5713103101069
B_SO5Ywy9Z8,10.258886337280272,11.084259666794031,11.125505466431838,11.101993271180868,11.119741791982191,11.090628223434337,11.03579104868571,10.517319575682597
B_dul5fuaNM,14.23093318939209,14.007008064701742,14.005784996954974,13.978008305100687,13.990112607548623,14.151760109619042,14.348614992141725,14.735756626479365
BfyUWDEq0YY,9.039670944213867,10.681716906700816,10.721742816368632,10.682302057822627,10.71744623751834,10.599527172488902,11.06049933497111,11.220573729585533
BijdEVyOp5Y,12.516281127929688,12.462027017463795,12.467069499964618,12.436379144502142,12.457621114304091,12.532200846955098,12.53083346239726,12.465749956176374
Bk-OkENVuew,14.48808479309082,13.171217379082451,13.16785765855145,13.16206263400739,13.164749490356508,13.245585766207036,12.840098311106365,12.480242032028878
Bu73y2brU_Y,11.988171577453612,11.7548484843713,11.740316957673741,11.759641901123516,11.751938330066226,11.675414437607804,11.819561030069986,11.603747201144131
Bv-MBo6aK0s,15.34799098968506,13.135363086777614,13.10439711971965,13.120884353933356,13.102441054254848,13.149328675533853,13.148571137110393,13.137216159291675
Bw0RNBdHq1A,10.803424835205078,12.262017558898778,12.24948368128726,12.311479203781289,12.262418575006791,12.22893054786819,12.867917026519777,12.874914354713942
C1NXc_isx3E,13.8336820602417,12.36719937200382,12.384264573603517,12.377296327497996,12.392570810651945,12.410124312552265,12.117749996185303,12.31615860239512
C2q1dkndugY,10.242813110351562,9.985874569654866,10.00491300440253,9.997060606561101,10.005900737484264,9.862807106462503,10.128210536321005,9.899089822684894
CGSvWZAiZIg,13.452991485595703,12.711883805477518,12.699566604193452,12.71409030004578,12.70902497395862,12.71862493632061,12.227649620691935,12.110815281268136
C_G1_qY-vZY,11.08927059173584,11.871072775605574,11.890056333048905,11.884765065547652,11.888857989528494,11.886906266983607,11.86324954096476,11.75163991936948
CgrojExyb_s,12.084543228149414,11.641151881137617,11.646468807144736,11.637314758726939,11.644183338094711,11.622217394328272,11.833785040537515,12.057241188149453
ChSy-1JkfR0,13.10623836517334,12.396668390790781,12.380415970370654,12.380093943474947,12.378613710296216,12.389699950829389,12.66690489133199,12.377424120062168
CpA8zPxaqiE,9.609854698181152,11.403703661796383,11.407075825516605,11.408990217806613,11.409313007252456,11.350328321577166,11.622728802363078,11.494117513819566
CwTTSHeAlRk,8.816408157348633,11.136756698745726,11.152009829246476,11.152156027284244,11.1695793078321,11.080774645545873,11.125462413152059,11.262808894054288
CwfCTYDHIMA,12.590361595153809,11.79457567715255,11.808682413479211,11.79036002615012,11.803621535786249,11.797417533665714,12.19697766494751,12.418246286469513
CxPNE0cmMaU,9.929058074951172,11.678807830664974,11.668199732054868,11.69480187527939,11.683068375116443,11.608281931608824,12.024810232162475,11.781267019697225
D60yD96kgsI,11.196185111999512,11.459822647482694,11.485353797414568,11.430593837803135,11.444986209888825,11.468673137913305,11.725749879837034,11.90211692303096
D8kYJw-FikU,14.779463768005373,13.921681899608986,13.902008166892307,13.914062820084668,13.893989615526246,14.014675923645237,13.764658374150594,13.962356518466818
DDqJVQfCDks,10.403413772583008,11.373473096058605,11.37653945165409,11.373446869997665,11.374588289156776,11.339058997024315,10.928475185394285,10.306614105811597
DHoIICtSohQ,13.665950775146484,13.129781589359595,13.110271154109787,13.13409074245539,13.12176000908105,13.152208680514688,12.931228972117106,12.815575439340906
DIXXFxfFK6Y,12.690995216369627,13.11548037421673,13.072376549417141,13.107425112355648,13.088678551050307,13.106171463629986,13.182676151275635,13.019578467590707
DMPGT1_o_gY,10.411178588867188,11.265845950954121,11.252870230462245,11.298758259108505,11.25459014178459,11.147769025000246,11.708405591328939,11.973535711105937
DYcY-58x0yg,13.85159397125244,12.34012582079765,12.30323277006677,12.340416204681487,12.306412064128532,12.252208017958422,12.220865137736004,11.9814523311517
DdSwOE3IHuA,9.792108535766602,10.797260676119784,10.80301259890175,10.79629831088173,10.801961268806343,10.721247709142261,10.84165828259786,11.070424904298669
DeETcajnq3M,13.68842887878418,14.026574928145019,14.008458426747021,14.026202148782636,14.00715796574652,14.135226967747217,14.501324073791503,13.960538381608373
DeJlUk2pCtQ,12.03196907043457,12.022498002802385,12.000953015187086,12.021940676848075,12.003066098071729,11.96035460090007,11.784399938583375,11.155529110466842
DqSR20Q_Z7E,10.317251205444336,10.460789444655095,10.467128596700869,10.441863609166159,10.45182346951624,10.33481650361758,10.749771245320638,10.610127966791536
E0W9MkxKRZA,12.658860206604004,12.044646767421105,12.026999552563657,12.016774329945724,12.00546140726807,11.987844538551471,11.710154070536296,11.630153839622821
E2M_bgeaHdc,10.4225492477417,10.606314904773784,10.628017751712044,10.62047985219404,10.635656394378781,10.516592868687225,10.771216302871702,11.29781770965464
E4n0haf2ago,10.33565902709961,11.771319816591827,11.767929776062404,11.76031696931674,11.765342806497756,11.744643993277592,12.004445611317953,11.547737814372192
E8lIamq3wDQ,8.663714408874512,11.321769862722016,11.384039799060735,11.336787503891776,11.36636901271109,11.34555749534983,10.920808840433756,10.719261328597858
ECV3Ax06IvE,10.254672050476074,11.544285991093853,11.563699403063334,11.582507740613627,11.600617368990777,11.516079191078193,11.550001074473064,11.189199677495003
EUKqibHDW2g,14.814011573791504,13.586048346012783,13.55538355039215,13.541138763075635,13.525215980778755,13.609167091527377,13.465632691701254,13.81228631988509
EWKTrbouLxg,14.297850608825684,12.857897768204902,12.877191640283748,12.859337523419015,12.876280891630719,12.94062739927278,12.95824825922648,13.218843873768124
EX78dSg6KD0,16.3887996673584,14.644684266644928,14.622723848480435,14.64452727256928,14.627437119599,14.797951014759304,14.599105089823405,14.094597601963507
EY6R0p3RGmw,10.984851837158203,11.248371086934329,11.243345126634248,11.24451865012504,11.239435282459368,11.164284708571037,10.977843094507852,11.147502422888287
EhV4WI25hHI,9.963312149047852,11.108082345499449,11.10778724373661,11.108178168232946,11.10798351233259,11.007298423020911,10.816906260172525,11.065901112053703
EnNpu6O9NzI,14.491734504699709,13.53056006123994,13.53974695230995,13.520130489470695,13.522684245326568,13.664070757812647,13.114004735310871,13.168230572910893
Er2xTYaLSqI,17.525312423706055,15.112942893841554,15.096330972384225,15.113049506456152,15.104472096456854,15.313304665172518,14.628686747233074,14.749177509610353
EsPYuzMcsgk,12.972349166870115,12.406142039489813,12.424758548644071,12.408761488891777,12.421847440923779,12.449941831062716,12.752294747034709,13.005095888774724
EtZOyEAUyjo,15.070889472961426,13.622800730003723,13.618314719626682,13.585865151383613,13.580801457473692,13.729878929972031,13.421181509653728,13.337250032737373
EuLtgE5W63c,12.478082656860352,12.827302098511652,12.819318336119634,12.814101194871448,12.81114115048893,12.848632888078493,12.824236810684203,12.949543090113968
Eu_QQMBQFx8,14.084356307983398,13.533787717193308,13.53018908410411,13.508978246195712,13.504808234789584,13.620986313684698,13.392189332962039,12.45573938284427
F-WjXjMsc3M,15.46398639678955,15.063738050724297,15.006358855270074,15.00397642455441,14.962582992954964,15.163487510773066,15.043549318949381,14.795992370482821
F0eEvaiRfEQ,13.464746475219728,12.173537601288823,12.16748859635556,12.172320928602483,12.165895541574583,12.172002575730367,12.10699634106954,11.684473206182687
F2gpQAXf4Zw,13.557001113891602,12.664486583264269,12.644154276681734,12.668412807101957,12.658706199025902,12.654815319761148,13.699082787831623,14.21022422981521
F61MyoU0cDo,10.042466163635254,11.250049843414274,11.271813146784103,11.249745737548984,11.265286099848131,11.240957806771968,10.997826714833577,10.633626641654304
F7eR92nCN5E,13.135774612426758,12.494009877103673,12.508402603258645,12.494847446587862,12.511614209738227,12.548756421211097,12.761045776367189,13.272528426198841
F9RCkTHi19c,9.8464937210083,11.833939637652874,11.868459575170798,11.832731410832134,11.863534556417035,11.903890579711458,12.554876271565755,11.799178263207324
FFn_1yqWK6M,14.782196998596191,14.209649895531953,14.199422774878286,14.209808113066964,14.204540935423447,14.343434148243233,13.984520331700642,13.579548311672086
FMg2c8A0HgU,14.037836074829102,11.91673361195638,11.92164116013843,11.921235361033355,11.92488676134868,11.892701021101319,11.986057230631511,12.10715963622343
FOEPQRMrlDs,12.552403450012209,10.587040161656969,10.612376524067471,10.598815563518095,10.617964353570562,10.511082349090607,10.885187464396159,11.227718614151277
FV6-UJedvSc,12.670278549194336,12.696779278383458,12.697680638301996,12.692569788470715,12.691879514757979,12.731321716306711,13.122930607477825,12.763840967798416
FXZGgXIr-x4,13.704334259033203,14.563022499637247,14.530697873219822,14.557571813067524,14.543383780310938,14.72095915287418,14.4528456808726,14.372753022343138
F_efd1OZI8g,12.949000358581545,13.171313563006544,13.094619337938866,13.119288018678807,13.111323579974973,13.094254581711951,12.937297412872317,13.702441603713483
FfurIf36rpc,10.245515823364258,10.33729150089121,10.349934671729029,10.327085401135639,10.33567668617874,10.23160814583237,10.71703395652771,10.254623892049965
G3LP0sJch1k,14.386224746704102,12.980684935983462,12.985752065950436,12.976844902622366,12.97729218565204,13.049740329842678,13.754648206710817,14.051675868802262
GAaokRPQvvQ,10.364734649658203,11.926110611646953,11.914325748757449,11.925870490538165,11.914264964520784,11.894869965036504,12.091006357192994,12.236342848039483
GD8PDdJV8-A,11.838134765625,12.492088246332195,12.482955233453424,12.491550184052109,12.489833229582636,12.500343207023022,12.518796735127767,12.562367978492972
GDjDgYX3UGE,10.784523963928224,12.714778751150453,12.686925321613408,12.724637340966447,12.718685283170137,12.684190275898489,12.408464647928874,12.361067083934685
GGTW0X4vvcc,13.987451553344728,12.636600359097768,12.649367316191018,12.636661430868886,12.647606202797215,12.691637380008203,12.7517771803538,12.422411743067435
GWkjO6q4M1o,12.16435432434082,12.16014210889469,12.149692790849235,12.161346533642421,12.150068065471077,12.113945191645294,11.805819387435912,11.96106705872188
GdiwzjwuPaI,10.759603500366213,12.481051432910968,12.458141211674446,12.482807856285831,12.465587466270827,12.447825962248245,12.383616374969483,12.086550039335423
GeX2PfPEPQg,12.669038772583008,10.884184146623873,10.882306631012838,10.884187601165275,10.88584013983734,10.790926050688933,10.496506460189819,10.141512802340005
GneQdiJLBzs,13.776071548461914,13.083960173808741,13.072352613553143,13.09786468917675,13.083208832180254,13.116727797824288,12.653268026987712,13.046453221975758
GoZywXMBm7s,13.413113594055176,14.481028012146192,14.45530222128643,14.47248823983073,14.452943577655722,14.605914445084588,15.208289435068766,15.214006612199157
Gs8dkYozXkk,10.17561149597168,10.571341556287008,10.6027889255718,10.597018508644082,10.622633116475248,10.50725433344229,11.138284526189167,11.280877211313529
GwpTKLxJsmc,13.087831497192385,12.056407477596444,12.054055960529686,12.054658156162652,12.05275653605667,12.040771010840727,11.543220925013223,12.560621082465694
GxFYH6oQ2Vc,15.219483375549316,14.540578920541188,14.507781136121077,14.523570433255438,14.50522936725504,14.640240571130285,14.81985541788737,15.271340975392244
H2lwmDaYTjI,13.474617958068848,12.100553898865579,12.084860498977092,12.129177375751857,12.09572284958015,12.042642700704734,11.888733243306477,12.520791670925595
HErGV8_sCdE,13.72808837890625,13.786048567604624,13.750784248021061,13.77726018660573,13.75433287755648,13.846009665819556,13.81393178621928,14.392956360228922
HJHPxLKXTNg,12.388561248779297,12.87653595241102,12.908092958184211,12.89215023451361,12.904706750395285,12.983247315593156,12.488166357040404,12.353172951048917
HM9aOZJ3C_s,10.869025230407717,11.371948369958561,11.42815273257426,11.371837993069173,11.395859815199602,11.413909901274891,10.534684079488118,10.497892617436822
HVIv0IuGAZw,14.725278854370115,15.46256420603026,15.416140906660734,15.442221236170022,15.406535462109664,15.640607337312133,14.379113965988159,14.955467701775826
HwSxkl3JSSA,13.838388442993164,12.510630815142392,12.529568112426546,12.509706531938336,12.521134935709867,12.571199283469943,12.100314276377361,11.565536796955657
Hxu3AeNlP0U,15.679614067077637,14.704566732488544,14.68050344431722,14.67412718812473,14.67315063532495,14.838565302953446,14.148792556762695,14.79979517162942
I9nKTsf4tg8,13.473969459533691,11.843054199861333,11.835818016849856,11.82304222850778,11.827843242975975,11.812321229752678,11.991861895879111,12.513611027067812
IANzkLIshB4,8.290292739868164,11.491811413878706,11.49915423267066,11.471852210732406,11.485075036291434,11.453848603890998,11.39389870707194,10.766811127108944
IHWFLpSM3Tc,12.618029594421388,11.679527237349191,11.682979303409313,11.68633501261476,11.688854477150477,11.644160618203514,12.057422496795654,11.964504048298792
ITqbuf4EtJw,11.390056610107422,12.209284619275167,12.197539157780618,12.205240774886098,12.196696484398627,12.174725931317576,11.596116193135579,11.614100389211506
IX0pObAqgHA,13.142050743103027,13.690917373549174,13.669025671007459,13.690317877255927,13.671446658767103,13.772429973359769,13.767050849278768,13.030618670514693
IbEv7b2KOOo,14.046215057373049,13.310124082731882,13.307448506548006,13.307909875479536,13.30680875128227,13.385111691188671,13.641711152394613,13.377960959207874
IbbPgK_BSmw,10.38914966583252,11.33326297505426,11.311125856991291,11.324542836430362,11.308582840596179,11.241828565234039,11.18370851135254,11.249484249590141
IcuMLnA4aGk,13.85389232635498,15.385411885070374,15.359285488201529,15.358163028683,15.35017135656348,15.607712506884177,15.801074069976806,15.149487381558904
IdCUNHB8AEc,13.669782638549805,14.00726219367205,13.993310178150423,13.975436302398075,13.969355503521507,14.115659769102821,13.34918567721049,12.920561439604532
Ie-oY6d4Lao,14.974535942077637,14.719080680139461,14.711047728197272,14.71941992209051,14.714931139401983,14.905996705586839,14.075635425567626,14.675909501328777
IiL-uCsn3f0,10.196940422058104,13.39447802482727,13.369995065129524,13.395818266416102,13.39166608962529,13.420018520130705,13.160751871744793,13.175453249972245
IjdlZr9ImpY,12.755152702331545,13.836611923913708,13.787126401145855,13.80236356235814,13.787359517486005,13.879150113661785,13.289185476303098,13.510855227955162
In61cA5i2Po,10.18452262878418,11.523987774730912,11.526839818814219,11.526000558452266,11.526920012586102,11.48388857352505,11.65591094970703,11.757685300557247
InASSPfs9vk,14.1314115524292,12.232272769354557,12.258496300977312,12.24211208253,12.255151201096647,12.286757002873761,12.837137903213502,12.95456574895644
InnG9lXMcPY,11.536114692687988,11.456894902491028,11.47029023752728,11.449483331241224,11.457572828239643,11.475996682484505,11.870008370081583,11.117696670678251
J2EL6EiS8rU,10.541491508483888,11.087067312622326,11.101544669230199,11.090754769281586,11.099890396284623,11.029945658597706,11.10693363571167,10.704772484223989
J2wNymKaXQI,9.219894409179688,10.902661673003285,10.902352083341837,10.902568426594414,10.900615846571425,10.811771534309154,10.885447851816814,11.065653393433463
JF56hfN_Xis,13.040895462036133,12.869231171789702,12.8505430775869,12.867585899354566,12.862583199416173,12.865716692101607,12.994589205423992,12.85373648084525
JeIZnoQJRNM,10.862128257751465,11.127143085345544,11.125558632556901,11.133160954114757,11.126415211866458,11.038773277089794,10.825990027109782,11.299834206056316
JjkhWlqGIP4,13.956062316894531,13.649178624865035,13.65734239308307,13.660696905589347,13.667247142904861,13.74897530191887,14.295263069152831,14.721825271657808
JsCHL1fcwVQ,11.05088996887207,12.090429303470762,12.099962757246848,12.083041277718905,12.09506541973971,12.106614900452408,12.323517279942829,12.840609332967356
K3kdXOt7Ab4,12.82259750366211,13.32429585214293,13.307121108566838,13.323504512690306,13.310280550854273,13.37627266160745,13.35195972251892,13.070374259726847
K9x6gCV-_E0,10.205479621887209,13.125660498014009,13.124354786484053,13.112624957363366,13.11767818711867,13.185784197697691,13.989639817555746,14.10025916124367
KBAa_kVRxO0,11.903520584106444,12.39412905595474,12.402201733768806,12.392553673956984,12.399108107447825,12.421196302489713,12.177945681254068,11.98098351875133
KIzE2P_XSH4,15.488848686218262,12.127919048525214,12.153570457247994,12.133971109666474,12.152102008978709,12.185195749175904,12.4192775999705,12.49571746329802
KKdXqXbZ1kc,11.318260192871094,10.98459572050539,10.995361775467778,10.987567876892472,10.993557063655999,10.908007458287765,10.982983585357665,10.689903729720434
KOT8akwpbUM,12.354850769042969,11.721825897896842,11.732016456838556,11.717620199825362,11.72456995776985,11.704120705394113,12.210042938232421,12.087913466173875
KV1-XWGncZA,15.32424259185791,12.559047113574797,12.53375226195113,12.537373846749198,12.520143995958165,12.558170623423,12.834138130823769,12.82549127107656
KWMDzUV6s8k,15.498778343200684,13.001247775489515,12.975296402720524,12.986861499144803,12.973803706556426,13.038251540727245,13.1083035030365,12.83305236390683
KZswPzGdiPc,12.06728744506836,11.21227365944633,11.198490693391236,11.222284652901713,11.21491077418753,11.110397289284455,10.701205788294475,10.686302789622495
KbouG9g2HPM,10.352203369140623,11.761429571659415,11.741730609719918,11.747578954960277,11.738140969495296,11.70869493712157,12.36594706662496,12.023826891931277
KgeJnAwS-zQ,15.03224277496338,12.76463453135153,12.760594261248789,12.760819379362916,12.759923588103653,12.791257303790914,12.75861412938436,13.163245716364557
Km6w28Q2Evw,11.65102481842041,13.38460310053424,13.332324157442274,13.351147482370658,13.31952089011476,13.341481133685837,12.826317813237509,13.193397944487268
KpzdxXC7aJU,10.909801483154297,11.378413132859698,11.397043920360119,11.381759367625008,11.388469229175916,11.36291664623608,10.486413573582967,10.486450166802383
KwYDasj1U1A,13.327574729919434,11.986891300346999,11.985648986560165,12.011335386545143,11.99007110699265,11.96343910457207,12.994813095728558,12.511800426922465
KyFgiUusNDU,10.680723190307615,10.68012453483596,10.701111101061732,10.692216629503001,10.708526405701681,10.574678326960347,10.492042004267375,10.783435561862248
KygyDhmwR4Q,10.460758209228516,10.295589394764464,10.319378752224543,10.303502334866169,10.318309085342129,10.210126900051767,10.358942225138346,10.094053386992643
KyuagC7BTSw,11.93997573852539,12.526057955588378,12.51584135388461,12.53378872938284,12.521811431941032,12.521735143918129,12.96092635345459,12.63375526991661
L6d8k5mD7Fo,14.601935386657717,13.401662517554145,13.37798992107639,13.376952785200197,13.361174935269007,13.453432029579682,13.290100220998127,14.11128090234999
L8P4wtZbO5Y,12.265454292297363,11.807910611120548,11.827247683341136,11.808494222263832,11.823493386558816,11.816539305711833,11.803027236302695,11.538465277339114
LKtWQB-6ki4,11.632298469543455,10.910807919429331,10.909382839331668,10.899486697887342,10.901690328827618,10.841122942783045,10.655746751149495,10.708376930173932
LLXfMVuvtj8,12.703606605529783,11.890445265350813,11.920080228513209,11.907272259096542,11.92768240615843,11.907131485595947,11.993431992212933,11.962137294432983
LXfZGjPuqk8,10.371270179748535,11.089065380696887,11.088017598346779,11.092391695387564,11.091711677910455,11.013321532531029,10.505411406199137,10.723488411057852
LY1QI42se40,11.716592788696287,13.173886612196647,13.162522876743537,13.181140588486548,13.179591392640768,13.204572820052414,12.70153127415975,12.342800196138503
LjCRqGbDLgY,13.099821090698242,13.520809410405809,13.497827462578021,13.514033418804082,13.497493167287116,13.542149565022543,13.666081395467122,13.41499801910325
Lj_uZDSMRGI,10.504766464233398,12.09101437963753,12.064212824765553,12.091958082191697,12.065816164724637,12.029549167569536,12.042202160517375,12.401877173729753
LnDCz06mkao,10.632146835327148,11.057019044735476,11.087621019789863,11.040867730250808,11.071659018882555,11.025953394708822,11.161025267918903,11.469791456471013
M1Q3YO7dGmk,13.981053352355955,11.54099743512679,11.52462493202242,11.560745973124767,11.556093566430908,11.452642519835,11.216775292714436,11.721548439966588
MCBD448-ZA4,13.703130722045898,12.769194192630922,12.762775802601714,12.782851463965585,12.770191796692387,12.784270332965852,12.615818141301473,12.719094740853812
MEAzw7td6wM,11.19375228881836,12.124308895810026,12.107623455429808,12.118648485968281,12.108474745608982,12.100316913386393,11.831337352752685,12.186453975235416
MGUWWmXr2l4,12.075701713562012,10.987330345494096,11.000604612695279,10.98765114834337,11.005153203525552,10.912959053653154,10.98825351524353,11.192911469633595
MQ04-x_jWHM,9.199886322021484,12.419761417407976,12.429131817216975,12.455800860964253,12.447510518963172,12.424966882567148,12.465344264348348,12.853890141233341
MYswfTB1CIs,6.755768775939941,10.075126743284603,10.139074222271377,10.097057892436597,10.15432384183311,10.015271133563855,9.771061726252237,10.500079267869303
McZxlqXGuxg,10.783259391784668,12.36453507980132,12.371174500595076,12.347744776920322,12.350706497276336,12.409750832468688,12.575500557581584,12.381058869990747
MdCFYXDOhIU,13.200308799743652,12.854043846864949,12.84863918730357,12.86932617934911,12.854771380004015,12.87228261450357,11.932037626902263,11.456410770913557
MhrcfGdFdOM,12.47237491607666,12.692199868907098,12.705725677728303,12.711922647312841,12.716650367019705,12.737067149125261,12.691621829986573,13.004360443292933
MjsxSpwHSBU,10.785083770751951,12.751258866692913,12.75150408772715,12.747753198522226,12.745044698131489,12.792428537867792,12.879435153961182,13.117629905847012
Ml2vgpaJZ90,10.962214469909668,12.085625414116073,12.093071532363135,12.097385432332594,12.095873556119898,12.087875375834825,11.994563909530639,12.227628626425172
MmctJIq3Uls,16.41313362121582,13.822770325847705,13.803404859870982,13.809479670731065,13.78417285727461,13.890942078933191,13.270506657918295,12.9199296290208
MsXTopk6prI,12.05160903930664,12.13212469046019,12.106458135849273,12.130308004333306,12.108528741851801,12.07620818294514,11.325968481699627,11.355547207356098
N1HKD8lt3vQ,14.928110122680664,14.583020866104883,14.5594224385114,14.549501876626882,14.552576167225865,14.76805622961048,14.42099828783671,14.168354310630791
N7bPuV4vKAQ,13.956878662109377,14.500491484154596,14.47967192704158,14.495284770998074,14.49084199677491,14.626336168719725,13.591750096003215,13.513761088726868
N9Nfb-xXMCA,12.752660751342772,11.691229036117925,11.712730001137588,11.717573750721796,11.718758718735693,11.701792072374277,12.139777554829914,12.089924258671436
NBLBKQjSSi4,10.951613426208496,12.237922976783302,12.255050032905473,12.23634130725602,12.247305187547298,12.279609180743249,12.59603982925415,12.972699090209497
NG049_h2Nfc,10.98172664642334,10.377788758091945,10.423403001497476,10.400363024739013,10.418708181101808,10.309739955814313,10.695057442347208,10.303464986333958
NGPaSUFhOFg,13.616937637329102,11.965674891074931,11.949001517585147,11.971611180837883,11.959175813167796,11.918114267955062,12.179173922856648,12.394133916646249
NIdLTunXtY4,15.509182929992676,14.54167035329349,14.51101617384977,14.541991230225582,14.511721222303438,14.632084014662828,14.28030340576172,14.29901544162423
NKg6pZAYtYo,11.90820598602295,11.308518652996279,11.291989708576443,11.343292272919323,11.321084428644362,11.202033987733339,11.387722462972006,12.57875520820402
NUK8qFwNQoM,14.479920387268066,14.637971519418642,14.619163553405647,14.59070297278703,14.607397625648744,14.798889202311683,14.45434071413676,14.583665494588018
NdJTeaR6SxU,13.873836517333984,11.978456803619702,11.995736305434882,11.986522344375588,12.001526097915942,11.972718410941981,11.437828005472818,11.63548143878576
NgEDT7QqSVI,10.14013957977295,11.28904912650471,11.28065778413439,11.28191324117101,11.279002887524891,11.20881775842367,11.302482456207274,11.053657167790641
NpNxDgn-_FI,11.13536262512207,12.243016452770377,12.247090562260427,12.2345969505189,12.24073196564658,12.26021833683594,11.52413253657023,11.466964867015541
NsOaNxLwiac,13.155587196350098,12.696840632450886,12.704312777144608,12.717342371052958,12.70993163587797,12.747586505840026,12.911249719619752,13.213075554861822
Nw09YqVFdj4,9.585140228271484,10.770955440815657,10.765389271958648,10.778806826996453,10.76488253583372,10.650366364388345,11.318278073628742,10.902449443315954
O19ExSs1ghE,14.234872817993164,13.581389061102639,13.584700009975515,13.568913668500974,13.581499619102702,13.716727810988138,13.478484242757162,13.139178527529454
OD6mgL2_d_g,14.653987884521484,13.120945561156644,13.12171229565348,13.113769249985793,13.113516924815572,13.2064236001354,13.39151691309611,13.708756637908847
OE5_gFWrVBQ,11.92478370666504,11.984011030559282,11.992968572864457,11.985221516574114,11.998264962075696,11.974671781629198,12.119488724390665,12.440010925383584
OGbJ0DVg-Q0,12.034002304077148,13.127889010871376,13.131411955924058,13.127902885266474,13.130884679439612,13.226054755116877,13.388257724761964,13.607271717416879
OL0Yrr-DC1Q,10.732715606689451,12.01149806970741,12.024350262098489,12.023806032722575,12.029318566096032,12.00516799001168,11.497154779434204,11.845228264127675
OQ5Lm0fowBk,13.704266548156738,12.31753256240899,12.317789671147063,12.3177330876412,12.320899661937688,12.31521300697633,12.445532057444254,11.689764051175596
OVwDNxx41R8,10.377700805664062,12.065515100244582,12.077424657046256,12.07988353191166,12.089813619655677,12.071809979157898,12.18757440694173,12.622575987142886
OZzbkDhtRvU,11.489564895629885,15.066482191741066,15.048481888614722,15.06657124670177,15.05584290417193,15.174625326457274,14.569715831120808,14.743358945984895
O_5WqW4xHjY,12.834059715270996,13.028838094523957,13.036871430541558,13.028237716526412,13.033823297021053,13.123878502422757,13.089743967056274,12.431253382835957
Oga4UleFa1s,14.354413032531738,12.441677734266724,12.42088090889292,12.439289226162861,12.42248515871716,12.399823969266308,12.458848560333251,12.519074938625247
Ol5pu6WQLco,11.703908920288086,11.119091149372943,11.106904937993116,11.118158845467468,11.096654792069565,11.048063372373326,10.697808401743572,10.615746373225075
P08jHzGk2gs,14.970857620239258,13.013572840219458,13.006828722209415,12.999281725672132,12.994966542376792,13.065936272388383,13.220465276082356,13.303569890895483
PCRZWubgJfY,10.44351291656494,10.674916166688703,10.750975781521634,10.693182616907256,10.718677287143427,10.684507968092811,11.399183996200563,11.066162750141046
PE5rXUq8A74,10.40207862854004,10.473463249588752,10.511082415667536,10.49550026482998,10.543595022414587,10.411299543418759,10.280660916010538,10.115281845349417
PIt6Hf7CjUw,13.304651260375977,13.671110916820844,13.656530831245542,13.681387353840975,13.664018330331315,13.76841485862622,13.906556964238485,13.863359273909843
PJoPU48p2oc,12.847949981689451,13.518782927829,13.494128153180801,13.516625307133234,13.49674028001286,13.55352703815595,12.943285921096802,13.134691737311089
PT41ksWunBc,13.438788414001465,11.774798444823594,11.771758422647318,11.780769541058271,11.773783842781432,11.741723673494022,12.07277011934916,11.80514582728776
PTiWOw4ACw4,12.155089378356934,12.586617711664573,12.567894671029029,12.586197340960434,12.57030343156251,12.587628924985943,13.055710013707477,13.209666629083884
P_tKdTaGYUs,11.321595191955566,13.32205175599434,13.306003626744854,13.321647758644318,13.305028218298245,13.423541658630029,13.573240636189778,13.695789963588131
PcaSxitlJok,16.67860221862793,14.315317209017598,14.300889637650847,14.298582444588343,14.281753251669363,14.424720091119562,14.247633317311605,13.83930522793811
PkEpVIcwg20,11.075783729553224,11.680099538442287,11.674148784495875,11.680030158016903,11.67417986630417,11.63378348622119,12.02836341603597,11.944486959585417
Q-7tHcIGuQ8,13.353116035461426,12.399676652779553,12.393335194423594,12.392792688362869,12.388207654324667,12.400932020042474,12.755343642552694,11.670966780605015
Q8Jbijf1T1A,13.42958164215088,11.968368027603013,11.986969594247753,11.981694869761093,11.996367567950562,11.989553878312043,12.37513889058431,12.137671324410341
QBamKMqUWyQ,13.303354263305664,12.38790559677331,12.358710465935678,12.377261076276108,12.353783457438604,12.333315501283598,12.581877389907838,12.859219744537151
QDBB1V-ISwM,14.719365119934082,12.629018044366262,12.640939780867988,12.64290750278681,12.650283791173841,12.66500818539168,12.992374888102214,13.422213777847615
QITgzgKOXZo,12.427806854248049,12.088479226552408,12.121684007026763,12.070776201559873,12.105239193767915,12.161632675556467,12.808121925989788,13.195560280045719
QKMknuwkqMA,9.77877426147461,9.96063490909229,9.979253594481927,9.954466401160639,9.967171535466653,9.830708942135352,9.193067366282143,9.628310993955205
QPz6TPibfsI,11.41758155822754,11.066929642171425,11.09037273288004,11.074623682659075,11.085176099562567,11.030400428952282,10.759696058273315,10.390201113012541
QcOdVGMV7YI,15.5447416305542,14.069082123628922,14.073726643995807,14.060544660686915,14.061686651299445,14.201525851549475,13.903987655003865,13.778020477727518
QdkZvRm32n8,9.934646606445312,11.041610235387596,11.046992132576081,11.061597361658505,11.053535124591505,10.943231195258955,10.845638323465982,11.502468957527078
QeIFiwPr1Y4,14.034250259399414,13.043823602789054,13.048350429028977,13.037084940476165,13.046827793916849,13.141436217713013,13.592555629730226,13.052318121935771
QlSUo1s5YKg,15.3289155960083,13.580546438427435,13.584031437783935,13.581055033838146,13.583213662538506,13.662511313878369,14.75196580505371,14.573726098409821
R5KnCa9cjvE,13.634952545166016,11.831053421867708,11.79162992275701,11.834130983345005,11.810318816894574,11.744028160876104,11.69775049972534,11.741812225000913
RGX6WQjRYH0,10.38538932800293,10.82065906846393,10.819906047228448,10.820182180060852,10.81210382772111,10.743124433964878,10.846959935506185,10.651856437836651
RN7f7mjVsrI,14.07742691040039,13.360305586599688,13.38110829977601,13.371414050937693,13.397913152110199,13.456628352859353,13.874694277445476,14.683888900237582
RPL6coDZJvg,12.30224609375,12.251344553290737,12.242430593659526,12.244749753873746,12.239441562773651,12.238520682494089,13.266743052800498,13.447768734222782
RQzeFZ-oH8U,13.347415924072266,11.741869440064704,11.723351408343968,11.742538912852774,11.72881836232537,11.680927139321541,11.476448656082153,11.768079331393944
RdE1Fm4H0Eo,10.06734848022461,10.935559547904454,10.954814651299912,10.93547777066354,10.953368297476748,10.877470091217978,10.879802783966063,10.993995662219197
RkpfxqAEruc,10.177552223205566,12.137004099633707,12.114074564444067,12.11183805163301,12.106528802329393,12.08190073195282,12.322156595230103,12.163833991154446
RtwyKAfgGWg,10.078112602233888,13.835702809400814,13.795342949836462,13.832150601797311,13.806401424192773,13.846987341717416,13.855249346415201,13.922803557820673
RwMZY61jkhg,12.117268562316896,11.036801048341218,11.048337569721456,11.044632638019012,11.047359861105255,10.975898942434704,10.801730339050293,11.168026187249666
S2dxxRQiZy8,11.954086303710938,10.503503816865004,10.547352395366582,10.526243089939753,10.563722332017644,10.451500871521453,10.688453320821125,9.879248564931403
S5bZBl_tdsM,9.823144912719728,11.85998148269239,11.871702952249256,11.860081780539547,11.869119142391332,11.86482818034292,12.23538019688924,12.373933038118118
S9-tTcmTldk,15.211153030395508,14.641145209213441,14.59495498339661,14.632489644221897,14.600517929378507,14.760265376713647,14.834991083780926,14.526269107288309
SHKeybwu5Os,12.65084457397461,11.701363358928049,11.717092837986435,11.698732582379206,11.70328830759153,11.705276711485766,11.339476748784383,12.124063695631115
SKIIvPnHOig,12.71885108947754,11.538822132106779,11.559557144624847,11.544721825662238,11.561683894788686,11.5431866987024,10.690772350947062,10.298947264234393
SV6xl8FotL4,14.38896369934082,12.956082799081763,12.94851968846587,12.94179119700614,12.943899790977033,12.99017703802157,12.93622362836202,13.006095868310725
SoRJaX4POck,14.701345443725586,15.026713074674378,15.008780538918515,15.008956693818938,15.000012054828202,15.209341269810494,15.120749497731529,15.744210725879398
SqmPmV72FS4,13.695517539978027,12.569128119214566,12.574557350101967,12.53503637014375,12.543210185832697,12.609523230796965,12.582508745829264,12.803572500486107
Sr2qYEHlsTc,10.329734802246094,11.013705269088902,11.048017095851685,11.044245516746978,11.052271594350218,10.991157741575662,10.882749703089397,10.765933043567474
Su4s2D-SlWk,11.690577507019045,10.337750230016615,10.383466047001884,10.376159211023628,10.38598155959294,10.315721864367758,10.752929227193198,9.863819378122194
SxVJ-h70v-c,12.836045265197754,12.173863410143037,12.189906357659547,12.194192461905473,12.199753691527482,12.200681820926803,11.797710087458292,11.921931873916714
T1rXuHKMqss,10.064117431640623,10.865254448354733,10.874084155315996,10.868419577578791,10.869464823938166,10.775746898928704,11.058981072107953,10.417178633147469
T2T2zQA4QBw,9.458059310913086,11.28752632781797,11.286890324868395,11.277740530636473,11.280003780441865,11.23965153864287,10.867461907068888,10.41873044516238
T5ckXx__miI,11.996942520141602,12.788772151861389,12.79911033085952,12.772418069988591,12.788537213511765,12.859235346504382,12.887143650690716,12.889373971774146
T8IBZ_0Vl08,9.626019477844238,11.194566892518418,11.20376606389843,11.189034533817855,11.199348214750785,11.148517569441376,10.529184942881265,10.972048987272666
TACpS_JqQYs,11.305495262145996,10.99293859910496,10.999540067730402,10.992826090413208,10.997030521777289,10.91934774874887,10.834843986511231,10.902051406168539
TG5B8TQAlCE,10.91746711730957,12.845474487139958,12.832471945726056,12.841036195810565,12.826622297870443,12.868106824959868,13.118230712890627,13.157815710999833
TLdwiQ5VZ4g,13.048014640808104,12.073329509807932,12.072511797457937,12.070886520702018,12.065593267591913,12.07040614724903,12.51325681114197,12.527112041419011
TQl1N8DTq28,11.389548301696776,12.980527013728263,12.963490230439398,12.980643260450542,12.97515655800503,12.990056132270908,12.926080233891804,12.465680397904435
TR2SYxrGK6k,14.48727798461914,13.587041260293056,13.580515731987184,13.592090427531906,13.591792397877725,13.679661279850974,13.209695501327516,12.657907389501666
TW986GosV2k,11.838308334350586,13.44160112070522,13.420822535869414,13.430530150773452,13.410417655156634,13.492370391697841,13.606814350763957,13.88686455574836
TYise3IhFno,11.23944854736328,11.074144345119349,11.071021880920261,11.083024606061423,11.082381566807575,10.98392269304636,11.023120778401692,11.140048310158408
TYyf1XoFuLE,9.995611190795898,11.137051036030178,11.134302519483086,11.11623031170029,11.120212273444475,11.049996614018164,11.004963804244994,11.071898189489026
TbmtcbS7Qm0,12.583244323730469,12.476506554715186,12.477995183379093,12.468852790134173,12.470309120756513,12.510475309188749,12.72190367635091,12.657837300338928
ToKci_IUxOs,11.406842231750488,11.935493122250024,11.914072210179734,11.933078630863301,11.921818814093449,11.870448407251844,11.315564851760863,11.289717998180047
Tq3JphT7cBc,13.48247241973877,11.37401222680437,11.386060697970324,11.430649917135097,11.399671842938295,11.297192738113244,11.116701252619427,11.046436121053043
TsDwEJsqq_4,13.055971145629885,11.912489815232803,11.910938547530291,11.91876856107352,11.917547054925597,11.88129491378539,12.069488123575846,11.916269369839604
Tu_aDZXRIs8,16.603727340698242,13.52568586506428,13.524105181345291,13.519131006522306,13.515279261307525,13.630782496376623,14.367438803354899,15.288805247414784
U3RYWSmHtsU,13.284713745117188,13.133878149877582,13.108379990237907,13.10079886836175,13.097685183072587,13.163584515671586,13.557997268040976,13.880529717240902
U5DDTQZZU8c,14.748587608337402,11.927521771927367,11.91767752825671,11.927441911314729,11.917932960419291,11.885948383363562,11.940724738438924,11.755761335939196
UPWF_kSJUws,10.15902042388916,12.207821333488875,12.212357193216183,12.208824538294207,12.212566809810516,12.206981112100996,11.780425088246664,11.84252295050881
URkMw5Mc4dI,12.92105484008789,13.868239438935268,13.832027743272866,13.868374341964001,13.837909708410072,13.925016714849354,13.78747197532654,14.088937920807398
UTW6Rz3HYQk,10.464787483215332,10.924366647251995,10.941750136835912,10.949405743901478,10.961600622206769,10.859199087679144,11.239806433359782,11.38766119153946
UTh5f-E4gas,12.89089012145996,11.714074840361349,11.76496766694581,11.721824334171833,11.746389707090069,11.756313167205818,11.338775544484456,11.240497322979564
Ul8IYdZYWCE,15.02151870727539,12.954471557349715,12.947782139458878,12.951790434910697,12.94839217109705,13.008300027057109,12.87375986925761,13.005402023689193
Uriu2ai0BYg,12.637124061584473,12.724180222473118,12.692088076765558,12.718037572285525,12.690225608621992,12.692320443088668,12.388320310592652,12.713786161207898
Ut9xrMdAGjs,10.060918807983398,10.830802723991413,10.83417366415069,10.814253345302157,10.826074777183024,10.752285859123047,10.890989601135255,11.04147859856114
V3qKDtazXhs,12.719300270080566,12.770454971984355,12.737691595134203,12.754532244967839,12.743634460622351,12.755513803837522,12.854849223454792,12.594677753648368
VG3ufgYF8zM,13.06007957458496,13.354120198648543,13.332147701315046,13.323788594550294,13.320417691146503,13.376908546152144,13.464647175470986,13.329420138822243
VJN5mJESVOg,15.14749240875244,12.293318397573115,12.288855176353783,12.294831054532017,12.293163033575368,12.298350994087153,12.654220961888631,12.277328042450504
VJh5n9dHcoA,15.219690322875977,14.066016961973887,14.045885396060784,14.066982137742945,14.052542737391791,14.153790575108793,13.88577198791504,13.549442505765228
VOHkah8eQxU,11.05966091156006,12.47132392810729,12.484961124874067,12.509524185457982,12.506279332052111,12.514835525841086,12.863439486821493,12.718930219969856
VTGPmOkaCMg,11.475223541259766,11.382892592170924,11.41329676486827,11.391249737335315,11.408113653634656,11.374616566400151,10.280818979263305,10.226873564855886
VTNazLEpUfk,11.0933256149292,10.684816307905015,10.708630840476209,10.70685357404725,10.718275532590141,10.61183394846198,11.215194868087769,11.096547224583963
VYHjkAcUtk8,10.39561939239502,10.90137172575014,10.940366427607527,10.917766606463308,10.929346690502333,10.874775129535244,11.325127756118775,10.980365349647649
Vb-PbbtaHgU,14.861149787902832,13.677144371099438,13.674965111443166,13.670295112395683,13.67104268420634,13.77773562683439,13.7764161529541,13.688961074264455
VhQ-OBx9FkE,10.14944839477539,10.475438057963546,10.48853090370968,10.482536161407813,10.497482325821357,10.37084853670234,10.730951092402142,10.487296150814197
Vico2TosUWI,10.165390014648438,10.865741881877545,10.891400707933352,10.866363300195438,10.892357216343747,10.758463775251405,10.493689151763917,9.97861256062628
VsDjCiFCQP0,13.25385856628418,12.996141541073515,12.999335907706831,12.989940281515805,12.992171864012581,13.082964314140986,13.921658023834228,13.900566570249586
VzKBkA2h2ek,11.276671409606934,12.023646446883703,12.003543586384831,12.021722245767277,12.012124393031835,11.972919172448465,11.925896999994913,11.586664828824667
VzbzjnB4-E0,13.201886177062988,11.775319348916602,11.785193725091583,11.77944544929588,11.786793359904244,11.758304850573206,12.15874273363749,12.819146993285221
W3YiKvilN3A,14.427315711975098,13.521294921952553,13.507937255435515,13.53156748432419,13.514202487763882,13.590333128642106,13.526103116989136,13.653633443946001
WAAgrSE9mLQ,11.80362319946289,11.658304075218956,11.68314321879601,11.670973557811623,11.685416734629237,11.6701443157381,12.06348240216573,11.749632773715982
WAZ-A32YMOA,12.153220176696776,11.081431355078294,11.086372970691878,11.075686201441991,11.08588937387202,11.000692921860688,10.754328727086383,10.631409511451194
WCBhTcSsKlo,10.140691757202148,11.209627763685994,11.24697182774174,11.215115547784295,11.23326193631676,11.231812231080667,11.0357546043396,10.358324108052999
WJYLLbmcsTg,12.930323600769045,12.45894776653393,12.447009780709704,12.446361989275259,12.44646958012494,12.466798889104927,13.319049112319945,13.496338907905175
WLWq3N_lzkY,13.823171615600586,13.382158326373002,13.37545032461339,13.348774684560054,13.35716771113565,13.452503390619706,13.819175078074137,14.558098243341126
WVnq1oIgEdE,13.56764030456543,11.821358323731957,11.83468392518801,11.807657644398288,11.829394149724115,11.832517848928413,11.752847397486368,11.630591925660994
WiMe8_ocyEQ,10.58050537109375,11.085096350116084,11.093015463836716,11.071213992417507,11.086810184984499,11.038199660870495,11.310186965306599,11.517034747725674
WkpH2BEmYAo,9.893134117126465,11.930770466591147,11.92682086165943,11.945453649383188,11.949231059989037,11.898942718032778,12.542653732935586,12.030688719669163
Wq60NfDvGHw,12.289278030395508,13.965097383667617,13.921365731063881,13.96457592563332,13.928027397886416,14.065137182781486,14.021340433120727,14.476211421219793
WsA2oG9eDRQ,9.755682945251465,13.926338533221864,13.919962731322506,13.913468096149943,13.914452918975725,14.022360423073453,14.154867221196492,14.236036692353649
WsU5zAOGVQA,12.434823989868164,11.954061213768336,11.94088416516158,11.963567550030147,11.948605447767493,11.903100958004325,11.575710710525513,11.700528906122036
WsuDyefq_qQ,12.665972709655762,12.821442128039164,12.81289151212637,12.82129452819744,12.81423815218236,12.849979363136404,12.402775847117107,12.463499179368128
Wt87JUkZQZ8,10.117146492004396,11.218482304615167,11.205012495740718,11.218165348438356,11.201197457926297,11.128313151820663,10.981894968032838,11.080700654018152
WvvZRe8JQOU,11.106550216674805,12.600642761538756,12.614367635646623,12.570331738534838,12.609401435007932,12.70373366201054,13.103922527313232,12.735696140773188
WzHeu7VvDV4,12.707075119018556,11.899348080333112,11.894924953026196,11.896786516289033,11.89345769211681,11.867843889007341,12.667840892155965,13.028723246961894
X0LfitbG4Hc,10.356884956359863,11.616515781926703,11.616264277621125,11.636133331186535,11.6223042439513,11.544819521594446,11.871556910832723,11.894771129359562
XEmBCBiTrkw,14.921130180358888,13.264904501837202,13.257163489072939,13.265783023825469,13.266550327631885,13.294798409977526,12.94002063369751,12.675123222029619
XGQQMm5akBc,13.664012908935549,11.910656960836695,11.933842538292623,11.914002250495551,11.929628702606097,11.932949980139071,12.397369478225707,11.922701387761359
XO2Qvscmuoo,10.28660488128662,11.52602720789737,11.526597566415788,11.512835236827286,11.520212882691062,11.472778770316502,10.714543540318807,10.854232172922325
XPRC-Lq4qI8,14.261229515075684,13.225176799255337,13.2034405797787,13.218756632755024,13.210161664639498,13.27350848725313,12.923663801193236,12.671563399880554
XXeo3UgUkoQ,11.474350929260254,11.351638537335461,11.379415812658742,11.362160486768703,11.380732721107863,11.337068642644626,10.84259321975708,10.975101578492607
XddtumzwMi8,12.81761360168457,11.63139637123809,11.617327008436954,11.627430884836414,11.623725519461289,11.563610982988592,11.67597513516744,11.34935725078909
Xg8ssssu2sM,13.580763816833496,12.945200331319883,12.950603330562307,12.944899968932532,12.946730544621717,13.020591887325823,12.931877923965454,12.248385280377567
Xh1I17YoVDk,10.84787940979004,11.992724974338676,12.00748112336188,11.993831915426492,12.002224743860237,12.005935513327385,11.882566299438475,11.582396825313502
Xh3ByV8Lh9E,12.216240882873535,14.457306825179822,14.442159393977347,14.446368178328918,14.441018651180974,14.585887405479248,14.398233228683473,13.884003193128477
Xk63NyArB_4,14.722166061401367,11.893667490691408,11.904201271801393,11.880451229495142,11.893017575175152,11.895951385835081,11.668918947219849,11.884967465069503
Xo9LVCjjLr8,12.846633911132812,10.878788669228937,10.907314835916253,10.879436258752898,10.908825141145435,10.823349136826566,10.790240248362224,11.009506751260401
XqdAW6BSxtI,13.921865463256836,12.187794273833754,12.171439327167201,12.189999014456342,12.180782268542416,12.13947951991104,12.354043457667032,11.769056200293873
XyioAB3kUjA,9.178230285644531,10.316173728646264,10.362188401048163,10.334996091384404,10.364080371729816,10.236073025782348,10.83583006922404,10.595308625523554
XzYPs2PgOtQ,12.605359077453612,12.392663373093212,12.385508404076235,12.387956815481914,12.381078128619128,12.394901296405692,13.029710890452066,12.345640461817121
Y4ZzKGJ8PD8,15.730717658996582,12.861112677347002,12.830584592797804,12.81996537824048,12.811659112344842,12.919635256674306,12.60743105951945,12.696036723094743
Y6cGQ8956E4,12.54383373260498,12.375020827311559,12.377448995272323,12.374556575835987,12.375350019199772,12.388725161353156,12.682527037302654,12.683760061751405
Y7xbfxihILQ,12.762288093566896,11.34115313200246,11.358693459425558,11.39724447116987,11.38229793687656,11.279969392997105,11.670840945561727,11.733971104446292
YDqVEGr7waY,10.227344512939451,11.08732091047517,11.092195495663079,11.099792993929887,11.105886621665087,10.984462031256427,11.176685784657797,12.102223255092966
YLlfPvE5mUk,13.13370132446289,12.44712520589344,12.407508565035412,12.447121473108174,12.415410009531385,12.394159846383863,12.288216316858927,12.44761076460261
YNeHoPUkSQA,13.125767707824709,12.487779368954927,12.484081364053631,12.513782160681691,12.513566578367348,12.46527822697945,12.50908688545227,12.516188255407394
YQPUOtB1nac,13.086634635925291,12.443233712742888,12.432995761743024,12.443301665664492,12.435589399548602,12.432712731129257,12.572546808242798,12.601273368459744
YR3Wl6o1Qwo,14.539155006408691,13.407900317751148,13.406809143686592,13.384755446515628,13.391463098022271,13.48721638929023,13.69458231226603,13.294516591275027
YRezvQL63uw,12.277048110961914,11.710403911843976,11.726269569356106,11.72360639435214,11.737370308077473,11.696197869875776,12.412439971923826,12.487767459487984
YZrXsquNhh0,12.229300498962402,11.783777926382465,11.79830818433804,11.79157400737626,11.802111361394388,11.780424063527741,11.676008898417154,11.679177944980426
Y_fSLH7zbxY,12.696521759033203,12.49614968254778,12.503650396095177,12.478283235085721,12.495411637879167,12.568029903541742,12.940943893432618,12.605370273667704
YgoXI7FCE0Q,15.02740478515625,12.940823149825768,12.942338830424646,12.946741518666977,12.94610864467497,12.985057846817028,13.34713777033488,13.798103505800269
Yiy4kvLI4AE,12.72599983215332,12.824288045488858,12.825539514169398,12.81640964804771,12.820816962742297,12.867916361970524,13.235058261871337,13.239944611682505
YjecG9o9w4Y,14.8442964553833,13.565932177819187,13.526006434858395,13.560315151341877,13.51564116631137,13.587252217540708,12.949275468190512,12.969658371082032
YzZOHEKIbSM,10.869311332702637,14.364207651041156,14.336332352256028,14.365637871401574,14.332723511748668,14.46388603297826,14.619614203135171,14.983907732344571
Z3SRbak0HHw,14.095653533935549,13.017673359629375,13.03001883684126,13.018377671182,13.0380572502293,13.075343486877623,13.151036982854208,12.189598773659256
ZF-HcUXdseE,12.425947189331056,11.842941163949575,11.838843755700394,11.845527618775188,11.842991428395228,11.798705377444811,12.043292286554973,12.23406419458856
ZHrh5BXDz0I,12.566229820251465,12.668314474559319,12.65722772664535,12.658148224461236,12.648923332379917,12.68713151436208,12.497849442799884,12.636605568984502
ZN_6Lg0IK6s,10.459525108337402,10.804839804660647,10.832357623836863,10.810532636466581,10.828121024507686,10.742863773159593,10.973206148783367,11.070256974590384
ZQILxlhHdXk,15.52791976928711,14.267470341026486,14.243581776546272,14.255400376853283,14.236068600627055,14.390858425196432,13.573355525970458,13.414765401576986
ZR7LKqiWLZQ,14.446426391601562,13.008696092739422,12.994833684018952,12.99731393527795,12.988415455218387,13.034128173392089,12.884536671320598,13.146551849420385
ZSgs86P4Lik,9.832098960876465,10.13650391621922,10.164659133321537,10.16135719556497,10.170508896404451,10.044798403420907,10.460184890111288,10.31913315446212
ZV32wa4LLHA,10.565995216369627,11.428701946780699,11.457944191271125,11.441386667216555,11.452350152598072,11.428455932832263,11.889598130544028,11.55707523648642
ZbrJ7unqroE,11.135668754577637,12.16881283806068,12.165631403489135,12.165403947748397,12.161848508695053,12.152835983734937,12.019432223637898,12.754680368053227
ZdU_fKOb67I,11.152915954589844,12.166899221762018,12.14245798917513,12.172387886357265,12.14638661530923,12.104307117537251,12.085688257217408,12.101561511245228
ZriFUoq6osE,13.718376159667969,13.832858107604196,13.818058191409586,13.842826907494006,13.834786007987269,13.909668511653123,13.414236381530761,13.256829390105409
ZvJ4CpJBOSs,10.984021186828612,12.023227815171786,12.043857812042475,12.030196700718385,12.045393681747194,12.047358562783367,12.592735182444253,12.914413500579697
ZwVwQV7QBo4,10.15303897857666,13.333989268844626,13.336157592288984,13.379608470865579,13.361573474301537,13.415795089139309,13.70788684717814,13.176683304464445
_-tAsOmsAYQ,10.132930755615234,10.453101097478054,10.463724304734349,10.453397702190976,10.4684830656483,10.327294136930439,10.836521601994832,10.832495738380942
_H6dmOyU9uM,12.023350715637209,11.837132294407779,11.85861438311205,11.824363086681371,11.848620824783028,11.86364850970103,11.826387044270833,11.979898817435371
_JnlroKWkUk,10.318737983703612,10.560408571602744,10.57378990366964,10.579665757815855,10.58328538652554,10.479999726542,11.278678535461426,11.748633540570935
_Lzt9WiYmXU,10.840208053588867,12.203248663025809,12.164754608516901,12.21076086448729,12.189863465841704,12.114624198164549,12.401631945927937,13.03134217264745
_NXjm8atBV0,10.26172161102295,12.02697122058206,12.019872654401334,12.03063283264477,12.021400391994993,11.993080310360824,11.689501843770344,10.906816681198677
_SzBO5h4_h4,14.074780464172363,12.997806813423397,12.995364533389838,12.98739267281425,12.982801596856051,13.054340577972132,13.15883972231547,13.01973047519981
_Yn_LvAf7SI,13.06419563293457,13.912532330802618,13.890729542030755,13.883089245301198,13.874495524805804,14.016507902737173,13.963044974009195,13.875978657451634
_bjWG-8s_zk,14.044307708740234,13.574578854264368,13.565375736416764,13.573389551691621,13.562182170056568,13.678196525851883,13.213710868199668,12.875858881136404
_mEcp3gP4-c,12.656874656677246,11.807213788822322,11.845171253512063,11.817228612083293,11.851258180746099,11.830384440475072,12.6272195148468,13.143711824123315
_nQ5NaHNBZM,10.554248809814451,12.679611278253454,12.618634163230679,12.631101616243763,12.610010677337286,12.576240961302156,12.89433978207906,13.220231780416116
_ovqtVbHUxE,12.063932418823242,11.477209230008363,11.506620166632487,11.458993462588536,11.49381888218763,11.514404771807415,10.695102965672811,10.534591391322339
a-Qjcf12p3M,12.620497703552246,11.975965268440959,11.998318839070736,11.976233072016036,11.994632762274215,11.9914009553669,12.572975342432658,12.476278528563276
a3kLXTcTsTc,13.591604232788086,12.603388411565964,12.624419738852694,12.59961916011259,12.612823736034576,12.684551570473664,12.530907243728636,12.816270791018885
a4qF-OadheE,13.25701141357422,12.670495169209152,12.64672235828801,12.652555527252327,12.634723514206279,12.653393187636548,12.603018791834513,12.841169157422934
a4xFDtC5eA4,10.788968086242676,11.387698079710825,11.393247459002964,11.386192559204707,11.393077010528406,11.34857396807642,10.986068407058715,10.98566304270504
aGjzGuhH-Bg,15.395293235778809,14.411991526173557,14.388920006997656,14.346332296973328,14.367319224437999,14.549312958626823,13.51416786257426,13.07621653536531
aKS8o2KdEPc,12.071523666381836,11.808927551706224,11.816122498389428,11.80146353321264,11.812115206890132,11.804828283222784,11.571634426752725,11.064018081052962
aM1RPmLUVLY,10.326268196105955,13.441552136728404,13.438702577760706,13.400000915791969,13.401543119659463,13.535871734410136,12.921903994242351,12.994349889899977
aOzONZcnaSo,8.799962997436523,11.29765408258602,11.31793438832044,11.298026548295296,11.314989128287955,11.251052891090607,11.003178663253784,11.1556730450286
aWIdbia9w_E,14.035447120666504,13.036282676587385,13.010756625688748,13.011926795788776,12.996490831875244,13.07090318178237,13.038715121587117,13.35834377222764
aeBWiTMyqHE,12.185221672058104,10.399926073411939,10.412757429546389,10.401516942608916,10.416785569845727,10.254955589811066,10.69613877360026,10.536843922034038
anMOSIQBDgM,11.487443923950195,12.57855082040919,12.573886273714614,12.579627874763679,12.579002923012759,12.58890939598097,12.586016047795615,12.306582988986477
auFWWea1S8A,14.765472412109377,14.640810297601178,14.607621108664532,14.631504936320246,14.608532385421602,14.785456628839208,14.294871815999349,14.60109303031463
b0GmcEURZ34,10.631736755371094,12.847006008557713,12.838454024888643,12.81331174587728,12.810053485652924,12.888242988458563,13.412129439671835,14.02362667954153
b7uC2n_3mvA,10.272496223449709,9.815535057330605,9.851706379031201,9.823484344518286,9.851733533421733,9.721776610660894,9.140417872111003,10.059935635840501
bAvuwVvOnJA,10.247857093811035,11.65737378024822,11.648177744694467,11.657520078807996,11.648940992708887,11.591251310738969,12.192182796478273,12.195033156359486
bN96tSASrlo,10.428452491760254,11.422115116906957,11.446534107333532,11.434529046737296,11.445359133729427,11.416222667774688,10.2364442653656,9.69426668947945
bOS9IW5X4fs,12.939178466796877,13.240672803268405,13.251781502151694,13.232129995383156,13.237270024616485,13.352866936523236,13.388496745427448,13.133962055076545
bS-7-lMx70s,13.755633354187012,13.903308873454177,13.87918752650583,13.864391509528417,13.86391332110397,13.960421336798062,13.55033561897278,13.652945400857055
bU7PyyyWLrU,10.157587051391602,11.712634359181415,11.713029148448436,11.733952827216099,11.73140280583612,11.678556629512515,12.2761218846639,12.501029721030383
bWtNdre0aYY,11.387237548828123,12.010296388386104,12.027073926795062,12.004648647517831,12.00849897018603,12.026983500439423,12.07669370396932,11.883551999058497
belD2JdMNOo,12.239991188049316,11.954503813027591,11.97980904202313,11.954633017203674,11.974077932297199,11.986314167778389,13.172251413345336,12.703722777717458
bfs1-MBlDAY,13.5145902633667,12.625398134246945,12.622874498090082,12.62781297860264,12.627440599965317,12.65052425112347,12.28473687616984,12.408727798971606
bkd0eyy3_N8,10.339061737060549,11.210095605974042,11.196213896770116,11.200340435540134,11.194224314776386,11.124173784869937,11.114183385848998,11.050357098105573
byrJRl4x3AM,12.278853416442873,12.628069425768006,12.626708130325229,12.627512712454058,12.628325156441816,12.65074743862386,12.765864046732583,12.66519701877266
bzEqioxkdCQ,13.700272560119627,12.33039468286161,12.341282864770688,12.307790039131257,12.314674600593241,12.361454361868956,11.945717278162638,12.170310419467313
c0GUO4VSgQo,9.052282333374023,12.461482607666127,12.47010454682912,12.460599837086187,12.464703714719803,12.49350088405176,13.087282271067302,12.797304361506155
c7NS-mf331U,12.21298885345459,10.859987645473444,10.862228708691823,10.843990827719976,10.85590891100933,10.778653875265064,10.723173615137737,10.313872757334444
cD9V0RHmX30,9.14494800567627,11.799063775610627,11.791397616380566,11.799563131812919,11.795266349680302,11.733305941078035,11.593551175435385,11.289480730469352
cJHZIzkR4cU,12.565287590026855,12.107974082290289,12.134098143098905,12.105423350679162,12.116791526469527,12.146237062076352,12.87648310216268,12.93059902716926
cOX5nEQ8bxg,11.894781112670898,12.213797528230605,12.211091635090002,12.202581347754998,12.198809472731966,12.209654306574699,11.385709552129109,11.782923644269232
cPaz1jGGWfM,9.426982879638672,11.123937030978604,11.164659671163909,11.140092940926587,11.163787272843981,11.10493433161088,10.531351908365886,10.01448072489385
cY7-Ev0AByA,14.45750331878662,13.372876257918039,13.341520424815656,13.351674295504841,13.34718531276509,13.431122065573897,13.14540212059021,13.225805667906002
cYZDNorZZ5U,13.531576156616213,14.333292431395398,14.281433867504417,14.294714121713573,14.276235279121103,14.467867653271254,14.378981601715088,14.919957668217853
cePtbPbBWmk,11.58918285369873,13.47218073497632,13.433273259938327,13.471570435927072,13.424851361109134,13.501269643264445,13.071318678538006,12.579976161764359
cg3B8vcHJ1s,12.37935733795166,12.581464948760653,12.569303182726303,12.609186279687039,12.593922504741455,12.558387429326203,11.730257539113362,11.223884742489032
chnDzxrUXgw,14.57781219482422,14.466711533332086,14.44852071732455,14.467856479415131,14.447770452616895,14.581822563738653,14.4381282564799,14.786845475713681
cnKZVTa21LY,13.210976600646973,12.508669459591758,12.491454700866255,12.509283411807209,12.495141253772557,12.481179518968375,11.54601950709025,11.718373235917758
cnWNzdiucdg,11.583094596862791,12.901680155209638,12.88892158932324,12.90992882792314,12.906895819475471,12.92678160138185,13.056435033162437,12.79345669602025
coj-cHocDuo,13.07147216796875,11.24663510060063,11.25156086157192,11.29221063758842,11.29394630512408,11.177566058941549,11.136210949579876,10.696337440776395
crhLJoYCE5k,10.065095901489258,11.64615789512108,11.655813594126892,11.637998585378009,11.638280284112604,11.638893523413225,11.373990478515625,11.599391527813575
crqmTJymq0Y,11.620352745056152,10.450591490942179,10.467204343888595,10.453598073422414,10.471006814836448,10.362625361313578,10.862792400360107,10.393381787492725
cwvMp-rKqKo,12.128262519836426,12.133474772227364,12.087406805474748,12.11426050948812,12.076843260080686,12.049683812684854,12.263046209335329,12.422129849649513
d0j26OxB4Ns,10.486624717712402,12.078042811761193,12.06939843943978,12.09290086541614,12.087579633323342,11.995715501943048,12.324913558959961,12.568543436765461
d1A69YFTV1Y,10.843846321105955,12.970546254424095,12.96024359716852,12.970732340242513,12.9658913101542,12.991676584837556,13.233589087804157,13.176717214415937
d3QtfG3SLYM,9.886341094970703,11.088018194808114,11.119262391062643,11.094612744488657,11.108229822093486,11.070690743125079,10.948582490921021,10.755825408688873
dA_wbFaeprw,11.86406135559082,12.304427744460597,12.306066971930454,12.335750874142834,12.320504166157647,12.313462947306256,13.496385732014977,13.330002085111905
dEKcthJv4tQ,12.332409858703612,11.348180071376552,11.355738371583415,11.352355312273518,11.358472235708119,11.290593594174046,11.137691246032716,11.510706566935525
dHpl94cCttc,10.09485149383545,10.746403987439654,10.764815851253536,10.756229912504232,10.76628391631484,10.64980484323772,10.81380514462789,10.896730532142834
dLWyhI15lWI,10.474438667297363,11.140062011300202,11.176912740688769,11.140260100700004,11.17245502058772,11.119478087340497,10.531678290685017,10.22030372091745
dSk9DZoMU-U,14.715373039245604,13.570802740112477,13.58148443092841,13.570714325333585,13.581246200567234,13.692672484693263,14.502777669906616,13.52564312375403
dSrcCqwGWEU,10.827032089233398,10.64393677497016,10.656033409415521,10.64903323497264,10.652328645458963,10.565120824599324,10.119043668111166,9.963256090377671
dXsGaFZzTVc,14.734556198120115,12.683599004156378,12.62822382972376,12.662698597591406,12.610183764971872,12.665782244035732,13.034741950988769,12.104348133556229
dhvxhN3WHVU,14.637398719787598,13.222452943605619,13.185456251240128,13.20456734529486,13.168725041806743,13.254235666251743,13.420406396230064,13.092831959226308
di-GSwjaZhU,13.387577056884766,12.100888015196618,12.118847531849909,12.102499506359402,12.113214770920786,12.1304327609012,11.89471340497335,12.048823918546018
dlcnA_i7D00,10.247361183166504,10.573493145165381,10.580479491506475,10.603579013038926,10.609686905620622,10.457615632865226,11.279157156626383,10.939956359129852
dmYBlUkjuWc,8.811503410339355,10.559576309700132,10.59276396132866,10.558569037900307,10.575009547964427,10.499074666527711,11.104635243733725,10.537336307990481
doQPqZtnZ_E,10.570829391479492,11.426560894378772,11.450934713058297,11.457428118541651,11.458123920908271,11.428851806019258,11.708445307413738,11.333888342439645
dpPxCCplCP0,14.96364974975586,14.7951921369608,14.768771858659107,14.794441174595557,14.75917136002604,14.951349868311999,14.697446330388388,15.338700369137209
dv799byI5Dw,15.074736595153809,14.740529287160248,14.699634480521842,14.705655272114946,14.690779442519608,14.865397056122504,14.551023617426553,13.3286887457916
dzrQ-56pMAQ,13.453054428100586,12.42417146064683,12.409351419817199,12.395495002704152,12.400730706348389,12.451605491765534,12.584038729349771,12.737358130653263
e2uHeqixwyY,12.597530364990234,11.776352014005731,11.762916160689313,11.793221325749338,11.77354527936014,11.719181407156908,12.36152016957601,12.094819485976648
e8pg7Wig4zI,12.14865016937256,11.807645806510578,11.793477692970749,11.804536981639353,11.793808412385525,11.74789663158883,11.373748123168944,11.4407672604588
eADSkPSHzts,10.329245567321776,10.407993077682661,10.456288229922372,10.421957036143004,10.442743637815083,10.37834622539543,11.196044624328614,11.34464737330399
eBholTZ_y6g,14.971010208129885,14.421563561672153,14.378860761989793,14.414705051912646,14.395588917993587,14.539093560323884,14.124132439295451,14.476006115154066
eJ7sYdUEN9g,12.686939239501951,11.934427223121327,11.95111262566015,11.937219594645482,11.94774773243153,11.956519981567451,11.969910165150962,12.229427152094486
eRcH0UwtIIc,10.847315788269045,12.141962710764622,12.12600575170029,12.144493392617965,12.133839324874652,12.103714555835415,13.480164226531983,13.958100875695843
eYPUMZdUT5o,13.8074369430542,11.00957204935419,11.023065057650648,10.997831566717302,11.019234489470977,10.984940937158974,9.906598559061687,9.985677570355799
ebqO_hs3XFE,13.594500541687012,11.069986521331941,11.088756927149374,11.08722132204428,11.096112197090124,11.020549944854963,10.27731314277649,10.242059846570683
ee_C59PbWnU,13.560447692871094,12.76920885543285,12.772395551445507,12.773318919878356,12.775098842845821,12.800405625925471,12.523210141499836,12.494372709656211
ehXsmPLT_KE,13.04275894165039,13.05673132812189,13.053821668897415,13.052498232067265,13.049545482202833,13.124133408540674,13.460625653584799,12.906655255077998
em1iTDOWCCY,12.77626609802246,12.93570766376309,12.919779949839238,12.909051002744429,12.892288721628155,12.963257898664311,13.25860146713257,13.605343903665203
enrymmL62gI,9.928179740905762,11.722639832264557,11.728637911226514,11.736965522119084,11.74773752088482,11.6542912897218,12.455552699406942,12.968588435262356
eqprKq6W3jc,13.487388610839844,13.412070713919578,13.38999517990006,13.403126136529925,13.390511487953951,13.46788512322317,12.50283494313558,12.636213204499853
ewniMnZuvgw,12.950929641723633,11.855640195926208,11.85843342231202,11.866767102488678,11.86769339851407,11.823331516747523,11.871954814275107,12.590119637313068
exutgWhQWtM,13.1622953414917,12.579570895002425,12.571164663160445,12.576178968042592,12.56897310217691,12.594520467532469,12.96298338953654,13.112088006224019
eyXlejNUAqU,11.558634757995604,11.450328719528784,11.442617345912895,11.435253915542171,11.427234855072186,11.38514970678451,10.783206616719562,10.555277556664302
f3PP9bQX-J0,12.17503547668457,13.96257411958545,13.941452122540733,13.934031689735326,13.921268383426456,14.06014732656269,13.662204500834145,13.422106877956105
f4Krt4J6wXY,12.29616928100586,13.935596028749421,13.943553361086183,13.955637886163865,13.95685701270677,14.093285350438478,13.520022311528523,13.632503498059975
f7V3D6RVyUA,14.441817283630373,13.367175308053234,13.357027325123937,13.374520979214282,13.361770623466013,13.424434645867116,13.06161113357544,13.975596767706719
fDlkrs1GQkc,13.459728240966797,13.978893446594782,13.946473310859416,13.97123816369382,13.945056639019944,14.063392939730363,13.908675420125325,13.69297739402719
fXOJmjYg1Kg,9.476237297058104,11.122409208847413,11.132331883197365,11.126187920887276,11.13693925292298,11.07548218545194,11.32256130218506,11.101234338888524
fZW0P-yCr7c,10.677338600158691,10.87941346284533,10.890282869961915,10.880815817128243,10.883271570370818,10.801725686920186,11.118024970372517,10.984584934508575
fe3t7uLUFyI,16.115678787231445,12.886520029618538,12.89635098167187,12.884103835997218,12.892358949725107,12.963645407230743,13.02600545946757,12.87420484186404
fl8GEVUNfAA,10.231171607971191,12.716022700627974,12.68840779630805,12.7171230165631,12.69508303869643,12.683959944799396,12.932724994023642,12.401772243332763
g8n_WzFKNr0,13.643312454223633,12.884591950705405,12.897672425829256,12.895940195909139,12.89769267896284,12.952934503269235,13.040721492131551,12.814650453838526
gLf_6NweOFE,12.091923713684082,10.593615876758383,10.626839178865119,10.636568188928742,10.652116700117782,10.533861705492908,10.764488553365071,11.182521527061
gNzamizI_JU,12.797748565673828,11.546004358686915,11.5753955577923,11.552487750909243,11.56617278852688,11.563654487891197,11.856667853037516,12.281525975035352
gX0P-SHufvE,10.28233528137207,11.241826547948136,11.228665033484367,11.295312725971625,11.286483231192856,11.152936638030548,11.924360999425252,11.56697318939509
g_Q-SWvpzrM,8.701679229736328,10.748338629850258,10.758131058681753,10.761737865923207,10.7682694834704,10.664865156391292,10.878108700434368,11.318161277371464
gdeT_VBqPDA,9.85256290435791,11.237180406437114,11.26299536191911,11.228954991315687,11.2626407035826,11.250604121703821,11.665187786102294,11.020423217282755
gjhA2B3YURI,12.522039413452148,12.400339812091223,12.412990108324736,12.404574483343518,12.410479839004836,12.440980985153274,12.631999609629313,12.50902194481876
glKVoSx7w30,9.04310417175293,10.136224893531875,10.20191274091438,10.175935505035476,10.226315280382886,10.15740846377127,9.32753392155965,10.961649127155445
goZk8TYReCs,13.477934837341309,12.308339052714393,12.269425852247052,12.298585357029879,12.270140638967703,12.24153417122364,12.087180434544882,12.454279727212233
go_xfBlgPl0,13.040419578552246,13.61452423515133,13.603208185492022,13.608451467929898,13.600684328213285,13.732444538815992,13.600652873992921,13.543102448291288
gzpL81hjQAE,11.791746139526367,12.516900183957397,12.524341077880628,12.511545303006558,12.52045181130473,12.556146262334304,12.722893419265747,12.773615024501021
h185iwcC3Ro,10.605619430541992,10.86037231545908,10.883094635946826,10.850506851111108,10.86977051808251,10.815510132303183,11.114073250452677,11.439177597935414
h6S_ZQxjBU0,11.953217506408691,11.98604660563578,11.951496206041668,11.970511533915229,11.949031685710404,11.915502940624584,11.82748938179016,11.57664702206245
hA5A3HKFe_A,14.019554138183594,14.902660522061874,14.868181031564726,14.878711364608513,14.842779906680533,15.03520522435627,14.440216207504271,15.024455789224485
hBqObfrDKqc,12.761186599731444,13.55041753612025,13.519571637176867,13.54181729900995,13.516297754671285,13.626397082013384,13.753477868398031,13.723347423342261
hLCviWTfZ3c,12.107935905456545,12.833726289716557,12.813044170341028,12.86594756568798,12.834167997918806,12.815683957715203,12.907051396052042,12.708858461879109
hOYfMsBDHog,14.717255592346191,13.962866426963151,13.950404916677266,13.954743471612085,13.949339927934465,14.06706167518225,14.18759464708964,14.615168888032374
hRFLuBNLSDw,10.081801414489746,10.694179500767978,10.697200227005482,10.713809487028863,10.702377664365514,10.583160814738893,11.025951621373494,10.65149019129563
hSAfEBQTSkI,9.985021591186523,12.628823265031263,12.617035337617272,12.627216541530933,12.598958706244822,12.701341222670829,12.724378654479983,12.41660015864238
hSgSzXkFQvs,11.389762878417969,12.653328466478383,12.659638479827812,12.675974597689185,12.668608154009805,12.688524721003446,12.396539800008137,12.13625386764294
haj786AzMl0,9.676962852478027,13.36119923451436,13.317805445870782,13.330445721310499,13.298481832741702,13.382594873047259,13.367888419469196,13.17716318959944
hdR4Od-7jHM,10.943392753601074,11.456825713352693,11.451716810070174,11.478238714232381,11.48556285416172,11.364858753263306,11.835663327534995,12.219073380832851
hm_D6nstwQc,12.73020076751709,13.665778472100016,13.623837969393172,13.671145032347967,13.63035704399995,13.682653682709045,12.692759106953938,11.948875225717165
hyeaOXbK1XU,11.993139266967772,10.906617759733578,10.946424383853982,10.912593196340689,10.935973017982596,10.899945671185998,11.421833523432413,11.027194325887079
hzUhxguAA3I,12.921216011047363,12.43719544417742,12.44617179774599,12.426145512899764,12.42902261686512,12.472727346476985,12.823447462717693,12.750822697892952
i-aJKQ5Ecp4,10.171221733093262,11.260982274330678,11.255681761092404,11.248893869620147,11.247172209380636,11.179287288746329,11.254667212804158,11.82334254028338
iCHGKIPcv2s,11.466629981994627,11.639519721247792,11.658227754210882,11.64237630306416,11.65509226986078,11.63431010456268,12.097690526962282,12.52766740891517
iKqOMA_zswQ,11.41375732421875,11.516125512766662,11.535640689581095,11.522764425668052,11.53750910015061,11.485217608317228,10.954547542572021,11.047214872480795
iMagd13nBf8,11.821277618408203,11.060239094443917,11.090522152429896,11.061013870241462,11.08693439737666,11.01280877447102,11.032917979558311,10.920029316064804
iViV_1jQGns,12.51212215423584,12.883501119757996,12.87045637483214,12.883160685105585,12.869374688005003,12.949893403992306,12.698443640391034,12.74731235075474
ieRz41ufzVI,15.661157608032228,11.75862703287489,11.77294780506974,11.866409240943133,11.840183603071443,11.745947404149854,11.54575568453471,10.917420747802376
ifnQnbbe5Po,15.070475578308104,12.741647865723868,12.723910638980543,12.724751955107713,12.713871269142965,12.742136309777685,12.343942355473837,12.501897265488765
iowxymu3sok,14.143120765686035,13.193234568046009,13.217624612914877,13.171683821462237,13.182252335332231,13.32115635283607,12.892702124277749,12.966246549221225
ir3ozI6fqIM,13.62904453277588,12.410861871307079,12.382658577298784,12.388567952957365,12.373727994780353,12.374099250269254,11.793002512613931,11.373015491684802
j0cX_DpDpSo,10.420673370361328,10.959586519760443,10.970794597701499,10.958970835067442,10.96222212322508,10.91484541670234,10.249146507898967,10.239874948613485
jBzRj7-H1Ag,13.914809226989746,11.017855389901598,11.060896556800662,11.03054473234547,11.037617158796467,11.008488053351892,11.492292433420817,11.0903344556499
jCBbX9fXV4A,10.256360054016112,10.867696445665345,10.871924691190005,10.869715403398267,10.870510338729579,10.78544663724317,10.433595022837322,10.403848729927335
jOGnmtit0fg,15.521657943725586,14.867290057922427,14.809019728060221,14.854937598298108,14.822100497668343,14.95496036508719,15.310715594609578,15.978914817115902
je569BukeSE,13.064146995544434,12.962196038620498,12.963798417290151,12.964715352921724,12.968064996451147,13.018872328780857,12.738087738672894,12.782947557750164
k-nSbHrEhYQ,10.09398365020752,13.549888319636544,13.528890775496434,13.541761776341643,13.535708023135056,13.576939499191647,13.654378463745116,14.163029477131374
k0RjQmruIyI,12.861130714416504,11.638688246653336,11.638685142049944,11.660111394240639,11.66334738834478,11.591792491919337,11.309278931299845,11.153561229734608
k12xwRms1w8,11.40399169921875,13.134756848145246,13.135192933803394,13.13486549328118,13.137147075788222,13.210761448625098,13.734779578526814,14.305177881983004
kJRh7HG6qac,12.30852508544922,12.305850089424316,12.255360184590202,12.317945605351655,12.286373320224234,12.228034496121538,12.612208971659342,12.69210813478203
kKM6kTwfrN0,10.08096408843994,10.451945031417651,10.494484467888785,10.454102395409855,10.494676714770398,10.364056452851294,10.697379472096761,10.21944988184113
kMP8lgIEbhI,11.001466751098633,11.010787721272578,11.03377273620714,11.033324928651004,11.049352977583913,10.966486778736376,11.291601404190063,11.0347875233129
kN9RgA_r7Lw,11.626397132873535,12.025716952389052,12.033729732334251,12.035390333772815,12.043760405662232,12.00608136101834,11.462813343048097,11.157508609211774
kNJ7dHskhR4,12.782632827758787,11.662012120773142,11.666049708096088,11.665404877740523,11.667304136304695,11.624862855891779,11.336800944010415,11.125336985571613
kb8-eXaHies,11.25822639465332,10.668280222197401,10.653968839353588,10.687993826540582,10.680137752589319,10.52202579182888,11.02675360361735,10.35720317801173
kxvoKNXnvho,15.269854545593262,14.913366303687903,14.89402655882789,14.911296250808547,14.885574366604535,15.113622416975888,15.05107275835673,15.41129880666176
kyA_eII1WMw,12.613372802734377,12.677892109770434,12.669727376970812,12.666623585432129,12.659714638116853,12.716270832783202,12.657094098409019,12.517527887795437
l3wcKWYBXNs,13.124932289123535,12.591940422014995,12.579528364916094,12.589709932905587,12.580674862524281,12.60969612168901,13.109011431376139,13.289639871128388
l6NC1oUV9kY,11.517355918884276,12.578473005657676,12.540341488543001,12.588992816957196,12.572976635220568,12.536283965009275,11.99251609611511,12.854123507233462
l8Wnj2cB7M4,8.75605297088623,11.349768294901551,11.366646568757998,11.37714768637896,11.384340171739945,11.316534019966582,11.533958782831826,11.27441558600423
lEa8Z28QfhA,13.010611534118652,11.847939504131304,11.842299981850266,11.820427665690154,11.820755782622859,11.803227846545878,11.75208617401123,12.294244455494933
lRAj7CUB2i0,10.283019065856934,10.405546575972584,10.411004668980151,10.452765991391917,10.431290534623624,10.26686908683829,11.456497524261474,11.177394940254223
lbJVZy2gYZ8,10.125269889831545,11.207304435167211,11.240558365509791,11.212518798475513,11.233315025708686,11.176053851365802,10.757126410166421,10.442526235550325
liMWf3ybEDA,14.603772163391112,12.463685473200343,12.462324310986673,12.447087825265859,12.447375008743135,12.505829277996114,12.740225112279257,12.955270354811708
luNTixO9zq0,12.343409538269045,11.669607716459643,11.647091164054414,11.679802431029934,11.664611802246066,11.575143000348183,11.483349594751994,11.114347635501465
m4n8xbfQ9hY,14.488640785217283,11.74197636255323,11.74463165850974,11.752143885151092,11.753433913683807,11.713111163736889,11.525890873591104,11.604688584476085
mL4M3IXy0QE,11.730831146240234,12.256413199122884,12.265323347423825,12.254178975225273,12.2623706599449,12.285944818960468,12.65177568244934,12.864698855133648
mUNj9fLtg3A,12.290831565856934,12.029458579504963,12.049051172188783,12.013814215730529,12.020564698948265,12.073262058704344,12.702224143346152,12.899495656087277
mUxQDT3Csts,11.148045539855955,11.818563916573519,11.81124794884006,11.823952993058532,11.819819863532942,11.77273814144072,12.833752267837525,13.098716399496396
md5LpK8-0X8,14.326395988464355,14.310864661638725,14.291853107060982,14.282594903960273,14.275295634820765,14.434327205440942,14.3086833375295,14.399101185944744
meFMnHr4F-E,13.419659614562988,13.805785803173114,13.789347364655194,13.810793860229206,13.806794645214865,13.92146628749768,13.77121899286906,14.186568391008734
mfpGl9nBW18,14.853544235229492,12.190281230979805,12.186703358578157,12.175186282947543,12.177687923155965,12.200662459510177,11.82646905962626,11.788217718762292
mlCteY04bzI,11.49106788635254,13.314058297556521,13.311615161638363,13.324560942799755,13.316731871950461,13.36722510859969,13.61037781016032,13.211374849219439
mniiuWop-XI,12.895992279052734,11.967765406814173,11.981909539910328,11.98073503644577,11.983307846727415,11.976921136497218,11.40954803276062,11.055047959218014
mp8mq6FySxo,14.29676914215088,13.095071501086801,13.098728575214869,13.11215514058471,13.108134005101315,13.135307257690478,13.135495103200277,13.294688326882605
n7EuxelhUhE,13.051544189453123,12.047727006210755,12.063069534167814,12.025250244175757,12.030415348294232,12.060193729970885,12.400511795043945,12.930964490361815
nCm3jDZV6BM,10.807442665100098,10.589199322901498,10.617996695724193,10.619877084657924,10.636203877337083,10.516863952051976,10.089660984039307,10.492382316561889
nGAH8zCQbBg,11.587986946105955,12.10328961522292,12.078225584789381,12.138228270536436,12.099596053038418,12.021544570702133,12.464130363464355,11.703157511849744
nJxHDsplZFk,13.708052635192873,12.75807465745806,12.713769784723604,12.773729277488691,12.733033935209916,12.709421339570492,12.726291117986044,12.098543147526131
nKOJ1yEzYXY,14.008225440979004,13.91552776394773,13.904909445465085,13.883788442675135,13.875006159629029,14.011928950541801,14.41075070889791,13.789167008645428
nOCmkUqEnx0,11.133259773254396,11.798617473631259,11.824590679317874,11.80443709603368,11.825588249337175,11.795058688066357,12.034022080739339,11.87335057668309
nmzlWWSYLJ4,12.536825180053713,11.753673670019374,11.76531698770224,11.764562762569168,11.7707373992203,11.740151262402756,11.855284308751424,11.659880321387291
nsV8MiVlnMg,10.198691368103027,10.783654053612905,10.816913658370376,10.814102316946622,10.84450640096909,10.744111981538808,11.328823224385578,11.538619655570287
o5dYIw_1HRM,12.784603118896484,12.987842563771794,12.979652464505287,12.950310189182474,12.94802305947129,13.041860535995768,13.695028275171914,14.068238181576776
o7JfdSrO-xk,9.60595703125,11.250082213180976,11.264079569061435,11.286529387498485,11.288942216092044,11.220391087868995,10.514477863947551,10.062851128609102
o8SEHrd1OLM,10.653487205505373,10.716108762634187,10.72798049892623,10.709765432965767,10.722805880610006,10.650111702170971,10.567811269760131,10.683976981144625
o9vNFd5hQes,13.719825744628906,13.414121087652092,13.419070882520243,13.41278606701915,13.414408386067365,13.48801134496918,13.670640378316245,13.907994500537535
oKPtc4ll4RI,9.390325546264648,10.481675760257806,10.510200496804481,10.481365052161129,10.502087508206046,10.386192207607214,10.69935409673055,10.323845894254472
oLncuneDerU,14.335630416870115,12.342060502361711,12.319807072474015,12.342297353613269,12.332525202035626,12.278396064715574,11.637286240259806,11.278143223102026
oSOrNNZYpE0,12.363853454589844,12.079158015413952,12.086682675086763,12.065870643503954,12.082682370875219,12.10719424277172,12.503465295155843,12.5310274901665
oZ-qgVXrJD8,12.396713256835938,13.79133583269828,13.773312149991673,13.780637863723896,13.774601572444753,13.897303521081783,13.747491036097209,13.593900537880172
oaBa0jLLJd0,14.19362735748291,11.289095636134173,11.303240488088049,11.358525290587517,11.349093108846985,11.244140801562752,11.690104033788046,11.403495170086503
orvDybbGs90,10.781058311462402,11.598022413585625,11.58664031114217,11.558142829022543,11.575519493847438,11.554062881991959,11.250230937957761,10.99372926772052
owkH2On9VGs,12.980772018432615,13.834346012602772,13.817165404958589,13.82529272345412,13.813805149195334,13.904783735506006,14.150853900909425,14.701318539822424
oxtw1Y-G2no,12.98399257659912,12.377904220276397,12.380521583098067,12.373013258360807,12.372188014131027,12.40922745307933,12.393270853042601,12.424172387846141
pBkUJpD2rWk,10.510504722595217,10.253692962180013,10.290728233173587,10.271771013409378,10.314521987467769,10.15088882791681,10.593900981903078,10.244685213671932
pI8HKI57kyY,14.834821701049805,16.014089911797488,15.962234338295112,15.96347681002491,15.934745778123292,16.233671383062248,15.218848180770875,15.375157029564745
pLqXcIlp4z8,16.442007064819336,14.63297790148197,14.604085992423434,14.617149470103534,14.598705683450705,14.76657873940667,13.975819219589233,14.35461497145028
pR5NEacCd_E,10.320551872253418,10.696796965047929,10.742898990210712,10.73599052358407,10.75594740072492,10.67121637348994,10.851857674916587,10.951283643475682
pVqkcUGo5rA,10.421834945678713,10.929332837271767,10.942503445492326,10.936800135097991,10.941861052654183,10.863924080648493,11.637606101989746,11.429239973418845
pWTlOa88NTc,13.238687515258787,14.5302621222099,14.51009391105841,14.495991094306312,14.486623902960106,14.686106122250932,14.741965937932333,15.461027408424973
pZtV1JzRs4Y,12.391501426696776,12.569571186163964,12.582415530872929,12.570176559368297,12.582508961359958,12.613043157340933,12.926897134145102,12.826768500384825
paLwz9lkTC4,10.117711067199709,10.712355371448284,10.753746640380877,10.721807268335558,10.734894877688143,10.657767801899555,11.01370082473755,10.87948160175683
pdk0wd6LiaQ,13.025898933410645,12.012850702788901,12.004965245884543,12.028195312546702,12.009262753112017,11.968412049923712,12.080883092880248,12.21825861997098
ppfWQiJ8dew,14.614757537841797,13.334214103672133,13.325146823527355,13.30957900155847,13.303929177463724,13.390919105928603,13.037325084050496,13.294835970918614
pqx3WtoDpdI,11.682676315307615,11.21110490316043,11.192851465765825,11.217056781785928,11.212583188778014,11.088305927924901,11.60797537167867,10.92054917299235
pt13eqmcFP8,10.15634536743164,11.475717855879415,11.43158379713765,11.47557553863252,11.441494573932486,11.35620772438544,12.390589946111044,11.82885262576849
qDIP-X60ZcM,12.248724937438965,12.447193965172216,12.439582508936772,12.448160695984427,12.439760006607111,12.446876516607544,12.43011863263448,12.510162299824133
qDShV5VrAwg,14.769691467285156,12.19291756368216,12.207623438041244,12.197438751048471,12.212370718500415,12.20616645169993,10.961972332000732,11.039239147803208
qHGwoKW-yU8,9.307467460632324,11.417257111971821,11.442249777704404,11.421296004746255,11.438855991323374,11.396587560293435,10.677205187479656,10.717027775972902
qIQ8TsCNT9o,12.828536987304688,12.660580186565133,12.65756658009334,12.679767045744716,12.666715067922881,12.677501818944188,12.784985250473023,13.360817204395694
qMPzZF-KS00,16.95330047607422,13.48356153303125,13.463336491549676,13.440501155891988,13.42197146482489,13.581025520125351,13.183752717971801,13.490387385059591
qX-vr14JHuU,15.518858909606934,14.078117654869262,14.074336794168941,14.049671473814593,14.057173288943105,14.191865773062501,13.96862813313802,14.19688974531779
qXum2z26bgY,13.687597274780272,14.285862636458653,14.260526076358529,14.265428973522992,14.261958221397563,14.425221095788528,14.500366724650064,14.767671317438186
qYHV2HvAwlA,11.728730201721191,11.74321803602348,11.737561918785103,11.763766762468839,11.744704435814095,11.669009722060599,12.109432321548462,12.44862694487857
q_Lj30PL6pY,13.15456485748291,12.620880996153346,12.611215333149161,12.613620939789849,12.608324272156224,12.637189420977357,12.711278798421224,12.645950872140736
q_khn1vCt3w,11.409984588623049,12.840900555261731,12.831306919734393,12.83422972748688,12.82714808699974,12.85383483502322,12.548736216862997,12.83851445296383
qdwrX5qXh8M,12.922924041748049,11.500845937325215,11.534444031731525,11.506786691958004,11.533150798106986,11.493085453813118,11.490033223470052,11.669576828155535
qo2Bx5HeF9g,10.170188903808594,11.101770685735488,11.125391221100458,11.164003177074648,11.178363311822432,11.068817103680667,11.192437457402548,11.54618175023645
qp76kkpbS3E,9.462654113769531,11.624200941134546,11.680015767563013,11.630713534436874,11.649649507234606,11.69559420435653,10.62198445701599,10.62304768689848
qqmemQIdTFo,10.476612091064451,11.748129110712618,11.788143886034414,11.764549234979304,11.796819918783997,11.792789173791236,11.996476206461589,12.073346079294394
r032HAspshI,12.043218612670898,13.452683089913634,13.453193102632996,13.451337462255106,13.451347207686146,13.575443144073454,13.3246394850413,13.919932664188275
r0NhZqtqiNw,14.645715713500977,13.69754069632419,13.700231372765115,13.711426881888627,13.708391721534348,13.792739067120303,14.190407526016235,14.29773104564205
r0zVf8oSGmQ,13.816783905029297,13.412998039423423,13.395273554668066,13.399873046747766,13.37666250453596,13.468132198683065,12.974907590866088,12.396224401489432
rGE6D0ZyDfQ,11.531364440917969,13.218055560217863,13.216370203647996,13.211321816457628,13.215166514117428,13.303657521415616,13.867869304656983,14.060655715994988
rLJVJe9X2Ok,9.87266731262207,10.30707386105033,10.333596258779165,10.300021096537424,10.317153514583152,10.256471756819286,10.336090834299723,10.05961925317875
rSpftKHe_ZU,15.26318073272705,14.664611959058403,14.654328141012224,14.653553347599372,14.648532620508663,14.807789391891461,13.90758110555013,13.424794858599297
rfAt_uQvOQ0,13.2733736038208,12.646117681743334,12.64264315152059,12.630595015188613,12.635752116044344,12.663686067606742,12.79056348546346,12.857024950145435
ri9-dcyap_4,13.356730461120604,12.782736975939372,12.764197305883258,12.77305381020925,12.76332543257812,12.799721429439202,12.833940901438396,12.708431075711871
rjQSCEfbJrw,14.619422912597656,13.166724428553787,13.169259030810451,13.1667285309952,13.169214878128756,13.237723611706953,13.41622308921814,13.008330618139007
ruL1xMRgBJU,12.961567878723145,12.39795980152933,12.428325948955319,12.385268313924845,12.409882600099664,12.473807853936009,12.129883203506468,11.662466448758066
rv1UqO2UBEU,11.557477951049805,12.728219051265711,12.7407541817633,12.729471770479686,12.735606754233165,12.79510552938595,13.208519906361898,14.001089717786463
rvCfjAH4ucg,11.41440773010254,10.994169674047418,11.055032289378632,10.996758705749409,11.063784535548564,10.99845067944144,10.308921110153198,11.721708072075389
ryg1SHuh98c,14.03695011138916,13.833672782335073,13.82164952557431,13.778644352342972,13.807554813436399,13.95282759025155,13.864919926961264,13.96767602919014
rzzfNTNKoVY,14.138823509216309,11.7475785908974,11.73935322933849,11.741472324407736,11.738489718134636,11.700798968434967,11.291223124186198,11.256484493071751
s1f5f6hrxdU,16.709699630737305,14.23085416817809,14.189956872881739,14.201692573277208,14.194094349754414,14.331073866755522,13.958383973439537,13.921369385321542
s2AuBQb7TP0,13.68002986907959,12.814140929408765,12.789997969984976,12.844663038758803,12.820377408909826,12.793463871562153,13.095312899907432,12.934246150100728
s3AHhmtVLQ4,7.009408950805664,10.265984587209916,10.319303389416298,10.292771850132253,10.355356969699764,10.244587043312587,9.434281772613526,10.585687942117369
s3I0s3X75vk,10.11374855041504,11.492132666824963,11.501899729048768,11.509139116973197,11.516759198463673,11.463437990504275,11.081258492787677,10.981903517644897
s3aSdooEN2c,9.5402193069458,11.784164352510189,11.810092611507068,11.82567401525034,11.833183094105244,11.807717608901513,11.830089410146078,11.69713081204439
s3kj1Wr6i-c,14.605417251586914,12.617939343248006,12.631835706724223,12.634944823977591,12.642452757179084,12.653641031094088,13.231053212483724,13.08996939619066
s9cDgrHzlco,15.16043758392334,13.843017540732864,13.815937420740083,13.81676360925845,13.795963467197334,13.899428991574867,13.013629762013755,13.094488133248953
sBILsIAJS9c,13.911762237548828,12.352441284701987,12.338385281174757,12.343406320464624,12.331530716188373,12.336355175571205,12.3040634988149,12.498767083864971
sCUtx_CpNZc,15.126935005187988,13.270289378098612,13.26293787715764,13.248967737716347,13.25214132879413,13.356776879088848,13.337049735387167,12.998072070626462
sDJDjWrf-oU,12.588146209716797,11.926263175545822,11.951044762244857,11.926658479543242,11.940732242061442,11.938102015404667,11.853073239008586,11.626840186367225
sFGFZftu7C0,11.989500999450684,12.988716162341447,12.991087504515454,12.998541397409923,13.002219070443454,13.037452450982878,13.672609961827597,14.614894354386749
sPyZtcwGhmY,10.2965087890625,11.766862149622234,11.779169354537421,11.767028780998714,11.779092020824203,11.758670405981201,12.031207818984987,12.198269549730789
sRz-ELAtfxk,10.86578369140625,12.648094240204253,12.623021992868061,12.679681569181469,12.641325732831556,12.63321177683151,11.750072446187337,11.124305709301789
sXS1IYVqkkg,13.26624870300293,12.021872664618533,12.008656225062571,12.024823418076608,12.015837441853096,11.967692868051008,12.066660256067912,12.141130526171281
scRiq3L8A74,11.129481315612791,12.136178295072293,12.115728138803588,12.1294125090041,12.112618094529758,12.091224555541757,12.661300100962322,12.51337907979701
shtOB8MI_FQ,14.780998229980469,12.972757885107542,12.929799442067127,12.968489547720432,12.953552617739035,12.973615663196966,12.992063872019449,12.941797452394509
siglvE9CEq8,10.477710723876951,13.048468338440543,13.052283858207502,13.06098368736477,13.059608884041902,13.110326582964753,13.168346094767251,13.371473783609318
sjGjI5oXiXc,11.23938274383545,11.217597533261896,11.219494035949568,11.221414763908252,11.223476107482513,11.143920676854776,10.798600364049276,10.783768659361769
sjXAD4MTgI0,10.204665184020996,10.312483970353403,10.349254611778992,10.321587037676649,10.347793225191735,10.217816555201509,10.55495796585083,10.35791347070449
sl8fuiKa49A,10.792366027832031,12.104808710121404,12.109679510731132,12.107045368210189,12.11018028301809,12.109879890691564,11.93830133565267,12.216755177393537
soARosE408g,11.758081436157228,13.255830326264116,13.22042079792835,13.229328792069408,13.227360749628582,13.244954242996371,13.978827227910358,13.967199160337634
sp6ihIeBmuc,13.683926582336426,14.065337698398624,14.045686512307961,14.077561486929916,14.050176724334092,14.13303442553198,14.301475350697835,13.63702905442301
spAf_0-vWP4,16.179527282714844,13.35147595355931,13.339808600588476,13.357904159946512,13.35625550834014,13.400776124430001,13.095787240982055,12.730301324609442
sxbAc5DIBL0,12.28130054473877,11.005276439829224,11.002665263742031,11.004356821614875,10.998590823338818,10.917285320474404,10.845471403121948,10.5126753851094
t6DqR6klBVo,10.39176082611084,10.619693267902496,10.666521193680994,10.62648706684588,10.655171364102108,10.579448056679183,11.09104980278015,10.83850537350049
t8cGrtTWYpw,12.751726150512695,12.970556089649003,12.95832898601489,12.953490558181164,12.944837275442723,12.997508832310144,13.050688000361125,13.051165813871279
tMoTShXcri8,10.303638458251951,11.816239374458997,11.813771316505468,11.813626612629498,11.81021462720178,11.77192014947524,12.192664107640583,11.83839457779331
tMybyjV1fk8,14.520085334777832,13.162042454347903,13.153936624493854,13.096675382161843,13.125111179437289,13.230133493046177,14.067784899393716,13.150187873434646
tQhzG6QlBno,11.99453067779541,11.88567241963131,11.88448892120613,11.890747147391828,11.890582277425251,11.842769324731597,11.94168535677592,12.402859082706465
tRbaW--NEMk,13.673789024353027,15.548620590285848,15.513679792706236,15.512738321786065,15.492202384062773,15.72601720362475,15.337582750320434,14.636837665461044
tTyYIfCfI6k,10.285820960998535,11.557678143531925,11.559411383472979,11.559351044131361,11.561038958666131,11.503800667283295,11.680447111765544,11.275294998615998
tVCk7SmgXbE,12.27980613708496,12.98813618147463,12.969839192935462,12.989944973293396,12.974558629253913,13.013359337516631,13.292592384338379,13.873534301290414
tcJ4ExqOe7w,10.46530055999756,13.120285224595264,13.144296785011791,13.096928597246224,13.141222789759638,13.236906284670985,13.089364800771078,13.751971067132894
tcRAv9OTkwg,11.09840965270996,13.96144309585076,13.953126557642827,13.952723252764565,13.947194890788333,14.094735571083618,14.548899726231895,13.578710558781339
tkmAtJBBWEo,13.60621452331543,12.186281956039325,12.171605597426632,12.186949324834316,12.187509248375127,12.083346026717281,11.57104889615377,10.995877233494896
tpt-ZbzBF8M,10.420941352844238,11.997399465124241,11.996574118324935,12.013744386278901,12.011907674856142,11.970339516273818,11.616859310785928,12.149192771075326
uTb5daWC0d4,11.018661499023438,11.571611156682488,11.583163258616347,11.571365871861312,11.580683785741869,11.555394011773545,11.738020902633666,12.005418992337793
uWo8abCDaxM,10.096749305725098,12.707194399178688,12.70545897869564,12.721188451409745,12.71291609687342,12.73347018239132,13.020908608754475,13.108745315280151
uerf1Pn-SRM,10.684645652770996,11.608413598724573,11.627249378413893,11.610747657277166,11.62652329317123,11.59711707453784,11.476010045369465,12.056886549180701
ulDA9JbfoQ0,15.861949920654297,15.176618685595963,15.109658330866827,15.113108716642499,15.069668754228816,15.234368231984691,14.261351457595824,14.403070268445093
umD9dLc0Oe0,12.16655158996582,11.381730042074151,11.391352666791656,11.414558857816148,11.403533431402748,11.339538776011217,11.207214202880857,11.42884233862064
unPVlzvSx3U,11.594358444213867,12.468304458254941,12.463062818323609,12.47647591992718,12.473176118348846,12.471919525141752,13.772395345052084,13.346962343571454
us8xifTo91w,13.46481227874756,11.708377146711873,11.708051749786021,11.684369442295468,11.682260771027401,11.689470637247283,11.290721472422282,12.125427781329295
utlRBhN5qJI,10.354117393493652,12.56088466424922,12.592082093519473,12.571925986057133,12.590138728721717,12.628547049510418,12.19860912513733,11.902437038606195
uycMhUJE4i4,10.914852142333984,11.833721416639248,11.859540336920562,11.846638801538488,11.868155189564085,11.814696157770413,11.694952124913533,11.080785135029714
uzIo9OAZK5A,11.277494430541992,12.108989719653316,12.083153657165221,12.083391483551237,12.07514796459816,12.065336199765445,11.772350756963093,11.465352172812047
v1YkSVaRN-A,15.078646659851074,13.05316970487265,13.04205236563481,13.050584150216338,13.041649838243123,13.090879877495484,12.915374382654827,12.75595437842781
v2R4iuOrCFA,15.57583236694336,13.7014136850597,13.6837124758615,13.681181316579666,13.678484804214426,13.764329059937609,13.078237299601236,12.941041280265935
v4M6-Djt-00,12.161895751953123,12.249036753213739,12.266522855743295,12.251306843840055,12.264557108213566,12.286295929065469,12.101389520645142,12.014973629519611
vHKVREY25XM,15.123074531555176,14.380076280232545,14.36279800855373,14.355453107416373,14.330929462649259,14.515815747188213,14.25221385383606,14.03834301070885
vMrK-SxeLCI,12.888025283813477,10.684103111189637,10.718767848819374,10.743387962459755,10.766489600183638,10.644491212640311,10.75830062675476,11.289426413685439
vN9JFEHeuYI,11.429967880249023,11.61082202627968,11.627655812962246,11.604199225361056,11.60884547777817,11.615961726187786,11.726932750066121,11.676024684174102
vPtNgA-4cAM,13.902430534362791,12.335269362595133,12.352608564261784,12.312829325691759,12.323146043552788,12.399150407370499,12.618120215098061,12.393011491018092
vQJsPKQHBic,12.846673011779783,11.611273864663437,11.635980694274432,11.612022504845799,11.645611711475416,11.592273415422724,11.37870070330302,11.174427436344791
vXzwHwATpHk,13.796297073364258,12.467671321908453,12.494785109181388,12.47969083617639,12.491020587878138,12.518637769142963,12.320930938720702,11.711441245302462
vcBk30EE3Rw,10.588980674743652,12.137326491210452,12.12717980073878,12.145913940675124,12.131055977731167,12.103518561772526,11.552058443705242,11.168841257191042
vhGEfYcBjEs,13.89751434326172,13.33330461351324,13.337401244307129,13.335618527245112,13.339774167206793,13.416016359823084,13.433894332249958,13.121387069825007
vjpC8jmnXPY,13.603878021240234,12.848558859848149,12.827560998582648,12.867180843459645,12.842184972136621,12.846614924999782,12.257886035283406,12.38281671845131
vwZJRNAgpz4,14.12686824798584,11.54280634188421,11.542802363541384,11.545085932213885,11.547974590273855,11.47683049491934,11.36959555753072,11.657194147995925
wDhODWhn_8w,12.906332015991213,10.839216355555536,10.85269368830408,10.847746408041695,10.857792081646606,10.757172385213897,10.448032545089722,10.015938547534835
wHJM1lyuYJE,15.419618606567385,13.461938053263069,13.446722154779415,13.461631673404819,13.451383079268433,13.50112908251585,13.625308506011962,13.176314352238316
wIGQw8X9zew,17.097644805908203,15.09836124444953,15.066772646989444,15.062837082065448,15.04843325708786,15.273987931297393,14.80409715461731,14.220173770194341
wJJ9ZvXoYoU,10.58615493774414,11.653523513069318,11.659532721186869,11.639561142449013,11.644757451613614,11.629155142507296,11.646651322046916,11.819715744016944
wNGycITNGtI,10.5630521774292,10.098055064872241,10.13567211072395,10.124681261095233,10.13735101287489,9.991620942026758,9.84830019569397,10.45513509860885
wOU5bYfFTs0,14.508858680725098,12.003768597025436,12.023251634708599,11.996620296637827,12.00714161621554,12.04299101594394,12.647699860890706,12.285945231632352
wOYUhIWLQS4,11.423219680786133,11.940244649969019,11.953398614293713,11.942585881342827,11.950815494429401,11.937003214810142,11.792235087076824,11.708057615963385
wUJ31uAfH-8,13.19480323791504,12.435201784993573,12.438705376964554,12.42495956548206,12.426736043982208,12.45536402520243,12.602534286499022,12.344457900512644
wepQPAHvo34,13.277587890625,12.31641882887786,12.310318060331781,12.313879459743893,12.312423165138947,12.303177460948135,13.08483177693685,13.343824784924413
wnUmTgUBa0o,13.145275115966797,13.027806602562992,12.975550792636769,13.022576992090256,12.981264644403632,13.004597298583134,12.496017028808595,13.20823133031301
x3h-9n05gUc,12.748196601867676,12.508196945137668,12.496059351061094,12.500746876486504,12.48739333842691,12.50656003292803,12.90892658742269,13.028441705199773
x6QiZBanH8s,12.021416664123535,12.882575726206928,12.869802407502272,12.87746806174581,12.877286882734873,12.898022315652298,13.135827078501384,13.24310681575401
xDfzUTy4nQU,15.471200942993164,13.858187621040296,13.834044365943512,13.825869132351833,13.803796653693107,13.979282463061184,13.13420679283142,12.925992237548078
xFtwbqUM55E,10.70167064666748,11.91223508675583,11.921874981169607,11.908541727028316,11.913270811534128,11.91440493635308,12.582933957417806,12.971036031492863
xJW189r68Uk,10.583118438720703,11.335063157289218,11.337337321999101,11.331805595578295,11.329004860055798,11.285262213091642,10.541866234461466,10.648513465227397
xZJvtG0qSF0,11.727367401123049,12.166245570496633,12.206274217521555,12.167520612827317,12.191835975536682,12.227940803347957,12.534581897735597,13.037048051352576
xZzofvs3u-Q,10.37464714050293,9.509006063163511,9.59217545037817,9.532810947277857,9.583828312672432,9.419509088237698,8.468431044896443,10.627135578191977
xbaMJRs0zdg,9.334856033325195,9.886176686090296,9.911183743573238,9.89267575517455,9.903727831345014,9.741360193767289,9.399090361913045,9.882548855722453
xe3kdQ1tNW0,12.616976737976074,10.589399850977413,10.603387805523825,10.616872901264516,10.60944839163902,10.482866550701374,10.536434318542481,10.715094220184618
xffEwpoEOYI,15.126394271850586,13.517041371875115,13.520167136176724,13.500259582479847,13.501435637215321,13.603622404927757,15.028813151677449,15.017153635312084
xhOZApM8PAg,13.330101013183594,12.355266746640888,12.348385730113856,12.373136982607564,12.369268027322237,12.33493866436991,13.268656288782756,13.360198748861778
xkrwitAhYKU,13.090468406677246,11.121288820817545,11.135305878807578,11.152529161275913,11.144763884959367,11.0715885273126,10.179394748051962,9.948619292666484
xmJCj-9eALU,10.755410194396973,10.791242077252889,10.811377626808673,10.823003691245168,10.823609900687925,10.724844330384917,10.643408337275188,10.818966056021445
xreQ8w5wfJk,12.13553237915039,10.796567569341386,10.826551072265994,10.796023922241993,10.809616993005617,10.765414019756307,10.896070145289102,11.090999371091646
xu3avUZqrwA,15.171274185180664,13.608216957162655,13.59477907500856,13.60065955965333,13.593661160332628,13.693622682367542,12.995651832580569,12.822707570582475
xyw37Hc5Blg,12.313172340393066,12.668599480668952,12.648803854494455,12.653887032113678,12.635970048575095,12.661320554979945,12.75481440925598,13.18881879562535
xz_LdtptC5s,12.147913932800291,12.543126057587697,12.566912297047635,12.536334178120967,12.5635138614064,12.61088447266676,12.620493589401244,12.487758829954737
yL0eBiP7j2Q,10.663779258728027,10.096944536327364,10.130210041937852,10.098162911595802,10.145572674113756,9.970552678254565,10.552434211730956,10.570624997349183
yL3V31OVAOU,10.190018653869627,12.107328398202169,12.079318650401097,12.106927799646028,12.078902574340686,12.038908385104198,12.07152910232544,12.076836010272716
yU-6rJPnxFg,12.328210830688477,12.757076777666958,12.755644898735921,12.755451983751565,12.753180073745478,12.787920722498425,13.145130363464355,13.174245097410276
yaHcow0IBpA,14.133461952209473,12.682314990349637,12.688457569636645,12.686443771789042,12.686381453945836,12.733210378899992,12.889848386764527,13.575670270304059
yb9GkmZZ7oo,12.617745399475098,13.712607057074145,13.70040983430777,13.702510277758634,13.69416723114434,13.818759807449993,13.992768932342528,14.139132238922231
yzhdG92lVg0,11.921259880065918,13.036219222713655,13.037946710453783,13.04505936724461,13.057066022670151,13.058484811414031,11.939618616104127,11.54019588408787
z50lzecbLGw,13.522144317626951,15.301147676216488,15.243717072798772,15.216790432883812,15.18625310529022,15.44250053280606,14.350691430409748,14.814976161418059
z7qWehPs2CU,9.081255912780762,9.885247379025804,9.950289799496483,9.898337627022865,9.952654133664979,9.85001078385285,8.769757672627767,9.904467923605361
z8SJtcG3saw,12.83187770843506,12.407434717427783,12.395767518173246,12.372317019195572,12.380935009939742,12.40762892541428,13.201093294143677,13.879385769919372
zF80I_yrKWw,10.59745979309082,12.17473852332436,12.139737972054908,12.157085211655108,12.135607531546517,12.10789121793045,12.254019936879475,12.421135639290583
zLf5XzewOJU,10.226367950439451,10.819000875635828,10.858384975455095,10.828661913141255,10.864111393855195,10.79427035126109,11.116989964803059,11.031268679394849
zMksPUNfx-Y,12.86097240447998,11.687272694559569,11.6945092116485,11.724210757509702,11.703518117274081,11.655705438939249,11.947300179163614,12.36142542205905
zPTXYJmjxG4,16.869829177856445,15.424436927943212,15.405519833934315,15.419056054741725,15.411924640471275,15.627992937525441,14.990879661560058,14.841937097317432
zTeveBsR4eA,10.225679397583008,12.387292963071067,12.371267564720876,12.364076504022938,12.367405857597598,12.377073196755097,13.732409850438435,13.404600798059327
zV912CZUxjU,14.661032676696776,13.730470075140714,13.678608916659016,13.730681956359858,13.699225140534933,13.73407795389297,12.520359895706177,11.974222347151121
zaI6llvEFw0,13.181965827941896,12.443131309266361,12.458110094903398,12.47222668768156,12.47380648681668,12.45599521561624,12.05820666631063,11.849999898813403
ze_cJUeqCVM,12.63258171081543,11.971582634205808,11.93478556557153,11.923401984808828,11.911359775032073,11.863612135887095,11.877791598637899,11.63764368444683
zozJ3iiioy4,12.193215370178224,11.187450961774859,11.200966565071043,11.20553901301047,11.220979638541403,11.128887268470438,11.170496784845987,11.777699893128727
zsA_zscf_Jc,11.287955284118652,10.734770291304798,10.758345237233863,10.745727954478879,10.754642610604867,10.668177415864173,10.621713121414183,10.969415271832759
zu9XjGQ-wyg,12.608339309692385,13.108849094576954,13.096960806254073,13.116474578452546,13.103941925771963,13.14600063782053,13.43616820526123,13.08667626754855
zuaJkJslFhA,12.695128440856934,12.745781793673494,12.71883210221245,12.723360829624072,12.708846127254759,12.736672732678933,12.87110845629374,12.351205494694119
zwIzj1jGktI,10.759369850158691,11.494956875434085,11.512902814714499,11.509494934333896,11.522504011579164,11.487958469728278,11.038732109705606,10.690957662728806
zyn0ZrcmsNo,9.972593307495115,11.81722268931472,11.846601176541567,11.817578766740823,11.846267299644294,11.822695777852388,11.710384091695149,11.57266571735648
zzz3a_11-tY,14.764012336730955,14.01360100748478,14.009246339192819,13.99438793471395,14.003426346626753,14.171217686928534,13.623453938802085,13.45183830600106
